n,H_negative,mu,mertens,abs_mertens,mertens_d1,mertens_back4,mertens_forward4,mertens_back8,mertens_forward8,is_prime,omega,bigomega,is_squarefree,is_prime_power,prime_power_exponent,prime_gap,distance_prev_prime,distance_next_prime,squarefree_run_left,squarefree_run_right,squarefree_count_5,squarefree_count_9,prime_power_count_9,psi_bit_mass_d1,psi_bit_mass_back4,psi_bit_mass_forward4,psi_bit_curvature4
2,1,-1,0,0,-1,0,-3,0,-3,1,1,1,1,1,1,3,0,0,2,2,3,5,4,2,2,9,7
3,0,-1,-1,1,-1,-1,-1,-1,-1,1,1,1,1,1,1,3,0,0,3,1,4,6,5,2,4,7,3
4,0,0,-1,1,0,-1,-1,-1,-1,0,1,2,0,1,2,2,1,1,0,0,4,6,6,2,6,8,2
5,0,-1,-2,2,-1,-3,-1,-2,-1,1,1,1,1,1,1,4,0,0,1,3,4,6,7,3,9,8,-1
6,0,1,-1,1,1,-1,0,-1,-1,0,2,2,1,0,0,2,1,1,2,2,3,6,7,0,7,7,0
7,0,-1,-2,2,-1,-1,0,-2,-1,1,1,1,1,1,1,6,0,0,3,1,3,6,7,3,8,7,-1
8,0,0,-2,2,0,-1,0,-2,1,0,1,3,0,1,3,4,1,3,0,0,3,5,6,2,8,8,0
9,0,0,-2,2,0,0,0,-3,1,0,1,2,0,1,2,4,2,2,0,0,3,6,6,2,7,6,-1
10,0,1,-1,1,1,0,-1,-1,0,0,2,2,1,0,0,4,3,1,1,2,2,6,5,0,7,8,1
11,0,-1,-2,2,-1,0,-1,-1,-1,1,1,1,1,1,1,6,0,0,2,1,3,6,5,4,8,8,0
12,0,0,-2,2,0,0,1,-1,-1,0,2,3,0,0,0,2,1,1,0,0,4,5,5,0,6,4,-2
13,0,-1,-3,3,-1,-1,1,-1,-1,1,1,1,1,1,1,6,0,0,1,3,4,6,5,4,8,6,-2
14,0,1,-2,2,1,-1,1,-1,1,0,2,2,1,0,0,4,1,3,2,2,3,6,4,0,8,7,-1
15,0,1,-1,1,1,1,0,1,1,0,2,2,1,0,0,4,2,2,3,1,4,6,5,0,4,7,3
16,0,0,-1,1,0,1,-2,1,-1,0,1,4,0,1,4,4,3,1,0,0,3,5,4,2,6,12,6
17,0,-1,-2,2,-1,1,-2,0,-1,1,1,1,1,1,1,6,0,0,1,1,3,6,4,5,7,10,3
18,0,0,-2,2,0,0,0,-1,0,0,2,3,0,0,0,2,1,1,0,0,2,6,3,0,7,5,-2
19,0,-1,-3,3,-1,-2,1,-1,1,1,1,1,1,1,1,6,0,0,1,1,3,6,4,5,12,5,-7
20,0,0,-3,3,0,-2,1,-1,2,0,2,3,0,0,0,4,1,3,0,0,3,5,4,0,10,5,-5
21,0,1,-2,2,1,0,1,1,2,0,2,2,1,0,0,4,2,2,1,3,4,5,4,0,5,5,0
22,0,1,-1,1,1,1,0,1,0,0,2,2,1,0,0,4,3,1,2,2,3,5,3,0,5,8,3
23,0,-1,-2,2,-1,1,0,-1,-2,1,1,1,1,1,1,10,0,0,3,1,3,5,4,5,5,8,3
24,0,0,-2,2,0,1,1,-1,-2,0,2,4,0,0,0,6,1,5,0,0,3,4,3,0,5,5,0
25,0,0,-2,2,0,0,1,0,-2,0,1,2,0,1,2,6,2,4,0,0,2,5,4,3,8,5,-3
26,0,1,-1,1,1,0,0,1,-1,0,2,2,1,0,0,6,3,3,1,1,1,5,4,0,8,7,-1
27,0,0,-1,1,0,1,-2,2,-1,0,1,3,0,1,3,6,4,2,0,0,2,5,5,2,5,7,2
28,0,0,-1,1,0,1,-3,2,0,0,2,3,0,0,0,6,5,1,0,0,3,4,5,0,5,10,5
29,0,-1,-2,2,-1,0,-3,0,0,1,1,1,1,1,1,8,0,0,1,3,3,5,5,5,7,12,5
30,0,-1,-3,3,-1,-2,-1,-2,0,0,3,3,1,0,0,2,1,1,2,2,3,6,4,0,7,7,0
31,0,-1,-4,4,-1,-3,1,-2,2,1,1,1,1,1,1,8,0,0,3,1,4,6,4,5,10,7,-3
32,0,0,-4,4,0,-3,3,-2,4,0,1,5,0,1,5,6,1,5,0,0,4,6,3,2,12,2,-10
33,0,1,-3,3,1,-1,3,-1,4,0,2,2,1,0,0,6,2,4,1,3,4,7,4,0,7,0,-7
34,0,1,-2,2,1,1,1,-1,2,0,2,2,1,0,0,6,3,3,2,2,3,7,3,0,7,6,-1
35,0,1,-1,1,1,3,1,0,0,0,2,2,1,0,0,6,4,2,3,1,4,7,3,0,2,6,4
36,0,0,-1,1,0,3,1,0,-2,0,2,4,0,0,0,6,5,1,0,0,4,6,2,0,0,6,6
37,0,-1,-2,2,-1,1,1,0,-2,1,1,1,1,1,1,10,0,0,1,3,4,7,2,6,6,6,0
38,0,1,-1,1,1,1,1,2,-1,0,2,2,1,0,0,4,1,3,2,2,3,7,2,0,6,6,0
39,1,1,0,0,1,1,-1,4,-1,0,2,2,1,0,0,4,2,2,3,1,4,7,3,0,6,6,0
40,1,0,0,0,0,1,-3,4,-3,0,2,4,0,0,0,4,3,1,0,0,4,6,3,0,6,12,6
41,0,-1,-1,1,-1,1,-3,2,-3,1,1,1,1,1,1,6,0,0,1,3,4,6,3,6,6,12,6
42,0,-1,-2,2,-1,-1,-2,0,-2,0,3,3,1,0,0,2,1,1,2,2,3,6,2,0,6,6,0
43,0,-1,-3,3,-1,-3,0,-2,-1,1,1,1,1,1,1,6,0,0,3,1,3,6,3,6,12,6,-6
44,0,0,-3,3,0,-3,0,-2,1,0,2,3,0,0,0,4,1,3,0,0,3,5,3,0,12,6,-6
45,0,0,-3,3,0,-2,0,-1,1,0,2,3,0,0,0,4,2,2,0,0,3,5,4,0,6,6,0
46,0,1,-2,2,1,0,0,-1,0,0,2,2,1,0,0,4,3,1,1,2,2,4,3,0,6,9,3
47,0,-1,-3,3,-1,0,-1,-3,-1,1,1,1,1,1,1,10,0,0,2,1,2,4,3,6,6,9,3
48,0,0,-3,3,0,0,1,-3,1,0,2,5,0,0,0,6,1,5,0,0,2,3,2,0,6,3,-3
49,0,0,-3,3,0,0,1,-2,1,0,1,2,0,1,2,6,2,4,0,0,2,4,3,3,9,3,-6
50,0,0,-3,3,0,-1,0,-1,2,0,2,3,0,0,0,6,3,3,0,0,1,4,3,0,9,6,-3
51,0,1,-2,2,1,1,0,1,3,0,2,2,1,0,0,6,4,2,1,1,2,4,3,0,3,6,3
52,0,0,-2,2,0,1,0,1,1,0,2,3,0,0,0,6,5,1,0,0,2,3,2,0,3,6,3
53,0,-1,-3,3,-1,0,0,0,1,1,1,1,1,1,1,12,0,0,1,1,3,4,2,6,6,6,0
54,0,0,-3,3,0,0,2,-1,1,0,2,4,0,0,0,6,1,5,0,0,2,5,1,0,6,0,-6
55,0,1,-2,2,1,0,3,1,2,0,2,2,1,0,0,6,2,4,1,1,3,6,2,0,6,0,-6
56,0,0,-2,2,0,0,1,1,1,0,2,4,0,0,0,6,3,3,0,0,3,5,2,0,6,6,0
57,0,1,-1,1,1,2,1,2,1,0,2,2,1,0,0,6,4,2,1,3,4,6,3,0,0,6,6
58,0,1,0,0,1,3,-1,3,1,0,2,2,1,0,0,6,5,1,2,2,3,6,2,0,0,12,12
59,0,-1,-1,1,-1,1,-1,1,-1,1,1,1,1,1,1,8,0,0,3,1,4,6,2,6,6,12,6
60,0,0,-1,1,0,1,0,1,-1,0,3,4,0,0,0,2,1,1,0,0,4,5,3,0,6,6,0
61,0,-1,-2,2,-1,-1,0,1,-1,1,1,1,1,1,1,8,0,0,1,2,3,6,3,6,12,8,-4
62,0,1,-1,1,1,-1,2,2,1,0,2,2,1,0,0,6,1,5,2,1,2,6,3,0,12,2,-10
63,0,0,-1,1,0,0,0,1,-1,0,2,3,0,0,0,6,2,4,0,0,3,6,4,0,6,2,-4
64,0,0,-1,1,0,0,-1,1,-2,0,1,6,0,1,6,6,3,3,0,0,3,5,3,2,8,9,1
65,0,1,0,0,1,2,-1,1,-2,0,2,2,1,0,0,6,4,2,1,3,3,6,3,0,2,7,5
66,0,-1,-1,1,-1,0,-1,-1,-4,0,3,3,1,0,0,6,5,1,2,2,3,6,2,0,2,7,5
67,0,-1,-2,2,-1,-1,-1,-1,-2,1,1,1,1,1,1,10,0,0,3,1,4,6,3,7,9,7,-2
68,0,0,-2,2,0,-1,-1,-1,-1,0,2,3,0,0,0,4,1,3,0,0,4,6,3,0,7,7,0
69,0,1,-1,1,1,-1,-1,1,-1,0,2,2,1,0,0,4,2,2,1,3,4,7,3,0,7,7,0
70,0,-1,-2,2,-1,-1,-3,-1,-1,0,3,3,1,0,0,4,3,1,2,2,3,7,3,0,7,14,7
71,0,-1,-3,3,-1,-1,-1,-2,-1,1,1,1,1,1,1,6,0,0,3,1,4,6,3,7,7,14,7
72,0,0,-3,3,0,-1,0,-2,-1,0,2,5,0,0,0,2,1,1,0,0,4,5,2,0,7,7,0
73,0,-1,-4,4,-1,-3,0,-4,-1,1,1,1,1,1,1,8,0,0,1,2,3,6,2,7,14,7,-7
74,0,1,-3,3,1,-1,2,-2,0,0,2,2,1,0,0,6,1,5,2,1,2,6,2,0,14,0,-14
75,0,0,-3,3,0,0,0,-1,0,0,2,3,0,0,0,6,2,4,0,0,3,6,3,0,7,0,-7
76,0,0,-3,3,0,0,-1,-1,-1,0,2,3,0,0,0,6,3,3,0,0,3,5,2,0,7,7,0
77,0,1,-2,2,1,2,-1,-1,-1,0,2,2,1,0,0,6,4,2,1,3,3,5,3,0,0,7,7
78,0,-1,-3,3,-1,0,-2,-1,-1,0,3,3,1,0,0,6,5,1,2,2,3,5,2,0,0,9,9
79,0,-1,-4,4,-1,-1,0,-1,1,1,1,1,1,1,1,10,0,0,3,1,3,5,3,7,7,9,2
80,0,0,-4,4,0,-1,0,-1,3,0,2,5,0,0,0,4,1,3,0,0,3,5,3,0,7,9,2
81,0,0,-4,4,0,-2,0,0,3,0,1,4,0,1,4,4,2,2,0,0,3,6,3,2,9,9,0
82,0,1,-3,3,1,0,1,0,2,0,2,2,1,0,0,4,3,1,1,2,2,6,3,0,9,7,-2
83,0,-1,-4,4,-1,0,1,-1,1,1,1,1,1,1,1,10,0,0,2,1,3,6,3,7,9,7,-2
84,0,0,-4,4,0,0,3,-1,3,0,3,4,0,0,0,6,1,5,0,0,4,5,2,0,9,0,-9
85,0,1,-3,3,1,1,3,-1,3,0,2,2,1,0,0,6,2,4,1,3,4,6,3,0,7,0,-7
86,0,1,-2,2,1,1,1,1,3,0,2,2,1,0,0,6,3,3,2,2,3,6,2,0,7,7,0
87,0,1,-1,1,1,3,0,3,3,0,2,2,1,0,0,6,4,2,3,1,4,6,2,0,0,7,7
88,0,0,-1,1,0,3,0,3,3,0,2,4,0,0,0,6,5,1,0,0,3,5,1,0,0,7,7
89,0,-1,-2,2,-1,1,0,2,3,1,1,1,1,1,1,14,0,0,1,1,3,6,1,7,7,7,0
90,0,0,-2,2,0,0,2,1,3,0,3,4,0,0,0,8,1,7,0,0,2,6,1,0,7,0,-7
91,0,1,-1,1,1,0,3,3,3,0,2,2,1,0,0,8,2,6,1,1,3,6,1,0,7,0,-7
92,0,0,-1,1,0,0,3,3,2,0,2,3,0,0,0,8,3,5,0,0,3,5,1,0,7,0,-7
93,0,1,0,0,1,2,3,3,2,0,2,2,1,0,0,8,4,4,1,3,4,6,2,0,0,0,0
94,0,1,1,1,1,3,1,3,0,0,2,2,1,0,0,8,5,3,2,2,3,5,1,0,0,7,7
95,1,1,2,2,1,3,0,3,-2,0,2,2,1,0,0,8,6,2,3,1,4,5,1,0,0,7,7
96,1,0,2,2,0,3,-1,3,-4,0,2,6,0,0,0,8,7,1,0,0,3,4,1,0,0,7,7
97,0,-1,1,1,-1,1,-1,3,-4,1,1,1,1,1,1,12,0,0,1,1,2,5,2,7,7,7,0
98,0,0,1,1,0,0,-1,3,-4,0,2,3,0,0,0,4,1,3,0,0,1,5,2,0,7,7,0
99,1,0,1,1,0,-1,-2,2,-3,0,2,3,0,0,0,4,2,2,0,0,2,5,3,0,7,7,0
100,1,0,1,1,0,-1,-3,2,-4,0,2,4,0,0,0,4,3,1,0,0,2,4,3,0,7,14,7
101,0,-1,0,0,-1,-1,-3,0,-4,1,1,1,1,1,1,6,0,0,1,3,3,5,3,7,7,14,7
102,0,-1,-1,1,-1,-2,-3,-2,-4,0,3,3,1,0,0,2,1,1,2,2,3,5,2,0,7,7,0
103,0,-1,-2,2,-1,-3,-1,-4,-4,1,1,1,1,1,1,6,0,0,3,1,4,6,3,7,14,7,-7
104,0,0,-2,2,0,-3,-1,-4,-2,0,2,4,0,0,0,4,1,3,0,0,4,6,3,0,14,7,-7
105,0,-1,-3,3,-1,-3,-1,-4,-2,0,3,3,1,0,0,4,2,2,1,3,4,7,4,0,7,7,0
106,0,1,-2,2,1,-1,-1,-3,-2,0,2,2,1,0,0,4,3,1,2,2,3,7,3,0,7,14,7
107,0,-1,-3,3,-1,-1,-3,-4,-4,1,1,1,1,1,1,6,0,0,3,1,4,7,3,7,7,14,7
108,0,0,-3,3,0,-1,-1,-4,-2,0,2,5,0,0,0,2,1,1,0,0,4,6,2,0,7,7,0
109,0,-1,-4,4,-1,-1,-1,-4,-2,1,1,1,1,1,1,6,0,0,1,3,4,7,3,7,14,7,-7
110,0,-1,-5,5,-1,-3,-1,-4,-1,0,3,3,1,0,0,4,1,3,2,2,3,7,3,0,14,7,-7
111,0,1,-4,4,1,-1,-1,-2,1,0,2,2,1,0,0,4,2,2,3,1,4,7,3,0,7,7,0
112,0,0,-4,4,0,-1,-1,-2,1,0,2,5,0,0,0,4,3,1,0,0,4,6,2,0,7,7,0
113,0,-1,-5,5,-1,-1,-1,-2,1,1,1,1,1,1,1,18,0,0,1,3,4,6,2,7,7,7,0
114,0,-1,-6,6,-1,-1,0,-4,2,0,3,3,1,0,0,14,1,13,2,2,3,6,1,0,7,0,-7
115,0,1,-5,5,1,-1,2,-2,4,0,2,2,1,0,0,14,2,12,3,1,3,6,1,0,7,0,-7
116,0,0,-5,5,0,-1,2,-2,4,0,2,3,0,0,0,14,3,11,0,0,3,5,1,0,7,0,-7
117,0,0,-5,5,0,0,2,-1,4,0,2,3,0,0,0,14,4,10,0,0,3,5,2,0,0,0,0
118,0,1,-4,4,1,2,2,1,4,0,2,2,1,0,0,14,5,9,1,2,2,5,1,0,0,4,4
119,0,1,-3,3,1,2,2,1,3,0,2,2,1,0,0,14,6,8,2,1,2,5,1,0,0,4,4
120,0,0,-3,3,0,2,2,1,1,0,3,5,0,0,0,14,7,7,0,0,3,4,1,0,0,4,4
121,0,0,-3,3,0,2,2,2,1,0,1,2,0,1,2,14,8,6,0,0,3,4,2,4,4,4,0
122,0,1,-2,2,1,2,2,4,2,0,2,2,1,0,0,14,9,5,1,2,2,4,2,0,4,3,-1
123,0,1,-1,1,1,2,1,4,0,0,2,2,1,0,0,14,10,4,2,1,2,4,3,0,4,3,-1
124,0,0,-1,1,0,2,-1,4,-2,0,2,3,0,0,0,14,11,3,0,0,2,3,4,0,4,10,6
125,0,0,-1,1,0,2,-1,4,-2,0,1,3,0,1,3,14,12,2,0,0,2,4,4,3,3,12,9
126,0,0,-1,1,0,1,0,3,-1,0,3,4,0,0,0,14,13,1,0,0,1,5,3,0,3,9,6
127,0,-1,-2,2,-1,-1,-1,1,0,1,1,1,1,1,1,18,0,0,1,1,2,5,4,7,10,9,-1
128,0,0,-2,2,0,-1,-1,1,1,0,1,7,0,1,7,4,1,3,0,0,3,4,4,2,12,10,-2
129,0,1,-1,1,1,0,-1,2,1,0,2,2,1,0,0,4,2,2,1,3,4,5,4,0,9,8,-1
130,0,-1,-2,2,-1,-1,-1,0,-1,0,3,3,1,0,0,4,3,1,2,2,3,6,3,0,9,8,-1
131,0,-1,-3,3,-1,-1,1,-2,-1,1,1,1,1,1,1,10,0,0,3,1,4,6,3,8,10,8,-2
132,0,0,-3,3,0,-1,2,-2,-1,0,3,4,0,0,0,6,1,5,0,0,4,5,2,0,8,0,-8
133,0,1,-2,2,1,-1,2,-1,-1,0,2,2,1,0,0,6,2,4,1,2,3,6,2,0,8,0,-8
134,0,1,-1,1,1,1,0,0,-1,0,2,2,1,0,0,6,3,3,2,1,2,6,2,0,8,8,0
135,0,0,-1,1,0,2,-2,1,-1,0,2,4,0,0,0,6,4,2,0,0,3,6,3,0,0,8,8
136,0,0,-1,1,0,2,-3,1,0,0,2,4,0,0,0,6,5,1,0,0,3,5,2,0,0,16,16
137,0,-1,-2,2,-1,0,-3,-1,0,1,1,1,1,1,1,8,0,0,1,3,3,6,2,8,8,16,8
138,0,-1,-3,3,-1,-2,-1,-1,2,0,3,3,1,0,0,2,1,1,2,2,3,6,2,0,8,8,0
139,0,-1,-4,4,-1,-3,1,-1,4,1,1,1,1,1,1,12,0,0,3,1,4,6,2,8,16,8,-8
140,0,0,-4,4,0,-3,3,-1,5,0,3,4,0,0,0,10,1,9,0,0,4,6,2,0,16,0,-16
141,0,1,-3,3,1,-1,3,-1,5,0,2,2,1,0,0,10,2,8,1,3,4,7,2,0,8,0,-8
142,0,1,-2,2,1,1,3,-1,3,0,2,2,1,0,0,10,3,7,2,2,3,7,1,0,8,0,-8
143,0,1,-1,1,1,3,3,0,2,0,2,2,1,0,0,10,4,6,3,1,4,6,1,0,0,0,0
144,0,0,-1,1,0,3,2,0,0,0,2,6,0,0,0,10,5,5,0,0,4,5,0,0,0,0,0
145,0,1,0,0,1,3,2,2,0,0,2,2,1,0,0,10,6,4,1,2,3,6,1,0,0,0,0
146,0,1,1,1,1,3,0,4,-1,0,2,2,1,0,0,10,7,3,2,1,2,5,1,0,0,8,8
147,0,0,1,1,0,2,-1,5,-3,0,2,3,0,0,0,10,8,2,0,0,3,5,2,0,0,8,8
148,0,0,1,1,0,2,-2,5,-2,0,2,3,0,0,0,10,9,1,0,0,2,4,2,0,0,16,16
149,0,-1,0,0,-1,0,-2,3,-2,1,1,1,1,1,1,12,0,0,1,1,2,4,2,8,8,16,8
150,0,0,0,0,0,-1,-1,2,-2,0,3,4,0,0,0,2,1,1,0,0,2,4,2,0,8,8,0
151,0,-1,-1,1,-1,-2,-2,0,-1,1,1,1,1,1,1,8,0,0,1,1,2,4,2,8,16,8,-8
152,0,0,-1,1,0,-2,0,0,1,0,2,4,0,0,0,6,1,5,0,0,2,4,2,0,16,0,-16
153,0,0,-1,1,0,-1,0,-1,1,0,2,3,0,0,0,6,2,4,0,0,3,5,3,0,8,0,-8
154,0,-1,-2,2,-1,-2,-1,-3,2,0,3,3,1,0,0,6,3,3,1,2,2,5,2,0,8,8,0
155,0,1,-1,1,1,0,1,-2,3,0,2,2,1,0,0,6,4,2,2,1,3,6,2,0,0,8,8
156,0,0,-1,1,0,0,1,-2,1,0,3,4,0,0,0,6,5,1,0,0,4,5,1,0,0,8,8
157,0,-1,-2,2,-1,-1,1,-2,1,1,1,1,1,1,1,12,0,0,1,3,4,6,1,8,8,8,0
158,0,1,-1,1,1,1,3,-1,1,0,2,2,1,0,0,6,1,5,2,2,3,6,1,0,8,0,-8
159,0,1,0,0,1,1,2,1,1,0,2,2,1,0,0,6,2,4,3,1,4,6,2,0,8,0,-8
160,0,0,0,0,0,1,0,1,-1,0,2,6,0,0,0,6,3,3,0,0,3,5,2,0,8,8,0
161,0,1,1,1,1,3,0,2,-1,0,2,2,1,0,0,6,4,2,1,1,3,6,2,0,0,8,8
162,0,0,1,1,0,2,-2,3,-2,0,2,5,0,0,0,6,5,1,0,0,2,6,1,0,0,8,8
163,0,-1,0,0,-1,0,-1,1,-3,1,1,1,1,1,1,10,0,0,1,1,3,6,2,8,8,8,0
164,0,0,0,0,0,0,-1,1,-2,0,2,3,0,0,0,4,1,3,0,0,3,5,2,0,8,8,0
165,0,-1,-1,1,-1,-2,-1,1,-2,0,3,3,1,0,0,4,2,2,1,3,4,5,3,0,8,8,0
166,0,1,0,0,1,-1,0,1,-2,0,2,2,1,0,0,4,3,1,2,2,3,5,3,0,8,12,4
167,0,-1,-1,1,-1,-1,-2,-1,-4,1,1,1,1,1,1,10,0,0,3,1,3,5,3,8,8,12,4
168,0,0,-1,1,0,-1,-1,-1,-3,0,3,5,0,0,0,6,1,5,0,0,3,4,2,0,8,4,-4
169,0,0,-1,1,0,0,-1,-2,-3,0,1,2,0,1,2,6,2,4,0,0,2,5,3,4,12,4,-8
170,0,-1,-2,2,-1,-2,-2,-3,-2,0,3,3,1,0,0,6,3,3,1,1,1,5,3,0,12,8,-4
171,0,0,-2,2,0,-1,-2,-2,0,0,2,3,0,0,0,6,4,2,0,0,2,4,3,0,4,8,4
172,0,0,-2,2,0,-1,-2,-2,-1,0,2,3,0,0,0,6,5,1,0,0,3,3,2,0,4,8,4
173,0,-1,-3,3,-1,-2,-2,-2,-1,1,1,1,1,1,1,12,0,0,1,2,2,4,2,8,8,8,0
174,0,-1,-4,4,-1,-2,0,-4,-1,0,3,3,1,0,0,6,1,5,2,1,2,5,1,0,8,0,-8
175,0,0,-4,4,0,-2,2,-3,-1,0,2,3,0,0,0,6,2,4,0,0,3,5,2,0,8,0,-8
176,0,0,-4,4,0,-2,1,-3,0,0,2,5,0,0,0,6,3,3,0,0,3,5,2,0,8,8,0
177,0,1,-3,3,1,0,1,-2,0,0,2,2,1,0,0,6,4,2,1,3,3,6,3,0,0,8,8
178,0,1,-2,2,1,2,-1,0,0,0,2,2,1,0,0,6,5,1,2,2,3,6,2,0,0,16,16
179,0,-1,-3,3,-1,1,-3,-1,-2,1,1,1,1,1,1,8,0,0,3,1,4,6,2,8,8,16,8
180,0,0,-3,3,0,1,-1,-1,0,0,3,5,0,0,0,2,1,1,0,0,4,6,2,0,8,8,0
181,0,-1,-4,4,-1,-1,-1,-1,0,1,1,1,1,1,1,12,0,0,1,3,4,7,2,8,16,8,-8
182,0,-1,-5,5,-1,-3,1,-1,1,0,3,3,1,0,0,10,1,9,2,2,3,7,2,0,16,0,-16
183,0,1,-4,4,1,-1,1,0,1,0,2,2,1,0,0,10,2,8,3,1,4,7,2,0,8,0,-8
184,0,0,-4,4,0,-1,1,0,-1,0,2,4,0,0,0,10,3,7,0,0,4,6,1,0,8,0,-8
185,0,1,-3,3,1,1,1,0,-1,0,2,2,1,0,0,10,4,6,1,3,4,6,1,0,0,0,0
186,0,-1,-4,4,-1,1,0,-2,-3,0,3,3,1,0,0,10,5,5,2,2,3,6,0,0,0,0,0
187,0,1,-3,3,1,1,0,0,-1,0,2,2,1,0,0,10,6,4,3,1,3,6,1,0,0,0,0
188,0,0,-3,3,0,1,-2,0,-3,0,2,3,0,0,0,10,7,3,0,0,3,5,1,0,0,8,8
189,0,0,-3,3,0,0,-2,1,-3,0,2,4,0,0,0,10,8,2,0,0,3,6,2,0,0,8,8
190,0,-1,-4,4,-1,0,-3,1,-4,0,3,3,1,0,0,10,9,1,1,2,2,6,2,0,0,16,16
191,0,-1,-5,5,-1,-2,-1,-1,-3,1,1,1,1,1,1,12,0,0,2,1,3,6,2,8,8,16,8
192,0,0,-5,5,0,-2,-1,-1,-3,0,2,7,0,0,0,2,1,1,0,0,4,5,2,0,8,8,0
193,0,-1,-6,6,-1,-3,-1,-3,-3,1,1,1,1,1,1,6,0,0,1,3,4,6,3,8,16,8,-8
194,0,1,-5,5,1,-1,-1,-1,-1,0,2,2,1,0,0,4,1,3,2,2,3,6,3,0,16,8,-8
195,0,-1,-6,6,-1,-1,-2,-3,-1,0,3,3,1,0,0,4,2,2,3,1,4,6,4,0,8,8,0
196,0,0,-6,6,0,-1,-2,-3,1,0,2,4,0,0,0,4,3,1,0,0,3,5,3,0,8,16,8
197,0,-1,-7,7,-1,-1,-2,-4,1,1,1,1,1,1,1,6,0,0,1,1,3,6,3,8,8,16,8
198,0,0,-7,7,0,-2,0,-3,3,0,3,4,0,0,0,2,1,1,0,0,2,6,2,0,8,8,0
199,0,-1,-8,8,-1,-2,1,-3,4,1,1,1,1,1,1,14,0,0,1,1,3,6,2,8,16,8,-8
200,0,0,-8,8,0,-2,3,-3,5,0,2,5,0,0,0,12,1,11,0,0,3,5,2,0,16,0,-16
201,0,1,-7,7,1,0,3,-1,5,0,2,2,1,0,0,12,2,10,1,3,4,6,2,0,8,0,-8
202,0,1,-6,6,1,1,3,-1,5,0,2,2,1,0,0,12,3,9,2,2,3,6,1,0,8,0,-8
203,0,1,-5,5,1,3,3,1,5,0,2,2,1,0,0,12,4,8,3,1,4,6,1,0,0,0,0
204,0,0,-5,5,0,3,2,1,3,0,3,4,0,0,0,12,5,7,0,0,4,5,0,0,0,0,0
205,0,1,-4,4,1,3,2,3,3,0,2,2,1,0,0,12,6,6,1,2,3,6,0,0,0,0,0
206,0,1,-3,3,1,3,2,4,3,0,2,2,1,0,0,12,7,5,2,1,2,6,0,0,0,0,0
207,0,0,-3,3,0,2,2,5,3,0,2,3,0,0,0,12,8,4,0,0,3,6,1,0,0,0,0
208,0,0,-3,3,0,2,1,5,4,0,2,5,0,0,0,12,9,3,0,0,3,5,1,0,0,8,8
209,0,1,-2,2,1,2,1,5,4,0,2,2,1,0,0,12,10,2,1,3,3,6,1,0,0,8,8
210,0,1,-1,1,1,2,1,5,4,0,4,4,1,0,0,12,11,1,2,2,3,6,1,0,0,8,8
211,0,-1,-2,2,-1,1,1,3,4,1,1,1,1,1,1,24,0,0,3,1,4,6,1,8,8,8,0
212,0,0,-2,2,0,1,3,3,6,0,2,3,0,0,0,12,1,11,0,0,4,6,1,0,8,0,-8
213,0,1,-1,1,1,1,3,3,6,0,2,2,1,0,0,12,2,10,1,3,4,7,1,0,8,0,-8
214,0,1,0,0,1,1,3,3,6,0,2,2,1,0,0,12,3,9,2,2,3,7,1,0,8,0,-8
215,0,1,1,1,1,3,3,4,4,0,2,2,1,0,0,12,4,8,3,1,4,7,1,0,0,0,0
216,0,0,1,1,0,3,3,4,2,0,2,6,0,0,0,12,5,7,0,0,4,6,0,0,0,0,0
217,0,1,2,2,1,3,3,4,2,0,2,2,1,0,0,12,6,6,1,3,4,7,0,0,0,0,0
218,0,1,3,3,1,3,3,4,1,0,2,2,1,0,0,12,7,5,2,2,3,7,0,0,0,0,0
219,1,1,4,4,1,3,1,6,1,0,2,2,1,0,0,12,8,4,3,1,4,7,1,0,0,0,0
220,1,0,4,4,0,3,-1,6,-1,0,3,4,0,0,0,12,9,3,0,0,4,6,1,0,0,8,8
221,1,1,5,5,1,3,-1,6,-1,0,2,2,1,0,0,12,10,2,1,3,4,6,1,0,0,8,8
222,1,-1,4,4,-1,1,-2,4,-3,0,3,3,1,0,0,12,11,1,2,2,3,6,1,0,0,8,8
223,0,-1,3,3,-1,-1,0,2,-3,1,1,1,1,1,1,16,0,0,3,1,3,6,2,8,8,8,0
224,0,0,3,3,0,-1,0,2,-3,0,2,6,0,0,0,4,1,3,0,0,3,5,2,0,8,8,0
225,0,0,3,3,0,-2,0,1,-3,0,2,4,0,0,0,4,2,2,0,0,3,6,3,0,8,8,0
226,1,1,4,4,1,0,-1,1,-4,0,2,2,1,0,0,4,3,1,1,2,2,6,3,0,8,16,8
227,0,-1,3,3,-1,0,-3,-1,-5,1,1,1,1,1,1,6,0,0,2,1,3,6,3,8,8,16,8
228,0,0,3,3,0,0,-3,-1,-3,0,3,4,0,0,0,2,1,1,0,0,4,5,2,0,8,8,0
229,0,-1,2,2,-1,-1,-3,-3,-3,1,1,1,1,1,1,6,0,0,1,3,4,6,3,8,16,8,-8
230,0,-1,1,1,-1,-3,-3,-3,-1,0,3,3,1,0,0,4,1,3,2,2,3,6,3,0,16,8,-8
231,0,-1,0,0,-1,-3,-2,-3,-1,0,3,3,1,0,0,4,2,2,3,1,4,6,3,0,8,8,0
232,0,0,0,0,0,-3,0,-3,-1,0,2,4,0,0,0,4,3,1,0,0,3,5,2,0,8,8,0
233,0,-1,-1,1,-1,-3,0,-4,-1,1,1,1,1,1,1,10,0,0,1,1,3,6,2,8,8,8,0
234,0,0,-1,1,0,-2,2,-5,-1,0,3,4,0,0,0,6,1,5,0,0,2,6,1,0,8,0,-8
235,0,1,0,0,1,0,1,-3,-1,0,2,2,1,0,0,6,2,4,1,1,3,6,2,0,8,0,-8
236,0,0,0,0,0,0,-1,-3,-2,0,2,3,0,0,0,6,3,3,0,0,3,5,2,0,8,8,0
237,0,1,1,1,1,2,-1,-1,-2,0,2,2,1,0,0,6,4,2,1,3,4,6,3,0,0,8,8
238,0,-1,0,0,-1,1,-3,-1,-3,0,3,3,1,0,0,6,5,1,2,2,3,5,2,0,0,16,16
239,0,-1,-1,1,-1,-1,-2,-1,-3,1,1,1,1,1,1,8,0,0,3,1,4,5,3,8,8,16,8
240,0,0,-1,1,0,-1,-1,-1,-1,0,3,6,0,0,0,2,1,1,0,0,3,4,3,0,8,10,2
241,0,-1,-2,2,-1,-3,-1,-1,-1,1,1,1,1,1,1,12,0,0,1,1,2,4,3,8,16,10,-6
242,0,0,-2,2,0,-2,0,-1,1,0,2,3,0,0,0,10,1,9,0,0,1,4,3,0,16,2,-14
243,0,0,-2,2,0,-1,-1,-2,1,0,1,5,0,1,5,10,2,8,0,0,1,4,3,2,10,2,-8
244,0,0,-2,2,0,-1,0,-2,0,0,2,3,0,0,0,10,3,7,0,0,1,3,2,0,10,0,-10
245,0,0,-2,2,0,0,0,-3,0,0,2,3,0,0,0,10,4,6,0,0,2,4,2,0,2,0,-2
246,0,-1,-3,3,-1,-1,1,-3,1,0,3,3,1,0,0,10,5,5,1,2,2,3,1,0,2,0,-2
247,0,1,-2,2,1,0,2,-1,3,0,2,2,1,0,0,10,6,4,2,1,3,4,2,0,0,0,0
248,0,0,-2,2,0,0,0,-1,1,0,2,4,0,0,0,10,7,3,0,0,3,4,1,0,0,8,8
249,0,1,-1,1,1,1,0,1,1,0,2,2,1,0,0,10,8,2,1,1,3,5,1,0,0,8,8
250,0,0,-1,1,0,2,0,1,-1,0,2,4,0,0,0,10,9,1,0,0,2,6,1,0,0,8,8
251,0,-1,-2,2,-1,0,1,0,-2,1,1,1,1,1,1,16,0,0,1,1,3,6,1,8,8,8,0
252,0,0,-2,2,0,0,1,0,0,0,3,5,0,0,0,6,1,5,0,0,3,5,2,0,8,0,-8
253,0,1,-1,1,1,0,1,1,0,0,2,2,1,0,0,6,2,4,1,3,4,6,3,0,8,2,-6
254,0,1,0,0,1,1,-1,3,-1,0,2,2,1,0,0,6,3,3,2,2,3,6,3,0,8,11,3
255,0,-1,-1,1,-1,1,-3,1,-1,0,3,3,1,0,0,6,4,2,3,1,4,7,3,0,0,11,11
256,0,0,-1,1,0,1,-1,1,-1,0,1,8,0,1,8,6,5,1,0,0,4,6,2,2,2,11,9
257,0,-1,-2,2,-1,-1,-1,-1,-1,1,1,1,1,1,1,12,0,0,1,3,4,6,2,9,11,9,-2
258,0,-1,-3,3,-1,-3,0,-2,1,0,3,3,1,0,0,6,1,5,2,2,3,6,2,0,11,0,-11
259,0,1,-2,2,1,-1,2,0,1,0,2,2,1,0,0,6,2,4,3,1,3,6,3,0,11,0,-11
260,0,0,-2,2,0,-1,0,0,1,0,3,4,0,0,0,6,3,3,0,0,3,5,3,0,9,9,0
261,0,0,-2,2,0,0,0,-1,1,0,2,3,0,0,0,6,4,2,0,0,3,6,2,0,0,9,9
262,0,1,-1,1,1,2,1,-1,0,0,2,2,1,0,0,6,5,1,1,2,2,6,1,0,0,9,9
263,0,-1,-2,2,-1,0,-1,-1,-1,1,1,1,1,1,1,12,0,0,2,1,3,6,1,9,9,9,0
264,0,0,-2,2,0,0,1,-1,-1,0,3,5,0,0,0,6,1,5,0,0,4,5,1,0,9,0,-9
265,0,1,-1,1,1,1,1,1,-1,0,2,2,1,0,0,6,2,4,1,3,4,6,2,0,9,0,-9
266,0,-1,-2,2,-1,-1,-1,1,-3,0,3,3,1,0,0,6,3,3,2,2,3,6,2,0,9,9,0
267,0,1,-1,1,1,1,0,1,-1,0,2,2,1,0,0,6,4,2,3,1,4,6,3,0,0,9,9
268,0,0,-1,1,0,1,-2,1,-2,0,2,3,0,0,0,6,5,1,0,0,3,5,2,0,0,18,18
269,0,-1,-2,2,-1,-1,-2,0,-2,1,1,1,1,1,1,8,0,0,1,1,3,6,2,9,9,18,9
270,0,0,-2,2,0,0,-2,-1,-2,0,3,5,0,0,0,2,1,1,0,0,2,6,2,0,9,9,0
271,0,-1,-3,3,-1,-2,-1,-1,-1,1,1,1,1,1,1,8,0,0,1,1,3,5,2,9,18,9,-9
272,0,0,-3,3,0,-2,0,-1,0,0,2,5,0,0,0,6,1,5,0,0,3,4,2,0,18,0,-18
273,0,-1,-4,4,-1,-2,0,-3,0,0,3,3,1,0,0,6,2,4,1,2,3,5,3,0,9,0,-9
274,0,1,-3,3,1,-1,0,-1,0,0,2,2,1,0,0,6,3,3,2,1,2,5,2,0,9,9,0
275,0,0,-3,3,0,0,0,-2,-2,0,2,3,0,0,0,6,4,2,0,0,3,5,2,0,0,9,9
276,0,0,-3,3,0,0,0,-2,-3,0,3,4,0,0,0,6,5,1,0,0,3,4,1,0,0,9,9
277,0,-1,-4,4,-1,0,0,-2,-3,1,1,1,1,1,1,10,0,0,1,2,2,5,2,9,9,9,0
278,0,1,-3,3,1,0,0,-1,-3,0,2,2,1,0,0,4,1,3,2,1,2,5,2,0,9,9,0
279,0,0,-3,3,0,0,-2,0,-5,0,2,3,0,0,0,4,2,2,0,0,3,5,3,0,9,9,0
280,0,0,-3,3,0,0,-3,0,-4,0,3,5,0,0,0,4,3,1,0,0,3,5,3,0,9,18,9
281,0,-1,-4,4,-1,0,-3,0,-4,1,1,1,1,1,1,6,0,0,1,3,3,6,3,9,9,18,9
282,0,-1,-5,5,-1,-2,-3,-2,-3,0,3,3,1,0,0,2,1,1,2,2,3,6,2,0,9,9,0
283,0,-1,-6,6,-1,-3,-3,-3,-3,1,1,1,1,1,1,12,0,0,3,1,4,6,2,9,18,9,-9
284,0,0,-6,6,0,-3,-1,-3,-1,0,2,3,0,0,0,10,1,9,0,0,4,6,2,0,18,0,-18
285,0,-1,-7,7,-1,-3,-1,-3,-1,0,3,3,1,0,0,10,2,8,1,3,4,6,3,0,9,0,-9
286,0,-1,-8,8,-1,-3,0,-5,-1,0,3,3,1,0,0,10,3,7,2,2,3,6,2,0,9,5,-4
287,0,1,-7,7,1,-1,0,-4,0,0,2,2,1,0,0,10,4,6,3,1,3,6,2,0,0,5,5
288,0,0,-7,7,0,-1,0,-4,0,0,2,7,0,0,0,10,5,5,0,0,3,5,1,0,0,5,5
289,0,0,-7,7,0,0,0,-3,0,0,1,2,0,1,2,10,6,4,0,0,3,6,2,5,5,5,0
290,0,-1,-8,8,-1,0,-1,-3,0,0,3,3,1,0,0,10,7,3,1,2,2,5,2,0,5,9,4
291,0,1,-7,7,1,0,0,-1,2,0,2,2,1,0,0,10,8,2,2,1,3,5,2,0,5,9,4
292,0,0,-7,7,0,0,0,-1,2,0,2,3,0,0,0,10,9,1,0,0,3,4,2,0,5,9,4
293,0,-1,-8,8,-1,-1,0,-1,2,1,1,1,1,1,1,24,0,0,1,1,3,4,2,9,9,9,0
294,0,0,-8,8,0,0,1,0,4,0,3,4,0,0,0,14,1,13,0,0,2,5,1,0,9,0,-9
295,0,1,-7,7,1,0,2,0,5,0,2,2,1,0,0,14,2,12,1,1,2,5,1,0,9,0,-9
296,0,0,-7,7,0,0,2,0,5,0,2,4,0,0,0,14,3,11,0,0,2,4,1,0,9,0,-9
297,0,0,-7,7,0,1,2,0,5,0,2,4,0,0,0,14,4,10,0,0,3,5,1,0,0,0,0
298,0,1,-6,6,1,2,3,2,6,0,2,2,1,0,0,14,5,9,1,2,2,5,0,0,0,0,0
299,0,1,-5,5,1,2,3,2,5,0,2,2,1,0,0,14,6,8,2,1,3,6,0,0,0,0,0
300,0,0,-5,5,0,2,3,2,3,0,3,5,0,0,0,14,7,7,0,0,4,5,0,0,0,0,0
301,0,1,-4,4,1,3,3,4,3,0,2,2,1,0,0,14,8,6,1,3,4,6,0,0,0,0,0
302,0,1,-3,3,1,3,3,5,3,0,2,2,1,0,0,14,9,5,2,2,3,6,0,0,0,0,0
303,0,1,-2,2,1,3,2,5,1,0,2,2,1,0,0,14,10,4,3,1,4,6,1,0,0,0,0
304,0,0,-2,2,0,3,0,5,-1,0,2,5,0,0,0,14,11,3,0,0,3,5,1,0,0,9,9
305,0,1,-1,1,1,3,0,6,-1,0,2,2,1,0,0,14,12,2,1,1,3,6,1,0,0,9,9
306,0,0,-1,1,0,2,0,5,-3,0,3,4,0,0,0,14,13,1,0,0,2,6,1,0,0,9,9
307,0,-1,-2,2,-1,0,-1,3,-2,1,1,1,1,1,1,18,0,0,1,1,3,6,2,9,9,9,0
308,0,0,-2,2,0,0,-1,3,-1,0,3,4,0,0,0,4,1,3,0,0,3,5,2,0,9,9,0
309,0,1,-1,1,1,0,-1,3,-1,0,2,2,1,0,0,4,2,2,1,3,4,6,3,0,9,9,0
310,0,-1,-2,2,-1,-1,-3,1,-3,0,3,3,1,0,0,4,3,1,2,2,3,6,3,0,9,18,9
311,0,-1,-3,3,-1,-1,-1,-1,-3,1,1,1,1,1,1,6,0,0,3,1,4,6,3,9,9,18,9
312,0,0,-3,3,0,-1,0,-1,-1,0,3,5,0,0,0,2,1,1,0,0,4,5,2,0,9,9,0
313,0,-1,-4,4,-1,-3,0,-3,-1,1,1,1,1,1,1,6,0,0,1,2,3,6,3,9,18,9,-9
314,0,1,-3,3,1,-1,0,-2,1,0,2,2,1,0,0,4,1,3,2,1,2,6,3,0,18,9,-9
315,0,0,-3,3,0,0,-2,-1,-1,0,3,4,0,0,0,4,2,2,0,0,3,6,3,0,9,9,0
316,0,0,-3,3,0,0,-1,-1,0,0,2,3,0,0,0,4,3,1,0,0,3,5,2,0,9,9,0
317,0,-1,-4,4,-1,0,-1,-3,0,1,1,1,1,1,1,18,0,0,1,3,3,6,2,9,9,9,0
318,0,-1,-5,5,-1,-2,1,-3,1,0,3,3,1,0,0,14,1,13,2,2,3,6,1,0,9,0,-9
319,0,1,-4,4,1,-1,1,-1,3,0,2,2,1,0,0,14,2,12,3,1,4,6,1,0,9,0,-9
320,0,0,-4,4,0,-1,1,-1,3,0,2,7,0,0,0,14,3,11,0,0,4,6,1,0,9,0,-9
321,0,1,-3,3,1,1,1,1,3,0,2,2,1,0,0,14,4,10,1,3,4,6,1,0,0,0,0
322,0,-1,-4,4,-1,1,0,-1,3,0,3,3,1,0,0,14,5,9,2,2,3,6,0,0,0,0,0
323,0,1,-3,3,1,1,2,0,5,0,2,2,1,0,0,14,6,8,3,1,3,6,0,0,0,0,0
324,0,0,-3,3,0,1,2,0,3,0,2,6,0,0,0,14,7,7,0,0,3,5,0,0,0,0,0
325,0,0,-3,3,0,0,2,1,3,0,2,3,0,0,0,14,8,6,0,0,3,6,0,0,0,0,0
326,0,1,-2,2,1,2,3,3,3,0,2,2,1,0,0,14,9,5,1,2,2,6,0,0,0,0,0
327,0,1,-1,1,1,2,3,3,3,0,2,2,1,0,0,14,10,4,2,1,3,6,1,0,0,0,0
328,0,0,-1,1,0,2,1,3,3,0,2,4,0,0,0,14,11,3,0,0,4,5,1,0,0,9,9
329,0,1,0,0,1,3,1,3,3,0,2,2,1,0,0,14,12,2,1,3,4,5,1,0,0,9,9
330,0,1,1,1,1,3,0,5,1,0,4,4,1,0,0,14,13,1,2,2,3,6,1,0,0,9,9
331,0,-1,0,0,-1,1,0,3,0,1,1,1,1,1,1,20,0,0,3,1,3,6,1,9,9,9,0
332,0,0,0,0,0,1,2,3,2,0,2,3,0,0,0,6,1,5,0,0,3,5,1,0,9,0,-9
333,0,0,0,0,0,0,2,3,2,0,2,3,0,0,0,6,2,4,0,0,3,6,2,0,9,0,-9
334,0,1,1,1,1,0,1,3,3,0,2,2,1,0,0,6,3,3,1,2,2,5,2,0,9,9,0
335,0,1,2,2,1,2,0,3,2,0,2,2,1,0,0,6,4,2,2,1,3,5,2,0,0,9,9
336,0,0,2,2,0,2,0,3,1,0,3,6,0,0,0,6,5,1,0,0,3,4,1,0,0,9,9
337,0,-1,1,1,-1,1,0,1,1,1,1,1,1,1,1,16,0,0,1,1,3,5,1,9,9,9,0
338,0,0,1,1,0,0,2,0,1,0,2,3,0,0,0,10,1,9,0,0,2,5,1,0,9,0,-9
339,0,1,2,2,1,0,2,2,2,0,2,2,1,0,0,10,2,8,1,1,3,4,2,0,9,0,-9
340,0,0,2,2,0,0,1,2,0,0,3,4,0,0,0,10,3,7,0,0,2,3,2,0,9,3,-6
341,0,1,3,3,1,2,1,3,0,0,2,2,1,0,0,10,4,6,1,1,2,4,2,0,0,3,3
342,0,0,3,3,0,2,-1,2,-2,0,3,4,0,0,0,10,5,5,0,0,1,4,1,0,0,3,3
343,0,0,3,3,0,1,0,1,-2,0,1,3,0,1,3,10,6,4,0,0,2,5,2,3,3,3,0
344,0,0,3,3,0,1,-1,1,-2,0,2,4,0,0,0,10,7,3,0,0,2,4,2,0,3,9,6
345,0,-1,2,2,-1,-1,-1,1,-2,0,3,3,1,0,0,10,8,2,1,3,3,5,3,0,3,9,6
346,0,1,3,3,1,0,-1,2,-2,0,2,2,1,0,0,10,9,1,2,2,3,4,3,0,3,18,15
347,0,-1,2,2,-1,-1,-2,0,-4,1,1,1,1,1,1,12,0,0,3,1,4,4,3,9,9,18,9
348,0,0,2,2,0,-1,-1,0,-2,0,3,4,0,0,0,2,1,1,0,0,3,4,2,0,9,9,0
349,0,-1,1,1,-1,-1,-1,-2,-2,1,1,1,1,1,1,6,0,0,1,1,2,5,3,9,18,9,-9
350,0,0,1,1,0,-2,-1,-2,-2,0,3,4,0,0,0,4,1,3,0,0,1,5,3,0,18,9,-9
351,0,0,1,1,0,-1,-2,-2,-1,0,2,4,0,0,0,4,2,2,0,0,2,5,3,0,9,9,0
352,0,0,1,1,0,-1,-1,-2,-2,0,2,6,0,0,0,4,3,1,0,0,2,4,2,0,9,9,0
353,0,-1,0,0,-1,-1,-1,-2,-2,1,1,1,1,1,1,10,0,0,1,3,3,5,2,9,9,9,0
354,0,-1,-1,1,-1,-2,-1,-4,-1,0,3,3,1,0,0,6,1,5,2,2,3,5,1,0,9,0,-9
355,0,1,0,0,1,-1,1,-2,1,0,2,2,1,0,0,6,2,4,3,1,4,6,2,0,9,0,-9
356,0,0,0,0,0,-1,-1,-2,0,0,2,3,0,0,0,6,3,3,0,0,4,6,2,0,9,9,0
357,0,-1,-1,1,-1,-1,-1,-2,0,0,3,3,1,0,0,6,4,2,1,3,4,6,3,0,0,9,9
358,0,1,0,0,1,1,0,-1,2,0,2,2,1,0,0,6,5,1,2,2,3,6,2,0,0,14,14
359,0,-1,-1,1,-1,-1,0,-2,0,1,1,1,1,1,1,14,0,0,3,1,3,5,2,9,9,14,5
360,0,0,-1,1,0,-1,1,-2,0,0,3,6,0,0,0,8,1,7,0,0,3,4,2,0,9,5,-4
361,0,0,-1,1,0,0,1,-1,0,0,1,2,0,1,2,8,2,6,0,0,2,5,2,5,14,5,-9
362,0,1,0,0,1,0,2,1,0,0,2,2,1,0,0,8,3,5,1,1,1,5,2,0,14,0,-14
363,0,0,0,0,0,1,0,0,-2,0,2,3,0,0,0,8,4,4,0,0,2,5,3,0,5,0,-5
364,0,0,0,0,0,1,-1,0,-1,0,3,4,0,0,0,8,5,3,0,0,3,4,2,0,5,9,4
365,0,1,1,1,1,2,-1,2,-1,0,2,2,1,0,0,8,6,2,1,3,3,4,2,0,0,9,9
366,0,-1,0,0,-1,0,-2,0,-3,0,3,3,1,0,0,8,7,1,2,2,3,5,1,0,0,9,9
367,0,-1,-1,1,-1,-1,-2,0,-3,1,1,1,1,1,1,14,0,0,3,1,3,5,1,9,9,9,0
368,0,0,-1,1,0,-1,0,0,-2,0,2,5,0,0,0,6,1,5,0,0,3,5,1,0,9,0,-9
369,0,0,-1,1,0,-2,0,0,-2,0,2,3,0,0,0,6,2,4,0,0,3,6,2,0,9,0,-9
370,0,-1,-2,2,-1,-2,-1,-2,-1,0,3,3,1,0,0,6,3,3,1,2,2,6,2,0,9,9,0
371,0,1,-1,1,1,0,-1,-1,0,0,2,2,1,0,0,6,4,2,2,1,3,5,2,0,0,9,9
372,0,0,-1,1,0,0,-2,-1,-2,0,3,4,0,0,0,6,5,1,0,0,4,4,1,0,0,9,9
373,0,-1,-2,2,-1,-1,-2,-3,-2,1,1,1,1,1,1,12,0,0,1,2,3,5,1,9,9,9,0
374,0,-1,-3,3,-1,-1,0,-3,0,0,3,3,1,0,0,6,1,5,2,1,2,5,1,0,9,0,-9
375,0,0,-3,3,0,-2,1,-2,2,0,2,4,0,0,0,6,2,4,0,0,3,5,2,0,9,0,-9
376,0,0,-3,3,0,-2,0,-2,1,0,2,4,0,0,0,6,3,3,0,0,2,4,2,0,9,9,0
377,0,1,-2,2,1,0,0,-1,1,0,2,2,1,0,0,6,4,2,1,1,2,5,2,0,0,9,9
378,0,0,-2,2,0,1,0,0,-1,0,3,5,0,0,0,6,5,1,0,0,2,5,1,0,0,9,9
379,0,-1,-3,3,-1,0,1,-2,0,1,1,1,1,1,1,10,0,0,1,1,3,5,2,9,9,9,0
380,0,0,-3,3,0,0,1,-2,1,0,3,4,0,0,0,4,1,3,0,0,3,5,2,0,9,9,0
381,0,1,-2,2,1,0,1,0,1,0,2,2,1,0,0,4,2,2,1,3,4,6,2,0,9,9,0
382,0,1,-1,1,1,1,-1,2,-1,0,2,2,1,0,0,4,3,1,2,2,3,6,2,0,9,9,0
383,0,-1,-2,2,-1,1,-1,1,-1,1,1,1,1,1,1,10,0,0,3,1,4,6,2,9,9,9,0
384,0,0,-2,2,0,1,0,1,1,0,2,8,0,0,0,6,1,5,0,0,4,5,1,0,9,0,-9
385,0,-1,-3,3,-1,-1,0,-1,1,0,3,3,1,0,0,6,2,4,1,2,3,6,2,0,9,0,-9
386,0,1,-2,2,1,-1,0,0,3,0,2,2,1,0,0,6,3,3,2,1,2,6,2,0,9,9,0
387,0,0,-2,2,0,0,0,1,3,0,2,3,0,0,0,6,4,2,0,0,3,6,2,0,0,9,9
388,0,0,-2,2,0,0,1,1,4,0,2,3,0,0,0,6,5,1,0,0,3,5,1,0,0,9,9
389,0,-1,-3,3,-1,0,1,-1,4,1,1,1,1,1,1,14,0,0,1,3,3,6,1,9,9,9,0
390,0,1,-2,2,1,0,3,-1,4,0,4,4,1,0,0,8,1,7,2,2,3,6,1,0,9,0,-9
391,0,1,-1,1,1,1,3,1,4,0,2,2,1,0,0,8,2,6,3,1,4,6,1,0,9,0,-9
392,0,0,-1,1,0,1,3,1,2,0,2,5,0,0,0,8,3,5,0,0,4,6,1,0,9,0,-9
393,0,1,0,0,1,3,3,3,2,0,2,2,1,0,0,8,4,4,1,3,4,7,2,0,0,0,0
394,0,1,1,1,1,3,1,3,0,0,2,2,1,0,0,8,5,3,2,2,3,7,1,0,0,9,9
395,0,1,2,2,1,3,1,4,-2,0,2,2,1,0,0,8,6,2,3,1,4,7,1,0,0,9,9
396,0,0,2,2,0,3,-1,4,-2,0,3,5,0,0,0,8,7,1,0,0,4,6,1,0,0,9,9
397,0,-1,1,1,-1,1,-1,4,-2,1,1,1,1,1,1,12,0,0,1,3,4,7,2,9,9,9,0
398,0,1,2,2,1,1,-1,4,-1,0,2,2,1,0,0,4,1,3,2,2,3,7,2,0,9,9,0
399,0,-1,1,1,-1,-1,-3,2,-3,0,3,3,1,0,0,4,2,2,3,1,4,7,2,0,9,9,0
400,0,0,1,1,0,-1,-1,2,-1,0,2,6,0,0,0,4,3,1,0,0,4,6,2,0,9,9,0
401,0,-1,0,0,-1,-1,-1,0,-1,1,1,1,1,1,1,12,0,0,1,3,4,6,2,9,9,9,0
402,0,-1,-1,1,-1,-3,0,-2,-1,0,3,3,1,0,0,8,1,7,2,2,3,6,1,0,9,0,-9
403,0,1,0,0,1,-1,0,-2,-1,0,2,2,1,0,0,8,2,6,3,1,3,6,1,0,9,0,-9
404,0,0,0,0,0,-1,0,-2,-1,0,2,3,0,0,0,8,3,5,0,0,3,5,1,0,9,0,-9
405,0,0,0,0,0,0,0,-1,-1,0,2,5,0,0,0,8,4,4,0,0,3,6,2,0,0,0,0
406,0,-1,-1,1,-1,0,-1,-3,0,0,3,3,1,0,0,8,5,3,1,2,2,6,1,0,0,9,9
407,0,1,0,0,1,0,-1,-1,1,0,2,2,1,0,0,8,6,2,2,1,3,6,1,0,0,9,9
408,0,0,0,0,0,0,-1,-1,1,0,3,5,0,0,0,8,7,1,0,0,4,5,1,0,0,9,9
409,0,-1,-1,1,-1,-1,-1,-1,1,1,1,1,1,1,1,18,0,0,1,3,4,6,1,9,9,9,0
410,0,-1,-2,2,-1,-1,1,-1,3,0,3,3,1,0,0,10,1,9,2,2,3,6,1,0,9,0,-9
411,0,1,-1,1,1,-1,2,-1,3,0,2,2,1,0,0,10,2,8,3,1,4,6,1,0,9,0,-9
412,0,0,-1,1,0,-1,2,-1,1,0,2,3,0,0,0,10,3,7,0,0,3,5,1,0,9,0,-9
413,0,1,0,0,1,1,2,0,1,0,2,2,1,0,0,10,4,6,1,1,3,6,1,0,0,0,0
414,0,0,0,0,0,2,2,1,-1,0,3,4,0,0,0,10,5,5,0,0,2,6,0,0,0,0,0
415,0,1,1,1,1,2,1,1,0,0,2,2,1,0,0,10,6,4,1,1,3,6,1,0,0,0,0
416,0,0,1,1,0,2,-1,1,-1,0,2,6,0,0,0,10,7,3,0,0,3,5,1,0,0,9,9
417,0,1,2,2,1,2,-1,3,-1,0,2,2,1,0,0,10,8,2,1,3,4,6,2,0,0,9,9
418,0,-1,1,1,-1,1,-3,3,-2,0,3,3,1,0,0,10,9,1,2,2,3,6,2,0,0,18,18
419,0,-1,0,0,-1,-1,-1,1,-2,1,1,1,1,1,1,12,0,0,3,1,4,6,2,9,9,18,9
420,0,0,0,0,0,-1,0,1,0,0,4,5,0,0,0,2,1,1,0,0,4,5,2,0,9,9,0
421,0,-1,-1,1,-1,-3,0,-1,0,1,1,1,1,1,1,12,0,0,1,2,3,5,2,9,18,9,-9
422,0,1,0,0,1,-1,1,0,0,0,2,2,1,0,0,10,1,9,2,1,2,5,2,0,18,0,-18
423,0,0,0,0,0,0,-1,-1,-2,0,2,3,0,0,0,10,2,8,0,0,2,5,2,0,9,0,-9
424,0,0,0,0,0,0,0,-1,-3,0,2,4,0,0,0,10,3,7,0,0,2,4,1,0,9,0,-9
425,0,0,0,0,0,1,0,-2,-3,0,2,3,0,0,0,10,4,6,0,0,2,5,1,0,0,0,0
426,0,-1,-1,1,-1,-1,-1,-2,-4,0,3,3,1,0,0,10,5,5,1,2,2,5,0,0,0,0,0
427,0,1,0,0,1,0,-1,0,-4,0,2,2,1,0,0,10,6,4,2,1,3,5,1,0,0,0,0
428,0,0,0,0,0,0,-3,0,-6,0,2,3,0,0,0,10,7,3,0,0,4,5,1,0,0,9,9
429,0,-1,-1,1,-1,-1,-3,0,-6,0,3,3,1,0,0,10,8,2,1,3,4,6,2,0,0,9,9
430,0,-1,-2,2,-1,-1,-3,-2,-4,0,3,3,1,0,0,10,9,1,2,2,3,7,2,0,0,18,18
431,0,-1,-3,3,-1,-3,-3,-3,-4,1,1,1,1,1,1,12,0,0,3,1,4,7,2,9,9,18,9
432,0,0,-3,3,0,-3,-3,-3,-4,0,2,7,0,0,0,2,1,1,0,0,4,6,2,0,9,9,0
433,0,-1,-4,4,-1,-3,-3,-4,-4,1,1,1,1,1,1,8,0,0,1,3,4,7,2,9,18,9,-9
434,0,-1,-5,5,-1,-3,-1,-4,-3,0,3,3,1,0,0,6,1,5,2,2,3,7,2,0,18,0,-18
435,0,-1,-6,6,-1,-3,-1,-6,-3,0,3,3,1,0,0,6,2,4,3,1,4,7,3,0,9,0,-9
436,0,0,-6,6,0,-3,-1,-6,-3,0,2,3,0,0,0,6,3,3,0,0,4,6,2,0,9,9,0
437,0,1,-5,5,1,-1,-1,-4,-3,0,2,2,1,0,0,6,4,2,1,3,4,6,2,0,0,9,9
438,0,-1,-6,6,-1,-1,-2,-4,-3,0,3,3,1,0,0,6,5,1,2,2,3,6,1,0,0,9,9
439,0,-1,-7,7,-1,-1,-2,-4,-1,1,1,1,1,1,1,10,0,0,3,1,3,6,2,9,9,9,0
440,0,0,-7,7,0,-1,-2,-4,1,0,3,5,0,0,0,4,1,3,0,0,3,5,2,0,9,9,0
441,0,0,-7,7,0,-2,-2,-3,1,0,2,4,0,0,0,4,2,2,0,0,3,6,2,0,9,9,0
442,0,-1,-8,8,-1,-2,-1,-3,0,0,3,3,1,0,0,4,3,1,1,2,2,6,2,0,9,9,0
443,0,-1,-9,9,-1,-2,1,-3,1,1,1,1,1,1,1,10,0,0,2,1,3,6,2,9,9,9,0
444,0,0,-9,9,0,-2,3,-3,3,0,3,4,0,0,0,6,1,5,0,0,4,5,1,0,9,0,-9
445,0,1,-8,8,1,-1,3,-3,3,0,2,2,1,0,0,6,2,4,1,3,4,6,2,0,9,0,-9
446,0,1,-7,7,1,1,1,-1,3,0,2,2,1,0,0,6,3,3,2,2,3,6,2,0,9,9,0
447,0,1,-6,6,1,3,0,1,3,0,2,2,1,0,0,6,4,2,3,1,4,6,2,0,0,9,9
448,0,0,-6,6,0,3,0,1,1,0,2,7,0,0,0,6,5,1,0,0,3,5,1,0,0,9,9
449,0,-1,-7,7,-1,1,0,0,1,1,1,1,1,1,1,14,0,0,1,1,3,6,1,9,9,9,0
450,0,0,-7,7,0,0,2,1,1,0,3,5,0,0,0,8,1,7,0,0,2,6,1,0,9,0,-9
451,0,1,-6,6,1,0,3,3,2,0,2,2,1,0,0,8,2,6,1,1,3,6,1,0,9,0,-9
452,0,0,-6,6,0,0,1,3,1,0,2,3,0,0,0,8,3,5,0,0,3,5,1,0,9,0,-9
453,0,1,-5,5,1,2,1,3,1,0,2,2,1,0,0,8,4,4,1,3,4,6,2,0,0,0,0
454,0,1,-4,4,1,3,-1,3,-1,0,2,2,1,0,0,8,5,3,2,2,3,6,1,0,0,9,9
455,0,-1,-5,5,-1,1,-1,1,-1,0,3,3,1,0,0,8,6,2,3,1,4,6,1,0,0,9,9
456,0,0,-5,5,0,1,0,1,-1,0,3,5,0,0,0,8,7,1,0,0,4,5,1,0,0,9,9
457,0,-1,-6,6,-1,-1,0,1,-1,1,1,1,1,1,1,12,0,0,1,2,3,6,2,9,9,9,0
458,0,1,-5,5,1,-1,0,2,-1,0,2,2,1,0,0,4,1,3,2,1,2,6,2,0,9,9,0
459,0,0,-5,5,0,0,0,1,-1,0,2,4,0,0,0,4,2,2,0,0,3,6,3,0,9,9,0
460,0,0,-5,5,0,0,-1,1,-2,0,3,4,0,0,0,4,3,1,0,0,3,5,3,0,9,18,9
461,0,-1,-6,6,-1,0,-1,-1,-2,1,1,1,1,1,1,6,0,0,1,3,3,6,3,9,9,18,9
462,0,1,-5,5,1,0,-1,-1,0,0,4,4,1,0,0,2,1,1,2,2,3,6,2,0,9,9,0
463,0,-1,-6,6,-1,-1,-1,-1,-2,1,1,1,1,1,1,6,0,0,3,1,4,6,3,9,18,9,-9
464,0,0,-6,6,0,-1,-1,-1,0,0,2,5,0,0,0,4,1,3,0,0,4,6,3,0,18,9,-9
465,0,-1,-7,7,-1,-1,-1,-1,0,0,3,3,1,0,0,4,2,2,1,3,4,7,3,0,9,9,0
466,0,1,-6,6,1,-1,1,-1,2,0,2,2,1,0,0,4,3,1,2,2,3,7,2,0,9,9,0
467,0,-1,-7,7,-1,-1,-1,-2,0,1,1,1,1,1,1,16,0,0,3,1,4,7,2,9,9,9,0
468,0,0,-7,7,0,-1,1,-2,1,0,3,5,0,0,0,12,1,11,0,0,4,6,1,0,9,0,-9
469,0,1,-6,6,1,1,1,0,1,0,2,2,1,0,0,12,2,10,1,3,4,7,1,0,9,0,-9
470,0,-1,-7,7,-1,-1,1,-2,0,0,3,3,1,0,0,12,3,9,2,2,3,7,1,0,9,0,-9
471,0,1,-6,6,1,1,1,0,2,0,2,2,1,0,0,12,4,8,3,1,4,6,1,0,0,0,0
472,0,0,-6,6,0,1,0,0,0,0,2,4,0,0,0,12,5,7,0,0,4,5,0,0,0,0,0
473,0,1,-5,5,1,1,0,2,0,0,2,2,1,0,0,12,6,6,1,2,3,5,0,0,0,0,0
474,0,-1,-6,6,-1,1,-1,0,0,0,3,3,1,0,0,12,7,5,2,1,2,5,0,0,0,0,0
475,0,0,-6,6,0,0,1,1,2,0,2,3,0,0,0,12,8,4,0,0,2,5,1,0,0,0,0
476,0,0,-6,6,0,0,0,1,1,0,3,4,0,0,0,12,9,3,0,0,2,4,1,0,0,9,9
477,0,0,-6,6,0,-1,0,0,1,0,2,3,0,0,0,12,10,2,0,0,2,5,1,0,0,9,9
478,0,1,-5,5,1,1,1,2,2,0,2,2,1,0,0,12,11,1,1,2,2,5,1,0,0,9,9
479,0,-1,-6,6,-1,0,1,0,1,1,1,1,1,1,1,20,0,0,2,1,3,5,1,9,9,9,0
480,0,0,-6,6,0,0,1,0,1,0,3,7,0,0,0,8,1,7,0,0,4,5,1,0,9,0,-9
481,0,1,-5,5,1,1,1,0,1,0,2,2,1,0,0,8,2,6,1,3,4,6,1,0,9,0,-9
482,0,1,-4,4,1,1,1,2,1,0,2,2,1,0,0,8,3,5,2,2,3,6,1,0,9,0,-9
483,0,-1,-5,5,-1,1,0,1,0,0,3,3,1,0,0,8,4,4,3,1,4,6,2,0,0,0,0
484,0,0,-5,5,0,1,0,1,0,0,2,4,0,0,0,8,5,3,0,0,3,5,1,0,0,9,9
485,0,1,-4,4,1,1,0,2,0,0,2,2,1,0,0,8,6,2,1,1,3,6,1,0,0,9,9
486,0,0,-4,4,0,0,0,1,0,0,2,6,0,0,0,8,7,1,0,0,2,5,1,0,0,9,9
487,0,-1,-5,5,-1,0,0,1,-1,1,1,1,1,1,1,12,0,0,1,1,3,5,2,9,9,9,0
488,0,0,-5,5,0,0,0,1,0,0,2,4,0,0,0,4,1,3,0,0,2,4,2,0,9,9,0
489,0,1,-4,4,1,0,0,1,0,0,2,2,1,0,0,4,2,2,1,1,3,5,2,0,9,9,0
490,0,0,-4,4,0,0,0,0,0,0,3,4,0,0,0,4,3,1,0,0,2,5,2,0,9,9,0
491,0,-1,-5,5,-1,0,-1,0,-1,1,1,1,1,1,1,12,0,0,1,1,3,5,2,9,9,9,0
492,0,0,-5,5,0,0,0,0,-1,0,3,4,0,0,0,8,1,7,0,0,3,4,1,0,9,0,-9
493,0,1,-4,4,1,0,0,0,-1,0,2,2,1,0,0,8,2,6,1,2,3,5,1,0,9,0,-9
494,0,-1,-5,5,-1,-1,0,-1,-1,0,3,3,1,0,0,8,3,5,2,1,2,5,1,0,9,0,-9
495,0,0,-5,5,0,0,0,0,1,0,3,4,0,0,0,8,4,4,0,0,3,6,2,0,0,0,0
496,0,0,-5,5,0,0,-1,0,0,0,2,5,0,0,0,8,5,3,0,0,3,5,1,0,0,9,9
497,0,1,-4,4,1,0,-1,0,0,0,2,2,1,0,0,8,6,2,1,3,3,6,1,0,0,9,9
498,0,-1,-5,5,-1,0,-1,-1,0,0,3,3,1,0,0,8,7,1,2,2,3,6,1,0,0,9,9
499,0,-1,-6,6,-1,-1,1,-1,0,1,1,1,1,1,1,12,0,0,3,1,4,6,2,9,9,9,0
500,0,0,-6,6,0,-1,1,-1,1,0,2,5,0,0,0,4,1,3,0,0,4,6,2,0,9,9,0
501,0,1,-5,5,1,-1,1,-1,1,0,2,2,1,0,0,4,2,2,1,3,4,7,2,0,9,9,0
502,0,1,-4,4,1,1,1,1,-1,0,2,2,1,0,0,4,3,1,2,2,3,7,2,0,9,9,0
503,0,-1,-5,5,-1,1,-1,0,-1,1,1,1,1,1,1,10,0,0,3,1,4,6,2,9,9,9,0
504,0,0,-5,5,0,1,0,0,1,0,3,6,0,0,0,6,1,5,0,0,4,5,1,0,9,0,-9
505,0,1,-4,4,1,1,0,0,1,0,2,2,1,0,0,6,2,4,1,2,3,6,2,0,9,0,-9
506,0,-1,-5,5,-1,-1,-2,0,0,0,3,3,1,0,0,6,3,3,2,1,2,6,2,0,9,9,0
507,0,0,-5,5,0,0,0,1,2,0,2,3,0,0,0,6,4,2,0,0,3,6,2,0,0,9,9
508,0,0,-5,5,0,0,1,1,3,0,2,3,0,0,0,6,5,1,0,0,3,5,2,0,0,9,9
509,0,-1,-6,6,-1,-2,1,-1,3,1,1,1,1,1,1,18,0,0,1,3,3,5,2,9,9,11,2
510,0,1,-5,5,1,0,2,-1,5,0,4,4,1,0,0,12,1,11,2,2,3,5,2,0,9,2,-7
511,0,1,-4,4,1,1,2,1,3,0,2,2,1,0,0,12,2,10,3,1,3,5,2,0,9,2,-7
512,0,0,-4,4,0,1,2,1,3,0,1,9,0,1,9,12,3,9,0,0,3,5,2,2,11,2,-9
513,0,0,-4,4,0,2,2,0,3,0,2,4,0,0,0,12,4,8,0,0,3,6,2,0,2,0,-2
514,0,1,-3,3,1,2,3,2,2,0,2,2,1,0,0,12,5,7,1,2,2,6,1,0,2,0,-2
515,0,1,-2,2,1,2,1,3,1,0,2,2,1,0,0,12,6,6,2,1,3,6,1,0,2,0,-2
516,0,0,-2,2,0,2,1,3,-1,0,3,4,0,0,0,12,7,5,0,0,4,5,1,0,0,0,0
517,0,1,-1,1,1,3,1,5,-1,0,2,2,1,0,0,12,8,4,1,3,4,6,1,0,0,0,0
518,0,-1,-2,2,-1,1,-1,3,-2,0,3,3,1,0,0,12,9,3,2,2,3,6,1,0,0,10,10
519,0,1,-1,1,1,1,0,3,0,0,2,2,1,0,0,12,10,2,3,1,4,6,2,0,0,10,10
520,0,0,-1,1,0,1,-2,3,0,0,3,5,0,0,0,12,11,1,0,0,3,5,2,0,0,20,20
521,0,-1,-2,2,-1,-1,-2,2,0,1,1,1,1,1,1,14,0,0,1,1,3,5,2,10,10,20,10
522,0,0,-2,2,0,0,-1,1,1,0,3,4,0,0,0,2,1,1,0,0,2,5,2,0,10,10,0
523,0,-1,-3,3,-1,-2,0,-1,0,1,1,1,1,1,1,20,0,0,1,1,2,5,2,10,20,10,-10
524,0,0,-3,3,0,-2,2,-1,1,0,2,3,0,0,0,18,1,17,0,0,2,4,2,0,20,0,-20
525,0,0,-3,3,0,-1,2,-2,1,0,3,4,0,0,0,18,2,16,0,0,3,4,3,0,10,0,-10
526,0,1,-2,2,1,0,2,0,2,0,2,2,1,0,0,18,3,15,1,2,2,4,2,0,10,5,-5
527,0,1,-1,1,1,2,0,0,0,0,2,2,1,0,0,18,4,14,2,1,2,4,2,0,0,5,5
528,0,0,-1,1,0,2,-1,0,0,0,3,6,0,0,0,18,5,13,0,0,3,3,1,0,0,5,5
529,0,0,-1,1,0,2,-1,1,0,0,1,2,0,1,2,18,6,12,0,0,2,4,1,5,5,5,0
530,0,-1,-2,2,-1,0,0,0,1,0,3,3,1,0,0,18,7,11,1,1,1,5,1,0,5,0,-5
531,0,0,-2,2,0,-1,0,1,3,0,2,3,0,0,0,18,8,10,0,0,2,5,1,0,5,0,-5
532,0,0,-2,2,0,-1,1,1,3,0,3,4,0,0,0,18,9,9,0,0,3,4,1,0,5,0,-5
533,0,1,-1,1,1,0,1,2,3,0,2,2,1,0,0,18,10,8,1,3,3,5,1,0,0,0,0
534,0,-1,-2,2,-1,0,1,0,1,0,3,3,1,0,0,18,11,7,2,2,3,6,0,0,0,0,0
535,0,1,-1,1,1,1,3,0,3,0,2,2,1,0,0,18,12,6,3,1,4,5,0,0,0,0,0
536,0,0,-1,1,0,1,2,0,3,0,2,4,0,0,0,18,13,5,0,0,4,5,0,0,0,0,0
537,0,1,0,0,1,1,2,1,3,0,2,2,1,0,0,18,14,4,1,2,3,6,1,0,0,0,0
538,0,1,1,1,1,3,0,3,3,0,2,2,1,0,0,18,15,3,2,1,2,6,1,0,0,10,10
539,0,0,1,1,0,2,0,3,3,0,2,3,0,0,0,18,16,2,0,0,3,6,1,0,0,10,10
540,0,0,1,1,0,2,1,3,2,0,3,6,0,0,0,18,17,1,0,0,3,5,1,0,0,10,10
541,0,-1,0,0,-1,0,1,1,2,1,1,1,1,1,1,24,0,0,1,3,3,6,1,10,10,10,0
542,0,1,1,1,1,0,3,3,3,0,2,2,1,0,0,6,1,5,2,2,3,6,1,0,10,0,-10
543,0,1,2,2,1,1,3,3,2,0,2,2,1,0,0,6,2,4,3,1,4,6,2,0,10,0,-10
544,0,0,2,2,0,1,1,3,2,0,2,6,0,0,0,6,3,3,0,0,4,6,2,0,10,10,0
545,0,1,3,3,1,3,1,3,2,0,2,2,1,0,0,6,4,2,1,3,4,6,2,0,0,10,10
546,0,1,4,4,1,3,0,3,2,0,4,4,1,0,0,6,5,1,2,2,3,5,1,0,0,10,10
547,0,-1,3,3,-1,1,-1,2,2,1,1,1,1,1,1,16,0,0,3,1,3,5,1,10,10,10,0
548,0,0,3,3,0,1,1,2,2,0,2,3,0,0,0,10,1,9,0,0,2,4,1,0,10,0,-10
549,0,0,3,3,0,0,1,3,2,0,2,3,0,0,0,10,2,8,0,0,2,5,1,0,10,0,-10
550,0,0,3,3,0,-1,2,2,1,0,3,4,0,0,0,10,3,7,0,0,1,5,1,0,10,0,-10
551,0,1,4,4,1,1,3,2,1,0,2,2,1,0,0,10,4,6,1,1,2,5,1,0,0,0,0
552,0,0,4,4,0,1,1,2,1,0,3,5,0,0,0,10,5,5,0,0,3,4,0,0,0,0,0
553,0,1,5,5,1,2,1,2,1,0,2,2,1,0,0,10,6,4,1,3,4,5,1,0,0,0,0
554,0,1,6,6,1,3,-1,2,-1,0,2,2,1,0,0,10,7,3,2,2,3,5,1,0,0,10,10
555,0,-1,5,5,-1,1,-2,2,-1,0,3,3,1,0,0,10,8,2,3,1,4,6,1,0,0,10,10
556,0,0,5,5,0,1,0,2,-1,0,2,3,0,0,0,10,9,1,0,0,3,5,1,0,0,10,10
557,0,-1,4,4,-1,-1,0,1,-1,1,1,1,1,1,1,16,0,0,1,1,3,6,1,10,10,10,0
558,0,0,4,4,0,-2,0,1,1,0,3,4,0,0,0,6,1,5,0,0,2,6,1,0,10,0,-10
559,0,1,5,5,1,0,1,1,2,0,2,2,1,0,0,6,2,4,1,1,3,6,2,0,10,0,-10
560,0,0,5,5,0,0,-1,1,1,0,3,6,0,0,0,6,3,3,0,0,3,5,2,0,10,10,0
561,0,-1,4,4,-1,0,-1,-1,1,0,3,3,1,0,0,6,4,2,1,3,4,6,2,0,0,10,10
562,0,1,5,5,1,1,1,-1,1,0,2,2,1,0,0,6,5,1,2,2,3,6,1,0,0,10,10
563,0,-1,4,4,-1,-1,1,-1,1,1,1,1,1,1,1,12,0,0,3,1,4,6,1,10,10,10,0
564,0,0,4,4,0,-1,2,-1,1,0,3,4,0,0,0,6,1,5,0,0,4,5,1,0,10,0,-10
565,0,1,5,5,1,1,2,1,1,0,2,2,1,0,0,6,2,4,1,2,3,6,2,0,10,0,-10
566,0,1,6,6,1,1,0,2,1,0,2,2,1,0,0,6,3,3,2,1,2,6,2,0,10,10,0
567,0,0,6,6,0,2,0,1,-1,0,2,5,0,0,0,6,4,2,0,0,3,6,3,0,0,10,10
568,0,0,6,6,0,2,-1,1,-1,0,2,4,0,0,0,6,5,1,0,0,3,5,2,0,0,20,20
569,0,-1,5,5,-1,0,-1,1,-1,1,1,1,1,1,1,8,0,0,1,3,3,6,2,10,10,20,10
570,0,1,6,6,1,0,1,1,-1,0,4,4,1,0,0,2,1,1,2,2,3,6,2,0,10,10,0
571,0,-1,5,5,-1,-1,-1,1,-2,1,1,1,1,1,1,8,0,0,3,1,4,5,2,10,20,10,-10
572,0,0,5,5,0,-1,0,1,0,0,3,4,0,0,0,6,1,5,0,0,4,5,2,0,20,0,-20
573,0,1,6,6,1,1,0,1,0,0,2,2,1,0,0,6,2,4,1,2,3,6,3,0,10,0,-10
574,0,-1,5,5,-1,-1,-2,-1,0,0,3,3,1,0,0,6,3,3,2,1,2,5,2,0,10,10,0
575,0,0,5,5,0,0,-1,-1,0,0,2,3,0,0,0,6,4,2,0,0,3,5,2,0,0,10,10
576,0,0,5,5,0,0,0,-1,1,0,2,8,0,0,0,6,5,1,0,0,2,4,1,0,0,10,10
577,0,-1,4,4,-1,-2,0,-1,1,1,1,1,1,1,1,16,0,0,1,1,2,5,1,10,10,10,0
578,0,0,4,4,0,-1,2,-2,2,0,2,3,0,0,0,10,1,9,0,0,2,5,1,0,10,0,-10
579,0,1,5,5,1,0,1,0,3,0,2,2,1,0,0,10,2,8,1,1,3,5,1,0,10,0,-10
580,0,0,5,5,0,0,1,0,1,0,3,4,0,0,0,10,3,7,0,0,3,5,1,0,10,0,-10
581,0,1,6,6,1,2,1,0,1,0,2,2,1,0,0,10,4,6,1,3,4,5,1,0,0,0,0
582,0,-1,5,5,-1,1,0,0,1,0,3,3,1,0,0,10,5,5,2,2,3,5,0,0,0,0,0
583,0,1,6,6,1,1,2,1,1,0,2,2,1,0,0,10,6,4,3,1,3,6,1,0,0,0,0
584,0,0,6,6,0,1,0,1,1,0,2,4,0,0,0,10,7,3,0,0,3,5,1,0,0,10,10
585,0,0,6,6,0,0,0,2,1,0,3,4,0,0,0,10,8,2,0,0,3,6,1,0,0,10,10
586,0,1,7,7,1,2,1,3,0,0,2,2,1,0,0,10,9,1,1,2,2,6,1,0,0,10,10
587,0,-1,6,6,-1,0,-1,1,-1,1,1,1,1,1,1,16,0,0,2,1,3,6,1,10,10,10,0
588,0,0,6,6,0,0,1,1,-1,0,3,5,0,0,0,6,1,5,0,0,4,5,1,0,10,0,-10
589,0,1,7,7,1,1,1,1,-1,0,2,2,1,0,0,6,2,4,1,3,4,6,2,0,10,0,-10
590,0,-1,6,6,-1,-1,-1,1,-1,0,3,3,1,0,0,6,3,3,2,2,3,6,2,0,10,10,0
591,0,1,7,7,1,1,0,1,-1,0,2,2,1,0,0,6,4,2,3,1,4,6,2,0,0,10,10
592,0,0,7,7,0,1,-2,1,-3,0,2,5,0,0,0,6,5,1,0,0,3,5,1,0,0,10,10
593,0,-1,6,6,-1,-1,-2,0,-3,1,1,1,1,1,1,12,0,0,1,1,3,6,1,10,10,10,0
594,0,0,6,6,0,0,0,-1,-3,0,3,5,0,0,0,6,1,5,0,0,2,6,1,0,10,0,-10
595,0,-1,5,5,-1,-2,-1,-1,-4,0,3,3,1,0,0,6,2,4,1,1,3,6,2,0,10,0,-10
596,0,0,5,5,0,-2,-1,-1,-3,0,2,3,0,0,0,6,3,3,0,0,3,5,2,0,10,10,0
597,0,1,6,6,1,0,-1,-1,-3,0,2,2,1,0,0,6,4,2,1,3,4,6,3,0,0,10,10
598,0,-1,5,5,-1,-1,-3,-1,-4,0,3,3,1,0,0,6,5,1,2,2,3,6,2,0,0,20,20
599,0,-1,4,4,-1,-1,-3,-3,-4,1,1,1,1,1,1,8,0,0,3,1,4,6,2,10,10,20,10
600,0,0,4,4,0,-1,-2,-3,-4,0,3,6,0,0,0,2,1,1,0,0,4,5,2,0,10,10,0
601,0,-1,3,3,-1,-3,-2,-3,-4,1,1,1,1,1,1,8,0,0,1,2,3,5,2,10,20,10,-10
602,0,-1,2,2,-1,-3,-1,-4,-4,0,3,3,1,0,0,6,1,5,2,1,2,5,2,0,20,0,-20
603,0,0,2,2,0,-2,-1,-3,-4,0,2,3,0,0,0,6,2,4,0,0,2,5,3,0,10,0,-10
604,0,0,2,2,0,-2,-2,-3,-3,0,2,3,0,0,0,6,3,3,0,0,2,4,2,0,10,10,0
605,0,0,2,2,0,-1,-2,-4,-3,0,2,3,0,0,0,6,4,2,0,0,2,5,2,0,0,10,10
606,0,-1,1,1,-1,-1,-3,-4,-4,0,3,3,1,0,0,6,5,1,1,2,2,5,1,0,0,10,10
607,0,-1,0,0,-1,-2,-3,-4,-2,1,1,1,1,1,1,12,0,0,2,1,3,5,1,10,10,10,0
608,0,0,0,0,0,-2,-1,-4,-2,0,2,6,0,0,0,6,1,5,0,0,4,5,1,0,10,0,-10
609,0,-1,-1,1,-1,-3,-1,-4,-2,0,3,3,1,0,0,6,2,4,1,3,4,6,2,0,10,0,-10
610,0,-1,-2,2,-1,-3,-1,-4,-2,0,3,3,1,0,0,6,3,3,2,2,3,7,2,0,10,10,0
611,0,1,-1,1,1,-1,1,-3,-2,0,2,2,1,0,0,6,4,2,3,1,4,7,2,0,0,10,10
612,0,0,-1,1,0,-1,-1,-3,-4,0,3,5,0,0,0,6,5,1,0,0,4,6,1,0,0,10,10
613,0,-1,-2,2,-1,-1,-1,-4,-4,1,1,1,1,1,1,10,0,0,1,3,4,7,2,10,10,10,0
614,0,1,-1,1,1,1,-1,-2,-3,0,2,2,1,0,0,4,1,3,2,2,3,7,2,0,10,10,0
615,0,-1,-2,2,-1,-1,-3,-2,-3,0,3,3,1,0,0,4,2,2,3,1,4,7,3,0,10,10,0
616,0,0,-2,2,0,-1,-3,-2,-1,0,3,5,0,0,0,4,3,1,0,0,4,6,3,0,10,20,10
617,0,-1,-3,3,-1,-1,-3,-2,-1,1,1,1,1,1,1,6,0,0,1,3,4,6,3,10,10,20,10
618,0,-1,-4,4,-1,-3,-2,-2,0,0,3,3,1,0,0,2,1,1,2,2,3,6,2,0,10,10,0
619,0,-1,-5,5,-1,-3,0,-4,2,1,1,1,1,1,1,14,0,0,3,1,3,6,2,10,20,10,-10
620,0,0,-5,5,0,-3,2,-4,2,0,3,4,0,0,0,12,1,11,0,0,3,5,2,0,20,0,-20
621,0,0,-5,5,0,-2,2,-3,2,0,2,4,0,0,0,12,2,10,0,0,3,5,3,0,10,0,-10
622,0,1,-4,4,1,0,2,-3,3,0,2,2,1,0,0,12,3,9,1,2,2,5,2,0,10,3,-7
623,0,1,-3,3,1,2,2,-1,2,0,2,2,1,0,0,12,4,8,2,1,2,5,2,0,0,3,3
624,0,0,-3,3,0,2,0,-1,0,0,3,6,0,0,0,12,5,7,0,0,3,4,1,0,0,3,3
625,0,0,-3,3,0,2,0,0,0,0,1,4,0,1,4,12,6,6,0,0,3,5,1,3,3,3,0
626,0,1,-2,2,1,2,1,2,1,0,2,2,1,0,0,12,7,5,1,2,2,5,1,0,3,0,-3
627,0,-1,-3,3,-1,0,0,2,1,0,3,3,1,0,0,12,8,4,2,1,3,5,2,0,3,0,-3
628,0,0,-3,3,0,0,0,2,3,0,2,3,0,0,0,12,9,3,0,0,3,4,2,0,3,10,7
629,0,1,-2,2,1,1,0,3,3,0,2,2,1,0,0,12,10,2,1,1,3,5,2,0,0,10,10
630,0,0,-2,2,0,0,0,2,2,0,4,5,0,0,0,12,11,1,0,0,2,6,1,0,0,10,10
631,0,-1,-3,3,-1,0,1,0,1,1,1,1,1,1,1,22,0,0,1,1,3,6,1,10,10,10,0
632,0,0,-3,3,0,0,3,0,2,0,2,4,0,0,0,10,1,9,0,0,3,5,1,0,10,0,-10
633,0,1,-2,2,1,0,3,1,2,0,2,2,1,0,0,10,2,8,1,3,4,5,1,0,10,0,-10
634,0,1,-1,1,1,1,2,1,0,0,2,2,1,0,0,10,3,7,2,2,3,5,1,0,10,0,-10
635,0,1,0,0,1,3,0,3,-2,0,2,2,1,0,0,10,4,6,3,1,3,5,1,0,0,0,0
636,0,0,0,0,0,3,-1,3,-4,0,3,4,0,0,0,10,5,5,0,0,3,4,0,0,0,0,0
637,0,0,0,0,0,2,-1,2,-4,0,2,3,0,0,0,10,6,4,0,0,2,5,1,0,0,0,0
638,0,-1,-1,1,-1,0,-2,1,-5,0,3,3,1,0,0,10,7,3,1,1,1,5,1,0,0,10,10
639,0,0,-1,1,0,-1,-2,2,-5,0,2,3,0,0,0,10,8,2,0,0,2,5,2,0,0,10,10
640,0,0,-1,1,0,-1,-3,2,-6,0,2,8,0,0,0,10,9,1,0,0,3,4,2,0,0,20,20
641,0,-1,-2,2,-1,-2,-3,0,-6,1,1,1,1,1,1,12,0,0,1,3,3,5,2,10,10,20,10
642,0,-1,-3,3,-1,-2,-3,-2,-4,0,3,3,1,0,0,2,1,1,2,2,3,6,2,0,10,10,0
643,0,-1,-4,4,-1,-3,-3,-4,-3,1,1,1,1,1,1,6,0,0,3,1,4,6,3,10,20,10,-10
644,0,0,-4,4,0,-3,-3,-4,-3,0,3,4,0,0,0,4,1,3,0,0,4,6,3,0,20,10,-10
645,0,-1,-5,5,-1,-3,-3,-5,-3,0,3,3,1,0,0,4,2,2,1,3,4,7,3,0,10,10,0
646,0,-1,-6,6,-1,-3,-1,-5,-3,0,3,3,1,0,0,4,3,1,2,2,3,6,2,0,10,10,0
647,0,-1,-7,7,-1,-3,0,-6,-3,1,1,1,1,1,1,10,0,0,3,1,4,6,2,10,10,10,0
648,0,0,-7,7,0,-3,0,-6,-1,0,2,7,0,0,0,6,1,5,0,0,3,5,1,0,10,0,-10
649,0,1,-6,6,1,-1,0,-4,-1,0,2,2,1,0,0,6,2,4,1,1,3,6,2,0,10,0,-10
650,0,0,-6,6,0,0,-2,-3,-2,0,3,4,0,0,0,6,3,3,0,0,2,6,2,0,10,10,0
651,0,-1,-7,7,-1,0,-3,-3,-3,0,3,3,1,0,0,6,4,2,1,1,3,6,2,0,0,10,10
652,0,0,-7,7,0,0,-1,-3,-3,0,2,3,0,0,0,6,5,1,0,0,3,5,1,0,0,10,10
653,0,-1,-8,8,-1,-2,-1,-3,-3,1,1,1,1,1,1,12,0,0,1,3,4,5,1,10,10,10,0
654,0,-1,-9,9,-1,-3,0,-3,-3,0,3,3,1,0,0,6,1,5,2,2,3,5,1,0,10,0,-10
655,0,1,-8,8,1,-1,0,-1,-1,0,2,2,1,0,0,6,2,4,3,1,3,6,2,0,10,0,-10
656,0,0,-8,8,0,-1,-2,-1,-3,0,2,5,0,0,0,6,3,3,0,0,3,5,2,0,10,10,0
657,0,0,-8,8,0,0,-2,-2,-3,0,2,3,0,0,0,6,4,2,0,0,3,6,3,0,0,10,10
658,0,-1,-9,9,-1,0,-3,-3,-4,0,3,3,1,0,0,6,5,1,1,2,2,6,2,0,0,20,20
659,0,-1,-10,10,-1,-2,-1,-3,-3,1,1,1,1,1,1,8,0,0,2,1,3,6,2,10,10,20,10
660,0,0,-10,10,0,-2,-1,-3,-1,0,4,5,0,0,0,2,1,1,0,0,4,5,2,0,10,10,0
661,0,-1,-11,11,-1,-3,-1,-3,-1,1,1,1,1,1,1,14,0,0,1,3,4,6,2,10,20,10,-10
662,0,1,-10,10,1,-1,-1,-1,1,0,2,2,1,0,0,12,1,11,2,2,3,6,2,0,20,0,-20
663,0,-1,-11,11,-1,-1,-2,-3,-1,0,3,3,1,0,0,12,2,10,3,1,4,6,2,0,10,0,-10
664,0,0,-11,11,0,-1,0,-3,1,0,2,4,0,0,0,12,3,9,0,0,3,5,1,0,10,0,-10
665,0,-1,-12,12,-1,-1,0,-4,1,0,3,3,1,0,0,12,4,8,1,1,3,6,1,0,0,0,0
666,0,0,-12,12,0,-2,2,-3,1,0,3,4,0,0,0,12,5,7,0,0,2,6,0,0,0,0,0
667,0,1,-11,11,1,0,1,-1,2,0,2,2,1,0,0,12,6,6,1,1,3,6,0,0,0,0,0
668,0,0,-11,11,0,0,1,-1,1,0,2,3,0,0,0,12,7,5,0,0,3,5,0,0,0,0,0
669,0,1,-10,10,1,2,1,1,1,0,2,2,1,0,0,12,8,4,1,3,4,6,1,0,0,0,0
670,0,-1,-11,11,-1,1,-1,-1,-1,0,3,3,1,0,0,12,9,3,2,2,3,6,1,0,0,10,10
671,0,1,-10,10,1,1,1,1,-1,0,2,2,1,0,0,12,10,2,3,1,4,6,1,0,0,10,10
672,0,0,-10,10,0,1,0,1,-1,0,3,7,0,0,0,12,11,1,0,0,4,5,1,0,0,10,10
673,0,-1,-11,11,-1,-1,0,1,-1,1,1,1,1,1,1,16,0,0,1,2,3,6,2,10,10,10,0
674,0,1,-10,10,1,1,0,2,1,0,2,2,1,0,0,4,1,3,2,1,2,6,2,0,10,10,0
675,0,0,-10,10,0,0,-2,1,-1,0,2,5,0,0,0,4,2,2,0,0,3,6,2,0,10,10,0
676,0,0,-10,10,0,0,-1,1,-2,0,2,4,0,0,0,4,3,1,0,0,3,5,2,0,10,10,0
677,0,-1,-11,11,-1,0,-1,-1,-2,1,1,1,1,1,1,10,0,0,1,3,3,6,2,10,10,10,0
678,0,-1,-12,12,-1,-2,1,-1,0,0,3,3,1,0,0,6,1,5,2,2,3,6,1,0,10,0,-10
679,0,1,-11,11,1,-1,1,-1,1,0,2,2,1,0,0,6,2,4,3,1,4,6,2,0,10,0,-10
680,0,0,-11,11,0,-1,-1,-1,1,0,3,5,0,0,0,6,3,3,0,0,4,6,2,0,10,10,0
681,0,1,-10,10,1,1,-1,1,1,0,2,2,1,0,0,6,4,2,1,3,4,7,2,0,0,10,10
682,0,-1,-11,11,-1,1,-1,-1,1,0,3,3,1,0,0,6,5,1,2,2,3,6,1,0,0,10,10
683,0,-1,-12,12,-1,-1,0,-2,3,1,1,1,1,1,1,14,0,0,3,1,4,6,1,10,10,10,0
684,0,0,-12,12,0,-1,2,-2,3,0,3,5,0,0,0,8,1,7,0,0,3,5,1,0,10,0,-10
685,0,1,-11,11,1,-1,2,0,3,0,2,2,1,0,0,8,2,6,1,1,3,6,1,0,10,0,-10
686,0,0,-11,11,0,0,2,1,2,0,2,4,0,0,0,8,3,5,0,0,2,6,1,0,10,0,-10
687,0,1,-10,10,1,2,3,1,3,0,2,2,1,0,0,8,4,4,1,1,3,6,2,0,0,0,0
688,0,0,-10,10,0,2,1,1,3,0,2,5,0,0,0,8,5,3,0,0,3,5,1,0,0,10,10
689,0,1,-9,9,1,2,1,1,3,0,2,2,1,0,0,8,6,2,1,3,4,5,1,0,0,10,10
690,0,1,-8,8,1,3,0,3,3,0,4,4,1,0,0,8,7,1,2,2,3,5,1,0,0,10,10
691,0,-1,-9,9,-1,1,0,3,3,1,1,1,1,1,1,18,0,0,3,1,3,6,1,10,10,10,0
692,0,0,-9,9,0,1,2,3,5,0,2,3,0,0,0,10,1,9,0,0,3,5,1,0,10,0,-10
693,0,0,-9,9,0,0,2,2,5,0,3,4,0,0,0,10,2,8,0,0,3,6,1,0,10,0,-10
694,0,1,-8,8,1,0,3,3,4,0,2,2,1,0,0,10,3,7,1,2,2,6,1,0,10,0,-10
695,0,1,-7,7,1,2,3,3,3,0,2,2,1,0,0,10,4,6,2,1,3,6,1,0,0,0,0
696,0,0,-7,7,0,2,3,3,3,0,3,5,0,0,0,10,5,5,0,0,4,5,0,0,0,0,0
697,0,1,-6,6,1,3,3,3,3,0,2,2,1,0,0,10,6,4,1,3,4,6,1,0,0,0,0
698,0,1,-5,5,1,3,1,3,1,0,2,2,1,0,0,10,7,3,2,2,3,6,1,0,0,10,10
699,0,1,-4,4,1,3,0,5,1,0,2,2,1,0,0,10,8,2,3,1,4,6,1,0,0,10,10
700,0,0,-4,4,0,3,0,5,1,0,3,5,0,0,0,10,9,1,0,0,3,5,1,0,0,10,10
701,0,-1,-5,5,-1,1,0,4,1,1,1,1,1,1,1,18,0,0,1,1,3,6,1,10,10,10,0
702,0,0,-5,5,0,0,0,3,1,0,3,5,0,0,0,8,1,7,0,0,2,6,1,0,10,0,-10
703,0,1,-4,4,1,0,1,3,0,0,2,2,1,0,0,8,2,6,1,1,3,6,1,0,10,0,-10
704,0,0,-4,4,0,0,1,3,-1,0,2,7,0,0,0,8,3,5,0,0,3,5,1,0,10,0,-10
705,0,-1,-5,5,-1,0,1,1,-1,0,3,3,1,0,0,8,4,4,1,3,4,6,2,0,0,0,0
706,0,1,-4,4,1,1,1,1,1,0,2,2,1,0,0,8,5,3,2,2,3,6,1,0,0,10,10
707,0,1,-3,3,1,1,-1,1,1,0,2,2,1,0,0,8,6,2,3,1,4,6,1,0,0,10,10
708,0,0,-3,3,0,1,-2,1,-1,0,3,4,0,0,0,8,7,1,0,0,4,5,1,0,0,10,10
709,0,-1,-4,4,-1,1,-2,1,-1,1,1,1,1,1,1,18,0,0,1,2,3,6,1,10,10,10,0
710,0,-1,-5,5,-1,-1,0,0,1,0,3,3,1,0,0,10,1,9,2,1,2,6,1,0,10,0,-10
711,0,0,-5,5,0,-2,2,-1,3,0,2,3,0,0,0,10,2,8,0,0,3,6,1,0,10,0,-10
712,0,0,-5,5,0,-2,1,-1,2,0,2,4,0,0,0,10,3,7,0,0,3,5,1,0,10,0,-10
713,0,1,-4,4,1,0,1,1,2,0,2,2,1,0,0,10,4,6,1,3,3,6,1,0,0,0,0
714,0,1,-3,3,1,2,1,1,2,0,4,4,1,0,0,10,5,5,2,2,3,6,0,0,0,0,0
715,0,-1,-4,4,-1,1,1,-1,1,0,3,3,1,0,0,10,6,4,3,1,4,6,1,0,0,0,0
716,0,0,-4,4,0,1,1,-1,3,0,2,3,0,0,0,10,7,3,0,0,4,6,1,0,0,10,10
717,0,1,-3,3,1,1,1,1,3,0,2,2,1,0,0,10,8,2,1,3,4,7,1,0,0,10,10
718,0,1,-2,2,1,1,1,3,2,0,2,2,1,0,0,10,9,1,2,2,3,6,1,0,0,10,10
719,0,-1,-3,3,-1,1,0,2,1,1,1,1,1,1,1,18,0,0,3,1,4,6,1,10,10,10,0
720,0,0,-3,3,0,1,2,2,1,0,3,7,0,0,0,8,1,7,0,0,3,5,1,0,10,0,-10
721,0,1,-2,2,1,1,2,2,1,0,2,2,1,0,0,8,2,6,1,1,3,5,1,0,10,0,-10
722,0,0,-2,2,0,0,1,1,0,0,2,3,0,0,0,8,3,5,0,0,2,4,1,0,10,0,-10
723,0,1,-1,1,1,2,1,3,-1,0,2,2,1,0,0,8,4,4,1,1,2,4,2,0,0,0,0
724,0,0,-1,1,0,2,-1,3,-1,0,2,3,0,0,0,8,5,3,0,0,1,3,1,0,0,10,10
725,0,0,-1,1,0,1,-1,2,-1,0,2,3,0,0,0,8,6,2,0,0,2,3,2,0,0,10,10
726,0,0,-1,1,0,1,-1,1,-2,0,3,4,0,0,0,8,7,1,0,0,1,3,2,0,0,12,12
727,0,-1,-2,2,-1,-1,-2,1,-1,1,1,1,1,1,1,14,0,0,1,1,1,4,2,10,10,12,2
728,0,0,-2,2,0,-1,0,1,0,0,3,5,0,0,0,6,1,5,0,0,2,3,2,0,10,2,-8
729,0,0,-2,2,0,-1,0,0,0,0,1,6,0,1,6,6,2,4,0,0,3,4,3,2,12,2,-10
730,0,-1,-3,3,-1,-2,-1,-1,1,0,3,3,1,0,0,6,3,3,1,2,2,5,3,0,12,10,-2
731,0,1,-2,2,1,0,1,-1,2,0,2,2,1,0,0,6,4,2,2,1,3,5,3,0,2,10,8
732,0,0,-2,2,0,0,0,-1,0,0,3,4,0,0,0,6,5,1,0,0,4,4,2,0,2,10,8
733,0,-1,-3,3,-1,-1,0,-2,0,1,1,1,1,1,1,12,0,0,1,2,3,5,2,10,10,10,0
734,0,1,-2,2,1,1,2,-1,0,0,2,2,1,0,0,6,1,5,2,1,2,5,1,0,10,0,-10
735,0,0,-2,2,0,0,1,0,-2,0,3,4,0,0,0,6,2,4,0,0,3,5,2,0,10,0,-10
736,0,0,-2,2,0,0,0,0,-3,0,2,6,0,0,0,6,3,3,0,0,2,4,2,0,10,10,0
737,0,1,-1,1,1,2,0,1,-3,0,2,2,1,0,0,6,4,2,1,1,2,5,2,0,0,10,10
738,0,0,-1,1,0,1,-2,2,-3,0,3,4,0,0,0,6,5,1,0,0,2,5,1,0,0,10,10
739,0,-1,-2,2,-1,0,-3,0,-2,1,1,1,1,1,1,10,0,0,1,1,3,5,2,10,10,10,0
740,0,0,-2,2,0,0,-3,0,-1,0,3,4,0,0,0,4,1,3,0,0,3,5,2,0,10,10,0
741,0,-1,-3,3,-1,-2,-3,0,-1,0,3,3,1,0,0,4,2,2,1,3,4,6,2,0,10,10,0
742,0,-1,-4,4,-1,-3,-1,-2,1,0,3,3,1,0,0,4,3,1,2,2,3,6,2,0,10,10,0
743,0,-1,-5,5,-1,-3,1,-3,2,1,1,1,1,1,1,12,0,0,3,1,4,6,2,10,10,10,0
744,0,0,-5,5,0,-3,2,-3,2,0,3,5,0,0,0,8,1,7,0,0,4,5,1,0,10,0,-10
745,0,1,-4,4,1,-1,2,-3,2,0,2,2,1,0,0,8,2,6,1,2,3,6,1,0,10,0,-10
746,0,1,-3,3,1,1,2,-2,2,0,2,2,1,0,0,8,3,5,2,1,2,5,1,0,10,0,-10
747,0,0,-3,3,0,2,1,-1,0,0,2,3,0,0,0,8,4,4,0,0,3,5,2,0,0,0,0
748,0,0,-3,3,0,2,0,-1,1,0,3,4,0,0,0,8,5,3,0,0,2,4,1,0,0,10,10
749,0,1,-2,2,1,2,0,1,1,0,2,2,1,0,0,8,6,2,1,1,2,5,1,0,0,10,10
750,0,0,-2,2,0,1,0,2,-1,0,3,5,0,0,0,8,7,1,0,0,2,5,1,0,0,10,10
751,0,-1,-3,3,-1,0,-1,2,0,1,1,1,1,1,1,14,0,0,1,1,3,5,1,10,10,10,0
752,0,0,-3,3,0,0,1,2,0,0,2,5,0,0,0,6,1,5,0,0,3,5,1,0,10,0,-10
753,0,1,-2,2,1,0,1,2,0,0,2,2,1,0,0,6,2,4,1,3,4,6,2,0,10,0,-10
754,0,-1,-3,3,-1,-1,-1,0,-2,0,3,3,1,0,0,6,3,3,2,2,3,6,2,0,10,10,0
755,0,1,-2,2,1,1,1,1,-2,0,2,2,1,0,0,6,4,2,3,1,4,7,2,0,0,10,10
756,0,0,-2,2,0,1,-1,1,-2,0,3,6,0,0,0,6,5,1,0,0,4,6,1,0,0,10,10
757,0,-1,-3,3,-1,-1,-1,-1,-2,1,1,1,1,1,1,10,0,0,1,3,4,7,2,10,10,10,0
758,0,1,-2,2,1,1,-1,0,-1,0,2,2,1,0,0,4,1,3,2,2,3,7,2,0,10,10,0
759,0,-1,-3,3,-1,-1,-3,0,-1,0,3,3,1,0,0,4,2,2,3,1,4,7,2,0,10,10,0
760,0,0,-3,3,0,-1,-1,0,1,0,3,5,0,0,0,4,3,1,0,0,4,6,2,0,10,10,0
761,0,-1,-4,4,-1,-1,-1,-2,1,1,1,1,1,1,1,12,0,0,1,3,4,6,2,10,10,10,0
762,0,-1,-5,5,-1,-3,0,-2,1,0,3,3,1,0,0,8,1,7,2,2,3,6,1,0,10,0,-10
763,0,1,-4,4,1,-1,2,-2,3,0,2,2,1,0,0,8,2,6,3,1,3,6,1,0,10,0,-10
764,0,0,-4,4,0,-1,2,-2,3,0,2,3,0,0,0,8,3,5,0,0,3,5,1,0,10,0,-10
765,0,0,-4,4,0,0,2,-1,3,0,3,4,0,0,0,8,4,4,0,0,3,6,2,0,0,0,0
766,0,1,-3,3,1,2,1,-1,2,0,2,2,1,0,0,8,5,3,1,2,2,6,1,0,0,10,10
767,0,1,-2,2,1,2,1,1,1,0,2,2,1,0,0,8,6,2,2,1,3,6,1,0,0,10,10
768,0,0,-2,2,0,2,1,1,0,0,2,9,0,0,0,8,7,1,0,0,4,5,1,0,0,10,10
769,0,-1,-3,3,-1,1,1,1,0,1,1,1,1,1,1,12,0,0,1,3,4,6,2,10,10,10,0
770,0,1,-2,2,1,1,1,3,0,0,4,4,1,0,0,4,1,3,2,2,3,6,2,0,10,10,0
771,0,1,-1,1,1,1,0,3,0,0,2,2,1,0,0,4,2,2,3,1,4,5,2,0,10,10,0
772,0,0,-1,1,0,1,-1,3,0,0,2,3,0,0,0,4,3,1,0,0,3,4,2,0,10,10,0
773,0,-1,-2,2,-1,1,-1,2,0,1,1,1,1,1,1,18,0,0,1,1,2,5,2,10,10,10,0
774,0,0,-2,2,0,0,-1,1,2,0,3,4,0,0,0,14,1,13,0,0,1,5,1,0,10,0,-10
775,0,0,-2,2,0,-1,0,0,1,0,2,3,0,0,0,14,2,12,0,0,2,5,1,0,10,0,-10
776,0,0,-2,2,0,-1,1,0,1,0,2,4,0,0,0,14,3,11,0,0,2,4,1,0,10,0,-10
777,0,-1,-3,3,-1,-1,1,0,1,0,3,3,1,0,0,14,4,10,1,3,3,5,1,0,0,0,0
778,0,1,-2,2,1,0,3,0,3,0,2,2,1,0,0,14,5,9,2,2,3,5,0,0,0,0,0
779,0,1,-1,1,1,1,1,0,1,0,2,2,1,0,0,14,6,8,3,1,4,5,0,0,0,0,0
780,0,0,-1,1,0,1,0,0,-1,0,4,5,0,0,0,14,7,7,0,0,4,5,0,0,0,0,0
781,0,1,0,0,1,3,0,2,-1,0,2,2,1,0,0,14,8,6,1,2,3,6,0,0,0,0,0
782,0,-1,-1,1,-1,1,0,1,-1,0,3,3,1,0,0,14,9,5,2,1,2,6,0,0,0,0,0
783,0,0,-1,1,0,0,0,1,-1,0,2,4,0,0,0,14,10,4,0,0,3,6,1,0,0,0,0
784,0,0,-1,1,0,0,-1,1,0,0,2,6,0,0,0,14,11,3,0,0,3,5,1,0,0,10,10
785,0,1,0,0,1,0,-1,3,0,0,2,2,1,0,0,14,12,2,1,3,3,6,1,0,0,10,10
786,0,-1,-1,1,-1,0,-1,1,0,0,3,3,1,0,0,14,13,1,2,2,3,6,1,0,0,10,10
787,0,-1,-2,2,-1,-1,-1,-1,2,1,1,1,1,1,1,24,0,0,3,1,4,6,1,10,10,10,0
788,0,0,-2,2,0,-1,1,-1,2,0,2,3,0,0,0,10,1,9,0,0,4,6,1,0,10,0,-10
789,0,1,-1,1,1,-1,1,-1,2,0,2,2,1,0,0,10,2,8,1,3,4,7,1,0,10,0,-10
790,0,-1,-2,2,-1,-1,1,-1,0,0,3,3,1,0,0,10,3,7,2,2,3,7,1,0,10,0,-10
791,0,1,-1,1,1,1,3,0,2,0,2,2,1,0,0,10,4,6,3,1,4,7,1,0,0,0,0
792,0,0,-1,1,0,1,1,0,2,0,3,6,0,0,0,10,5,5,0,0,4,6,0,0,0,0,0
793,0,1,0,0,1,1,1,0,2,0,2,2,1,0,0,10,6,4,1,3,4,7,1,0,0,0,0
794,0,1,1,1,1,3,-1,2,1,0,2,2,1,0,0,10,7,3,2,2,3,7,1,0,0,10,10
795,0,-1,0,0,-1,1,-1,2,1,0,3,3,1,0,0,10,8,2,3,1,4,7,1,0,0,10,10
796,0,0,0,0,0,1,1,2,3,0,2,3,0,0,0,10,9,1,0,0,4,6,1,0,0,10,10
797,0,-1,-1,1,-1,-1,1,0,3,1,1,1,1,1,1,22,0,0,1,3,4,6,1,10,10,10,0
798,0,1,0,0,1,-1,2,2,3,0,4,4,1,0,0,12,1,11,2,2,3,6,1,0,10,0,-10
799,0,1,1,1,1,1,2,2,1,0,2,2,1,0,0,12,2,10,3,1,3,6,1,0,10,0,-10
800,0,0,1,1,0,1,2,2,1,0,2,7,0,0,0,12,3,9,0,0,3,5,1,0,10,0,-10
801,0,0,1,1,0,2,2,1,1,0,2,3,0,0,0,12,4,8,0,0,3,6,1,0,0,0,0
802,0,1,2,2,1,2,1,1,0,0,2,2,1,0,0,12,5,7,1,2,2,6,0,0,0,0,0
803,0,1,3,3,1,2,-1,3,-1,0,2,2,1,0,0,12,6,6,2,1,3,6,0,0,0,0,0
804,0,0,3,3,0,2,-1,3,-3,0,3,4,0,0,0,12,7,5,0,0,4,5,0,0,0,0,0
805,0,-1,2,2,-1,1,-1,3,-3,0,3,3,1,0,0,12,8,4,1,3,4,6,1,0,0,0,0
806,0,-1,1,1,-1,-1,-1,1,-1,0,3,3,1,0,0,12,9,3,2,2,3,6,1,0,0,10,10
807,0,1,2,2,1,-1,0,1,-1,0,2,2,1,0,0,12,10,2,3,1,4,6,2,0,0,10,10
808,0,0,2,2,0,-1,-2,1,-1,0,2,4,0,0,0,12,11,1,0,0,3,5,2,0,0,20,20
809,0,-1,1,1,-1,-1,-2,0,-1,1,1,1,1,1,1,14,0,0,1,1,3,6,2,10,10,20,10
810,0,0,1,1,0,0,0,-1,1,0,3,6,0,0,0,2,1,1,0,0,2,6,2,0,10,10,0
811,0,-1,0,0,-1,-2,-1,-3,2,1,1,1,1,1,1,12,0,0,1,1,3,6,2,10,20,10,-10
812,0,0,0,0,0,-2,1,-3,3,0,3,4,0,0,0,10,1,9,0,0,3,5,2,0,20,0,-20
813,0,1,1,1,1,0,1,-1,3,0,2,2,1,0,0,10,2,8,1,3,4,6,2,0,10,0,-10
814,0,-1,0,0,-1,-1,1,-1,1,0,3,3,1,0,0,10,3,7,2,2,3,6,1,0,10,0,-10
815,0,1,1,1,1,1,3,-1,1,0,2,2,1,0,0,10,4,6,3,1,4,6,1,0,0,0,0
816,0,0,1,1,0,1,2,-1,-1,0,3,6,0,0,0,10,5,5,0,0,4,5,0,0,0,0,0
817,0,1,2,2,1,1,2,1,-1,0,2,2,1,0,0,10,6,4,1,2,3,6,1,0,0,0,0
818,0,1,3,3,1,3,0,2,-2,0,2,2,1,0,0,10,7,3,2,1,2,6,1,0,0,10,10
819,0,0,3,3,0,2,-2,3,-4,0,3,4,0,0,0,10,8,2,0,0,3,6,2,0,0,10,10
820,0,0,3,3,0,2,-3,3,-5,0,3,4,0,0,0,10,9,1,0,0,3,5,2,0,0,20,20
821,0,-1,2,2,-1,0,-3,1,-5,1,1,1,1,1,1,12,0,0,1,3,3,5,2,10,10,20,10
822,0,-1,1,1,-1,-2,-2,1,-5,0,3,3,1,0,0,2,1,1,2,2,3,5,2,0,10,10,0
823,0,-1,0,0,-1,-3,-2,-1,-5,1,1,1,1,1,1,6,0,0,3,1,3,5,3,10,20,10,-10
824,0,0,0,0,0,-3,-2,-1,-3,0,2,4,0,0,0,4,1,3,0,0,3,5,3,0,20,10,-10
825,0,0,0,0,0,-2,-2,-2,-3,0,3,4,0,0,0,4,2,2,0,0,3,6,4,0,10,10,0
826,0,-1,-1,1,-1,-2,-3,-4,-3,0,3,3,1,0,0,4,3,1,1,2,2,6,3,0,10,20,10
827,0,-1,-2,2,-1,-2,-3,-5,-3,1,1,1,1,1,1,6,0,0,2,1,3,6,3,10,10,20,10
828,0,0,-2,2,0,-2,-1,-5,-1,0,3,5,0,0,0,2,1,1,0,0,4,5,2,0,10,10,0
829,0,-1,-3,3,-1,-3,-1,-5,-1,1,1,1,1,1,1,12,0,0,1,3,4,5,2,10,20,10,-10
830,0,-1,-4,4,-1,-3,0,-5,0,0,3,3,1,0,0,10,1,9,2,2,3,6,2,0,20,0,-20
831,0,1,-3,3,1,-1,0,-3,2,0,2,2,1,0,0,10,2,8,3,1,3,6,2,0,10,0,-10
832,0,0,-3,3,0,-1,0,-3,0,0,2,7,0,0,0,10,3,7,0,0,3,5,1,0,10,0,-10
833,0,0,-3,3,0,0,0,-3,0,0,2,3,0,0,0,10,4,6,0,0,3,5,1,0,0,0,0
834,0,-1,-4,4,-1,0,0,-3,0,0,3,3,1,0,0,10,5,5,1,2,2,5,0,0,0,0,0
835,0,1,-3,3,1,0,2,-1,2,0,2,2,1,0,0,10,6,4,2,1,2,5,1,0,0,0,0
836,0,0,-3,3,0,0,0,-1,2,0,3,4,0,0,0,10,7,3,0,0,3,4,1,0,0,10,10
837,0,0,-3,3,0,0,0,0,2,0,2,4,0,0,0,10,8,2,0,0,3,4,2,0,0,10,10
838,0,1,-2,2,1,2,0,2,2,0,2,2,1,0,0,10,9,1,1,2,2,5,2,0,0,15,15
839,0,-1,-3,3,-1,0,0,0,1,1,1,1,1,1,1,24,0,0,2,1,2,5,2,10,10,15,5
840,0,0,-3,3,0,0,2,0,2,0,4,6,0,0,0,14,1,13,0,0,3,4,2,0,10,5,-5
841,0,0,-3,3,0,0,2,0,2,0,1,2,0,1,2,14,2,12,0,0,3,4,2,5,15,5,-10
842,0,1,-2,2,1,0,2,2,3,0,2,2,1,0,0,14,3,11,1,2,2,4,2,0,15,0,-15
843,0,1,-1,1,1,2,1,2,2,0,2,2,1,0,0,14,4,10,2,1,2,3,2,0,5,0,-5
844,0,0,-1,1,0,2,0,2,2,0,2,3,0,0,0,14,5,9,0,0,2,2,1,0,5,0,-5
845,0,0,-1,1,0,2,0,2,2,0,2,3,0,0,0,14,6,8,0,0,1,3,1,0,0,0,0
846,0,0,-1,1,0,1,1,1,1,0,3,4,0,0,0,14,7,7,0,0,0,3,0,0,0,0,0
847,0,0,-1,1,0,0,1,2,0,0,2,3,0,0,0,14,8,6,0,0,1,3,0,0,0,0,0
848,0,0,-1,1,0,0,2,2,0,0,2,5,0,0,0,14,9,5,0,0,1,2,0,0,0,0,0
849,0,1,0,0,1,1,2,3,0,0,2,2,1,0,0,14,10,4,1,1,2,3,1,0,0,0,0
850,0,0,0,0,0,1,0,2,-2,0,3,4,0,0,0,14,11,3,0,0,2,4,1,0,0,10,10
851,0,1,1,1,1,2,-1,2,-1,0,2,2,1,0,0,14,12,2,1,1,3,4,1,0,0,10,10
852,0,0,1,1,0,2,-2,2,-3,0,3,4,0,0,0,14,13,1,0,0,3,4,1,0,0,10,10
853,0,-1,0,0,-1,0,-2,1,-3,1,1,1,1,1,1,18,0,0,1,2,3,5,2,10,10,10,0
854,0,-1,-1,1,-1,-1,-2,0,-3,0,3,3,1,0,0,4,1,3,2,1,2,5,2,0,10,10,0
855,0,0,-1,1,0,-2,0,0,-1,0,3,4,0,0,0,4,2,2,0,0,3,6,3,0,10,10,0
856,0,0,-1,1,0,-2,-1,0,-2,0,2,4,0,0,0,4,3,1,0,0,3,5,3,0,10,20,10
857,0,-1,-2,2,-1,-2,-1,-2,-2,1,1,1,1,1,1,6,0,0,1,3,3,6,3,10,10,20,10
858,0,1,-1,1,1,0,-1,-1,0,0,4,4,1,0,0,2,1,1,2,2,3,6,2,0,10,10,0
859,0,-1,-2,2,-1,-1,-1,-3,0,1,1,1,1,1,1,6,0,0,3,1,4,6,3,10,20,10,-10
860,0,0,-2,2,0,-1,-1,-3,1,0,3,4,0,0,0,4,1,3,0,0,4,6,3,0,20,10,-10
861,0,-1,-3,3,-1,-1,-1,-3,1,0,3,3,1,0,0,4,2,2,1,3,4,7,3,0,10,10,0
862,0,1,-2,2,1,-1,1,-1,3,0,2,2,1,0,0,4,3,1,2,2,3,7,2,0,10,10,0
863,0,-1,-3,3,-1,-1,1,-2,3,1,1,1,1,1,1,18,0,0,3,1,4,6,2,10,10,10,0
864,0,0,-3,3,0,-1,2,-2,5,0,2,8,0,0,0,14,1,13,0,0,4,5,1,0,10,0,-10
865,0,1,-2,2,1,1,2,0,5,0,2,2,1,0,0,14,2,12,1,2,3,6,1,0,10,0,-10
866,0,1,-1,1,1,1,2,0,4,0,2,2,1,0,0,14,3,11,2,1,2,6,1,0,10,0,-10
867,0,0,-1,1,0,2,2,1,2,0,2,3,0,0,0,14,4,10,0,0,3,6,1,0,0,0,0
868,0,0,-1,1,0,2,3,1,2,0,3,4,0,0,0,14,5,9,0,0,3,5,0,0,0,0,0
869,0,1,0,0,1,2,3,3,2,0,2,2,1,0,0,14,6,8,1,3,3,5,0,0,0,0,0
870,0,1,1,1,1,2,2,3,0,0,4,4,1,0,0,14,7,7,2,2,3,5,0,0,0,0,0
871,0,1,2,2,1,3,0,5,0,0,2,2,1,0,0,14,8,6,3,1,3,4,0,0,0,0,0
872,0,0,2,2,0,3,-1,5,0,0,2,4,0,0,0,14,9,5,0,0,3,4,0,0,0,0,0
873,0,0,2,2,0,2,-1,4,0,0,2,3,0,0,0,14,10,4,0,0,2,5,1,0,0,0,0
874,0,-1,1,1,-1,0,-2,2,-1,0,3,3,1,0,0,14,11,3,1,1,1,5,1,0,0,10,10
875,0,0,1,1,0,-1,0,2,0,0,2,4,0,0,0,14,12,2,0,0,2,5,1,0,0,10,10
876,0,0,1,1,0,-1,1,2,-1,0,3,4,0,0,0,14,13,1,0,0,3,4,1,0,0,10,10
877,0,-1,0,0,-1,-2,1,0,-1,1,1,1,1,1,1,18,0,0,1,3,3,5,2,10,10,10,0
878,0,1,1,1,1,0,1,0,-1,0,2,2,1,0,0,4,1,3,2,2,3,5,2,0,10,10,0
879,0,1,2,2,1,1,0,0,-1,0,2,2,1,0,0,4,2,2,3,1,4,5,3,0,10,10,0
880,0,0,2,2,0,1,-2,0,-3,0,3,6,0,0,0,4,3,1,0,0,3,5,3,0,10,20,10
881,0,-1,1,1,-1,1,-2,-1,-3,1,1,1,1,1,1,6,0,0,1,1,3,6,3,10,10,20,10
882,0,0,1,1,0,0,-2,0,-1,0,3,5,0,0,0,2,1,1,0,0,2,6,2,0,10,10,0
883,0,-1,0,0,-1,-2,-1,-1,-2,1,1,1,1,1,1,6,0,0,1,1,3,6,3,10,20,10,-10
884,0,0,0,0,0,-2,-1,-1,-1,0,3,4,0,0,0,4,1,3,0,0,3,5,3,0,20,10,-10
885,0,-1,-1,1,-1,-2,-1,-1,-1,0,3,3,1,0,0,4,2,2,1,3,4,6,3,0,10,10,0
886,0,1,0,0,1,-1,1,-1,1,0,2,2,1,0,0,4,3,1,2,2,3,6,2,0,10,10,0
887,0,-1,-1,1,-1,-1,-1,-3,-1,1,1,1,1,1,1,24,0,0,3,1,4,6,2,10,10,10,0
888,0,0,-1,1,0,-1,0,-3,1,0,3,5,0,0,0,20,1,19,0,0,4,5,1,0,10,0,-10
889,0,1,0,0,1,1,0,-1,1,0,2,2,1,0,0,20,2,18,1,2,3,6,1,0,10,0,-10
890,0,-1,-1,1,-1,-1,0,-2,-1,0,3,3,1,0,0,20,3,17,2,1,2,6,1,0,10,0,-10
891,0,0,-1,1,0,0,0,-1,1,0,2,5,0,0,0,20,4,16,0,0,3,6,1,0,0,0,0
892,0,0,-1,1,0,0,1,-1,2,0,2,3,0,0,0,20,5,15,0,0,3,5,0,0,0,0,0
893,0,1,0,0,1,0,1,1,2,0,2,2,1,0,0,20,6,14,1,3,3,6,0,0,0,0,0
894,0,-1,-1,1,-1,0,-1,-1,2,0,3,3,1,0,0,20,7,13,2,2,3,6,0,0,0,0,0
895,0,1,0,0,1,1,1,1,2,0,2,2,1,0,0,20,8,12,3,1,4,6,0,0,0,0,0
896,0,0,0,0,0,1,1,1,0,0,2,8,0,0,0,20,9,11,0,0,4,6,0,0,0,0,0
897,0,-1,-1,1,-1,-1,1,-1,0,0,3,3,1,0,0,20,10,10,1,3,4,7,0,0,0,0,0
898,0,1,0,0,1,1,3,1,2,0,2,2,1,0,0,20,11,9,2,2,3,7,0,0,0,0,0
899,0,1,1,1,1,1,1,2,0,0,2,2,1,0,0,20,12,8,3,1,4,7,0,0,0,0,0
900,0,0,1,1,0,1,-1,2,-2,0,3,6,0,0,0,20,13,7,0,0,4,6,0,0,0,0,0
901,0,1,2,2,1,3,-1,2,-2,0,2,2,1,0,0,20,14,6,1,3,4,7,0,0,0,0,0
902,0,-1,1,1,-1,1,-1,2,-3,0,3,3,1,0,0,20,15,5,2,2,3,7,0,0,0,0,0
903,0,-1,0,0,-1,-1,-1,0,-1,0,3,3,1,0,0,20,16,4,3,1,4,7,1,0,0,0,0
904,0,0,0,0,0,-1,-1,0,-1,0,2,4,0,0,0,20,17,3,0,0,4,6,1,0,0,10,10
905,0,1,1,1,1,-1,-1,2,-1,0,2,2,1,0,0,20,18,2,1,3,4,6,1,0,0,10,10
906,0,-1,0,0,-1,-1,-2,0,-1,0,3,3,1,0,0,20,19,1,2,2,3,6,1,0,0,10,10
907,0,-1,-1,1,-1,-1,0,-2,1,1,1,1,1,1,1,24,0,0,3,1,3,6,2,10,10,10,0
908,0,0,-1,1,0,-1,0,-2,1,0,2,3,0,0,0,4,1,3,0,0,3,5,2,0,10,10,0
909,0,0,-1,1,0,-2,0,-3,1,0,2,3,0,0,0,4,2,2,0,0,3,6,2,0,10,10,0
910,0,1,0,0,1,0,1,-1,2,0,4,4,1,0,0,4,3,1,1,2,2,6,2,0,10,10,0
911,0,-1,-1,1,-1,0,1,-1,1,1,1,1,1,1,1,12,0,0,2,1,3,6,2,10,10,10,0
912,0,0,-1,1,0,0,1,-1,1,0,3,6,0,0,0,8,1,7,0,0,4,5,1,0,10,0,-10
913,0,1,0,0,1,1,1,-1,1,0,2,2,1,0,0,8,2,6,1,3,4,6,1,0,10,0,-10
914,0,1,1,1,1,1,1,1,1,0,2,2,1,0,0,8,3,5,2,2,3,6,1,0,10,0,-10
915,0,-1,0,0,-1,1,0,1,1,0,3,3,1,0,0,8,4,4,3,1,4,6,2,0,0,0,0
916,0,0,0,0,0,1,0,1,3,0,2,3,0,0,0,8,5,3,0,0,3,5,1,0,0,10,10
917,0,1,1,1,1,1,0,2,3,0,2,2,1,0,0,8,6,2,1,1,3,6,1,0,0,10,10
918,0,0,1,1,0,0,0,1,2,0,3,5,0,0,0,8,7,1,0,0,2,6,1,0,0,10,10
919,0,-1,0,0,-1,0,1,1,3,1,1,1,1,1,1,18,0,0,1,1,3,6,1,10,10,10,0
920,0,0,0,0,0,0,3,1,4,0,3,5,0,0,0,10,1,9,0,0,3,5,1,0,10,0,-10
921,0,1,1,1,1,0,3,1,4,0,2,2,1,0,0,10,2,8,1,3,4,5,1,0,10,0,-10
922,0,1,2,2,1,1,2,1,2,0,2,2,1,0,0,10,3,7,2,2,3,5,1,0,10,0,-10
923,0,1,3,3,1,3,2,3,2,0,2,2,1,0,0,10,4,6,3,1,3,5,1,0,0,0,0
924,0,0,3,3,0,3,1,3,1,0,4,5,0,0,0,10,5,5,0,0,3,4,0,0,0,0,0
925,0,0,3,3,0,2,1,2,1,0,2,3,0,0,0,10,6,4,0,0,2,5,1,0,0,0,0
926,0,1,4,4,1,2,0,3,2,0,2,2,1,0,0,10,7,3,1,1,1,5,1,0,0,10,10
927,0,0,4,4,0,1,0,4,2,0,2,3,0,0,0,10,8,2,0,0,2,4,1,0,0,10,10
928,0,0,4,4,0,1,0,4,1,0,2,6,0,0,0,10,9,1,0,0,3,3,1,0,0,10,10
929,0,-1,3,3,-1,0,0,2,1,1,1,1,1,1,1,18,0,0,1,2,2,4,1,10,10,10,0
930,0,1,4,4,1,0,2,2,1,0,4,4,1,0,0,8,1,7,2,1,2,5,1,0,10,0,-10
931,0,0,4,4,0,0,2,1,-1,0,2,3,0,0,0,8,2,6,0,0,3,5,1,0,10,0,-10
932,0,0,4,4,0,0,1,1,0,0,2,3,0,0,0,8,3,5,0,0,3,5,1,0,10,0,-10
933,0,1,5,5,1,2,1,2,0,0,2,2,1,0,0,8,4,4,1,3,3,6,2,0,0,0,0
934,0,1,6,6,1,2,-1,2,-2,0,2,2,1,0,0,8,5,3,2,2,3,6,1,0,0,10,10
935,0,-1,5,5,-1,1,-3,1,-4,0,3,3,1,0,0,8,6,2,3,1,4,6,1,0,0,10,10
936,0,0,5,5,0,1,-1,1,-2,0,3,6,0,0,0,8,7,1,0,0,4,6,1,0,0,10,10
937,0,-1,4,4,-1,-1,-1,1,-2,1,1,1,1,1,1,12,0,0,1,3,4,7,2,10,10,10,0
938,0,-1,3,3,-1,-3,-1,-1,-1,0,3,3,1,0,0,4,1,3,2,2,3,7,2,0,10,10,0
939,0,1,4,4,1,-1,-1,0,-1,0,2,2,1,0,0,4,2,2,3,1,4,7,2,0,10,10,0
940,0,0,4,4,0,-1,-1,0,-3,0,3,4,0,0,0,4,3,1,0,0,4,6,2,0,10,10,0
941,0,-1,3,3,-1,-1,-1,-2,-3,1,1,1,1,1,1,10,0,0,1,3,4,6,2,10,10,10,0
942,0,-1,2,2,-1,-1,0,-4,-1,0,3,3,1,0,0,6,1,5,2,2,3,6,1,0,10,0,-10
943,0,1,3,3,1,-1,0,-2,0,0,2,2,1,0,0,6,2,4,3,1,3,6,2,0,10,0,-10
944,0,0,3,3,0,-1,-2,-2,0,0,2,5,0,0,0,6,3,3,0,0,3,5,2,0,10,10,0
945,0,0,3,3,0,0,-2,-1,0,0,3,5,0,0,0,6,4,2,0,0,3,6,2,0,0,10,10
946,0,-1,2,2,-1,0,-1,-1,-1,0,3,3,1,0,0,6,5,1,1,2,2,5,1,0,0,10,10
947,0,-1,1,1,-1,-2,0,-3,0,1,1,1,1,1,1,12,0,0,2,1,3,5,1,10,10,10,0
948,0,0,1,1,0,-2,2,-3,2,0,3,4,0,0,0,6,1,5,0,0,3,4,1,0,10,0,-10
949,0,1,2,2,1,-1,2,-1,2,0,2,2,1,0,0,6,2,4,1,1,3,5,2,0,10,0,-10
950,0,0,2,2,0,0,0,0,0,0,3,4,0,0,0,6,3,3,0,0,2,5,2,0,10,10,0
951,0,1,3,3,1,2,0,0,1,0,2,2,1,0,0,6,4,2,1,1,3,5,2,0,0,10,10
952,0,0,3,3,0,2,0,0,1,0,3,5,0,0,0,6,5,1,0,0,2,4,1,0,0,10,10
953,0,-1,2,2,-1,0,0,-1,1,1,1,1,1,1,1,20,0,0,1,1,3,5,1,10,10,10,0
954,0,0,2,2,0,0,0,0,2,0,3,4,0,0,0,14,1,13,0,0,2,5,1,0,10,0,-10
955,0,1,3,3,1,0,1,2,1,0,2,2,1,0,0,14,2,12,1,1,3,6,1,0,10,0,-10
956,0,0,3,3,0,0,1,2,0,0,2,3,0,0,0,14,3,11,0,0,3,5,1,0,10,0,-10
957,0,-1,2,2,-1,0,1,0,0,0,3,3,1,0,0,14,4,10,1,3,4,5,2,0,0,0,0
958,0,1,3,3,1,1,2,1,2,0,2,2,1,0,0,14,5,9,2,2,3,5,1,0,0,5,5
959,0,1,4,4,1,1,0,1,2,0,2,2,1,0,0,14,6,8,3,1,3,5,1,0,0,5,5
960,0,0,4,4,0,1,-1,1,0,0,3,8,0,0,0,14,7,7,0,0,3,4,1,0,0,5,5
961,0,0,4,4,0,2,-1,2,0,0,1,2,0,1,2,14,8,6,0,0,2,5,1,5,5,5,0
962,0,-1,3,3,-1,0,0,1,-1,0,3,3,1,0,0,14,9,5,1,1,1,5,1,0,5,0,-5
963,0,0,3,3,0,-1,2,0,-1,0,2,3,0,0,0,14,10,4,0,0,2,5,2,0,5,0,-5
964,0,0,3,3,0,-1,1,0,-2,0,2,3,0,0,0,14,11,3,0,0,3,4,2,0,5,10,5
965,0,1,4,4,1,0,1,2,-2,0,2,2,1,0,0,14,12,2,1,3,3,5,2,0,0,10,10
966,0,1,5,5,1,2,-1,2,-2,0,4,4,1,0,0,14,13,1,2,2,3,6,1,0,0,10,10
967,0,-1,4,4,-1,1,-3,0,-2,1,1,1,1,1,1,18,0,0,3,1,4,6,2,10,10,10,0
968,0,0,4,4,0,1,-3,0,-1,0,2,5,0,0,0,4,1,3,0,0,4,6,2,0,10,10,0
969,0,-1,3,3,-1,-1,-3,-1,-1,0,3,3,1,0,0,4,2,2,1,3,4,7,2,0,10,10,0
970,0,-1,2,2,-1,-3,-1,-1,-1,0,3,3,1,0,0,4,3,1,2,2,3,7,2,0,10,10,0
971,0,-1,1,1,-1,-3,1,-2,-1,1,1,1,1,1,1,10,0,0,3,1,4,6,2,10,10,10,0
972,0,0,1,1,0,-3,2,-2,1,0,2,7,0,0,0,6,1,5,0,0,4,5,1,0,10,0,-10
973,0,1,2,2,1,-1,2,-2,1,0,2,2,1,0,0,6,2,4,1,2,3,6,2,0,10,0,-10
974,0,1,3,3,1,1,0,-2,0,0,2,2,1,0,0,6,3,3,2,1,2,6,2,0,10,10,0
975,0,0,3,3,0,2,-2,-1,0,0,3,4,0,0,0,6,4,2,0,0,3,6,2,0,0,10,10
976,0,0,3,3,0,2,-1,-1,-1,0,2,5,0,0,0,6,5,1,0,0,3,5,1,0,0,10,10
977,0,-1,2,2,-1,0,-1,-1,-1,1,1,1,1,1,1,12,0,0,1,3,3,5,1,10,10,10,0
978,0,-1,1,1,-1,-2,0,-1,1,0,3,3,1,0,0,6,1,5,2,2,3,5,1,0,10,0,-10
979,0,1,2,2,1,-1,2,1,1,0,2,2,1,0,0,6,2,4,3,1,3,5,2,0,10,0,-10
980,0,0,2,2,0,-1,0,1,-1,0,3,5,0,0,0,6,3,3,0,0,3,5,2,0,10,10,0
981,0,0,2,2,0,0,0,0,-1,0,2,3,0,0,0,6,4,2,0,0,3,6,2,0,0,10,10
982,0,1,3,3,1,2,1,0,0,0,2,2,1,0,0,6,5,1,1,2,2,6,1,0,0,10,10
983,0,-1,2,2,-1,0,-1,-1,-1,1,1,1,1,1,1,14,0,0,2,1,3,6,1,10,10,10,0
984,0,0,2,2,0,0,-1,-1,-1,0,3,5,0,0,0,8,1,7,0,0,4,5,1,0,10,0,-10
985,0,1,3,3,1,1,-1,1,-1,0,2,2,1,0,0,8,2,6,1,3,4,6,1,0,10,0,-10
986,0,-1,2,2,-1,-1,-1,1,-1,0,3,3,1,0,0,8,3,5,2,2,3,6,1,0,10,0,-10
987,0,-1,1,1,-1,-1,0,-1,-1,0,3,3,1,0,0,8,4,4,3,1,4,6,2,0,0,0,0
988,0,0,1,1,0,-1,0,-1,1,0,3,4,0,0,0,8,5,3,0,0,3,5,1,0,0,10,10
989,0,1,2,2,1,-1,0,0,1,0,2,2,1,0,0,8,6,2,1,1,3,6,1,0,0,10,10
990,0,0,2,2,0,0,0,-1,-1,0,4,5,0,0,0,8,7,1,0,0,2,6,1,0,0,10,10
991,0,-1,1,1,-1,0,-1,-1,0,1,1,1,1,1,1,14,0,0,1,1,3,6,1,10,10,10,0
992,0,0,1,1,0,0,1,-1,1,0,2,6,0,0,0,6,1,5,0,0,3,5,1,0,10,0,-10
993,0,1,2,2,1,0,1,-1,1,0,2,2,1,0,0,6,2,4,1,3,4,6,2,0,10,0,-10
994,0,-1,1,1,-1,-1,-1,-1,-1,0,3,3,1,0,0,6,3,3,2,2,3,6,2,0,10,10,0
995,0,1,2,2,1,1,1,1,-1,0,2,2,1,0,0,6,4,2,3,1,4,6,2,0,0,10,10
996,0,0,2,2,0,1,0,1,-1,0,3,4,0,0,0,6,5,1,0,0,4,5,1,0,0,10,10
997,0,-1,1,1,-1,-1,0,-1,-1,1,1,1,1,1,1,18,0,0,1,2,3,6,1,10,10,10,0
998,0,1,2,2,1,1,0,0,-1,0,2,2,1,0,0,12,1,11,2,1,2,6,1,0,10,0,-10
999,0,0,2,2,0,0,-2,1,-1,0,2,4,0,0,0,12,2,10,0,0,3,6,1,0,10,0,-10
1000,0,0,2,2,0,0,-1,1,0,0,2,6,0,0,0,12,3,9,0,0,3,5,1,0,10,0,-10
1001,0,-1,1,1,-1,0,-1,-1,0,0,3,3,1,0,0,12,4,8,1,3,3,6,1,0,0,0,0
1002,0,-1,0,0,-1,-2,-1,-1,0,0,3,3,1,0,0,12,5,7,2,2,3,6,0,0,0,0,0
1003,0,1,1,1,1,-1,1,-1,0,0,2,2,1,0,0,12,6,6,3,1,4,6,0,0,0,0,0
1004,0,0,1,1,0,-1,1,-1,0,0,2,3,0,0,0,12,7,5,0,0,4,6,0,0,0,0,0
1005,0,-1,0,0,-1,-1,1,-1,0,0,3,3,1,0,0,12,8,4,1,3,4,7,1,0,0,0,0
1006,0,1,1,1,1,1,1,-1,0,0,2,2,1,0,0,12,9,3,2,2,3,7,1,0,0,10,10
1007,0,1,2,2,1,1,-1,0,-1,0,2,2,1,0,0,12,10,2,3,1,4,7,1,0,0,10,10
1008,0,0,2,2,0,1,-1,0,-3,0,3,7,0,0,0,12,11,1,0,0,4,6,1,0,0,10,10
1009,0,-1,1,1,-1,1,-1,0,-3,1,1,1,1,1,1,16,0,0,1,3,4,7,2,10,10,10,0
1010,0,-1,0,0,-1,-1,-1,0,-2,0,3,3,1,0,0,4,1,3,2,2,3,6,2,0,10,10,0
1011,0,1,1,1,1,-1,0,0,0,0,2,2,1,0,0,4,2,2,3,1,4,6,2,0,10,10,0
1012,0,0,1,1,0,-1,-2,0,-2,0,3,4,0,0,0,4,3,1,0,0,3,5,2,0,10,10,0
1013,0,-1,0,0,-1,-1,-2,0,-2,1,1,1,1,1,1,10,0,0,1,1,3,5,2,10,10,10,0
1014,0,0,0,0,0,0,-1,-1,-2,0,3,4,0,0,0,6,1,5,0,0,2,5,1,0,10,0,-10
1015,0,-1,-1,1,-1,-2,0,-3,-3,0,3,3,1,0,0,6,2,4,1,1,2,5,2,0,10,0,-10
1016,0,0,-1,1,0,-2,0,-3,-3,0,2,4,0,0,0,6,3,3,0,0,2,4,2,0,10,10,0
1017,0,0,-1,1,0,-1,0,-2,-3,0,2,3,0,0,0,6,4,2,0,0,3,5,3,0,0,10,10
1018,0,1,0,0,1,0,-1,0,-3,0,2,2,1,0,0,6,5,1,1,2,2,5,2,0,0,20,20
1019,0,-1,-1,1,-1,0,-3,-2,-4,1,1,1,1,1,1,8,0,0,2,1,3,6,2,10,10,20,10
1020,0,0,-1,1,0,0,-3,-2,-2,0,4,5,0,0,0,2,1,1,0,0,4,5,3,0,10,10,0
1021,0,-1,-2,2,-1,-1,-3,-2,-2,1,1,1,1,1,1,12,0,0,1,3,4,5,3,10,20,12,-8
1022,0,-1,-3,3,-1,-3,-2,-3,-1,0,3,3,1,0,0,10,1,9,2,2,3,5,3,0,20,2,-18
1023,0,-1,-4,4,-1,-3,-1,-3,-1,0,3,3,1,0,0,10,2,8,3,1,3,5,3,0,10,2,-8
1024,0,0,-4,4,0,-3,1,-3,-1,0,1,10,0,1,10,10,3,7,0,0,2,4,2,2,12,2,-10
1025,0,0,-4,4,0,-2,1,-3,-1,0,2,3,0,0,0,10,4,6,0,0,2,4,2,0,2,0,-2
1026,0,0,-4,4,0,-1,1,-4,-2,0,3,5,0,0,0,10,5,5,0,0,1,4,1,0,2,0,-2
1027,0,1,-3,3,1,1,0,-2,-3,0,2,2,1,0,0,10,6,4,1,1,1,4,2,0,2,0,-2
1028,0,0,-3,3,0,1,-2,-2,-4,0,2,3,0,0,0,10,7,3,0,0,2,3,2,0,0,11,11
1029,0,0,-3,3,0,1,-2,-1,-4,0,2,4,0,0,0,10,8,2,0,0,3,4,2,0,0,11,11
1030,0,-1,-4,4,-1,0,-3,-1,-3,0,3,3,1,0,0,10,9,1,1,2,2,5,2,0,0,22,22
1031,0,-1,-5,5,-1,-2,-3,-1,-3,1,1,1,1,1,1,12,0,0,2,1,3,5,2,11,11,22,11
1032,0,0,-5,5,0,-2,-2,-1,-3,0,3,5,0,0,0,2,1,1,0,0,4,4,2,0,11,11,0
1033,0,-1,-6,6,-1,-3,-2,-2,-3,1,1,1,1,1,1,8,0,0,1,2,3,5,2,11,22,11,-11
1034,0,-1,-7,7,-1,-3,0,-3,-1,0,3,3,1,0,0,6,1,5,2,1,2,6,2,0,22,0,-22
1035,0,0,-7,7,0,-2,0,-4,1,0,3,4,0,0,0,6,2,4,0,0,3,6,3,0,11,0,-11
1036,0,0,-7,7,0,-2,-1,-4,2,0,3,4,0,0,0,6,3,3,0,0,3,5,2,0,11,11,0
1037,0,1,-6,6,1,0,-1,-3,2,0,2,2,1,0,0,6,4,2,1,3,3,6,2,0,0,11,11
1038,0,-1,-7,7,-1,0,-1,-3,0,0,3,3,1,0,0,6,5,1,2,2,3,6,1,0,0,11,11
1039,0,-1,-8,8,-1,-1,1,-3,2,1,1,1,1,1,1,16,0,0,3,1,4,6,1,11,11,11,0
1040,0,0,-8,8,0,-1,3,-3,4,0,3,6,0,0,0,10,1,9,0,0,4,6,1,0,11,0,-11
1041,0,1,-7,7,1,-1,3,-1,4,0,2,2,1,0,0,10,2,8,1,3,4,7,1,0,11,0,-11
1042,0,1,-6,6,1,1,1,1,2,0,2,2,1,0,0,10,3,7,2,2,3,7,1,0,11,0,-11
1043,0,1,-5,5,1,3,1,2,1,0,2,2,1,0,0,10,4,6,3,1,4,7,1,0,0,0,0
1044,0,0,-5,5,0,3,1,2,-1,0,3,5,0,0,0,10,5,5,0,0,4,6,0,0,0,0,0
1045,0,-1,-6,6,-1,1,1,0,-1,0,3,3,1,0,0,10,6,4,1,3,4,7,1,0,0,0,0
1046,0,1,-5,5,1,1,1,2,0,0,2,2,1,0,0,10,7,3,2,2,3,6,1,0,0,11,11
1047,0,1,-4,4,1,1,0,4,-2,0,2,2,1,0,0,10,8,2,3,1,4,6,2,0,0,11,11
1048,0,0,-4,4,0,1,-2,4,-2,0,2,4,0,0,0,10,9,1,0,0,3,5,2,0,0,22,22
1049,0,-1,-5,5,-1,1,-2,2,-2,1,1,1,1,1,1,12,0,0,1,1,3,5,2,11,11,22,11
1050,0,0,-5,5,0,0,-1,1,0,0,4,5,0,0,0,2,1,1,0,0,2,5,2,0,11,11,0
1051,0,-1,-6,6,-1,-2,-2,-1,0,1,1,1,1,1,1,12,0,0,1,1,2,5,2,11,22,11,-11
1052,0,0,-6,6,0,-2,0,-1,2,0,2,3,0,0,0,10,1,9,0,0,2,4,2,0,22,0,-22
1053,0,0,-6,6,0,-1,0,0,2,0,2,5,0,0,0,10,2,8,0,0,3,5,2,0,11,0,-11
1054,0,-1,-7,7,-1,-2,1,-2,1,0,3,3,1,0,0,10,3,7,1,2,2,4,1,0,11,0,-11
1055,0,1,-6,6,1,0,2,-2,2,0,2,2,1,0,0,10,4,6,2,1,3,5,1,0,0,0,0
1056,0,0,-6,6,0,0,2,-2,0,0,3,7,0,0,0,10,5,5,0,0,3,4,0,0,0,0,0
1057,0,1,-5,5,1,1,2,0,0,0,2,2,1,0,0,10,6,4,1,1,3,5,1,0,0,0,0
1058,0,0,-5,5,0,2,0,0,-2,0,2,3,0,0,0,10,7,3,0,0,2,5,1,0,0,11,11
1059,0,1,-4,4,1,2,0,2,-3,0,2,2,1,0,0,10,8,2,1,1,3,5,2,0,0,11,11
1060,0,0,-4,4,0,2,-2,2,-3,0,3,4,0,0,0,10,9,1,0,0,2,4,2,0,0,22,22
1061,0,-1,-5,5,-1,0,-2,1,-3,1,1,1,1,1,1,12,0,0,1,1,3,5,2,11,11,22,11
1062,0,0,-5,5,0,0,-2,2,-3,0,3,4,0,0,0,2,1,1,0,0,2,5,2,0,11,11,0
1063,0,-1,-6,6,-1,-2,-3,0,-4,1,1,1,1,1,1,8,0,0,1,1,3,6,2,11,22,11,-11
1064,0,0,-6,6,0,-2,-1,0,-3,0,3,5,0,0,0,6,1,5,0,0,3,5,2,0,22,0,-22
1065,0,-1,-7,7,-1,-2,-1,-2,-3,0,3,3,1,0,0,6,2,4,1,3,4,6,3,0,11,0,-11
1066,0,-1,-8,8,-1,-3,-1,-3,-1,0,3,3,1,0,0,6,3,3,2,2,3,6,2,0,11,11,0
1067,0,1,-7,7,1,-1,-1,-3,-1,0,2,2,1,0,0,6,4,2,3,1,4,6,2,0,0,11,11
1068,0,0,-7,7,0,-1,-2,-3,-2,0,3,4,0,0,0,6,5,1,0,0,4,5,1,0,0,11,11
1069,0,-1,-8,8,-1,-1,-2,-3,-2,1,1,1,1,1,1,24,0,0,1,2,3,6,1,11,11,11,0
1070,0,-1,-9,9,-1,-1,0,-4,0,0,3,3,1,0,0,18,1,17,2,1,2,6,1,0,11,0,-11
1071,0,0,-9,9,0,-2,0,-3,1,0,3,4,0,0,0,18,2,16,0,0,3,5,1,0,11,0,-11
1072,0,0,-9,9,0,-2,0,-3,2,0,2,5,0,0,0,18,3,15,0,0,3,4,1,0,11,0,-11
1073,0,1,-8,8,1,0,0,-1,2,0,2,2,1,0,0,18,4,14,1,2,2,5,1,0,0,0,0
1074,0,-1,-9,9,-1,0,0,-1,2,0,3,3,1,0,0,18,5,13,2,1,2,4,0,0,0,0,0
1075,0,0,-9,9,0,0,1,-2,4,0,2,3,0,0,0,18,6,12,0,0,3,4,0,0,0,0,0
1076,0,0,-9,9,0,0,2,-2,4,0,2,3,0,0,0,18,7,11,0,0,2,4,0,0,0,0,0
1077,0,1,-8,8,1,0,2,0,4,0,2,2,1,0,0,18,8,10,1,1,2,5,0,0,0,0,0
1078,0,0,-8,8,0,1,2,1,2,0,3,4,0,0,0,18,9,9,0,0,2,5,0,0,0,0,0
1079,0,1,-7,7,1,2,3,2,1,0,2,2,1,0,0,18,10,8,1,1,3,4,0,0,0,0,0
1080,0,0,-7,7,0,2,2,2,-1,0,3,7,0,0,0,18,11,7,0,0,3,4,0,0,0,0,0
1081,0,1,-6,6,1,2,2,2,-1,0,2,2,1,0,0,18,12,6,1,2,3,5,0,0,0,0,0
1082,0,1,-5,5,1,3,0,4,-2,0,2,2,1,0,0,18,13,5,2,1,2,5,0,0,0,0,0
1083,0,0,-5,5,0,2,-2,4,-4,0,2,3,0,0,0,18,14,4,0,0,3,6,1,0,0,0,0
1084,0,0,-5,5,0,2,-3,4,-5,0,2,3,0,0,0,18,15,3,0,0,3,5,1,0,0,11,11
1085,0,-1,-6,6,-1,0,-3,2,-5,0,3,3,1,0,0,18,16,2,1,3,3,5,1,0,0,11,11
1086,0,-1,-7,7,-1,-2,-2,1,-5,0,3,3,1,0,0,18,17,1,2,2,3,5,1,0,0,11,11
1087,0,-1,-8,8,-1,-3,-2,-1,-3,1,1,1,1,1,1,22,0,0,3,1,3,5,2,11,11,11,0
1088,0,0,-8,8,0,-3,-2,-1,-3,0,2,7,0,0,0,4,1,3,0,0,3,5,2,0,11,11,0
1089,0,0,-8,8,0,-2,-2,-2,-3,0,2,4,0,0,0,4,2,2,0,0,3,6,3,0,11,11,0
1090,0,-1,-9,9,-1,-2,-3,-4,-4,0,3,3,1,0,0,4,3,1,1,2,2,6,3,0,11,22,11
1091,0,-1,-10,10,-1,-2,-1,-5,-3,1,1,1,1,1,1,6,0,0,2,1,3,6,3,11,11,22,11
1092,0,0,-10,10,0,-2,-1,-5,-1,0,4,5,0,0,0,2,1,1,0,0,4,5,2,0,11,11,0
1093,0,-1,-11,11,-1,-3,-1,-5,-1,1,1,1,1,1,1,6,0,0,1,3,4,6,3,11,22,11,-11
1094,0,1,-10,10,1,-1,-1,-3,1,0,2,2,1,0,0,4,1,3,2,2,3,6,3,0,22,11,-11
1095,0,-1,-11,11,-1,-1,-2,-3,-1,0,3,3,1,0,0,4,2,2,3,1,4,6,3,0,11,11,0
1096,0,0,-11,11,0,-1,0,-3,-1,0,2,4,0,0,0,4,3,1,0,0,3,5,2,0,11,11,0
1097,0,-1,-12,12,-1,-1,0,-4,-1,1,1,1,1,1,1,10,0,0,1,1,3,6,2,11,11,11,0
1098,0,0,-12,12,0,-2,2,-3,-1,0,3,4,0,0,0,6,1,5,0,0,2,6,1,0,11,0,-11
1099,0,1,-11,11,1,0,1,-1,-2,0,2,2,1,0,0,6,2,4,1,1,3,6,2,0,11,0,-11
1100,0,0,-11,11,0,0,-1,-1,-3,0,3,5,0,0,0,6,3,3,0,0,3,5,2,0,11,11,0
1101,0,1,-10,10,1,2,-1,1,-3,0,2,2,1,0,0,6,4,2,1,3,4,6,2,0,0,11,11
1102,0,-1,-11,11,-1,1,-3,-1,-5,0,3,3,1,0,0,6,5,1,2,2,3,6,1,0,0,11,11
1103,0,-1,-12,12,-1,-1,-3,-1,-3,1,1,1,1,1,1,12,0,0,3,1,4,6,1,11,11,11,0
1104,0,0,-12,12,0,-1,-2,-1,-1,0,3,6,0,0,0,6,1,5,0,0,4,5,1,0,11,0,-11
1105,0,-1,-13,13,-1,-3,-2,-1,-1,0,3,3,1,0,0,6,2,4,1,2,3,6,2,0,11,0,-11
1106,0,-1,-14,14,-1,-3,-2,-2,-1,0,3,3,1,0,0,6,3,3,2,1,2,6,2,0,11,11,0
1107,0,0,-14,14,0,-2,0,-3,1,0,2,4,0,0,0,6,4,2,0,0,3,6,2,0,0,11,11
1108,0,0,-14,14,0,-2,1,-3,2,0,2,3,0,0,0,6,5,1,0,0,3,5,1,0,0,11,11
1109,0,-1,-15,15,-1,-2,1,-5,2,1,1,1,1,1,1,14,0,0,1,3,3,6,1,11,11,11,0
1110,0,1,-14,14,1,0,1,-3,2,0,4,4,1,0,0,8,1,7,2,2,3,6,1,0,11,0,-11
1111,0,1,-13,13,1,1,1,-1,0,0,2,2,1,0,0,8,2,6,3,1,4,6,1,0,11,0,-11
1112,0,0,-13,13,0,1,1,-1,0,0,2,4,0,0,0,8,3,5,0,0,4,6,1,0,11,0,-11
1113,0,-1,-14,14,-1,1,1,-1,0,0,3,3,1,0,0,8,4,4,1,3,4,7,2,0,0,0,0
1114,0,1,-13,13,1,1,1,1,2,0,2,2,1,0,0,8,5,3,2,2,3,7,1,0,0,11,11
1115,0,1,-12,12,1,1,-1,2,2,0,2,2,1,0,0,8,6,2,3,1,4,7,1,0,0,11,11
1116,0,0,-12,12,0,1,-1,2,0,0,3,5,0,0,0,8,7,1,0,0,4,6,1,0,0,11,11
1117,0,-1,-13,13,-1,1,-1,2,0,1,1,1,1,1,1,14,0,0,1,3,4,7,1,11,11,11,0
1118,0,-1,-14,14,-1,-1,1,0,1,0,3,3,1,0,0,6,1,5,2,2,3,7,1,0,11,0,-11
1119,0,1,-13,13,1,-1,3,0,3,0,2,2,1,0,0,6,2,4,3,1,4,7,2,0,11,0,-11
1120,0,0,-13,13,0,-1,1,0,2,0,3,7,0,0,0,6,3,3,0,0,4,6,2,0,11,11,0
1121,0,1,-12,12,1,1,1,2,2,0,2,2,1,0,0,6,4,2,1,3,4,6,2,0,0,11,11
1122,0,1,-11,11,1,3,0,2,0,0,4,4,1,0,0,6,5,1,2,2,3,6,1,0,0,11,11
1123,0,-1,-12,12,-1,1,0,0,-2,1,1,1,1,1,1,12,0,0,3,1,3,5,1,11,11,11,0
1124,0,0,-12,12,0,1,1,0,-2,0,2,3,0,0,0,6,1,5,0,0,3,4,1,0,11,0,-11
1125,0,0,-12,12,0,0,1,1,-2,0,2,5,0,0,0,6,2,4,0,0,2,5,2,0,11,0,-11
1126,0,1,-11,11,1,0,0,3,-1,0,2,2,1,0,0,6,3,3,1,1,1,5,2,0,11,11,0
1127,0,0,-11,11,0,1,-2,2,-2,0,2,3,0,0,0,6,4,2,0,0,2,5,2,0,0,11,11
1128,0,0,-11,11,0,1,-3,2,-1,0,3,5,0,0,0,6,5,1,0,0,3,4,1,0,0,11,11
1129,0,-1,-12,12,-1,0,-3,0,-1,1,1,1,1,1,1,28,0,0,1,3,3,5,1,11,11,11,0
1130,0,-1,-13,13,-1,-2,-1,-2,1,0,3,3,1,0,0,22,1,21,2,2,3,5,1,0,11,0,-11
1131,0,-1,-14,14,-1,-3,0,-2,3,0,3,3,1,0,0,22,2,20,3,1,4,5,1,0,11,0,-11
1132,0,0,-14,14,0,-3,2,-2,5,0,2,3,0,0,0,22,3,19,0,0,3,5,1,0,11,0,-11
1133,0,1,-13,13,1,-1,2,-1,5,0,2,2,1,0,0,22,4,18,1,1,3,6,1,0,0,0,0
1134,0,0,-13,13,0,0,2,-2,5,0,3,6,0,0,0,22,5,17,0,0,2,6,0,0,0,0,0
1135,0,1,-12,12,1,2,3,-1,6,0,2,2,1,0,0,22,6,16,1,1,3,6,0,0,0,0,0
1136,0,0,-12,12,0,2,3,-1,5,0,2,5,0,0,0,22,7,15,0,0,3,5,0,0,0,0,0
1137,0,1,-11,11,1,2,3,1,5,0,2,2,1,0,0,22,8,14,1,3,4,6,0,0,0,0,0
1138,0,1,-10,10,1,3,3,3,5,0,2,2,1,0,0,22,9,13,2,2,3,6,0,0,0,0,0
1139,0,1,-9,9,1,3,3,5,3,0,2,2,1,0,0,22,10,12,3,1,4,6,0,0,0,0,0
1140,0,0,-9,9,0,3,2,5,3,0,4,5,0,0,0,22,11,11,0,0,4,5,0,0,0,0,0
1141,0,1,-8,8,1,3,2,5,3,0,2,2,1,0,0,22,12,10,1,2,3,6,0,0,0,0,0
1142,0,1,-7,7,1,3,2,6,3,0,2,2,1,0,0,22,13,9,2,1,2,6,0,0,0,0,0
1143,0,0,-7,7,0,2,0,5,2,0,2,3,0,0,0,22,14,8,0,0,3,6,0,0,0,0,0
1144,0,0,-7,7,0,2,1,5,1,0,3,5,0,0,0,22,15,7,0,0,3,5,0,0,0,0,0
1145,0,1,-6,6,1,2,1,5,1,0,2,2,1,0,0,22,16,6,1,3,3,6,0,0,0,0,0
1146,0,-1,-7,7,-1,0,1,3,-1,0,3,3,1,0,0,22,17,5,2,2,3,5,0,0,0,0,0
1147,0,1,-6,6,1,1,2,3,1,0,2,2,1,0,0,22,18,4,3,1,4,5,1,0,0,0,0
1148,0,0,-6,6,0,1,0,3,1,0,3,4,0,0,0,22,19,3,0,0,3,5,1,0,0,11,11
1149,0,1,-5,5,1,1,0,3,1,0,2,2,1,0,0,22,20,2,1,1,3,6,2,0,0,11,11
1150,0,0,-5,5,0,2,-2,2,1,0,3,4,0,0,0,22,21,1,0,0,2,6,2,0,0,22,22
1151,0,-1,-6,6,-1,0,-1,1,0,1,1,1,1,1,1,24,0,0,1,1,3,6,2,11,11,22,11
1152,0,0,-6,6,0,0,1,1,2,0,2,9,0,0,0,2,1,1,0,0,3,5,2,0,11,11,0
1153,0,-1,-7,7,-1,-2,1,-1,2,1,1,1,1,1,1,12,0,0,1,3,4,6,2,11,22,11,-11
1154,0,1,-6,6,1,-1,3,1,3,0,2,2,1,0,0,10,1,9,2,2,3,6,2,0,22,0,-22
1155,0,1,-5,5,1,1,1,1,1,0,4,4,1,0,0,10,2,8,3,1,4,7,2,0,11,0,-11
1156,0,0,-5,5,0,1,1,1,-1,0,2,4,0,0,0,10,3,7,0,0,4,6,1,0,11,0,-11
1157,0,1,-4,4,1,3,1,1,-1,0,2,2,1,0,0,10,4,6,1,3,4,6,1,0,0,0,0
1158,0,-1,-5,5,-1,1,0,0,-1,0,3,3,1,0,0,10,5,5,2,2,3,6,0,0,0,0,0
1159,0,1,-4,4,1,1,0,2,-1,0,2,2,1,0,0,10,6,4,3,1,3,6,1,0,0,0,0
1160,0,0,-4,4,0,1,-2,2,-1,0,3,5,0,0,0,10,7,3,0,0,3,5,1,0,0,11,11
1161,0,0,-4,4,0,0,-2,3,-1,0,2,4,0,0,0,10,8,2,0,0,3,6,1,0,0,11,11
1162,0,-1,-5,5,-1,0,-1,1,0,0,3,3,1,0,0,10,9,1,1,2,2,6,1,0,0,11,11
1163,0,-1,-6,6,-1,-2,-1,-1,1,1,1,1,1,1,1,18,0,0,2,1,3,6,1,11,11,11,0
1164,0,0,-6,6,0,-2,1,-1,1,0,3,4,0,0,0,8,1,7,0,0,4,5,1,0,11,0,-11
1165,0,1,-5,5,1,-1,1,-1,1,0,2,2,1,0,0,8,2,6,1,3,4,6,1,0,11,0,-11
1166,0,-1,-6,6,-1,-1,1,-1,-1,0,3,3,1,0,0,8,3,5,2,2,3,6,1,0,11,0,-11
1167,0,1,-5,5,1,1,2,-1,1,0,2,2,1,0,0,8,4,4,3,1,4,6,2,0,0,0,0
1168,0,0,-5,5,0,1,0,-1,0,0,2,5,0,0,0,8,5,3,0,0,3,5,1,0,0,11,11
1169,0,1,-4,4,1,1,0,0,0,0,2,2,1,0,0,8,6,2,1,1,3,6,1,0,0,11,11
1170,0,0,-4,4,0,2,-2,1,0,0,4,5,0,0,0,8,7,1,0,0,2,6,1,0,0,11,11
1171,0,-1,-5,5,-1,0,-1,1,-1,1,1,1,1,1,1,18,0,0,1,1,3,5,1,11,11,11,0
1172,0,0,-5,5,0,0,0,1,0,0,2,3,0,0,0,10,1,9,0,0,3,4,1,0,11,0,-11
1173,0,-1,-6,6,-1,-2,0,-1,0,0,3,3,1,0,0,10,2,8,1,2,3,5,1,0,11,0,-11
1174,0,1,-5,5,1,-1,2,1,0,0,2,2,1,0,0,10,3,7,2,1,2,5,1,0,11,0,-11
1175,0,0,-5,5,0,0,0,0,-2,0,2,3,0,0,0,10,4,6,0,0,3,5,1,0,0,0,0
1176,0,0,-5,5,0,0,0,0,-2,0,3,6,0,0,0,10,5,5,0,0,3,4,0,0,0,0,0
1177,0,1,-4,4,1,2,0,0,-2,0,2,2,1,0,0,10,6,4,1,2,2,5,1,0,0,0,0
1178,0,-1,-5,5,-1,0,-2,-1,-4,0,3,3,1,0,0,10,7,3,2,1,2,5,1,0,0,11,11
1179,0,0,-5,5,0,0,-2,0,-2,0,2,3,0,0,0,10,8,2,0,0,3,4,1,0,0,11,11
1180,0,0,-5,5,0,0,-2,0,-3,0,3,4,0,0,0,10,9,1,0,0,3,4,1,0,0,11,11
1181,0,-1,-6,6,-1,-2,-2,0,-3,1,1,1,1,1,1,16,0,0,1,2,2,5,1,11,11,11,0
1182,0,-1,-7,7,-1,-2,-2,-2,-1,0,3,3,1,0,0,6,1,5,2,1,2,5,1,0,11,0,-11
1183,0,0,-7,7,0,-2,0,-2,1,0,2,3,0,0,0,6,2,4,0,0,3,5,2,0,11,0,-11
1184,0,0,-7,7,0,-2,-1,-2,2,0,2,6,0,0,0,6,3,3,0,0,3,5,2,0,11,11,0
1185,0,-1,-8,8,-1,-2,-1,-4,2,0,3,3,1,0,0,6,4,2,1,3,3,6,2,0,0,11,11
1186,0,1,-7,7,1,0,1,-2,2,0,2,2,1,0,0,6,5,1,2,2,3,6,1,0,0,11,11
1187,0,-1,-8,8,-1,-1,1,-3,0,1,1,1,1,1,1,12,0,0,3,1,4,6,1,11,11,11,0
1188,0,0,-8,8,0,-1,3,-3,2,0,3,6,0,0,0,6,1,5,0,0,4,6,1,0,11,0,-11
1189,0,1,-7,7,1,1,3,-1,2,0,2,2,1,0,0,6,2,4,1,3,4,7,2,0,11,0,-11
1190,0,1,-6,6,1,1,1,1,1,0,4,4,1,0,0,6,3,3,2,2,3,7,2,0,11,11,0
1191,0,1,-5,5,1,3,-1,2,1,0,2,2,1,0,0,6,4,2,3,1,4,7,2,0,0,11,11
1192,0,0,-5,5,0,3,-1,2,1,0,2,4,0,0,0,6,5,1,0,0,4,6,1,0,0,11,11
1193,0,-1,-6,6,-1,1,-1,2,1,1,1,1,1,1,1,14,0,0,1,3,4,6,1,11,11,11,0
1194,0,-1,-7,7,-1,-1,0,0,1,0,3,3,1,0,0,8,1,7,2,2,3,6,1,0,11,0,-11
1195,0,1,-6,6,1,-1,2,2,3,0,2,2,1,0,0,8,2,6,3,1,3,6,1,0,11,0,-11
1196,0,0,-6,6,0,-1,2,2,3,0,3,4,0,0,0,8,3,5,0,0,3,5,1,0,11,0,-11
1197,0,0,-6,6,0,0,2,1,3,0,3,4,0,0,0,8,4,4,0,0,3,6,2,0,0,0,0
1198,0,1,-5,5,1,2,1,1,4,0,2,2,1,0,0,8,5,3,1,2,2,6,1,0,0,11,11
1199,0,1,-4,4,1,2,1,1,3,0,2,2,1,0,0,8,6,2,2,1,3,6,1,0,0,11,11
1200,0,0,-4,4,0,2,1,1,3,0,3,7,0,0,0,8,7,1,0,0,4,5,1,0,0,11,11
1201,0,-1,-5,5,-1,1,1,1,3,1,1,1,1,1,1,20,0,0,1,3,4,6,1,11,11,11,0
1202,0,1,-4,4,1,1,3,3,3,0,2,2,1,0,0,12,1,11,2,2,3,6,1,0,11,0,-11
1203,0,1,-3,3,1,1,2,3,2,0,2,2,1,0,0,12,2,10,3,1,4,6,1,0,11,0,-11
1204,0,0,-3,3,0,1,2,3,2,0,3,4,0,0,0,12,3,9,0,0,3,5,1,0,11,0,-11
1205,0,1,-2,2,1,3,2,4,2,0,2,2,1,0,0,12,4,8,1,1,3,6,1,0,0,0,0
1206,0,0,-2,2,0,2,0,3,0,0,3,4,0,0,0,12,5,7,0,0,2,5,0,0,0,0,0
1207,0,1,-1,1,1,2,0,3,1,0,2,2,1,0,0,12,6,6,1,1,3,5,0,0,0,0,0
1208,0,0,-1,1,0,2,0,3,0,0,2,4,0,0,0,12,7,5,0,0,2,4,0,0,0,0,0
1209,0,-1,-2,2,-1,0,0,3,0,0,3,3,1,0,0,12,8,4,1,1,3,5,1,0,0,0,0
1210,0,0,-2,2,0,0,0,2,0,0,3,4,0,0,0,12,9,3,0,0,2,5,1,0,0,11,11
1211,0,1,-1,1,1,0,1,2,1,0,2,2,1,0,0,12,10,2,1,1,3,5,1,0,0,11,11
1212,0,0,-1,1,0,0,0,2,1,0,3,4,0,0,0,12,11,1,0,0,3,4,1,0,0,11,11
1213,0,-1,-2,2,-1,0,0,0,1,1,1,1,1,1,1,16,0,0,1,2,3,5,2,11,11,11,0
1214,0,1,-1,1,1,1,0,1,1,0,2,2,1,0,0,4,1,3,2,1,2,5,2,0,11,11,0
1215,0,0,-1,1,0,0,0,0,-1,0,2,6,0,0,0,4,2,2,0,0,3,6,2,0,11,11,0
1216,0,0,-1,1,0,0,1,0,-2,0,2,7,0,0,0,4,3,1,0,0,3,5,2,0,11,11,0
1217,0,-1,-2,2,-1,0,1,0,-2,1,1,1,1,1,1,10,0,0,1,3,3,6,2,11,11,11,0
1218,0,1,-1,1,1,0,1,1,-1,0,4,4,1,0,0,6,1,5,2,2,3,6,1,0,11,0,-11
1219,0,1,0,0,1,1,-1,1,-1,0,2,2,1,0,0,6,2,4,3,1,4,6,2,0,11,0,-11
1220,0,0,0,0,0,1,-3,1,-1,0,3,4,0,0,0,6,3,3,0,0,4,6,2,0,11,11,0
1221,0,-1,-1,1,-1,1,-3,1,-1,0,3,3,1,0,0,6,4,2,1,3,4,6,2,0,0,11,11
1222,0,-1,-2,2,-1,-1,-2,-1,-1,0,3,3,1,0,0,6,5,1,2,2,3,6,1,0,0,11,11
1223,0,-1,-3,3,-1,-3,0,-2,1,1,1,1,1,1,1,12,0,0,3,1,3,6,1,11,11,11,0
1224,0,0,-3,3,0,-3,2,-2,1,0,3,6,0,0,0,6,1,5,0,0,3,5,1,0,11,0,-11
1225,0,0,-3,3,0,-2,2,-1,1,0,2,4,0,0,0,6,2,4,0,0,3,6,2,0,11,0,-11
1226,0,1,-2,2,1,0,1,-1,1,0,2,2,1,0,0,6,3,3,1,2,2,6,2,0,11,11,0
1227,0,1,-1,1,1,2,1,-1,1,0,2,2,1,0,0,6,4,2,2,1,3,6,3,0,0,11,11
1228,0,0,-1,1,0,2,-1,-1,-1,0,2,3,0,0,0,6,5,1,0,0,4,5,2,0,0,22,22
1229,0,-1,-2,2,-1,1,-1,-1,-1,1,1,1,1,1,1,8,0,0,1,3,4,5,2,11,11,22,11
1230,0,1,-1,1,1,1,0,1,-1,0,4,4,1,0,0,2,1,1,2,2,3,6,2,0,11,11,0
1231,0,-1,-2,2,-1,-1,0,1,-1,1,1,1,1,1,1,8,0,0,3,1,3,6,2,11,22,11,-11
1232,0,0,-2,2,0,-1,0,1,-1,0,3,6,0,0,0,6,1,5,0,0,3,5,2,0,22,0,-22
1233,0,0,-2,2,0,0,0,1,-1,0,2,3,0,0,0,6,2,4,0,0,3,6,3,0,11,0,-11
1234,0,1,-1,1,1,0,-1,1,0,0,2,2,1,0,0,6,3,3,1,2,2,6,2,0,11,11,0
1235,0,-1,-2,2,-1,0,-1,-1,-1,0,3,3,1,0,0,6,4,2,2,1,3,6,2,0,0,11,11
1236,0,0,-2,2,0,0,-1,-1,1,0,3,4,0,0,0,6,5,1,0,0,4,5,1,0,0,11,11
1237,0,-1,-3,3,-1,-1,-1,-1,1,1,1,1,1,1,1,18,0,0,1,3,4,6,1,11,11,11,0
1238,0,1,-2,2,1,-1,1,-1,1,0,2,2,1,0,0,12,1,11,2,2,3,6,1,0,11,0,-11
1239,0,-1,-3,3,-1,-1,0,-1,-1,0,3,3,1,0,0,12,2,10,3,1,4,6,1,0,11,0,-11
1240,0,0,-3,3,0,-1,2,-1,1,0,3,5,0,0,0,12,3,9,0,0,3,5,1,0,11,0,-11
1241,0,1,-2,2,1,1,2,0,1,0,2,2,1,0,0,12,4,8,1,1,3,6,1,0,0,0,0
1242,0,0,-2,2,0,0,0,-1,-1,0,3,5,0,0,0,12,5,7,0,0,2,6,0,0,0,0,0
1243,0,1,-1,1,1,2,-1,1,-1,0,2,2,1,0,0,12,6,6,1,1,3,6,0,0,0,0,0
1244,0,0,-1,1,0,2,-1,1,-2,0,2,3,0,0,0,12,7,5,0,0,3,5,0,0,0,0,0
1245,0,-1,-2,2,-1,0,-1,1,-2,0,3,3,1,0,0,12,8,4,1,3,4,6,1,0,0,0,0
1246,0,-1,-3,3,-1,-1,-1,-1,0,0,3,3,1,0,0,12,9,3,2,2,3,5,1,0,0,11,11
1247,0,1,-2,2,1,-1,0,1,2,0,2,2,1,0,0,12,10,2,3,1,4,5,1,0,0,11,11
1248,0,0,-2,2,0,-1,-1,1,2,0,3,7,0,0,0,12,11,1,0,0,3,4,1,0,0,11,11
1249,0,-1,-3,3,-1,-1,-1,-1,2,1,1,1,1,1,1,22,0,0,1,1,2,5,1,11,11,11,0
1250,0,0,-3,3,0,0,1,-1,4,0,2,5,0,0,0,10,1,9,0,0,1,5,1,0,11,0,-11
1251,0,0,-3,3,0,-1,2,-2,3,0,2,3,0,0,0,10,2,8,0,0,2,5,1,0,11,0,-11
1252,0,0,-3,3,0,-1,3,-2,2,0,2,3,0,0,0,10,3,7,0,0,2,4,1,0,11,0,-11
1253,0,1,-2,2,1,1,3,0,2,0,2,2,1,0,0,10,4,6,1,3,3,5,1,0,0,0,0
1254,0,1,-1,1,1,2,3,2,2,0,4,4,1,0,0,10,5,5,2,2,3,5,0,0,0,0,0
1255,0,1,0,0,1,3,1,2,2,0,2,2,1,0,0,10,6,4,3,1,4,6,1,0,0,0,0
1256,0,0,0,0,0,3,-1,2,2,0,2,4,0,0,0,10,7,3,0,0,4,6,1,0,0,11,11
1257,0,1,1,1,1,3,-1,4,2,0,2,2,1,0,0,10,8,2,1,3,4,7,1,0,0,11,11
1258,0,-1,0,0,-1,1,-1,3,0,0,3,3,1,0,0,10,9,1,2,2,3,7,1,0,0,11,11
1259,0,-1,-1,1,-1,-1,1,2,0,1,1,1,1,1,1,28,0,0,3,1,4,7,1,11,11,11,0
1260,0,0,-1,1,0,-1,3,2,2,0,4,6,0,0,0,18,1,17,0,0,4,6,1,0,11,0,-11
1261,0,1,0,0,1,-1,3,2,2,0,2,2,1,0,0,18,2,16,1,3,4,7,1,0,11,0,-11
1262,0,1,1,1,1,1,1,2,1,0,2,2,1,0,0,18,3,15,2,2,3,7,1,0,11,0,-11
1263,0,1,2,2,1,3,-1,2,-1,0,2,2,1,0,0,18,4,14,3,1,4,7,1,0,0,0,0
1264,0,0,2,2,0,3,-1,2,-1,0,2,5,0,0,0,18,5,13,0,0,4,6,0,0,0,0,0
1265,0,-1,1,1,-1,1,-1,0,-1,0,3,3,1,0,0,18,6,12,1,3,4,6,0,0,0,0,0
1266,0,-1,0,0,-1,-1,0,0,1,0,3,3,1,0,0,18,7,11,2,2,3,6,0,0,0,0,0
1267,0,1,1,1,1,-1,0,2,2,0,2,2,1,0,0,18,8,10,3,1,3,6,0,0,0,0,0
1268,0,0,1,1,0,-1,0,2,1,0,2,3,0,0,0,18,9,9,0,0,3,5,0,0,0,0,0
1269,0,0,1,1,0,0,0,1,1,0,2,4,0,0,0,18,10,8,0,0,3,6,0,0,0,0,0
1270,0,-1,0,0,-1,0,1,-1,0,0,3,3,1,0,0,18,11,7,1,2,2,5,0,0,0,0,0
1271,0,1,1,1,1,0,2,-1,1,0,2,2,1,0,0,18,12,6,2,1,3,4,0,0,0,0,0
1272,0,0,1,1,0,0,1,-1,-1,0,3,5,0,0,0,18,13,5,0,0,3,3,0,0,0,0,0
1273,0,1,2,2,1,1,1,1,-1,0,2,2,1,0,0,18,14,4,1,1,2,4,1,0,0,0,0
1274,0,0,2,2,0,2,-1,2,-3,0,3,4,0,0,0,18,15,3,0,0,1,4,1,0,0,11,11
1275,0,0,2,2,0,1,-1,1,-2,0,3,4,0,0,0,18,16,2,0,0,2,4,2,0,0,11,11
1276,0,0,2,2,0,1,-2,1,-3,0,3,4,0,0,0,18,17,1,0,0,1,3,2,0,0,22,22
1277,0,-1,1,1,-1,-1,-2,0,-3,1,1,1,1,1,1,20,0,0,1,1,2,4,2,11,11,22,11
1278,0,0,1,1,0,-1,-2,1,-1,0,3,4,0,0,0,2,1,1,0,0,2,4,2,0,11,11,0
1279,0,-1,0,0,-1,-2,-1,-1,0,1,1,1,1,1,1,6,0,0,1,1,3,5,3,11,22,11,-11
1280,0,0,0,0,0,-2,-1,-1,1,0,2,9,0,0,0,4,1,3,0,0,3,5,3,0,22,11,-11
1281,0,-1,-1,1,-1,-2,-1,-3,1,0,3,3,1,0,0,4,2,2,1,3,4,6,3,0,11,11,0
1282,0,1,0,0,1,-1,1,-2,1,0,2,2,1,0,0,4,3,1,2,2,3,6,2,0,11,11,0
1283,0,-1,-1,1,-1,-1,1,-3,1,1,1,1,1,1,1,10,0,0,3,1,4,6,2,11,11,11,0
1284,0,0,-1,1,0,-1,2,-3,1,0,3,4,0,0,0,6,1,5,0,0,4,5,1,0,11,0,-11
1285,0,1,0,0,1,1,2,-1,1,0,2,2,1,0,0,6,2,4,1,2,3,6,2,0,11,0,-11
1286,0,1,1,1,1,1,0,0,1,0,2,2,1,0,0,6,3,3,2,1,2,6,2,0,11,11,0
1287,0,0,1,1,0,2,0,1,1,0,3,4,0,0,0,6,4,2,0,0,3,6,3,0,0,11,11
1288,0,0,1,1,0,2,-1,1,0,0,3,5,0,0,0,6,5,1,0,0,3,5,2,0,0,22,22
1289,0,-1,0,0,-1,0,-1,1,0,1,1,1,1,1,1,8,0,0,1,3,3,6,2,11,11,22,11
1290,0,1,1,1,1,0,1,1,0,0,4,4,1,0,0,2,1,1,2,2,3,6,2,0,11,11,0
1291,0,-1,0,0,-1,-1,1,1,-2,1,1,1,1,1,1,8,0,0,3,1,4,6,2,11,22,11,-11
1292,0,0,0,0,0,-1,1,1,0,0,3,4,0,0,0,6,1,5,0,0,4,6,2,0,22,0,-22
1293,0,1,1,1,1,1,1,1,0,0,2,2,1,0,0,6,2,4,1,3,4,7,3,0,11,0,-11
1294,0,1,2,2,1,1,-1,1,-2,0,2,2,1,0,0,6,3,3,2,2,3,7,2,0,11,11,0
1295,0,-1,1,1,-1,1,-3,0,-2,0,3,3,1,0,0,6,4,2,3,1,4,7,2,0,0,11,11
1296,0,0,1,1,0,1,-1,0,-2,0,2,8,0,0,0,6,5,1,0,0,4,6,1,0,0,11,11
1297,0,-1,0,0,-1,-1,-1,0,-2,1,1,1,1,1,1,10,0,0,1,3,4,7,2,11,11,11,0
1298,0,-1,-1,1,-1,-3,-1,-2,-1,0,3,3,1,0,0,4,1,3,2,2,3,7,2,0,11,11,0
1299,0,1,0,0,1,-1,1,0,1,0,2,2,1,0,0,4,2,2,3,1,4,7,3,0,11,11,0
1300,0,0,0,0,0,-1,-1,0,-1,0,3,5,0,0,0,4,3,1,0,0,4,6,3,0,11,22,11
1301,0,-1,-1,1,-1,-1,-1,-2,-1,1,1,1,1,1,1,6,0,0,1,3,4,6,3,11,11,22,11
1302,0,1,0,0,1,1,0,-2,-1,0,4,4,1,0,0,2,1,1,2,2,3,6,2,0,11,11,0
1303,0,-1,-1,1,-1,-1,0,-2,-3,1,1,1,1,1,1,6,0,0,3,1,3,6,3,11,22,11,-11
1304,0,0,-1,1,0,-1,0,-2,-3,0,2,4,0,0,0,4,1,3,0,0,3,5,3,0,22,11,-11
1305,0,0,-1,1,0,0,0,-1,-3,0,3,4,0,0,0,4,2,2,0,0,3,6,3,0,11,11,0
1306,0,1,0,0,1,0,-1,1,-2,0,2,2,1,0,0,4,3,1,1,2,2,6,2,0,11,11,0
1307,0,-1,-1,1,-1,0,-3,-1,-3,1,1,1,1,1,1,16,0,0,2,1,3,6,2,11,11,11,0
1308,0,0,-1,1,0,0,-3,-1,-1,0,3,4,0,0,0,12,1,11,0,0,4,5,1,0,11,0,-11
1309,0,-1,-2,2,-1,-1,-3,-1,-1,0,3,3,1,0,0,12,2,10,1,3,4,6,1,0,11,0,-11
1310,0,-1,-3,3,-1,-3,-1,-3,1,0,3,3,1,0,0,12,3,9,2,2,3,6,1,0,11,0,-11
1311,0,-1,-4,4,-1,-3,0,-3,3,0,3,3,1,0,0,12,4,8,3,1,4,6,1,0,0,0,0
1312,0,0,-4,4,0,-3,2,-3,3,0,2,6,0,0,0,12,5,7,0,0,3,5,0,0,0,0,0
1313,0,1,-3,3,1,-1,2,-2,3,0,2,2,1,0,0,12,6,6,1,1,3,6,0,0,0,0,0
1314,0,0,-3,3,0,0,2,-3,1,0,3,4,0,0,0,12,7,5,0,0,2,6,0,0,0,0,0
1315,0,1,-2,2,1,2,3,-1,2,0,2,2,1,0,0,12,8,4,1,1,3,6,1,0,0,0,0
1316,0,0,-2,2,0,2,1,-1,1,0,3,4,0,0,0,12,9,3,0,0,3,5,1,0,0,11,11
1317,0,1,-1,1,1,2,1,1,1,0,2,2,1,0,0,12,10,2,1,3,4,6,2,0,0,11,11
1318,0,1,0,0,1,3,-1,3,0,0,2,2,1,0,0,12,11,1,2,2,3,6,2,0,0,22,22
1319,0,-1,-1,1,-1,1,-1,3,0,1,1,1,1,1,1,14,0,0,3,1,4,6,2,11,11,22,11
1320,0,0,-1,1,0,1,0,3,0,0,4,6,0,0,0,2,1,1,0,0,4,5,2,0,11,11,0
1321,0,-1,-2,2,-1,-1,0,1,0,1,1,1,1,1,1,8,0,0,1,2,3,5,2,11,22,11,-11
1322,0,1,-1,1,1,-1,1,2,2,0,2,2,1,0,0,6,1,5,2,1,2,5,2,0,22,0,-22
1323,0,0,-1,1,0,0,1,1,2,0,2,5,0,0,0,6,2,4,0,0,2,5,3,0,11,0,-11
1324,0,0,-1,1,0,0,0,1,2,0,2,3,0,0,0,6,3,3,0,0,2,4,2,0,11,11,0
1325,0,0,-1,1,0,1,0,0,2,0,2,3,0,0,0,6,4,2,0,0,2,5,2,0,0,11,11
1326,0,1,0,0,1,1,1,0,3,0,4,4,1,0,0,6,5,1,1,2,2,5,1,0,0,11,11
1327,0,-1,-1,1,-1,0,1,0,1,1,1,1,1,1,1,40,0,0,2,1,3,4,2,11,11,11,0
1328,0,0,-1,1,0,0,2,0,1,0,2,5,0,0,0,34,1,33,0,0,4,4,2,0,11,4,-7
1329,0,1,0,0,1,1,2,2,1,0,2,2,1,0,0,34,2,32,1,2,3,5,2,0,11,4,-7
1330,0,1,1,1,1,1,2,2,1,0,4,4,1,0,0,34,3,31,2,1,2,6,2,0,11,4,-7
1331,0,0,1,1,0,2,0,2,-1,0,1,3,0,1,3,34,4,30,0,0,3,6,2,4,4,4,0
1332,0,0,1,1,0,2,-1,2,0,0,3,5,0,0,0,34,5,29,0,0,3,5,1,0,4,0,-4
1333,0,1,2,2,1,2,-1,3,0,0,2,2,1,0,0,34,6,28,1,3,3,6,1,0,4,0,-4
1334,0,-1,1,1,-1,0,-1,1,-1,0,3,3,1,0,0,34,7,27,2,2,3,6,1,0,4,0,-4
1335,0,-1,0,0,-1,-1,-1,1,-1,0,3,3,1,0,0,34,8,26,3,1,4,6,1,0,0,0,0
1336,0,0,0,0,0,-1,1,1,1,0,2,4,0,0,0,34,9,25,0,0,4,6,0,0,0,0,0
1337,0,1,1,1,1,-1,1,1,1,0,2,2,1,0,0,34,10,24,1,3,4,6,0,0,0,0,0
1338,0,-1,0,0,-1,-1,0,-1,1,0,3,3,1,0,0,34,11,23,2,2,3,6,0,0,0,0,0
1339,0,1,1,1,1,1,0,0,3,0,2,2,1,0,0,34,12,22,3,1,3,6,0,0,0,0,0
1340,0,0,1,1,0,1,0,0,3,0,3,4,0,0,0,34,13,21,0,0,3,5,0,0,0,0,0
1341,0,0,1,1,0,0,0,-1,3,0,2,3,0,0,0,34,14,20,0,0,3,6,0,0,0,0,0
1342,0,-1,0,0,-1,0,1,-1,4,0,3,3,1,0,0,34,15,19,1,2,2,6,0,0,0,0,0
1343,0,1,1,1,1,0,3,1,5,0,2,2,1,0,0,34,16,18,2,1,3,6,0,0,0,0,0
1344,0,0,1,1,0,0,3,1,5,0,3,8,0,0,0,34,17,17,0,0,4,5,0,0,0,0,0
1345,0,1,2,2,1,1,3,1,5,0,2,2,1,0,0,34,18,16,1,3,4,6,0,0,0,0,0
1346,0,1,3,3,1,3,3,3,3,0,2,2,1,0,0,34,19,15,2,2,3,6,0,0,0,0,0
1347,0,1,4,4,1,3,2,3,3,0,2,2,1,0,0,34,20,14,3,1,4,6,0,0,0,0,0
1348,0,0,4,4,0,3,2,3,3,0,2,3,0,0,0,34,21,13,0,0,3,5,0,0,0,0,0
1349,0,1,5,5,1,3,2,4,3,0,2,2,1,0,0,34,22,12,1,1,3,6,0,0,0,0,0
1350,0,0,5,5,0,2,0,5,3,0,3,6,0,0,0,34,23,11,0,0,2,6,0,0,0,0,0
1351,0,1,6,6,1,2,1,5,2,0,2,2,1,0,0,34,24,10,1,1,3,6,0,0,0,0,0
1352,0,0,6,6,0,2,1,5,1,0,2,5,0,0,0,34,25,9,0,0,3,5,0,0,0,0,0
1353,0,-1,5,5,-1,0,1,3,1,0,3,3,1,0,0,34,26,8,1,3,4,6,0,0,0,0,0
1354,0,1,6,6,1,1,3,3,1,0,2,2,1,0,0,34,27,7,2,2,3,6,0,0,0,0,0
1355,0,1,7,7,1,1,1,3,-1,0,2,2,1,0,0,34,28,6,3,1,4,6,0,0,0,0,0
1356,0,0,7,7,0,1,0,3,-1,0,3,4,0,0,0,34,29,5,0,0,4,5,0,0,0,0,0
1357,0,1,8,8,1,3,0,3,-1,0,2,2,1,0,0,34,30,4,1,2,3,6,1,0,0,0,0
1358,0,-1,7,7,-1,1,-2,2,-1,0,3,3,1,0,0,34,31,3,2,1,2,6,1,0,0,11,11
1359,0,0,7,7,0,0,-2,1,1,0,2,3,0,0,0,34,32,2,0,0,3,6,1,0,0,11,11
1360,0,0,7,7,0,0,-1,1,0,0,3,6,0,0,0,34,33,1,0,0,3,5,1,0,0,11,11
1361,0,-1,6,6,-1,-2,-1,1,0,1,1,1,1,1,1,40,0,0,1,3,3,6,1,11,11,11,0
1362,0,-1,5,5,-1,-2,1,-1,1,0,3,3,1,0,0,6,1,5,2,2,3,6,1,0,11,0,-11
1363,0,1,6,6,1,-1,3,-1,1,0,2,2,1,0,0,6,2,4,3,1,4,6,2,0,11,0,-11
1364,0,0,6,6,0,-1,1,-1,1,0,3,4,0,0,0,6,3,3,0,0,4,6,2,0,11,11,0
1365,0,1,7,7,1,1,1,-1,1,0,4,4,1,0,0,6,4,2,1,3,4,6,3,0,0,11,11
1366,0,1,8,8,1,3,0,1,-1,0,2,2,1,0,0,6,5,1,2,2,3,6,2,0,0,17,17
1367,0,-1,7,7,-1,1,-2,0,-3,1,1,1,1,1,1,12,0,0,3,1,3,6,2,11,11,17,6
1368,0,0,7,7,0,1,0,0,-2,0,3,6,0,0,0,6,1,5,0,0,3,5,2,0,11,6,-5
1369,0,0,7,7,0,0,0,1,-2,0,1,2,0,1,2,6,2,4,0,0,3,6,3,6,17,6,-11
1370,0,-1,6,6,-1,-2,-1,1,-2,0,3,3,1,0,0,6,3,3,1,2,2,6,3,0,17,11,-6
1371,0,1,7,7,1,0,-1,1,-2,0,2,2,1,0,0,6,4,2,2,1,3,5,3,0,6,11,5
1372,0,0,7,7,0,0,-2,1,-2,0,2,5,0,0,0,6,5,1,0,0,4,4,2,0,6,11,5
1373,0,-1,6,6,-1,-1,-2,-1,-2,1,1,1,1,1,1,14,0,0,1,2,3,4,2,11,11,11,0
1374,0,-1,5,5,-1,-1,-1,-3,-2,0,3,3,1,0,0,8,1,7,2,1,2,5,1,0,11,0,-11
1375,0,0,5,5,0,-2,-1,-2,0,0,2,4,0,0,0,8,2,6,0,0,2,5,1,0,11,0,-11
1376,0,0,5,5,0,-2,0,-2,1,0,2,6,0,0,0,8,3,5,0,0,2,4,1,0,11,0,-11
1377,0,0,5,5,0,-1,0,-2,1,0,2,5,0,0,0,8,4,4,0,0,2,5,2,0,0,0,0
1378,0,-1,4,4,-1,-1,-1,-2,2,0,3,3,1,0,0,8,5,3,1,2,2,5,1,0,0,11,11
1379,0,1,5,5,1,0,1,-2,3,0,2,2,1,0,0,8,6,2,2,1,3,5,1,0,0,11,11
1380,0,0,5,5,0,0,1,-2,3,0,4,5,0,0,0,8,7,1,0,0,4,5,1,0,0,11,11
1381,0,-1,4,4,-1,-1,1,-2,3,1,1,1,1,1,1,26,0,0,1,3,4,6,1,11,11,11,0
1382,0,1,5,5,1,1,3,0,5,0,2,2,1,0,0,18,1,17,2,2,3,6,1,0,11,0,-11
1383,0,1,6,6,1,1,2,1,3,0,2,2,1,0,0,18,2,16,3,1,4,6,1,0,11,0,-11
1384,0,0,6,6,0,1,2,1,3,0,2,4,0,0,0,18,3,15,0,0,3,5,1,0,11,0,-11
1385,0,1,7,7,1,3,2,2,3,0,2,2,1,0,0,18,4,14,1,1,3,6,1,0,0,0,0
1386,0,0,7,7,0,2,2,3,3,0,4,5,0,0,0,18,5,13,0,0,2,6,0,0,0,0,0
1387,0,1,8,8,1,2,1,3,2,0,2,2,1,0,0,18,6,12,1,1,3,6,0,0,0,0,0
1388,0,0,8,8,0,2,1,3,1,0,2,3,0,0,0,18,7,11,0,0,3,5,0,0,0,0,0
1389,0,1,9,9,1,2,1,5,1,0,2,2,1,0,0,18,8,10,1,3,4,6,0,0,0,0,0
1390,0,-1,8,8,-1,1,1,3,1,0,3,3,1,0,0,18,9,9,2,2,3,6,0,0,0,0,0
1391,0,1,9,9,1,1,1,3,1,0,2,2,1,0,0,18,10,8,3,1,4,6,0,0,0,0,0
1392,0,0,9,9,0,1,0,3,-1,0,3,6,0,0,0,18,11,7,0,0,4,5,0,0,0,0,0
1393,0,1,10,10,1,1,0,3,-1,0,2,2,1,0,0,18,12,6,1,2,3,6,0,0,0,0,0
1394,0,-1,9,9,-1,1,0,2,-1,0,3,3,1,0,0,18,13,5,2,1,2,6,0,0,0,0,0
1395,0,0,9,9,0,0,0,1,1,0,3,4,0,0,0,18,14,4,0,0,3,6,1,0,0,0,0
1396,0,0,9,9,0,0,-1,1,2,0,2,3,0,0,0,18,15,3,0,0,3,5,1,0,0,11,11
1397,0,1,10,10,1,0,-1,1,2,0,2,2,1,0,0,18,16,2,1,3,3,6,1,0,0,11,11
1398,0,-1,9,9,-1,0,-1,1,2,0,3,3,1,0,0,18,17,1,2,2,3,6,1,0,0,11,11
1399,0,-1,8,8,-1,-1,1,-1,2,1,1,1,1,1,1,28,0,0,3,1,4,6,1,11,11,11,0
1400,0,0,8,8,0,-1,3,-1,2,0,3,6,0,0,0,10,1,9,0,0,4,6,1,0,11,0,-11
1401,0,1,9,9,1,-1,3,-1,2,0,2,2,1,0,0,10,2,8,1,3,4,7,1,0,11,0,-11
1402,0,1,10,10,1,1,3,1,0,0,2,2,1,0,0,10,3,7,2,2,3,7,1,0,11,0,-11
1403,0,1,11,11,1,3,1,2,0,0,2,2,1,0,0,10,4,6,3,1,4,7,1,0,0,0,0
1404,0,0,11,11,0,3,-1,2,0,0,3,6,0,0,0,10,5,5,0,0,4,6,0,0,0,0,0
1405,0,1,12,12,1,3,-1,2,0,0,2,2,1,0,0,10,6,4,1,3,4,7,1,0,0,0,0
1406,0,-1,11,11,-1,1,-3,2,-1,0,3,3,1,0,0,10,7,3,2,2,3,7,1,0,0,11,11
1407,0,-1,10,10,-1,-1,-1,2,-1,0,3,3,1,0,0,10,8,2,3,1,4,7,1,0,0,11,11
1408,0,0,10,10,0,-1,1,2,1,0,2,8,0,0,0,10,9,1,0,0,4,6,1,0,0,11,11
1409,0,-1,9,9,-1,-3,1,0,1,1,1,1,1,1,1,24,0,0,1,3,4,6,1,11,11,11,0
1410,0,1,10,10,1,-1,2,0,3,0,4,4,1,0,0,14,1,13,2,2,3,6,1,0,11,0,-11
1411,0,1,11,11,1,1,0,0,3,0,2,2,1,0,0,14,2,12,3,1,3,6,1,0,11,0,-11
1412,0,0,11,11,0,1,0,0,1,0,2,3,0,0,0,14,3,11,0,0,3,5,1,0,11,0,-11
1413,0,0,11,11,0,2,0,-1,1,0,2,3,0,0,0,14,4,10,0,0,3,6,1,0,0,0,0
1414,0,-1,10,10,-1,0,1,-1,1,0,3,3,1,0,0,14,5,9,1,2,2,6,0,0,0,0,0
1415,0,1,11,11,1,0,3,1,2,0,2,2,1,0,0,14,6,8,2,1,3,6,0,0,0,0,0
1416,0,0,11,11,0,0,1,1,0,0,3,5,0,0,0,14,7,7,0,0,4,5,0,0,0,0,0
1417,0,1,12,12,1,1,1,3,0,0,2,2,1,0,0,14,8,6,1,3,4,5,0,0,0,0,0
1418,0,1,13,13,1,3,0,3,-1,0,2,2,1,0,0,14,9,5,2,2,3,5,0,0,0,0,0
1419,0,-1,12,12,-1,1,-1,1,-3,0,3,3,1,0,0,14,10,4,3,1,3,5,1,0,0,0,0
1420,0,0,12,12,0,1,-1,1,-3,0,3,4,0,0,0,14,11,3,0,0,2,4,1,0,0,11,11
1421,0,0,12,12,0,0,-1,1,-3,0,2,3,0,0,0,14,12,2,0,0,2,4,1,0,0,11,11
1422,0,0,12,12,0,-1,-1,2,-4,0,3,4,0,0,0,14,13,1,0,0,1,4,1,0,0,11,11
1423,0,-1,11,11,-1,-1,-2,0,-3,1,1,1,1,1,1,18,0,0,1,1,1,4,2,11,11,11,0
1424,0,0,11,11,0,-1,-2,0,-2,0,2,5,0,0,0,4,1,3,0,0,2,3,2,0,11,11,0
1425,0,0,11,11,0,-1,-2,-1,-2,0,3,4,0,0,0,4,2,2,0,0,3,4,3,0,11,11,0
1426,0,-1,10,10,-1,-2,-3,-3,-3,0,3,3,1,0,0,4,3,1,1,2,2,5,3,0,11,22,11
1427,0,-1,9,9,-1,-2,-1,-3,-3,1,1,1,1,1,1,6,0,0,2,1,3,5,3,11,11,22,11
1428,0,0,9,9,0,-2,0,-3,-3,0,4,5,0,0,0,2,1,1,0,0,4,4,2,0,11,11,0
1429,0,-1,8,8,-1,-3,0,-4,-3,1,1,1,1,1,1,6,0,0,1,2,3,5,3,11,22,11,-11
1430,0,1,9,9,1,-1,0,-3,-1,0,4,4,1,0,0,4,1,3,2,1,2,6,3,0,22,11,-11
1431,0,0,9,9,0,0,-2,-2,-1,0,2,4,0,0,0,4,2,2,0,0,3,6,3,0,11,11,0
1432,0,0,9,9,0,0,-3,-2,-2,0,2,4,0,0,0,4,3,1,0,0,3,5,2,0,11,11,0
1433,0,-1,8,8,-1,0,-3,-3,-2,1,1,1,1,1,1,10,0,0,1,3,3,6,2,11,11,11,0
1434,0,-1,7,7,-1,-2,-1,-3,0,0,3,3,1,0,0,6,1,5,2,2,3,6,1,0,11,0,-11
1435,0,-1,6,6,-1,-3,1,-3,0,0,3,3,1,0,0,6,2,4,3,1,4,6,2,0,11,0,-11
1436,0,0,6,6,0,-3,1,-3,0,0,2,3,0,0,0,6,3,3,0,0,4,6,2,0,11,11,0
1437,0,1,7,7,1,-1,1,-1,0,0,2,2,1,0,0,6,4,2,1,3,4,7,2,0,0,11,11
1438,0,1,8,8,1,1,1,-1,-1,0,2,2,1,0,0,6,5,1,2,2,3,7,1,0,0,11,11
1439,0,-1,7,7,-1,1,-1,-2,-3,1,1,1,1,1,1,14,0,0,3,1,4,7,1,11,11,11,0
1440,0,0,7,7,0,1,-1,-2,-3,0,3,8,0,0,0,8,1,7,0,0,4,6,1,0,11,0,-11
1441,0,1,8,8,1,1,-1,0,-3,0,2,2,1,0,0,8,2,6,1,3,4,6,1,0,11,0,-11
1442,0,-1,7,7,-1,-1,-2,0,-4,0,3,3,1,0,0,8,3,5,2,2,3,6,1,0,11,0,-11
1443,0,-1,6,6,-1,-1,-2,0,-3,0,3,3,1,0,0,8,4,4,3,1,3,6,2,0,0,0,0
1444,0,0,6,6,0,-1,-2,0,-3,0,2,4,0,0,0,8,5,3,0,0,3,5,1,0,0,11,11
1445,0,0,6,6,0,-2,-2,-1,-3,0,2,3,0,0,0,8,6,2,0,0,3,5,1,0,0,11,11
1446,0,-1,5,5,-1,-2,-2,-3,-4,0,3,3,1,0,0,8,7,1,1,2,2,4,1,0,0,11,11
1447,0,-1,4,4,-1,-2,-1,-3,-2,1,1,1,1,1,1,12,0,0,2,1,2,4,2,11,11,11,0
1448,0,0,4,4,0,-2,-1,-3,-2,0,2,4,0,0,0,4,1,3,0,0,2,3,2,0,11,11,0
1449,0,0,4,4,0,-2,-1,-4,-2,0,3,4,0,0,0,4,2,2,0,0,2,4,3,0,11,11,0
1450,0,0,4,4,0,-1,-2,-3,-1,0,3,4,0,0,0,4,3,1,0,0,1,5,3,0,11,22,11
1451,0,-1,3,3,-1,-1,-1,-3,-1,1,1,1,1,1,1,6,0,0,1,1,2,5,3,11,11,22,11
1452,0,0,3,3,0,-1,-1,-3,-1,0,3,5,0,0,0,2,1,1,0,0,3,4,2,0,11,11,0
1453,0,-1,2,2,-1,-2,-1,-4,-1,1,1,1,1,1,1,8,0,0,1,3,4,5,2,11,22,11,-11
1454,0,1,3,3,1,-1,1,-2,1,0,2,2,1,0,0,6,1,5,2,2,3,5,2,0,22,0,-22
1455,0,-1,2,2,-1,-1,0,-2,-1,0,3,3,1,0,0,6,2,4,3,1,4,6,3,0,11,0,-11
1456,0,0,2,2,0,-1,0,-2,-1,0,3,6,0,0,0,6,3,3,0,0,3,5,2,0,11,11,0
1457,0,1,3,3,1,1,0,-1,-1,0,2,2,1,0,0,6,4,2,1,1,3,6,2,0,0,11,11
1458,0,0,3,3,0,0,0,-1,-1,0,2,7,0,0,0,6,5,1,0,0,2,6,1,0,0,11,11
1459,0,-1,2,2,-1,0,-1,-1,0,1,1,1,1,1,1,18,0,0,1,1,3,6,1,11,11,11,0
1460,0,0,2,2,0,0,-1,-1,1,0,3,4,0,0,0,12,1,11,0,0,3,5,1,0,11,0,-11
1461,0,1,3,3,1,0,-1,1,1,0,2,2,1,0,0,12,2,10,1,3,4,6,1,0,11,0,-11
1462,0,-1,2,2,-1,-1,-1,-1,1,0,3,3,1,0,0,12,3,9,2,2,3,6,1,0,11,0,-11
1463,0,-1,1,1,-1,-1,1,-1,2,0,3,3,1,0,0,12,4,8,3,1,4,6,1,0,0,0,0
1464,0,0,1,1,0,-1,2,-1,2,0,3,5,0,0,0,12,5,7,0,0,4,5,0,0,0,0,0
1465,0,1,2,2,1,-1,2,-1,2,0,2,2,1,0,0,12,6,6,1,2,3,6,0,0,0,0,0
1466,0,1,3,3,1,1,2,0,2,0,2,2,1,0,0,12,7,5,2,1,2,5,0,0,0,0,0
1467,0,0,3,3,0,2,1,1,0,0,2,3,0,0,0,12,8,4,0,0,3,5,1,0,0,0,0
1468,0,0,3,3,0,2,0,1,0,0,2,3,0,0,0,12,9,3,0,0,2,4,1,0,0,11,11
1469,0,1,4,4,1,2,0,1,0,0,2,2,1,0,0,12,10,2,1,1,2,5,1,0,0,11,11
1470,0,0,4,4,0,1,0,2,0,0,4,5,0,0,0,12,11,1,0,0,2,5,1,0,0,11,11
1471,0,-1,3,3,-1,0,-1,2,1,1,1,1,1,1,1,22,0,0,1,1,3,4,1,11,11,11,0
1472,0,0,3,3,0,0,0,2,1,0,2,7,0,0,0,10,1,9,0,0,3,4,1,0,11,0,-11
1473,0,1,4,4,1,0,0,2,1,0,2,2,1,0,0,10,2,8,1,2,3,5,1,0,11,0,-11
1474,0,-1,3,3,-1,-1,0,0,-1,0,3,3,1,0,0,10,3,7,2,1,2,5,1,0,11,0,-11
1475,0,0,3,3,0,0,2,0,1,0,2,3,0,0,0,10,4,6,0,0,3,6,1,0,0,0,0
1476,0,0,3,3,0,0,1,0,0,0,3,5,0,0,0,10,5,5,0,0,3,5,0,0,0,0,0
1477,0,1,4,4,1,0,1,0,0,0,2,2,1,0,0,10,6,4,1,3,3,6,1,0,0,0,0
1478,0,1,5,5,1,2,-1,1,-1,0,2,2,1,0,0,10,7,3,2,2,3,6,1,0,0,11,11
1479,0,-1,4,4,-1,1,-1,1,-1,0,3,3,1,0,0,10,8,2,3,1,4,6,2,0,0,11,11
1480,0,0,4,4,0,1,-1,1,-1,0,3,5,0,0,0,10,9,1,0,0,4,6,2,0,0,22,22
1481,0,-1,3,3,-1,-1,-1,-1,-1,1,1,1,1,1,1,12,0,0,1,3,4,6,2,11,11,22,11
1482,0,1,4,4,1,-1,0,1,-1,0,4,4,1,0,0,2,1,1,2,2,3,6,2,0,11,11,0
1483,0,-1,3,3,-1,-1,0,0,-3,1,1,1,1,1,1,6,0,0,3,1,3,6,3,11,22,11,-11
1484,0,0,3,3,0,-1,0,0,-3,0,3,4,0,0,0,4,1,3,0,0,3,5,3,0,22,11,-11
1485,0,0,3,3,0,0,0,-1,-3,0,3,5,0,0,0,4,2,2,0,0,3,6,4,0,11,11,0
1486,0,1,4,4,1,0,-1,-1,-4,0,2,2,1,0,0,4,3,1,1,2,2,6,3,0,11,22,11
1487,0,-1,3,3,-1,0,-3,-1,-5,1,1,1,1,1,1,6,0,0,2,1,3,6,3,11,11,22,11
1488,0,0,3,3,0,0,-3,-1,-5,0,3,6,0,0,0,2,1,1,0,0,4,5,2,0,11,11,0
1489,0,-1,2,2,-1,-1,-3,-1,-5,1,1,1,1,1,1,6,0,0,1,3,4,6,3,11,22,11,-11
1490,0,-1,1,1,-1,-3,-3,-3,-3,0,3,3,1,0,0,4,1,3,2,2,3,6,3,0,22,11,-11
1491,0,-1,0,0,-1,-3,-2,-3,-3,0,3,3,1,0,0,4,2,2,3,1,4,6,3,0,11,11,0
1492,0,0,0,0,0,-3,-2,-3,-3,0,2,3,0,0,0,4,3,1,0,0,3,5,2,0,11,11,0
1493,0,-1,-1,1,-1,-3,-2,-4,-3,1,1,1,1,1,1,10,0,0,1,1,3,6,2,11,11,11,0
1494,0,0,-1,1,0,-2,0,-5,-1,0,3,4,0,0,0,6,1,5,0,0,2,6,1,0,11,0,-11
1495,0,-1,-2,2,-1,-2,-1,-5,0,0,3,3,1,0,0,6,2,4,1,1,3,6,2,0,11,0,-11
1496,0,0,-2,2,0,-2,-1,-5,1,0,3,5,0,0,0,6,3,3,0,0,3,5,2,0,11,11,0
1497,0,1,-1,1,1,0,-1,-3,1,0,2,2,1,0,0,6,4,2,1,3,4,6,2,0,0,11,11
1498,0,-1,-2,2,-1,-1,-1,-3,-1,0,3,3,1,0,0,6,5,1,2,2,3,6,1,0,0,11,11
1499,0,-1,-3,3,-1,-1,1,-3,-1,1,1,1,1,1,1,18,0,0,3,1,4,6,1,11,11,11,0
1500,0,0,-3,3,0,-1,2,-3,1,0,3,6,0,0,0,12,1,11,0,0,4,5,1,0,11,0,-11
1501,0,1,-2,2,1,-1,2,-1,1,0,2,2,1,0,0,12,2,10,1,2,3,6,1,0,11,0,-11
1502,0,1,-1,1,1,1,0,0,1,0,2,2,1,0,0,12,3,9,2,1,2,6,1,0,11,0,-11
1503,0,0,-1,1,0,2,-2,1,-1,0,2,3,0,0,0,12,4,8,0,0,3,6,1,0,0,0,0
1504,0,0,-1,1,0,2,-1,1,-2,0,2,6,0,0,0,12,5,7,0,0,3,5,0,0,0,0,0
1505,0,-1,-2,2,-1,0,-1,-1,-2,0,3,3,1,0,0,12,6,6,1,3,3,6,0,0,0,0,0
1506,0,-1,-3,3,-1,-2,1,-1,0,0,3,3,1,0,0,12,7,5,2,2,3,6,0,0,0,0,0
1507,0,1,-2,2,1,-1,1,1,2,0,2,2,1,0,0,12,8,4,3,1,4,6,1,0,0,0,0
1508,0,0,-2,2,0,-1,-1,1,0,0,3,4,0,0,0,12,9,3,0,0,4,6,1,0,0,11,11
1509,0,1,-1,1,1,1,-1,1,0,0,2,2,1,0,0,12,10,2,1,3,4,7,1,0,0,11,11
1510,0,-1,-2,2,-1,1,-1,-1,0,0,3,3,1,0,0,12,11,1,2,2,3,7,1,0,0,11,11
1511,0,-1,-3,3,-1,-1,1,-2,2,1,1,1,1,1,1,24,0,0,3,1,4,7,1,11,11,11,0
1512,0,0,-3,3,0,-1,1,-2,3,0,3,7,0,0,0,12,1,11,0,0,4,6,1,0,11,0,-11
1513,0,1,-2,2,1,-1,1,0,3,0,2,2,1,0,0,12,2,10,1,3,4,7,1,0,11,0,-11
1514,0,1,-1,1,1,1,1,2,2,0,2,2,1,0,0,12,3,9,2,2,3,7,1,0,11,0,-11
1515,0,-1,-2,2,-1,1,1,0,2,0,3,3,1,0,0,12,4,8,3,1,4,6,1,0,0,0,0
1516,0,0,-2,2,0,1,2,0,2,0,2,3,0,0,0,12,5,7,0,0,4,5,0,0,0,0,0
1517,0,1,-1,1,1,1,2,0,2,0,2,2,1,0,0,12,6,6,1,2,3,5,0,0,0,0,0
1518,0,1,0,0,1,1,1,2,1,0,4,4,1,0,0,12,7,5,2,1,2,5,0,0,0,0,0
1519,0,0,0,0,0,2,1,3,-1,0,2,3,0,0,0,12,8,4,0,0,2,5,1,0,0,0,0
1520,0,0,0,0,0,2,0,3,0,0,3,6,0,0,0,12,9,3,0,0,2,4,1,0,0,11,11
1521,0,0,0,0,0,1,0,2,0,0,2,4,0,0,0,12,10,2,0,0,2,4,1,0,0,11,11
1522,0,1,1,1,1,1,0,2,1,0,2,2,1,0,0,12,11,1,1,2,2,4,1,0,0,11,11
1523,0,-1,0,0,-1,0,-2,2,0,1,1,1,1,1,1,20,0,0,2,1,2,4,1,11,11,11,0
1524,0,0,0,0,0,0,0,2,0,0,3,4,0,0,0,8,1,7,0,0,3,4,1,0,11,0,-11
1525,0,0,0,0,0,0,0,1,0,0,2,3,0,0,0,8,2,6,0,0,3,5,1,0,11,0,-11
1526,0,-1,-1,1,-1,-2,1,-1,-1,0,3,3,1,0,0,8,3,5,1,2,2,5,1,0,11,0,-11
1527,0,1,0,0,1,0,2,0,-1,0,2,2,1,0,0,8,4,4,2,1,3,5,2,0,0,0,0
1528,0,0,0,0,0,0,0,0,-1,0,2,4,0,0,0,8,5,3,0,0,3,4,1,0,0,11,11
1529,0,1,1,1,1,1,0,1,-1,0,2,2,1,0,0,8,6,2,1,1,3,5,1,0,0,11,11
1530,0,0,1,1,0,2,-2,0,-1,0,4,5,0,0,0,8,7,1,0,0,2,6,1,0,0,11,11
1531,0,-1,0,0,-1,0,-3,0,0,1,1,1,1,1,1,20,0,0,1,1,3,6,1,11,11,11,0
1532,0,0,0,0,0,0,-1,0,1,0,2,3,0,0,0,12,1,11,0,0,3,5,1,0,11,0,-11
1533,0,-1,-1,1,-1,-2,-1,-1,1,0,3,3,1,0,0,12,2,10,1,3,4,6,1,0,11,0,-11
1534,0,-1,-2,2,-1,-3,1,-1,3,0,3,3,1,0,0,12,3,9,2,2,3,6,1,0,11,0,-11
1535,0,1,-1,1,1,-1,3,-1,3,0,2,2,1,0,0,12,4,8,3,1,4,6,1,0,0,0,0
1536,0,0,-1,1,0,-1,2,-1,1,0,2,10,0,0,0,12,5,7,0,0,4,5,0,0,0,0,0
1537,0,1,0,0,1,1,2,-1,1,0,2,2,1,0,0,12,6,6,1,2,3,6,0,0,0,0,0
1538,0,1,1,1,1,3,2,0,-1,0,2,2,1,0,0,12,7,5,2,1,2,6,0,0,0,0,0
1539,0,0,1,1,0,2,0,1,-1,0,2,5,0,0,0,12,8,4,0,0,3,6,1,0,0,0,0
1540,0,0,1,1,0,2,-1,1,-2,0,4,5,0,0,0,12,9,3,0,0,3,5,1,0,0,11,11
1541,0,1,2,2,1,2,-1,3,-2,0,2,2,1,0,0,12,10,2,1,3,3,6,1,0,0,11,11
1542,0,-1,1,1,-1,0,-3,3,-4,0,3,3,1,0,0,12,11,1,2,2,3,6,1,0,0,11,11
1543,0,-1,0,0,-1,-1,-1,1,-3,1,1,1,1,1,1,18,0,0,3,1,4,6,1,11,11,11,0
1544,0,0,0,0,0,-1,-1,1,-3,0,2,4,0,0,0,6,1,5,0,0,4,6,1,0,11,0,-11
1545,0,-1,-1,1,-1,-3,-1,-1,-3,0,3,3,1,0,0,6,2,4,1,3,4,7,2,0,11,0,-11
1546,0,1,0,0,1,-1,-1,-1,-3,0,2,2,1,0,0,6,3,3,2,2,3,6,2,0,11,11,0
1547,0,-1,-1,1,-1,-1,-2,-2,-3,0,3,3,1,0,0,6,4,2,3,1,4,6,2,0,0,11,11
1548,0,0,-1,1,0,-1,-2,-2,-1,0,3,5,0,0,0,6,5,1,0,0,3,5,1,0,0,11,11
1549,0,-1,-2,2,-1,-1,-2,-4,-1,1,1,1,1,1,1,10,0,0,1,1,3,6,2,11,11,11,0
1550,0,0,-2,2,0,-2,-2,-3,0,0,3,4,0,0,0,4,1,3,0,0,2,6,2,0,11,11,0
1551,0,-1,-3,3,-1,-2,-1,-3,-1,0,3,3,1,0,0,4,2,2,1,1,3,6,2,0,11,11,0
1552,0,0,-3,3,0,-2,1,-3,-1,0,2,5,0,0,0,4,3,1,0,0,3,5,2,0,11,11,0
1553,0,-1,-4,4,-1,-2,1,-3,-1,1,1,1,1,1,1,10,0,0,1,3,4,5,2,11,11,11,0
1554,0,1,-3,3,1,-1,2,-3,1,0,4,4,1,0,0,6,1,5,2,2,3,5,1,0,11,0,-11
1555,0,1,-2,2,1,1,0,-1,-1,0,2,2,1,0,0,6,2,4,3,1,3,6,2,0,11,0,-11
1556,0,0,-2,2,0,1,-2,-1,-1,0,2,3,0,0,0,6,3,3,0,0,3,5,2,0,11,11,0
1557,0,0,-2,2,0,2,-2,0,-1,0,2,3,0,0,0,6,4,2,0,0,3,6,2,0,0,11,11
1558,0,-1,-3,3,-1,0,-1,-1,0,0,3,3,1,0,0,6,5,1,1,2,2,6,1,0,0,11,11
1559,0,-1,-4,4,-1,-2,-1,-1,1,1,1,1,1,1,1,14,0,0,2,1,3,6,1,11,11,11,0
1560,0,0,-4,4,0,-2,1,-1,1,0,4,6,0,0,0,8,1,7,0,0,4,5,1,0,11,0,-11
1561,0,1,-3,3,1,-1,1,1,1,0,2,2,1,0,0,8,2,6,1,3,4,6,1,0,11,0,-11
1562,0,-1,-4,4,-1,-1,1,-1,1,0,3,3,1,0,0,8,3,5,2,2,3,6,1,0,11,0,-11
1563,0,1,-3,3,1,1,2,-1,1,0,2,2,1,0,0,8,4,4,3,1,4,6,2,0,0,0,0
1564,0,0,-3,3,0,1,0,-1,-1,0,3,4,0,0,0,8,5,3,0,0,3,5,1,0,0,11,11
1565,0,1,-2,2,1,1,0,0,-1,0,2,2,1,0,0,8,6,2,1,1,3,6,1,0,0,11,11
1566,0,0,-2,2,0,2,0,1,-2,0,3,5,0,0,0,8,7,1,0,0,2,6,1,0,0,11,11
1567,0,-1,-3,3,-1,0,-1,1,-1,1,1,1,1,1,1,12,0,0,1,1,3,6,2,11,11,11,0
1568,0,0,-3,3,0,0,-1,1,0,0,2,7,0,0,0,4,1,3,0,0,3,5,2,0,11,11,0
1569,0,1,-2,2,1,0,-1,1,0,0,2,2,1,0,0,4,2,2,1,3,4,5,2,0,11,11,0
1570,0,-1,-3,3,-1,-1,-2,1,0,0,3,3,1,0,0,4,3,1,2,2,3,5,2,0,11,11,0
1571,0,-1,-4,4,-1,-1,0,-1,0,1,1,1,1,1,1,12,0,0,3,1,3,5,2,11,11,11,0
1572,0,0,-4,4,0,-1,1,-1,0,0,3,4,0,0,0,8,1,7,0,0,3,4,1,0,11,0,-11
1573,0,0,-4,4,0,-2,1,-2,0,0,2,3,0,0,0,8,2,6,0,0,2,5,1,0,11,0,-11
1574,0,1,-3,3,1,0,2,-1,-1,0,2,2,1,0,0,8,3,5,1,1,1,5,1,0,11,0,-11
1575,0,0,-3,3,0,1,0,0,-3,0,3,5,0,0,0,8,4,4,0,0,2,5,2,0,0,0,0
1576,0,0,-3,3,0,1,-1,0,-4,0,2,4,0,0,0,8,5,3,0,0,3,4,1,0,0,11,11
1577,0,1,-2,2,1,2,-1,0,-4,0,2,2,1,0,0,8,6,2,1,3,3,5,1,0,0,11,11
1578,0,-1,-3,3,-1,0,-3,0,-4,0,3,3,1,0,0,8,7,1,2,2,3,6,1,0,0,11,11
1579,0,-1,-4,4,-1,-1,-3,0,-4,1,1,1,1,1,1,12,0,0,3,1,4,6,2,11,11,11,0
1580,0,0,-4,4,0,-1,-3,0,-3,0,3,4,0,0,0,4,1,3,0,0,4,6,2,0,11,11,0
1581,0,-1,-5,5,-1,-3,-3,-1,-3,0,3,3,1,0,0,4,2,2,1,3,4,7,2,0,11,11,0
1582,0,-1,-6,6,-1,-3,-1,-3,-1,0,3,3,1,0,0,4,3,1,2,2,3,7,2,0,11,11,0
1583,0,-1,-7,7,-1,-3,-1,-4,1,1,1,1,1,1,1,18,0,0,3,1,4,6,2,11,11,11,0
1584,0,0,-7,7,0,-3,0,-4,3,0,3,7,0,0,0,14,1,13,0,0,4,5,1,0,11,0,-11
1585,0,1,-6,6,1,-1,0,-4,3,0,2,2,1,0,0,14,2,12,1,2,3,6,1,0,11,0,-11
1586,0,-1,-7,7,-1,-1,0,-4,2,0,3,3,1,0,0,14,3,11,2,1,2,6,1,0,11,0,-11
1587,0,0,-7,7,0,0,2,-3,4,0,2,3,0,0,0,14,4,10,0,0,3,6,1,0,0,0,0
1588,0,0,-7,7,0,0,3,-3,3,0,2,3,0,0,0,14,5,9,0,0,3,5,0,0,0,0,0
1589,0,1,-6,6,1,0,3,-1,3,0,2,2,1,0,0,14,6,8,1,3,3,5,0,0,0,0,0
1590,0,1,-5,5,1,2,2,1,1,0,4,4,1,0,0,14,7,7,2,2,3,5,0,0,0,0,0
1591,0,1,-4,4,1,3,2,3,-1,0,2,2,1,0,0,14,8,6,3,1,3,5,0,0,0,0,0
1592,0,0,-4,4,0,3,0,3,-3,0,2,4,0,0,0,14,9,5,0,0,3,5,0,0,0,0,0
1593,0,0,-4,4,0,2,0,2,-3,0,2,4,0,0,0,14,10,4,0,0,3,6,1,0,0,0,0
1594,0,1,-3,3,1,2,-1,4,-4,0,2,2,1,0,0,14,11,3,1,2,2,6,1,0,0,11,11
1595,0,-1,-4,4,-1,0,-3,3,-5,0,3,3,1,0,0,14,12,2,2,1,3,6,1,0,0,11,11
1596,0,0,-4,4,0,0,-3,3,-3,0,4,5,0,0,0,14,13,1,0,0,4,5,1,0,0,11,11
1597,0,-1,-5,5,-1,-1,-3,1,-3,1,1,1,1,1,1,18,0,0,1,3,4,6,2,11,11,11,0
1598,0,-1,-6,6,-1,-3,-3,-1,-3,0,3,3,1,0,0,4,1,3,2,2,3,6,2,0,11,11,0
1599,0,-1,-7,7,-1,-3,-2,-3,-3,0,3,3,1,0,0,4,2,2,3,1,4,6,2,0,11,11,0
1600,0,0,-7,7,0,-3,0,-3,-3,0,2,8,0,0,0,4,3,1,0,0,3,5,2,0,11,11,0
1601,0,-1,-8,8,-1,-3,0,-4,-3,1,1,1,1,1,1,10,0,0,1,1,3,6,2,11,11,11,0
1602,0,0,-8,8,0,-2,0,-5,-3,0,3,4,0,0,0,6,1,5,0,0,2,6,1,0,11,0,-11
1603,0,1,-7,7,1,0,-1,-3,-2,0,2,2,1,0,0,6,2,4,1,1,3,6,2,0,11,0,-11
1604,0,0,-7,7,0,0,-3,-3,-3,0,2,3,0,0,0,6,3,3,0,0,3,5,2,0,11,11,0
1605,0,-1,-8,8,-1,0,-3,-3,-3,0,3,3,1,0,0,6,4,2,1,3,4,6,3,0,0,11,11
1606,0,-1,-9,9,-1,-1,-3,-3,-3,0,3,3,1,0,0,6,5,1,2,2,3,6,2,0,0,22,22
1607,0,-1,-10,10,-1,-3,-1,-3,-3,1,1,1,1,1,1,8,0,0,3,1,4,6,2,11,11,22,11
1608,0,0,-10,10,0,-3,0,-3,-3,0,3,5,0,0,0,2,1,1,0,0,4,5,2,0,11,11,0
1609,0,-1,-11,11,-1,-3,0,-3,-3,1,1,1,1,1,1,6,0,0,1,2,3,6,3,11,22,11,-11
1610,0,1,-10,10,1,-1,0,-2,-2,0,4,4,1,0,0,4,1,3,2,1,2,6,3,0,22,11,-11
1611,0,0,-10,10,0,0,-2,-3,-2,0,2,3,0,0,0,4,2,2,0,0,3,6,3,0,11,11,0
1612,0,0,-10,10,0,0,-3,-3,-3,0,3,4,0,0,0,4,3,1,0,0,3,5,2,0,11,11,0
1613,0,-1,-11,11,-1,0,-3,-3,-3,1,1,1,1,1,1,10,0,0,1,3,3,5,2,11,11,11,0
1614,0,-1,-12,12,-1,-2,-2,-3,-3,0,3,3,1,0,0,6,1,5,2,2,3,5,1,0,11,0,-11
1615,0,-1,-13,13,-1,-3,0,-3,-1,0,3,3,1,0,0,6,2,4,3,1,3,5,2,0,11,0,-11
1616,0,0,-13,13,0,-3,0,-3,1,0,2,5,0,0,0,6,3,3,0,0,3,5,2,0,11,11,0
1617,0,0,-13,13,0,-2,0,-2,1,0,3,4,0,0,0,6,4,2,0,0,3,6,3,0,0,11,11
1618,0,1,-12,12,1,0,-1,-2,1,0,2,2,1,0,0,6,5,1,1,2,2,6,2,0,0,22,22
1619,0,-1,-13,13,-1,0,-1,-3,-1,1,1,1,1,1,1,8,0,0,2,1,3,6,2,11,11,22,11
1620,0,0,-13,13,0,0,1,-3,-1,0,3,7,0,0,0,2,1,1,0,0,4,5,2,0,11,11,0
1621,0,-1,-14,14,-1,-1,1,-3,-1,1,1,1,1,1,1,8,0,0,1,3,4,5,2,11,22,11,-11
1622,0,1,-13,13,1,-1,2,-1,0,0,2,2,1,0,0,6,1,5,2,2,3,6,2,0,22,0,-22
1623,0,1,-12,12,1,1,0,1,-2,0,2,2,1,0,0,6,2,4,3,1,3,6,3,0,11,0,-11
1624,0,0,-12,12,0,1,-2,1,-2,0,3,5,0,0,0,6,3,3,0,0,3,5,2,0,11,11,0
1625,0,0,-12,12,0,2,-2,1,-2,0,2,4,0,0,0,6,4,2,0,0,3,5,2,0,0,11,11
1626,0,-1,-13,13,-1,0,-2,-1,-1,0,3,3,1,0,0,6,5,1,1,2,2,5,1,0,0,11,11
1627,0,-1,-14,14,-1,-2,-2,-1,-1,1,1,1,1,1,1,16,0,0,2,1,2,5,1,11,11,11,0
1628,0,0,-14,14,0,-2,0,-1,-1,0,3,4,0,0,0,10,1,9,0,0,3,4,1,0,11,0,-11
1629,0,0,-14,14,0,-2,0,0,-1,0,2,3,0,0,0,10,2,8,0,0,3,5,1,0,11,0,-11
1630,0,-1,-15,15,-1,-2,1,-2,-2,0,3,3,1,0,0,10,3,7,1,2,2,6,1,0,11,0,-11
1631,0,1,-14,14,1,0,1,-2,-1,0,2,2,1,0,0,10,4,6,2,1,3,6,1,0,0,0,0
1632,0,0,-14,14,0,0,-1,-2,-1,0,3,7,0,0,0,10,5,5,0,0,4,5,0,0,0,0,0
1633,0,1,-13,13,1,1,-1,-1,-1,0,2,2,1,0,0,10,6,4,1,3,4,6,1,0,0,0,0
1634,0,-1,-14,14,-1,1,-3,-1,-1,0,3,3,1,0,0,10,7,3,2,2,3,6,1,0,0,11,11
1635,0,-1,-15,15,-1,-1,-2,-1,1,0,3,3,1,0,0,10,8,2,3,1,4,6,1,0,0,11,11
1636,0,0,-15,15,0,-1,0,-1,3,0,2,3,0,0,0,10,9,1,0,0,3,5,1,0,0,11,11
1637,0,-1,-16,16,-1,-3,0,-2,3,1,1,1,1,1,1,30,0,0,1,1,3,6,1,11,11,11,0
1638,0,0,-16,16,0,-2,2,-1,3,0,4,5,0,0,0,20,1,19,0,0,2,6,1,0,11,0,-11
1639,0,1,-15,15,1,0,3,-1,4,0,2,2,1,0,0,20,2,18,1,1,3,6,1,0,11,0,-11
1640,0,0,-15,15,0,0,3,-1,3,0,3,5,0,0,0,20,3,17,0,0,3,5,1,0,11,0,-11
1641,0,1,-14,14,1,2,3,-1,3,0,2,2,1,0,0,20,4,16,1,3,4,6,1,0,0,0,0
1642,0,1,-13,13,1,3,1,1,3,0,2,2,1,0,0,20,5,15,2,2,3,6,0,0,0,0,0
1643,0,1,-12,12,1,3,1,3,2,0,2,2,1,0,0,20,6,14,3,1,4,6,0,0,0,0,0
1644,0,0,-12,12,0,3,0,3,2,0,3,4,0,0,0,20,7,13,0,0,4,5,0,0,0,0,0
1645,0,-1,-13,13,-1,1,0,3,2,0,3,3,1,0,0,20,8,12,1,2,3,6,0,0,0,0,0
1646,0,1,-12,12,1,1,2,4,2,0,2,2,1,0,0,20,9,11,2,1,2,5,0,0,0,0,0
1647,0,0,-12,12,0,0,1,3,2,0,2,4,0,0,0,20,10,10,0,0,3,5,0,0,0,0,0
1648,0,0,-12,12,0,0,2,3,3,0,2,5,0,0,0,20,11,9,0,0,2,4,0,0,0,0,0
1649,0,1,-11,11,1,2,2,3,3,0,2,2,1,0,0,20,12,8,1,1,2,5,0,0,0,0,0
1650,0,0,-11,11,0,1,0,2,1,0,4,5,0,0,0,20,13,7,0,0,2,5,0,0,0,0,0
1651,0,1,-10,10,1,2,1,2,2,0,2,2,1,0,0,20,14,6,1,1,3,5,0,0,0,0,0
1652,0,0,-10,10,0,2,1,2,0,0,3,4,0,0,0,20,15,5,0,0,3,5,0,0,0,0,0
1653,0,-1,-11,11,-1,0,1,2,0,0,3,3,1,0,0,20,16,4,1,3,4,6,1,0,0,0,0
1654,0,1,-10,10,1,1,1,2,2,0,2,2,1,0,0,20,17,3,2,2,3,6,1,0,0,11,11
1655,0,1,-9,9,1,1,1,3,0,0,2,2,1,0,0,20,18,2,3,1,4,7,1,0,0,11,11
1656,0,0,-9,9,0,1,-1,3,-2,0,3,6,0,0,0,20,19,1,0,0,4,6,1,0,0,11,11
1657,0,-1,-10,10,-1,1,-1,1,-2,1,1,1,1,1,1,26,0,0,1,3,4,7,1,11,11,11,0
1658,0,1,-9,9,1,1,1,2,-1,0,2,2,1,0,0,6,1,5,2,2,3,7,1,0,11,0,-11
1659,0,-1,-10,10,-1,-1,-1,0,-2,0,3,3,1,0,0,6,2,4,3,1,4,7,2,0,11,0,-11
1660,0,0,-10,10,0,-1,-1,0,-2,0,3,4,0,0,0,6,3,3,0,0,4,6,2,0,11,11,0
1661,0,1,-9,9,1,1,-1,2,-2,0,2,2,1,0,0,6,4,2,1,3,4,6,2,0,0,11,11
1662,0,-1,-10,10,-1,-1,-2,0,-4,0,3,3,1,0,0,6,5,1,2,2,3,5,1,0,0,11,11
1663,0,-1,-11,11,-1,-1,-1,-2,-4,1,1,1,1,1,1,10,0,0,3,1,3,5,2,11,11,11,0
1664,0,0,-11,11,0,-1,-1,-2,-2,0,2,8,0,0,0,4,1,3,0,0,2,4,2,0,11,11,0
1665,0,0,-11,11,0,-2,-1,-1,-2,0,3,4,0,0,0,4,2,2,0,0,2,5,3,0,11,11,0
1666,0,0,-11,11,0,-1,-2,-2,-1,0,3,4,0,0,0,4,3,1,0,0,1,5,3,0,11,22,11
1667,0,-1,-12,12,-1,-1,-3,-2,-1,1,1,1,1,1,1,6,0,0,1,1,2,5,3,11,11,22,11
1668,0,0,-12,12,0,-1,-1,-2,0,0,3,4,0,0,0,2,1,1,0,0,3,4,2,0,11,11,0
1669,0,-1,-13,13,-1,-2,-1,-4,0,1,1,1,1,1,1,26,0,0,1,3,4,5,2,11,22,11,-11
1670,0,-1,-14,14,-1,-3,1,-4,0,0,3,3,1,0,0,24,1,23,2,2,3,5,2,0,22,0,-22
1671,0,1,-13,13,1,-1,2,-2,2,0,2,2,1,0,0,24,2,22,3,1,4,5,2,0,11,0,-11
1672,0,0,-13,13,0,-1,1,-2,2,0,3,5,0,0,0,24,3,21,0,0,3,4,1,0,11,0,-11
1673,0,1,-12,12,1,1,1,-1,2,0,2,2,1,0,0,24,4,20,1,1,2,5,1,0,0,0,0
1674,0,0,-12,12,0,2,-1,-1,1,0,3,5,0,0,0,24,5,19,0,0,1,5,0,0,0,0,0
1675,0,0,-12,12,0,1,0,0,1,0,2,3,0,0,0,24,6,18,0,0,2,5,0,0,0,0,0
1676,0,0,-12,12,0,1,1,0,1,0,2,3,0,0,0,24,7,17,0,0,2,4,0,0,0,0,0
1677,0,-1,-13,13,-1,-1,1,0,1,0,3,3,1,0,0,24,8,16,1,3,3,4,1,0,0,0,0
1678,0,1,-12,12,1,0,2,2,3,0,2,2,1,0,0,24,9,15,2,2,3,3,1,0,0,6,6
1679,0,1,-11,11,1,1,1,2,1,0,2,2,1,0,0,24,10,14,3,1,3,3,1,0,0,6,6
1680,0,0,-11,11,0,1,0,2,1,0,4,7,0,0,0,24,11,13,0,0,2,3,1,0,0,6,6
1681,0,0,-11,11,0,2,0,1,1,0,1,2,0,1,2,24,12,12,0,0,1,4,1,6,6,6,0
1682,0,0,-11,11,0,1,1,1,2,0,2,3,0,0,0,24,13,11,0,0,0,4,1,0,6,0,-6
1683,0,0,-11,11,0,0,0,1,2,0,3,4,0,0,0,24,14,10,0,0,1,4,1,0,6,0,-6
1684,0,0,-11,11,0,0,1,1,3,0,2,3,0,0,0,24,15,9,0,0,2,3,1,0,6,0,-6
1685,0,1,-10,10,1,1,1,3,3,0,2,2,1,0,0,24,16,8,1,3,3,4,1,0,0,0,0
1686,0,-1,-11,11,-1,0,1,1,1,0,3,3,1,0,0,24,17,7,2,2,3,4,0,0,0,0,0
1687,0,1,-10,10,1,1,2,1,2,0,2,2,1,0,0,24,18,6,3,1,4,5,0,0,0,0,0
1688,0,0,-10,10,0,1,2,1,0,0,2,4,0,0,0,24,19,5,0,0,3,5,0,0,0,0,0
1689,0,1,-9,9,1,1,2,2,0,0,2,2,1,0,0,24,20,4,1,1,3,6,1,0,0,0,0
1690,0,0,-9,9,0,2,0,2,-2,0,3,4,0,0,0,24,21,3,0,0,2,5,1,0,0,11,11
1691,0,1,-8,8,1,2,0,3,-3,0,2,2,1,0,0,24,22,2,1,1,3,5,1,0,0,11,11
1692,0,0,-8,8,0,2,-2,3,-5,0,3,5,0,0,0,24,23,1,0,0,2,4,1,0,0,11,11
1693,0,-1,-9,9,-1,0,-2,1,-5,1,1,1,1,1,1,28,0,0,1,1,3,5,2,11,11,11,0
1694,0,0,-9,9,0,0,-2,2,-4,0,3,4,0,0,0,4,1,3,0,0,2,5,2,0,11,11,0
1695,0,-1,-10,10,-1,-2,-3,0,-5,0,3,3,1,0,0,4,2,2,1,1,3,6,3,0,11,11,0
1696,0,0,-10,10,0,-2,-3,0,-3,0,2,6,0,0,0,4,3,1,0,0,3,5,3,0,11,22,11
1697,0,-1,-11,11,-1,-2,-3,-2,-3,1,1,1,1,1,1,6,0,0,1,3,4,5,3,11,11,22,11
1698,0,-1,-12,12,-1,-3,-2,-3,-3,0,3,3,1,0,0,2,1,1,2,2,3,5,2,0,11,11,0
1699,0,-1,-13,13,-1,-3,-2,-5,-1,1,1,1,1,1,1,12,0,0,3,1,3,6,2,11,22,11,-11
1700,0,0,-13,13,0,-3,0,-5,1,0,3,5,0,0,0,10,1,9,0,0,3,5,2,0,22,0,-22
1701,0,0,-13,13,0,-2,0,-4,1,0,2,6,0,0,0,10,2,8,0,0,3,6,2,0,11,0,-11
1702,0,-1,-14,14,-1,-2,-1,-5,0,0,3,3,1,0,0,10,3,7,1,2,2,6,1,0,11,0,-11
1703,0,1,-13,13,1,0,1,-3,1,0,2,2,1,0,0,10,4,6,2,1,3,6,1,0,0,0,0
1704,0,0,-13,13,0,0,1,-3,1,0,3,5,0,0,0,10,5,5,0,0,4,5,0,0,0,0,0
1705,0,-1,-14,14,-1,-1,1,-3,1,0,3,3,1,0,0,10,6,4,1,3,4,6,1,0,0,0,0
1706,0,1,-13,13,1,1,1,-1,3,0,2,2,1,0,0,10,7,3,2,2,3,6,1,0,0,11,11
1707,0,1,-12,12,1,1,0,1,3,0,2,2,1,0,0,10,8,2,3,1,4,6,1,0,0,11,11
1708,0,0,-12,12,0,1,0,1,2,0,3,4,0,0,0,10,9,1,0,0,3,5,1,0,0,11,11
1709,0,-1,-13,13,-1,1,0,0,2,1,1,1,1,1,1,22,0,0,1,1,3,6,1,11,11,11,0
1710,0,0,-13,13,0,0,2,1,4,0,4,5,0,0,0,12,1,11,0,0,2,6,1,0,11,0,-11
1711,0,1,-12,12,1,0,3,1,5,0,2,2,1,0,0,12,2,10,1,1,3,5,1,0,11,0,-11
1712,0,0,-12,12,0,0,2,1,4,0,2,5,0,0,0,12,3,9,0,0,3,4,1,0,11,0,-11
1713,0,1,-11,11,1,2,2,3,4,0,2,2,1,0,0,12,4,8,1,2,3,5,1,0,0,0,0
1714,0,1,-10,10,1,3,2,3,2,0,2,2,1,0,0,12,5,7,2,1,2,5,0,0,0,0,0
1715,0,0,-10,10,0,2,2,2,2,0,2,4,0,0,0,12,6,6,0,0,3,5,0,0,0,0,0
1716,0,0,-10,10,0,2,2,2,1,0,4,5,0,0,0,12,7,5,0,0,3,4,0,0,0,0,0
1717,0,1,-9,9,1,2,2,4,1,0,2,2,1,0,0,12,8,4,1,2,2,5,1,0,0,0,0
1718,0,1,-8,8,1,2,0,5,0,0,2,2,1,0,0,12,9,3,2,1,2,5,1,0,0,11,11
1719,0,0,-8,8,0,2,0,4,0,0,2,3,0,0,0,12,10,2,0,0,3,5,2,0,0,11,11
1720,0,0,-8,8,0,2,-1,4,1,0,3,5,0,0,0,12,11,1,0,0,3,5,2,0,0,22,22
1721,0,-1,-9,9,-1,0,-1,2,1,1,1,1,1,1,1,14,0,0,1,3,3,5,2,11,11,22,11
1722,0,1,-8,8,1,0,0,2,1,0,4,4,1,0,0,2,1,1,2,2,3,5,2,0,11,11,0
1723,0,-1,-9,9,-1,-1,0,1,-1,1,1,1,1,1,1,12,0,0,3,1,3,5,2,11,22,11,-11
1724,0,0,-9,9,0,-1,2,1,1,0,2,3,0,0,0,10,1,9,0,0,3,5,2,0,22,0,-22
1725,0,0,-9,9,0,0,2,0,1,0,3,4,0,0,0,10,2,8,0,0,3,6,2,0,11,0,-11
1726,0,1,-8,8,1,0,1,0,0,0,2,2,1,0,0,10,3,7,1,2,2,6,1,0,11,0,-11
1727,0,1,-7,7,1,2,-1,1,-1,0,2,2,1,0,0,10,4,6,2,1,3,6,1,0,0,0,0
1728,0,0,-7,7,0,2,-1,1,-1,0,2,9,0,0,0,10,5,5,0,0,4,5,0,0,0,0,0
1729,0,-1,-8,8,-1,1,-1,1,-1,0,3,3,1,0,0,10,6,4,1,3,4,6,1,0,0,0,0
1730,0,-1,-9,9,-1,-1,-1,-1,0,0,3,3,1,0,0,10,7,3,2,2,3,6,1,0,0,11,11
1731,0,1,-8,8,1,-1,0,1,0,0,2,2,1,0,0,10,8,2,3,1,4,6,1,0,0,11,11
1732,0,0,-8,8,0,-1,0,1,0,0,2,3,0,0,0,10,9,1,0,0,3,5,1,0,0,11,11
1733,0,-1,-9,9,-1,-1,0,0,0,1,1,1,1,1,1,18,0,0,1,1,3,5,1,11,11,11,0
1734,0,0,-9,9,0,0,1,-1,0,0,3,4,0,0,0,8,1,7,0,0,2,5,1,0,11,0,-11
1735,0,1,-8,8,1,0,0,-1,-1,0,2,2,1,0,0,8,2,6,1,1,2,5,1,0,11,0,-11
1736,0,0,-8,8,0,0,0,-1,-3,0,3,5,0,0,0,8,3,5,0,0,2,4,1,0,11,0,-11
1737,0,0,-8,8,0,1,0,0,-3,0,2,3,0,0,0,8,4,4,0,0,3,5,2,0,0,0,0
1738,0,-1,-9,9,-1,0,-1,0,-2,0,3,3,1,0,0,8,5,3,1,2,2,5,1,0,0,11,11
1739,0,1,-8,8,1,0,-1,0,-1,0,2,2,1,0,0,8,6,2,2,1,3,6,1,0,0,11,11
1740,0,0,-8,8,0,0,-3,0,-3,0,4,5,0,0,0,8,7,1,0,0,4,5,1,0,0,11,11
1741,0,-1,-9,9,-1,-1,-3,0,-3,1,1,1,1,1,1,14,0,0,1,3,4,6,1,11,11,11,0
1742,0,-1,-10,10,-1,-1,-1,-1,-3,0,3,3,1,0,0,6,1,5,2,2,3,6,1,0,11,0,-11
1743,0,-1,-11,11,-1,-3,0,-3,-2,0,3,3,1,0,0,6,2,4,3,1,4,6,2,0,11,0,-11
1744,0,0,-11,11,0,-3,0,-3,0,0,2,5,0,0,0,6,3,3,0,0,3,5,2,0,11,11,0
1745,0,1,-10,10,1,-1,0,-2,0,0,2,2,1,0,0,6,4,2,1,1,3,6,2,0,0,11,11
1746,0,0,-10,10,0,0,-2,-1,-2,0,3,4,0,0,0,6,5,1,0,0,2,5,1,0,0,11,11
1747,0,-1,-11,11,-1,0,-2,-3,-1,1,1,1,1,1,1,12,0,0,1,1,3,5,1,11,11,11,0
1748,0,0,-11,11,0,0,0,-3,0,0,3,4,0,0,0,6,1,5,0,0,2,4,1,0,11,0,-11
1749,0,-1,-12,12,-1,-2,0,-3,0,0,3,3,1,0,0,6,2,4,1,1,3,5,2,0,11,0,-11
1750,0,0,-12,12,0,-2,0,-2,2,0,3,5,0,0,0,6,3,3,0,0,2,5,2,0,11,11,0
1751,0,1,-11,11,1,0,1,0,1,0,2,2,1,0,0,6,4,2,1,1,3,5,2,0,0,11,11
1752,0,0,-11,11,0,0,0,0,-1,0,3,5,0,0,0,6,5,1,0,0,3,4,1,0,0,11,11
1753,0,-1,-12,12,-1,0,0,-2,-1,1,1,1,1,1,1,12,0,0,1,2,3,5,1,11,11,11,0
1754,0,1,-11,11,1,1,2,-1,1,0,2,2,1,0,0,6,1,5,2,1,2,5,1,0,11,0,-11
1755,0,0,-11,11,0,0,0,0,1,0,3,5,0,0,0,6,2,4,0,0,3,6,2,0,11,0,-11
1756,0,0,-11,11,0,0,-1,0,2,0,2,3,0,0,0,6,3,3,0,0,3,5,2,0,11,11,0
1757,0,1,-10,10,1,2,-1,2,2,0,2,2,1,0,0,6,4,2,1,3,3,6,2,0,0,11,11
1758,0,-1,-11,11,-1,0,-1,1,2,0,3,3,1,0,0,6,5,1,2,2,3,6,1,0,0,11,11
1759,0,-1,-12,12,-1,-1,1,-1,4,1,1,1,1,1,1,24,0,0,3,1,4,6,1,11,11,11,0
1760,0,0,-12,12,0,-1,3,-1,4,0,3,7,0,0,0,18,1,17,0,0,4,6,1,0,11,0,-11
1761,0,1,-11,11,1,-1,3,1,4,0,2,2,1,0,0,18,2,16,1,3,4,7,1,0,11,0,-11
1762,0,1,-10,10,1,1,3,1,4,0,2,2,1,0,0,18,3,15,2,2,3,7,1,0,11,0,-11
1763,0,1,-9,9,1,3,3,2,4,0,2,2,1,0,0,18,4,14,3,1,4,7,1,0,0,0,0
1764,0,0,-9,9,0,3,1,2,2,0,3,6,0,0,0,18,5,13,0,0,4,6,0,0,0,0,0
1765,0,1,-8,8,1,3,1,2,2,0,2,2,1,0,0,18,6,12,1,3,4,7,0,0,0,0,0
1766,0,1,-7,7,1,3,1,4,1,0,2,2,1,0,0,18,7,11,2,2,3,7,0,0,0,0,0
1767,0,-1,-8,8,-1,1,1,4,1,0,3,3,1,0,0,18,8,10,3,1,4,7,0,0,0,0,0
1768,0,0,-8,8,0,1,1,4,2,0,3,5,0,0,0,18,9,9,0,0,4,6,0,0,0,0,0
1769,0,1,-7,7,1,1,1,4,2,0,2,2,1,0,0,18,10,8,1,3,4,6,0,0,0,0,0
1770,0,1,-6,6,1,1,0,4,0,0,4,4,1,0,0,18,11,7,2,2,3,6,0,0,0,0,0
1771,0,-1,-7,7,-1,1,0,2,-2,0,3,3,1,0,0,18,12,6,3,1,3,5,0,0,0,0,0
1772,0,0,-7,7,0,1,1,2,0,0,2,3,0,0,0,18,13,5,0,0,3,4,0,0,0,0,0
1773,0,0,-7,7,0,0,1,1,0,0,2,3,0,0,0,18,14,4,0,0,2,5,1,0,0,0,0
1774,0,1,-6,6,1,0,0,1,1,0,2,2,1,0,0,18,15,3,1,1,1,5,1,0,0,11,11
1775,0,0,-6,6,0,1,-2,2,0,0,2,3,0,0,0,18,16,2,0,0,2,5,1,0,0,11,11
1776,0,0,-6,6,0,1,-1,2,-1,0,3,6,0,0,0,18,17,1,0,0,3,4,1,0,0,11,11
1777,0,-1,-7,7,-1,0,-1,0,-1,1,1,1,1,1,1,24,0,0,1,3,3,5,1,11,11,11,0
1778,0,-1,-8,8,-1,-2,1,-2,1,0,3,3,1,0,0,6,1,5,2,2,3,5,1,0,11,0,-11
1779,0,1,-7,7,1,-1,2,0,1,0,2,2,1,0,0,6,2,4,3,1,4,5,2,0,11,0,-11
1780,0,0,-7,7,0,-1,0,0,-1,0,3,4,0,0,0,6,3,3,0,0,3,5,2,0,11,11,0
1781,0,1,-6,6,1,1,0,1,-1,0,2,2,1,0,0,6,4,2,1,1,3,6,2,0,0,11,11
1782,0,0,-6,6,0,2,0,0,-3,0,3,6,0,0,0,6,5,1,0,0,2,6,1,0,0,11,11
1783,0,-1,-7,7,-1,0,-1,-1,-4,1,1,1,1,1,1,10,0,0,1,1,3,6,2,11,11,11,0
1784,0,0,-7,7,0,0,-1,-1,-3,0,2,4,0,0,0,4,1,3,0,0,3,5,2,0,11,11,0
1785,0,1,-6,6,1,0,-1,1,-3,0,4,4,1,0,0,4,2,2,1,3,4,6,3,0,11,11,0
1786,0,-1,-7,7,-1,-1,-3,1,-3,0,3,3,1,0,0,4,3,1,2,2,3,6,3,0,11,22,11
1787,0,-1,-8,8,-1,-1,-3,-1,-1,1,1,1,1,1,1,6,0,0,3,1,4,6,3,11,11,22,11
1788,0,0,-8,8,0,-1,-2,-1,1,0,3,4,0,0,0,2,1,1,0,0,4,5,2,0,11,11,0
1789,0,-1,-9,9,-1,-3,-2,-3,1,1,1,1,1,1,1,14,0,0,1,2,3,6,2,11,22,11,-11
1790,0,-1,-10,10,-1,-3,0,-4,3,0,3,3,1,0,0,12,1,11,2,1,2,6,2,0,22,0,-22
1791,0,0,-10,10,0,-2,2,-3,3,0,2,3,0,0,0,12,2,10,0,0,3,6,2,0,11,0,-11
1792,0,0,-10,10,0,-2,3,-3,4,0,2,9,0,0,0,12,3,9,0,0,3,5,1,0,11,0,-11
1793,0,1,-9,9,1,0,3,-3,4,0,2,2,1,0,0,12,4,8,1,3,3,6,1,0,0,0,0
1794,0,1,-8,8,1,2,3,-1,2,0,4,4,1,0,0,12,5,7,2,2,3,6,0,0,0,0,0
1795,0,1,-7,7,1,3,1,1,0,0,2,2,1,0,0,12,6,6,3,1,4,6,0,0,0,0,0
1796,0,0,-7,7,0,3,1,1,0,0,2,3,0,0,0,12,7,5,0,0,4,6,0,0,0,0,0
1797,0,1,-6,6,1,3,1,3,0,0,2,2,1,0,0,12,8,4,1,3,4,7,1,0,0,0,0
1798,0,-1,-7,7,-1,1,-1,3,-1,0,3,3,1,0,0,12,9,3,2,2,3,7,1,0,0,11,11
1799,0,1,-6,6,1,1,-1,4,1,0,2,2,1,0,0,12,10,2,3,1,4,7,1,0,0,11,11
1800,0,0,-6,6,0,1,-1,4,1,0,3,7,0,0,0,12,11,1,0,0,4,6,1,0,0,11,11
1801,0,-1,-7,7,-1,-1,-1,2,1,1,1,1,1,1,1,22,0,0,1,3,4,6,1,11,11,11,0
1802,0,-1,-8,8,-1,-1,0,0,2,0,3,3,1,0,0,10,1,9,2,2,3,6,1,0,11,0,-11
1803,0,1,-7,7,1,-1,2,0,2,0,2,2,1,0,0,10,2,8,3,1,3,6,1,0,11,0,-11
1804,0,0,-7,7,0,-1,2,0,0,0,3,4,0,0,0,10,3,7,0,0,3,5,1,0,11,0,-11
1805,0,0,-7,7,0,0,2,-1,0,0,2,3,0,0,0,10,4,6,0,0,3,5,1,0,0,0,0
1806,0,1,-6,6,1,2,2,1,0,0,4,4,1,0,0,10,5,5,1,2,2,5,0,0,0,0,0
1807,0,1,-5,5,1,2,0,1,0,0,2,2,1,0,0,10,6,4,2,1,2,5,1,0,0,0,0
1808,0,0,-5,5,0,2,-2,1,-1,0,2,5,0,0,0,10,7,3,0,0,3,4,1,0,0,11,11
1809,0,0,-5,5,0,2,-2,2,-1,0,2,4,0,0,0,10,8,2,0,0,3,4,1,0,0,11,11
1810,0,-1,-6,6,-1,0,-2,2,0,0,3,3,1,0,0,10,9,1,1,2,2,5,1,0,0,11,11
1811,0,-1,-7,7,-1,-2,0,0,1,1,1,1,1,1,1,22,0,0,2,1,2,4,1,11,11,11,0
1812,0,0,-7,7,0,-2,1,0,3,0,3,4,0,0,0,12,1,11,0,0,3,3,1,0,11,0,-11
1813,0,0,-7,7,0,-2,1,0,3,0,2,3,0,0,0,12,2,10,0,0,2,4,1,0,11,0,-11
1814,0,1,-6,6,1,0,2,0,4,0,2,2,1,0,0,12,3,9,1,1,1,4,1,0,11,0,-11
1815,0,0,-6,6,0,1,1,-1,4,0,3,4,0,0,0,12,4,8,0,0,2,4,1,0,0,0,0
1816,0,0,-6,6,0,1,2,-1,3,0,2,4,0,0,0,12,5,7,0,0,2,3,0,0,0,0,0
1817,0,1,-5,5,1,2,2,0,3,0,2,2,1,0,0,12,6,6,1,1,2,4,0,0,0,0,0
1818,0,0,-5,5,0,1,2,1,2,0,3,4,0,0,0,12,7,5,0,0,2,5,0,0,0,0,0
1819,0,1,-4,4,1,2,3,3,1,0,2,2,1,0,0,12,8,4,1,1,3,5,1,0,0,0,0
1820,0,0,-4,4,0,2,1,3,0,0,4,5,0,0,0,12,9,3,0,0,3,5,1,0,0,11,11
1821,0,1,-3,3,1,2,1,4,0,0,2,2,1,0,0,12,10,2,1,3,4,5,1,0,0,11,11
1822,0,1,-2,2,1,3,0,4,0,0,2,2,1,0,0,12,11,1,2,2,3,5,1,0,0,11,11
1823,0,-1,-3,3,-1,1,-2,3,0,1,1,1,1,1,1,20,0,0,3,1,3,5,1,11,11,11,0
1824,0,0,-3,3,0,1,-1,3,0,0,3,7,0,0,0,8,1,7,0,0,3,4,1,0,11,0,-11
1825,0,0,-3,3,0,0,-1,2,0,0,2,3,0,0,0,8,2,6,0,0,2,5,1,0,11,0,-11
1826,0,-1,-4,4,-1,-2,0,1,-1,0,3,3,1,0,0,8,3,5,1,1,1,5,1,0,11,0,-11
1827,0,0,-4,4,0,-1,2,0,-1,0,3,4,0,0,0,8,4,4,0,0,2,5,2,0,0,0,0
1828,0,0,-4,4,0,-1,1,0,0,0,2,3,0,0,0,8,5,3,0,0,3,4,1,0,0,11,11
1829,0,1,-3,3,1,0,1,0,0,0,2,2,1,0,0,8,6,2,1,3,3,5,1,0,0,11,11
1830,0,1,-2,2,1,2,-1,0,0,0,4,4,1,0,0,8,7,1,2,2,3,6,1,0,0,11,11
1831,0,-1,-3,3,-1,1,-3,0,0,1,1,1,1,1,1,24,0,0,3,1,4,6,1,11,11,11,0
1832,0,0,-3,3,0,1,-1,0,2,0,2,4,0,0,0,16,1,15,0,0,4,6,1,0,11,0,-11
1833,0,-1,-4,4,-1,-1,-1,-1,2,0,3,3,1,0,0,16,2,14,1,3,4,7,1,0,11,0,-11
1834,0,-1,-5,5,-1,-3,1,-1,4,0,3,3,1,0,0,16,3,13,2,2,3,7,1,0,11,0,-11
1835,0,1,-4,4,1,-1,3,0,4,0,2,2,1,0,0,16,4,12,3,1,4,7,1,0,0,0,0
1836,0,0,-4,4,0,-1,3,0,4,0,3,6,0,0,0,16,5,11,0,0,4,6,0,0,0,0,0
1837,0,1,-3,3,1,1,3,0,4,0,2,2,1,0,0,16,6,10,1,3,4,7,0,0,0,0,0
1838,0,1,-2,2,1,3,3,0,3,0,2,2,1,0,0,16,7,9,2,2,3,7,0,0,0,0,0
1839,0,1,-1,1,1,3,1,2,1,0,2,2,1,0,0,16,8,8,3,1,4,7,0,0,0,0,0
1840,0,0,-1,1,0,3,1,2,-1,0,3,6,0,0,0,16,9,7,0,0,4,6,0,0,0,0,0
1841,0,1,0,0,1,3,1,4,-1,0,2,2,1,0,0,16,10,6,1,3,4,6,0,0,0,0,0
1842,0,-1,-1,1,-1,1,0,4,-2,0,3,3,1,0,0,16,11,5,2,2,3,6,0,0,0,0,0
1843,0,1,0,0,1,1,0,4,-1,0,2,2,1,0,0,16,12,4,3,1,3,6,1,0,0,0,0
1844,0,0,0,0,0,1,-2,4,-1,0,2,3,0,0,0,16,13,3,0,0,3,5,1,0,0,11,11
1845,0,0,0,0,0,0,-2,3,-1,0,3,4,0,0,0,16,14,2,0,0,3,5,2,0,0,11,11
1846,0,-1,-1,1,-1,0,-2,1,0,0,3,3,1,0,0,16,15,1,1,2,2,4,2,0,0,17,17
1847,0,-1,-2,2,-1,-2,-1,-1,1,1,1,1,1,1,1,30,0,0,2,1,2,4,2,11,11,17,6
1848,0,0,-2,2,0,-2,1,-1,1,0,4,6,0,0,0,14,1,13,0,0,2,3,2,0,11,6,-5
1849,0,0,-2,2,0,-2,1,-2,1,0,1,2,0,1,2,14,2,12,0,0,2,4,2,6,17,6,-11
1850,0,0,-2,2,0,-1,2,-1,2,0,3,4,0,0,0,14,3,11,0,0,1,4,2,0,17,0,-17
1851,0,1,-1,1,1,1,2,-1,3,0,2,2,1,0,0,14,4,10,1,1,2,4,2,0,6,0,-6
1852,0,0,-1,1,0,1,0,-1,2,0,2,3,0,0,0,14,5,9,0,0,2,3,1,0,6,0,-6
1853,0,1,0,0,1,2,0,0,2,0,2,2,1,0,0,14,6,8,1,1,3,4,1,0,0,0,0
1854,0,0,0,0,0,2,0,1,0,0,3,4,0,0,0,14,7,7,0,0,2,5,0,0,0,0,0
1855,0,-1,-1,1,-1,0,1,1,0,0,3,3,1,0,0,14,8,6,1,1,3,5,0,0,0,0,0
1856,0,0,-1,1,0,0,2,1,1,0,2,7,0,0,0,14,9,5,0,0,3,4,0,0,0,0,0
1857,0,1,0,0,1,0,2,2,1,0,2,2,1,0,0,14,10,4,1,2,3,5,1,0,0,0,0
1858,0,1,1,1,1,1,0,3,1,0,2,2,1,0,0,14,11,3,2,1,2,4,1,0,0,11,11
1859,0,0,1,1,0,2,-1,2,-1,0,2,3,0,0,0,14,12,2,0,0,3,4,1,0,0,11,11
1860,0,0,1,1,0,2,-1,2,-2,0,4,5,0,0,0,14,13,1,0,0,2,3,1,0,0,11,11
1861,0,-1,0,0,-1,0,-1,0,-2,1,1,1,1,1,1,20,0,0,1,1,1,4,1,11,11,11,0
1862,0,0,0,0,0,-1,1,0,-2,0,3,4,0,0,0,6,1,5,0,0,1,4,1,0,11,0,-11
1863,0,0,0,0,0,-1,0,1,-1,0,2,5,0,0,0,6,2,4,0,0,2,4,2,0,11,0,-11
1864,0,0,0,0,0,-1,-1,1,-2,0,2,4,0,0,0,6,3,3,0,0,2,4,2,0,11,11,0
1865,0,1,1,1,1,1,-1,1,-2,0,2,2,1,0,0,6,4,2,1,3,3,5,2,0,0,11,11
1866,0,-1,0,0,-1,0,-3,-1,-4,0,3,3,1,0,0,6,5,1,2,2,3,5,1,0,0,11,11
1867,0,-1,-1,1,-1,-1,-1,-2,-2,1,1,1,1,1,1,10,0,0,3,1,4,6,2,11,11,11,0
1868,0,0,-1,1,0,-1,-1,-2,-1,0,2,3,0,0,0,4,1,3,0,0,4,6,2,0,11,11,0
1869,0,-1,-2,2,-1,-3,-1,-2,-1,0,3,3,1,0,0,4,2,2,1,3,4,7,3,0,11,11,0
1870,0,1,-1,1,1,-1,-1,-1,-1,0,4,4,1,0,0,4,3,1,2,2,3,7,3,0,11,22,11
1871,0,-1,-2,2,-1,-1,-1,-2,-3,1,1,1,1,1,1,6,0,0,3,1,4,6,3,11,11,22,11
1872,0,0,-2,2,0,-1,0,-2,-3,0,3,7,0,0,0,2,1,1,0,0,4,5,2,0,11,11,0
1873,0,-1,-3,3,-1,-1,0,-4,-3,1,1,1,1,1,1,6,0,0,1,2,3,6,3,11,22,11,-11
1874,0,1,-2,2,1,-1,0,-2,-2,0,2,2,1,0,0,4,1,3,2,1,2,6,3,0,22,11,-11
1875,0,0,-2,2,0,0,-2,-1,-2,0,2,5,0,0,0,4,2,2,0,0,3,6,4,0,11,11,0
1876,0,0,-2,2,0,0,-3,-1,-1,0,3,4,0,0,0,4,3,1,0,0,3,5,3,0,11,22,11
1877,0,-1,-3,3,-1,0,-3,-1,-1,1,1,1,1,1,1,6,0,0,1,3,3,5,3,11,11,22,11
1878,0,-1,-4,4,-1,-2,-2,-3,-1,0,3,3,1,0,0,2,1,1,2,2,3,5,2,0,11,11,0
1879,0,-1,-5,5,-1,-3,0,-3,-1,1,1,1,1,1,1,12,0,0,3,1,3,5,2,11,22,11,-11
1880,0,0,-5,5,0,-3,2,-3,-1,0,3,5,0,0,0,10,1,9,0,0,3,5,2,0,22,0,-22
1881,0,0,-5,5,0,-2,2,-2,-1,0,3,4,0,0,0,10,2,8,0,0,3,6,2,0,11,0,-11
1882,0,1,-4,4,1,0,1,-2,-2,0,2,2,1,0,0,10,3,7,1,2,2,6,1,0,11,0,-11
1883,0,1,-3,3,1,2,-1,-1,-3,0,2,2,1,0,0,10,4,6,2,1,3,6,1,0,0,0,0
1884,0,0,-3,3,0,2,-3,-1,-3,0,3,4,0,0,0,10,5,5,0,0,4,5,0,0,0,0,0
1885,0,-1,-4,4,-1,1,-3,-1,-3,0,3,3,1,0,0,10,6,4,1,3,4,6,1,0,0,0,0
1886,0,-1,-5,5,-1,-1,-3,-1,-1,0,3,3,1,0,0,10,7,3,2,2,3,6,1,0,0,11,11
1887,0,-1,-6,6,-1,-3,-2,-1,1,0,3,3,1,0,0,10,8,2,3,1,4,6,1,0,0,11,11
1888,0,0,-6,6,0,-3,0,-1,3,0,2,6,0,0,0,10,9,1,0,0,3,5,1,0,0,11,11
1889,0,-1,-7,7,-1,-3,0,-2,3,1,1,1,1,1,1,22,0,0,1,1,3,6,1,11,11,11,0
1890,0,0,-7,7,0,-2,2,-3,5,0,4,6,0,0,0,12,1,11,0,0,2,6,1,0,11,0,-11
1891,0,1,-6,6,1,0,3,-3,4,0,2,2,1,0,0,12,2,10,1,1,3,6,1,0,11,0,-11
1892,0,0,-6,6,0,0,3,-3,3,0,3,4,0,0,0,12,3,9,0,0,3,5,1,0,11,0,-11
1893,0,1,-5,5,1,2,3,-1,3,0,2,2,1,0,0,12,4,8,1,3,4,6,1,0,0,0,0
1894,0,1,-4,4,1,3,3,1,1,0,2,2,1,0,0,12,5,7,2,2,3,6,0,0,0,0,0
1895,0,1,-3,3,1,3,1,3,-1,0,2,2,1,0,0,12,6,6,3,1,4,6,0,0,0,0,0
1896,0,0,-3,3,0,3,0,3,-1,0,3,5,0,0,0,12,7,5,0,0,4,5,0,0,0,0,0
1897,0,1,-2,2,1,3,0,5,-1,0,2,2,1,0,0,12,8,4,1,2,3,6,1,0,0,0,0
1898,0,-1,-3,3,-1,1,-2,4,-3,0,3,3,1,0,0,12,9,3,2,1,2,6,1,0,0,11,11
1899,0,0,-3,3,0,0,-2,3,-1,0,2,3,0,0,0,12,10,2,0,0,3,6,1,0,0,11,11
1900,0,0,-3,3,0,0,-1,3,-2,0,3,5,0,0,0,12,11,1,0,0,3,5,1,0,0,11,11
1901,0,-1,-4,4,-1,-2,-1,1,-2,1,1,1,1,1,1,18,0,0,1,3,3,6,1,11,11,11,0
1902,0,-1,-5,5,-1,-2,-1,-1,0,0,3,3,1,0,0,6,1,5,2,2,3,6,1,0,11,0,-11
1903,0,1,-4,4,1,-1,1,-1,0,0,2,2,1,0,0,6,2,4,3,1,4,6,2,0,11,0,-11
1904,0,0,-4,4,0,-1,-1,-1,-1,0,3,6,0,0,0,6,3,3,0,0,4,6,2,0,11,11,0
1905,0,-1,-5,5,-1,-1,-1,-3,-1,0,3,3,1,0,0,6,4,2,1,3,4,7,2,0,0,11,11
1906,0,1,-4,4,1,1,1,-1,-1,0,2,2,1,0,0,6,5,1,2,2,3,7,1,0,0,11,11
1907,0,-1,-5,5,-1,-1,-1,-2,-1,1,1,1,1,1,1,12,0,0,3,1,4,6,1,11,11,11,0
1908,0,0,-5,5,0,-1,0,-2,1,0,3,5,0,0,0,6,1,5,0,0,4,5,1,0,11,0,-11
1909,0,1,-4,4,1,1,0,0,1,0,2,2,1,0,0,6,2,4,1,2,3,6,2,0,11,0,-11
1910,0,-1,-5,5,-1,-1,-2,0,0,0,3,3,1,0,0,6,3,3,2,1,2,6,2,0,11,11,0
1911,0,0,-5,5,0,0,0,-1,0,0,3,4,0,0,0,6,4,2,0,0,3,6,2,0,0,11,11
1912,0,0,-5,5,0,0,1,-1,1,0,2,4,0,0,0,6,5,1,0,0,3,5,1,0,0,11,11
1913,0,-1,-6,6,-1,-2,1,-1,1,1,1,1,1,1,1,24,0,0,1,3,3,5,1,11,11,11,0
1914,0,1,-5,5,1,0,2,-1,3,0,4,4,1,0,0,18,1,17,2,2,3,5,1,0,11,0,-11
1915,0,1,-4,4,1,1,0,1,2,0,2,2,1,0,0,18,2,16,3,1,3,5,1,0,11,0,-11
1916,0,0,-4,4,0,1,0,1,2,0,2,3,0,0,0,18,3,15,0,0,3,5,1,0,11,0,-11
1917,0,0,-4,4,0,2,0,0,2,0,2,4,0,0,0,18,4,14,0,0,3,6,1,0,0,0,0
1918,0,-1,-5,5,-1,0,1,0,2,0,3,3,1,0,0,18,5,13,1,2,2,5,0,0,0,0,0
1919,0,1,-4,4,1,0,2,1,3,0,2,2,1,0,0,18,6,12,2,1,3,5,0,0,0,0,0
1920,0,0,-4,4,0,0,2,1,3,0,3,9,0,0,0,18,7,11,0,0,3,4,0,0,0,0,0
1921,0,1,-3,3,1,1,2,3,3,0,2,2,1,0,0,18,8,10,1,1,3,4,0,0,0,0,0
1922,0,0,-3,3,0,2,1,2,3,0,2,3,0,0,0,18,9,9,0,0,2,4,0,0,0,0,0
1923,0,1,-2,2,1,2,1,2,2,0,2,2,1,0,0,18,10,8,1,1,2,4,0,0,0,0,0
1924,0,0,-2,2,0,2,1,2,0,0,3,4,0,0,0,18,11,7,0,0,1,3,0,0,0,0,0
1925,0,0,-2,2,0,1,1,2,0,0,3,4,0,0,0,18,12,6,0,0,2,4,0,0,0,0,0
1926,0,0,-2,2,0,1,2,3,-1,0,3,4,0,0,0,18,13,5,0,0,1,4,0,0,0,0,0
1927,0,1,-1,1,1,1,1,3,0,0,2,2,1,0,0,18,14,4,1,1,2,5,1,0,0,0,0
1928,0,0,-1,1,0,1,-1,3,-1,0,2,4,0,0,0,18,15,3,0,0,3,4,1,0,0,11,11
1929,0,1,0,0,1,2,-1,3,-1,0,2,2,1,0,0,18,16,2,1,3,4,5,2,0,0,11,11
1930,0,-1,-1,1,-1,1,-3,2,-1,0,3,3,1,0,0,18,17,1,2,2,3,6,2,0,0,22,22
1931,0,-1,-2,2,-1,-1,-1,0,1,1,1,1,1,1,1,20,0,0,3,1,4,6,2,11,11,22,11
1932,0,0,-2,2,0,-1,0,0,3,0,4,5,0,0,0,2,1,1,0,0,4,5,2,0,11,11,0
1933,0,-1,-3,3,-1,-3,0,-1,3,1,1,1,1,1,1,18,0,0,1,2,3,6,2,11,22,11,-11
1934,0,1,-2,2,1,-1,2,0,5,0,2,2,1,0,0,16,1,15,2,1,2,6,2,0,22,0,-22
1935,0,0,-2,2,0,0,2,-1,5,0,3,4,0,0,0,16,2,14,0,0,3,6,2,0,11,0,-11
1936,0,0,-2,2,0,0,3,-1,6,0,2,6,0,0,0,16,3,13,0,0,3,5,1,0,11,0,-11
1937,0,1,-1,1,1,2,3,-1,6,0,2,2,1,0,0,16,4,12,1,3,3,6,1,0,0,0,0
1938,0,1,0,0,1,2,3,1,6,0,4,4,1,0,0,16,5,11,2,2,3,6,0,0,0,0,0
1939,0,1,1,1,1,3,3,3,4,0,2,2,1,0,0,16,6,10,3,1,4,6,0,0,0,0,0
1940,0,0,1,1,0,3,3,3,2,0,3,4,0,0,0,16,7,9,0,0,4,6,0,0,0,0,0
1941,0,1,2,2,1,3,3,5,2,0,2,2,1,0,0,16,8,8,1,3,4,7,0,0,0,0,0
1942,0,1,3,3,1,3,3,5,0,0,2,2,1,0,0,16,9,7,2,2,3,7,0,0,0,0,0
1943,0,1,4,4,1,3,1,6,-1,0,2,2,1,0,0,16,10,6,3,1,4,7,0,0,0,0,0
1944,0,0,4,4,0,3,-1,6,-3,0,2,8,0,0,0,16,11,5,0,0,4,6,0,0,0,0,0
1945,0,1,5,5,1,3,-1,6,-3,0,2,2,1,0,0,16,12,4,1,3,4,7,1,0,0,0,0
1946,0,-1,4,4,-1,1,-3,4,-4,0,3,3,1,0,0,16,13,3,2,2,3,6,1,0,0,11,11
1947,0,-1,3,3,-1,-1,-2,2,-2,0,3,3,1,0,0,16,14,2,3,1,4,6,2,0,0,11,11
1948,0,0,3,3,0,-1,-2,2,-2,0,2,3,0,0,0,16,15,1,0,0,3,5,2,0,0,22,22
1949,0,-1,2,2,-1,-3,-2,0,-2,1,1,1,1,1,1,18,0,0,1,1,3,5,2,11,11,22,11
1950,0,0,2,2,0,-2,-1,-1,0,0,4,5,0,0,0,2,1,1,0,0,2,5,2,0,11,11,0
1951,0,-1,1,1,-1,-2,0,-3,-1,1,1,1,1,1,1,24,0,0,1,1,2,5,2,11,22,11,-11
1952,0,0,1,1,0,-2,0,-3,1,0,2,6,0,0,0,22,1,21,0,0,2,4,2,0,22,0,-22
1953,0,0,1,1,0,-1,0,-4,1,0,3,4,0,0,0,22,2,20,0,0,3,5,2,0,11,0,-11
1954,0,1,2,2,1,0,1,-2,2,0,2,2,1,0,0,22,3,19,1,2,2,5,1,0,11,0,-11
1955,0,-1,1,1,-1,0,-1,-2,1,0,3,3,1,0,0,22,4,18,2,1,3,6,1,0,0,0,0
1956,0,0,1,1,0,0,1,-2,3,0,3,4,0,0,0,22,5,17,0,0,4,5,0,0,0,0,0
1957,0,1,2,2,1,1,1,0,3,0,2,2,1,0,0,22,6,16,1,3,4,6,0,0,0,0,0
1958,0,-1,1,1,-1,-1,1,-1,1,0,3,3,1,0,0,22,7,15,2,2,3,6,0,0,0,0,0
1959,0,1,2,2,1,1,2,1,3,0,2,2,1,0,0,22,8,14,3,1,4,6,0,0,0,0,0
1960,0,0,2,2,0,1,2,1,3,0,3,6,0,0,0,22,9,13,0,0,3,5,0,0,0,0,0
1961,0,1,3,3,1,1,2,2,3,0,2,2,1,0,0,22,10,12,1,1,3,6,0,0,0,0,0
1962,0,0,3,3,0,2,0,1,3,0,3,4,0,0,0,22,11,11,0,0,2,6,0,0,0,0,0
1963,0,1,4,4,1,2,1,3,2,0,2,2,1,0,0,22,12,10,1,1,3,6,0,0,0,0,0
1964,0,0,4,4,0,2,1,3,1,0,2,3,0,0,0,22,13,9,0,0,3,5,0,0,0,0,0
1965,0,-1,3,3,-1,0,1,1,1,0,3,3,1,0,0,22,14,8,1,3,4,6,0,0,0,0,0
1966,0,1,4,4,1,1,3,3,1,0,2,2,1,0,0,22,15,7,2,2,3,6,0,0,0,0,0
1967,0,1,5,5,1,1,1,3,1,0,2,2,1,0,0,22,16,6,3,1,4,6,0,0,0,0,0
1968,0,0,5,5,0,1,0,3,0,0,3,6,0,0,0,22,17,5,0,0,4,5,0,0,0,0,0
1969,0,1,6,6,1,3,0,3,0,0,2,2,1,0,0,22,18,4,1,2,3,6,1,0,0,0,0
1970,0,-1,5,5,-1,1,-2,2,0,0,3,3,1,0,0,22,19,3,2,1,2,6,1,0,0,11,11
1971,0,0,5,5,0,0,0,1,0,0,2,4,0,0,0,22,20,2,0,0,3,5,1,0,0,11,11
1972,0,0,5,5,0,0,0,1,-1,0,3,4,0,0,0,22,21,1,0,0,3,4,1,0,0,11,11
1973,0,-1,4,4,-1,-2,0,1,-1,1,1,1,1,1,1,28,0,0,1,2,2,5,1,11,11,11,0
1974,0,1,5,5,1,0,2,1,1,0,4,4,1,0,0,6,1,5,2,1,2,5,1,0,11,0,-11
1975,0,0,5,5,0,0,0,0,1,0,2,3,0,0,0,6,2,4,0,0,3,5,2,0,11,0,-11
1976,0,0,5,5,0,0,-1,0,2,0,3,5,0,0,0,6,3,3,0,0,3,5,2,0,11,11,0
1977,0,1,6,6,1,2,-1,0,2,0,2,2,1,0,0,6,4,2,1,3,3,6,2,0,0,11,11
1978,0,-1,5,5,-1,0,-1,0,2,0,3,3,1,0,0,6,5,1,2,2,3,6,1,0,0,11,11
1979,0,-1,4,4,-1,-1,1,-1,2,1,1,1,1,1,1,14,0,0,3,1,4,6,1,11,11,11,0
1980,0,0,4,4,0,-1,3,-1,2,0,4,6,0,0,0,8,1,7,0,0,4,6,1,0,11,0,-11
1981,0,1,5,5,1,-1,3,1,2,0,2,2,1,0,0,8,2,6,1,3,4,7,1,0,11,0,-11
1982,0,1,6,6,1,1,3,1,1,0,2,2,1,0,0,8,3,5,2,2,3,7,1,0,11,0,-11
1983,0,1,7,7,1,3,1,2,-1,0,2,2,1,0,0,8,4,4,3,1,4,7,2,0,0,0,0
1984,0,0,7,7,0,3,-1,2,-1,0,2,7,0,0,0,8,5,3,0,0,4,6,1,0,0,11,11
1985,0,1,8,8,1,3,-1,2,-1,0,2,2,1,0,0,8,6,2,1,3,4,6,1,0,0,11,11
1986,0,-1,7,7,-1,1,-2,2,-3,0,3,3,1,0,0,8,7,1,2,2,3,6,1,0,0,11,11
1987,0,-1,6,6,-1,-1,-2,2,-1,1,1,1,1,1,1,14,0,0,3,1,3,6,1,11,11,11,0
1988,0,0,6,6,0,-1,0,2,1,0,3,4,0,0,0,6,1,5,0,0,3,5,1,0,11,0,-11
1989,0,0,6,6,0,-2,0,1,1,0,3,4,0,0,0,6,2,4,0,0,3,6,2,0,11,0,-11
1990,0,-1,5,5,-1,-2,-1,-1,0,0,3,3,1,0,0,6,3,3,1,2,2,6,2,0,11,11,0
1991,0,1,6,6,1,0,1,-1,1,0,2,2,1,0,0,6,4,2,2,1,3,6,2,0,0,11,11
1992,0,0,6,6,0,0,1,-1,-1,0,3,5,0,0,0,6,5,1,0,0,4,5,1,0,0,11,11
1993,0,-1,5,5,-1,-1,1,-3,-1,1,1,1,1,1,1,10,0,0,1,3,4,6,2,11,11,11,0
1994,0,1,6,6,1,1,1,-1,-1,0,2,2,1,0,0,4,1,3,2,2,3,6,2,0,11,11,0
1995,0,1,7,7,1,1,0,1,-1,0,4,4,1,0,0,4,2,2,3,1,4,6,3,0,11,11,0
1996,0,0,7,7,0,1,-2,1,-3,0,2,3,0,0,0,4,3,1,0,0,3,5,3,0,11,22,11
1997,0,-1,6,6,-1,1,-2,0,-3,1,1,1,1,1,1,6,0,0,1,1,3,6,3,11,11,22,11
1998,0,0,6,6,0,0,-2,1,-1,0,3,5,0,0,0,2,1,1,0,0,2,6,2,0,11,11,0
1999,0,-1,5,5,-1,-2,-1,-1,-2,1,1,1,1,1,1,6,0,0,1,1,3,6,3,11,22,11,-11
2000,0,0,5,5,0,-2,-1,-1,-1,0,2,7,0,0,0,4,1,3,0,0,3,5,3,0,22,11,-11
2001,0,-1,4,4,-1,-2,-1,-1,-1,0,3,3,1,0,0,4,2,2,1,3,4,6,3,0,11,11,0
2002,0,1,5,5,1,-1,1,-1,0,0,4,4,1,0,0,4,3,1,2,2,3,6,2,0,11,11,0
2003,0,-1,4,4,-1,-1,-1,-3,0,1,1,1,1,1,1,12,0,0,3,1,4,6,2,11,11,11,0
2004,0,0,4,4,0,-1,0,-3,0,0,3,4,0,0,0,8,1,7,0,0,4,5,1,0,11,0,-11
2005,0,1,5,5,1,1,0,-1,0,0,2,2,1,0,0,8,2,6,1,2,3,5,1,0,11,0,-11
2006,0,-1,4,4,-1,-1,-1,-2,-2,0,3,3,1,0,0,8,3,5,2,1,2,5,1,0,11,0,-11
2007,0,0,4,4,0,0,1,-1,-2,0,2,3,0,0,0,8,4,4,0,0,2,5,2,0,0,0,0
2008,0,0,4,4,0,0,0,-1,-3,0,2,4,0,0,0,8,5,3,0,0,2,4,1,0,0,11,11
2009,0,0,4,4,0,-1,0,0,-3,0,2,3,0,0,0,8,6,2,0,0,2,5,1,0,0,11,11
2010,0,1,5,5,1,1,-1,0,-4,0,4,4,1,0,0,8,7,1,1,2,2,5,1,0,0,11,11
2011,0,-1,4,4,-1,0,-3,0,-4,1,1,1,1,1,1,14,0,0,2,1,3,5,1,11,11,11,0
2012,0,0,4,4,0,0,-3,0,-2,0,2,3,0,0,0,6,1,5,0,0,4,5,1,0,11,0,-11
2013,0,-1,3,3,-1,-1,-3,-2,-2,0,3,3,1,0,0,6,2,4,1,3,4,6,2,0,11,0,-11
2014,0,-1,2,2,-1,-3,-3,-2,0,0,3,3,1,0,0,6,3,3,2,2,3,7,2,0,11,11,0
2015,0,-1,1,1,-1,-3,-1,-3,0,0,3,3,1,0,0,6,4,2,3,1,4,7,2,0,0,11,11
2016,0,0,1,1,0,-3,1,-3,1,0,3,8,0,0,0,6,5,1,0,0,4,6,1,0,0,11,11
2017,0,-1,0,0,-1,-3,1,-4,1,1,1,1,1,1,1,16,0,0,1,3,4,7,1,11,11,11,0
2018,0,1,1,1,1,-1,3,-4,2,0,2,2,1,0,0,10,1,9,2,2,3,7,1,0,11,0,-11
2019,0,1,2,2,1,1,1,-2,2,0,2,2,1,0,0,10,2,8,3,1,4,6,1,0,11,0,-11
2020,0,0,2,2,0,1,0,-2,0,0,3,4,0,0,0,10,3,7,0,0,4,5,1,0,11,0,-11
2021,0,1,3,3,1,3,0,0,0,0,2,2,1,0,0,10,4,6,1,2,3,5,1,0,0,0,0
2022,0,-1,2,2,-1,1,-1,0,-2,0,3,3,1,0,0,10,5,5,2,1,2,5,0,0,0,0,0
2023,0,0,2,2,0,0,1,1,0,0,2,3,0,0,0,10,6,4,0,0,2,5,1,0,0,0,0
2024,0,0,2,2,0,0,0,1,1,0,3,5,0,0,0,10,7,3,0,0,2,4,1,0,0,11,11
2025,0,0,2,2,0,-1,0,2,1,0,2,6,0,0,0,10,8,2,0,0,2,5,2,0,0,11,11
2026,0,1,3,3,1,1,-1,2,2,0,2,2,1,0,0,10,9,1,1,2,2,5,2,0,0,22,22
2027,0,-1,2,2,-1,0,-1,0,1,1,1,1,1,1,1,12,0,0,2,1,3,5,2,11,11,22,11
2028,0,0,2,2,0,0,1,0,1,0,3,5,0,0,0,2,1,1,0,0,4,5,2,0,11,11,0
2029,0,-1,1,1,-1,-1,1,-2,1,1,1,1,1,1,1,12,0,0,1,3,4,6,2,11,22,11,-11
2030,0,1,2,2,1,-1,3,0,1,0,4,4,1,0,0,10,1,9,2,2,3,6,2,0,22,0,-22
2031,0,1,3,3,1,1,2,1,1,0,2,2,1,0,0,10,2,8,3,1,4,6,2,0,11,0,-11
2032,0,0,3,3,0,1,0,1,-1,0,2,5,0,0,0,10,3,7,0,0,3,5,1,0,11,0,-11
2033,0,1,4,4,1,3,0,2,-1,0,2,2,1,0,0,10,4,6,1,1,3,6,1,0,0,0,0
2034,0,0,4,4,0,2,-2,1,-1,0,3,4,0,0,0,10,5,5,0,0,2,6,0,0,0,0,0
2035,0,-1,3,3,-1,0,-1,1,0,0,3,3,1,0,0,10,6,4,1,1,3,6,1,0,0,0,0
2036,0,0,3,3,0,0,-1,1,1,0,2,3,0,0,0,10,7,3,0,0,3,5,1,0,0,11,11
2037,0,-1,2,2,-1,-2,-1,1,1,0,3,3,1,0,0,10,8,2,1,3,4,6,1,0,0,11,11
2038,0,1,3,3,1,-1,1,1,3,0,2,2,1,0,0,10,9,1,2,2,3,6,1,0,0,11,11
2039,0,-1,2,2,-1,-1,1,-1,3,1,1,1,1,1,1,24,0,0,3,1,4,6,1,11,11,11,0
2040,0,0,2,2,0,-1,2,-1,5,0,4,6,0,0,0,14,1,13,0,0,4,5,1,0,11,0,-11
2041,0,1,3,3,1,1,2,-1,5,0,2,2,1,0,0,14,2,12,1,2,3,6,1,0,11,0,-11
2042,0,1,4,4,1,1,2,0,5,0,2,2,1,0,0,14,3,11,2,1,2,6,1,0,11,0,-11
2043,0,0,4,4,0,2,2,1,4,0,2,3,0,0,0,14,4,10,0,0,3,6,1,0,0,0,0
2044,0,0,4,4,0,2,3,1,5,0,3,4,0,0,0,14,5,9,0,0,3,5,1,0,0,0,0
2045,0,1,5,5,1,2,3,3,5,0,2,2,1,0,0,14,6,8,1,3,3,6,1,0,0,2,2
2046,0,1,6,6,1,2,3,3,3,0,4,4,1,0,0,14,7,7,2,2,3,5,1,0,0,2,2
2047,0,1,7,7,1,3,2,5,1,0,2,2,1,0,0,14,8,6,3,1,4,5,1,0,0,2,2
