n,a_n
1,1
2,1
3,-2
4,-1
5,-4
6,-2
7,3
8,-3
9,1
10,-4
11,4
12,2
13,-5
14,3
15,8
16,-1
17,3
18,1
19,4
20,4
21,-6
22,4
23,-8
24,6
25,11
26,-5
27,4
28,-3
29,2
30,8
31,-9
32,5
33,-8
34,3
35,-12
36,-1
37,3
38,4
39,10
40,12
41,-9
42,-6
43,-7
44,-4
45,-4
46,-8
47,-9
48,2
49,2
50,11
51,-6
52,5
53,-5
54,4
55,-16
56,-9
57,-8
58,2
59,-8
60,-8
61,8
62,-9
63,3
64,7
65,20
66,-8
67,7
68,-3
69,16
70,-12
71,9
72,-3
73,2
74,3
75,-22
76,-4
77,12
78,10
79,10
80,4
81,-11
82,-9
83,9
84,6
85,-12
86,-7
87,-4
88,-12
89,0
90,-4
91,-15
92,8
93,18
94,-9
95,-16
96,-10
97,-12
98,2
99,4
100,-11
101,-2
102,-6
103,-16
104,15
105,24
106,-5
107,-12
108,-4
109,-17
110,-16
111,-6
112,-3
113,2
114,-8
115,32
116,-2
117,-5
118,-8
119,9
120,-24
121,5
122,8
123,18
124,9
125,-24
126,3
127,8
128,-3
129,14
130,20
131,3
132,8
133,12
134,7
135,-16
136,-9
137,3
138,16
139,16
140,12
141,18
142,9
143,-20
144,-1
145,-8
146,2
147,-4
148,-3
149,-8
150,-22
151,3
152,-12
153,3
154,12
155,36
156,-10
157,16
158,10
159,10
160,-20
161,-24
162,-11
163,-1
164,9
165,32
166,9
167,8
168,18
169,12
170,-12
171,4
172,7
173,4
174,-4
175,33
176,-4
177,16
178,0
179,-4
180,4
181,2
182,-15
183,-16
184,24
185,-12
186,18
187,12
188,9
189,12
190,-16
191,0
192,-14
193,20
194,-12
195,-40
196,-2
197,9
198,4
199,10
200,-33
201,-14
202,-2
203,6
204,6
205,36
206,-16
207,-8
208,5
209,16
210,24
211,-24
212,5
213,-18
214,-12
215,28
216,-12
217,-27
218,-17
219,-4
220,16
221,-15
222,-6
223,8
224,15
225,11
226,2
227,-11
228,8
229,2
230,32
231,-24
232,-6
233,-11
234,-5
235,36
236,8
237,-20
238,9
239,24
240,-8
241,10
242,5
243,10
244,-8
245,-8
246,18
247,-20
248,27
249,-18
250,-24
251,-9
252,-3
253,-32
254,8
255,24
256,-17
257,2
258,14
259,9
260,-20
261,2
262,3
263,-21
264,24
265,20
266,12
267,0
268,-7
269,19
270,-16
271,-8
272,-3
273,30
274,3
275,44
276,-16
277,-14
278,16
279,-9
280,36
281,30
282,18
283,-16
284,-9
285,32
286,-20
287,-27
288,5
289,-8
290,-8
291,24
292,-2
293,-9
294,-4
295,32
296,-9
297,16
298,-8
299,40
300,22
301,-21
302,3
303,4
304,-4
305,-32
306,3
307,32
308,-12
309,32
310,36
311,-32
312,-30
313,-8
314,16
315,-12
316,-10
317,20
318,10
319,8
320,-28
321,24
322,-24
323,12
324,11
325,-55
326,-1
327,34
328,27
329,-27
330,32
331,-26
332,-9
333,3
334,8
335,-28
336,6
337,23
338,12
339,-4
340,12
341,-36
342,4
343,-15
344,21
345,-64
346,4
347,-1
348,4
349,4
350,33
351,-20
352,20
353,-12
354,16
355,-36
356,0
357,-18
358,-4
359,24
360,12
361,-3
362,2
363,-10
364,15
365,-8
366,-16
367,2
368,8
369,-9
370,-12
371,-15
372,-18
373,-2
374,12
375,48
376,27
377,-10
378,12
379,4
380,16
381,-16
382,0
383,10
384,6
385,-48
386,20
387,-7
388,12
389,25
390,-40
391,-24
392,-6
393,-6
394,9
395,-40
396,-4
397,22
398,10
399,-24
400,-11
401,27
402,-14
403,45
404,2
405,44
406,6
407,12
408,18
409,-5
410,36
411,-6
412,16
413,-24
414,-8
415,-36
416,-25
417,-32
418,16
419,-27
420,-24
421,-7
422,-24
423,-9
424,15
425,33
426,-18
427,24
428,12
429,40
430,28
431,6
432,-4
433,1
434,-27
435,16
436,17
437,-32
438,-4
439,8
440,48
441,2
442,-15
443,-9
444,6
445,0
446,8
447,16
448,21
449,26
450,11
451,-36
452,-2
453,-6
454,-11
455,60
456,24
457,-25
458,2
459,12
460,-32
461,-22
462,-24
463,16
464,-2
465,-72
466,-11
467,-36
468,5
469,21
470,36
471,-32
472,24
473,-28
474,-20
475,44
476,-9
477,-5
478,24
479,-9
480,40
481,-15
482,10
483,48
484,-5
485,48
486,10
487,-28
488,-24
489,2
490,-8
491,20
492,-18
493,6
494,-20
495,-16
496,9
497,27
498,-18
499,28
500,24
501,-16
502,-9
503,-6
504,-9
505,8
506,-32
507,-24
508,-8
509,-24
510,24
511,6
512,-11
513,16
514,2
515,64
516,-14
517,-36
518,9
519,-8
520,-60
521,-17
522,2
523,-5
524,-3
525,-66
526,-21
527,-27
528,8
529,41
530,20
531,-8
532,-12
533,45
534,0
535,48
536,-21
537,8
538,19
539,8
540,16
541,1
542,-8
543,-4
544,15
545,68
546,30
547,27
548,-3
549,8
550,44
551,8
552,-48
553,30
554,-14
555,24
556,-16
557,2
558,-9
559,35
560,12
561,-24
562,30
563,-9
564,-18
565,-8
566,-16
567,-33
568,-27
569,-1
570,32
571,-21
572,20
573,0
574,-27
575,-88
576,7
577,-14
578,-8
579,-40
580,8
581,27
582,24
583,-20
584,-6
585,20
586,-9
587,-36
588,4
589,-36
590,32
591,-18
592,-3
593,20
594,16
595,-36
596,8
597,-20
598,40
599,7
600,66
601,-28
602,-21
603,7
604,-3
605,-20
606,4
607,28
608,20
609,-12
610,-32
611,45
612,-3
613,4
614,32
615,-72
616,-36
617,-4
618,32
619,-7
620,-36
621,-32
622,-32
623,0
624,-10
625,41
626,-8
627,-32
628,-16
629,9
630,-12
631,18
632,-30
633,48
634,20
635,-32
636,-10
637,-10
638,8
639,9
640,12
641,9
642,24
643,-26
644,24
645,-56
646,12
647,-1
648,33
649,-32
650,-55
651,54
652,1
653,22
654,34
655,-12
656,9
657,2
658,-27
659,9
660,-32
661,2
662,-26
663,30
664,-27
665,-48
666,3
667,-16
668,-8
669,-16
670,-28
671,32
672,-30
673,-4
674,23
675,44
676,-12
677,12
678,-4
679,-36
680,36
681,22
682,-36
683,-36
684,-4
685,-12
686,-15
687,-4
688,7
689,25
690,-64
691,-40
692,-4
693,12
694,-1
695,-64
696,12
697,-27
698,4
699,22
700,-33
701,-18
702,-20
703,12
704,28
705,-72
706,-12
707,-6
708,-16
709,4
710,-36
711,10
712,0
713,72
714,-18
715,80
716,4
717,-48
718,24
719,18
720,4
721,-48
722,-3
723,-20
724,-2
725,22
726,-10
727,-8
728,45
729,13
730,-8
731,-21
732,16
733,13
734,2
735,16
736,-40
737,28
738,-9
739,-18
740,12
741,40
742,-15
743,10
744,-54
745,32
746,-2
747,9
748,-12
749,-36
750,48
751,-12
752,9
753,18
754,-10
755,-12
756,-12
757,-14
758,4
759,64
760,48
761,-6
762,-16
763,-51
764,0
765,-12
766,10
767,40
768,34
769,-44
770,-48
771,-4
772,-20
773,22
774,-7
775,-99
776,36
777,-18
778,25
779,-36
780,40
781,36
782,-24
783,8
784,-2
785,-64
786,-6
787,-18
788,-9
789,42
790,-40
791,6
792,-12
793,-40
794,22
795,-40
796,-10
797,-12
798,-24
799,-27
800,55
801,0
802,27
803,8
804,14
805,96
806,45
807,-38
808,6
809,-44
810,44
811,45
812,-6
813,16
814,12
815,4
816,6
817,-28
818,-5
819,-15
820,-36
821,24
822,-6
823,8
824,48
825,-88
826,-24
827,28
828,8
829,-38
830,-36
831,28
832,-35
833,6
834,-32
835,-32
836,-16
837,-36
838,-27
839,24
840,-72
841,-25
842,-7
843,-60
844,24
845,-48
846,-9
847,15
848,5
849,32
850,33
851,-24
852,18
853,25
854,24
855,-16
856,36
857,57
858,40
859,-45
860,-28
861,54
862,6
863,46
864,20
865,-16
866,1
867,16
868,27
869,40
870,16
871,-35
872,51
873,-12
874,-32
875,-72
876,4
877,-17
878,8
879,18
880,16
881,-18
882,2
883,26
884,15
885,-64
886,-9
887,-15
888,18
889,24
890,0
891,-44
892,-8
893,-36
894,16
895,16
896,-9
897,-80
898,26
899,-18
900,-11
901,-15
902,-36
903,42
904,-6
905,-8
906,-6
907,-12
908,11
909,-2
910,60
911,53
912,8
913,36
914,-25
915,64
916,-2
917,9
918,12
919,18
920,-96
921,-64
922,-22
923,-45
924,24
925,33
926,16
927,-16
928,10
929,0
930,-72
931,8
932,11
933,64
934,-36
935,-48
936,15
937,12
938,21
939,16
940,-36
941,45
942,-32
943,72
944,8
945,-48
946,-28
947,-56
948,20
949,-10
950,44
951,-40
952,-27
953,18
954,-5
955,0
956,-24
957,-16
958,-9
959,9
960,56
961,50
962,-15
963,-12
964,-10
965,-80
966,48
967,40
968,-15
969,-24
970,48
971,38
972,-10
973,48
974,-28
975,110
976,-8
977,54
978,2
979,0
980,8
981,-17
982,20
983,28
984,-54
985,-36
986,6
987,54
988,20
989,56
990,-16
991,25
992,-45
993,52
994,27
995,-40
996,18
997,-62
998,28
999,12
1000,72
1001,-60
1002,-16
1003,-24
1004,9
1005,56
1006,-6
1007,-20
1008,-3
1009,54
1010,8
1011,-46
1012,32
1013,19
1014,-24
1015,-24
1016,-24
1017,2
1018,-24
1019,-12
1020,-24
1021,-3
1022,6
1023,72
1024,23
1025,-99
1026,16
1027,-50
1028,-2
1029,30
1030,64
1031,-27
1032,-42
1033,-1
1034,-36
1035,32
1036,-9
1037,24
1038,-8
1039,45
1040,-20
1041,2
1042,-17
1043,-24
1044,-2
1045,-64
1046,-5
1047,-8
1048,-9
1049,10
1050,-66
1051,5
1052,21
1053,55
1054,-27
1055,96
1056,-40
1057,9
1058,41
1059,24
1060,-20
1061,-30
1062,-8
1063,-2
1064,-36
1065,72
1066,45
1067,-48
1068,0
1069,-49
1070,48
1071,9
1072,-7
1073,6
1074,8
1075,-77
1076,-19
1077,-48
1078,8
1079,-45
1080,48
1081,72
1082,1
1083,6
1084,8
1085,108
1086,-4
1087,26
1088,21
1089,5
1090,68
1091,24
1092,-30
1093,10
1094,27
1095,16
1096,-9
1097,60
1098,8
1099,48
1100,-44
1101,-4
1102,8
1103,46
1104,-16
1105,60
1106,30
1107,-36
1108,14
1109,-54
1110,24
1111,-8
1112,-48
1113,30
1114,2
1115,-32
1116,9
1117,-8
1118,35
1119,4
1120,-60
1121,-32
1122,-24
1123,-44
1124,-30
1125,-24
1126,-9
1127,-16
1128,-54
1129,-6
1130,-8
1131,20
1132,16
1133,-64
1134,-33
1135,44
1136,-9
1137,-8
1138,-1
1139,21
1140,-32
1141,-3
1142,-21
1143,8
1144,60
1145,-8
1146,0
1147,-27
1148,27
1149,-20
1150,-88
1151,-52
1152,-3
1153,26
1154,-14
1155,96
1156,8
1157,0
1158,-40
1159,32
1160,24
1161,-28
1162,27
1163,-44
1164,-24
1165,44
1166,-20
1167,-50
1168,-2
1169,24
1170,20
1171,-32
1172,9
1173,48
1174,-36
1175,-99
1176,12
1177,-48
1178,-36
1179,3
1180,-32
1181,65
1182,-18
1183,36
1184,15
1185,80
1186,20
1187,-4
1188,-16
1189,-18
1190,-36
1191,-44
1192,24
1193,-21
1194,-20
1195,-96
1196,-40
1197,12
1198,7
1199,-68
1200,22
1201,-41
1202,-28
1203,-54
1204,21
1205,-40
1206,7
1207,27
1208,-9
1209,-90
1210,-20
1211,12
1212,-4
1213,-56
1214,28
1215,-40
1216,28
1217,-42
1218,-12
1219,40
1220,32
1221,-24
1222,45
1223,39
1224,-9
1225,22
1226,4
1227,10
1228,-32
1229,46
1230,-72
1231,-32
1232,-12
1233,3
1234,-4
1235,80
1236,-32
1237,32
1238,-7
1239,48
1240,-108
1241,6
1242,-32
1243,8
1244,32
1245,72
1246,0
1247,-14
1248,50
1249,-59
1250,41
1251,16
1252,8
1253,-12
1254,-32
1255,36
1256,-48
1257,54
1258,9
1259,12
1260,12
1261,60
1262,18
1263,14
1264,-10
1265,128
1266,48
1267,6
1268,-20
1269,-36
1270,-32
1271,81
1272,-30
1273,28
1274,-10
1275,-66
1276,-8
1277,-45
1278,9
1279,13
1280,68
1281,-48
1282,9
1283,-26
1284,-24
1285,-8
1286,-26
1287,-20
1288,72
1289,40
1290,-56
1291,40
1292,-12
1293,-12
1294,-1
1295,-36
1296,11
1297,41
1298,-32
1299,-2
1300,55
1301,27
1302,54
1303,8
1304,3
1305,-8
1306,22
1307,18
1308,-34
1309,36
1310,-12
1311,64
1312,-45
1313,10
1314,2
1315,84
1316,27
1317,-16
1318,9
1319,0
1320,-96
1321,-50
1322,2
1323,8
1324,26
1325,-55
1326,30
1327,52
1328,-9
1329,18
1330,-48
1331,-24
1332,-3
1333,63
1334,-16
1335,0
1336,-24
1337,0
1338,-16
1339,80
1340,28
1341,-8
1342,32
1343,30
1344,-42
1345,-76
1346,-4
1347,-52
1348,-23
1349,36
1350,44
1351,60
1352,-36
1353,72
1354,12
1355,32
1356,4
1357,64
1358,-36
1359,3
1360,12
1361,-10
1362,22
1363,-18
1364,36
1365,-120
1366,-36
1367,-54
1368,-12
1369,-28
1370,-12
1371,50
1372,15
1373,-63
1374,-4
1375,-96
1376,-35
1377,-33
1378,25
1379,27
1380,64
1381,-29
1382,-40
1383,44
1384,-12
1385,56
1386,12
1387,8
1388,1
1389,-32
1390,-64
1391,60
1392,4
1393,30
1394,-27
1395,36
1396,-4
1397,32
1398,22
1399,26
1400,-99
1401,72
1402,-18
1403,-64
1404,20
1405,-120
1406,12
1407,-42
1408,-12
1409,20
1410,-72
1411,27
1412,12
1413,16
1414,-6
1415,64
1416,-48
1417,85
1418,4
1419,56
1420,36
1421,4
1422,10
1423,-48
1424,0
1425,-88
1426,72
1427,54
1428,18
1429,-38
1430,80
1431,-20
1432,12
1433,48
1434,-48
1435,108
1436,-24
1437,18
1438,18
1439,-34
1440,-20
1441,12
1442,-48
1443,30
1444,3
1445,32
1446,-20
1447,-48
1448,-6
1449,-24
1450,22
1451,-23
1452,10
1453,6
1454,-8
1455,-96
1456,15
1457,81
1458,13
1459,-44
1460,8
1461,56
1462,-21
1463,48
1464,48
1465,36
1466,13
1467,-1
1468,-2
1469,-10
1470,16
1471,57
1472,-56
1473,-40
1474,28
1475,-88
1476,9
1477,-72
1478,-18
1479,-12
1480,36
1481,32
1482,40
1483,9
1484,15
1485,-64
1486,10
1487,9
1488,-18
1489,-27
1490,32
1491,-54
1492,2
1493,-10
1494,9
1495,-160
1496,-36
1497,-56
1498,-36
1499,0
1500,-48
1501,40
1502,-12
1503,8
1504,-45
1505,84
1506,18
1507,12
1508,10
1509,12
1510,-12
1511,-22
1512,-36
1513,0
1514,-14
1515,-16
1516,-4
1517,-27
1518,64
1519,-18
1520,16
1521,12
1522,-6
1523,4
1524,16
1525,88
1526,-51
1527,48
1528,0
1529,64
1530,-12
1531,-43
1532,-10
1533,-12
1534,40
1535,-128
1536,22
1537,-10
1538,-44
1539,-44
1540,48
1541,-56
1542,-4
1543,44
1544,-60
1545,-128
1546,22
1547,-45
1548,7
1549,-38
1550,-99
1551,72
1552,12
1553,-41
1554,-18
1555,128
1556,-25
1557,4
1558,-36
1559,-8
1560,120
1561,24
1562,36
1563,34
1564,24
1565,32
1566,8
1567,-35
1568,10
1569,10
1570,-64
1571,18
1572,6
1573,-25
1574,-18
1575,33
1576,-27
1577,36
1578,42
1579,-2
1580,40
1581,54
1582,6
1583,-55
1584,-4
1585,-80
1586,-40
1587,-82
1588,-22
1589,-33
1590,-40
1591,-21
1592,-30
1593,-32
1594,-12
1595,-32
1596,24
1597,66
1598,-27
1599,-90
1600,77
1601,12
1602,0
1603,6
1604,-27
1605,-96
1606,8
1607,15
1608,42
1609,-73
1610,96
1611,-4
1612,-45
1613,18
1614,-38
1615,-48
1616,2
1617,-16
1618,-44
1619,-57
1620,-44
1621,-66
1622,45
1623,-2
1624,-18
1625,120
1626,16
1627,52
1628,-12
1629,2
1630,4
1631,-33
1632,-30
1633,-72
1634,-28
1635,-136
1636,5
1637,-33
1638,-15
1639,-32
1640,-108
1641,-54
1642,24
1643,45
1644,6
1645,108
1646,8
1647,32
1648,16
1649,-36
1650,-88
1651,-40
1652,24
1653,-16
1654,28
1655,104
1656,24
1657,-13
1658,-38
1659,-60
1660,36
1661,12
1662,28
1663,35
1664,15
1665,-12
1666,6
1667,57
1668,32
1669,40
1670,-32
1671,-4
1672,-48
1673,72
1674,-36
1675,77
1676,27
1677,-70
1678,24
1679,-16
1680,-24
1681,40
1682,-25
1683,12
1684,7
1685,-92
1686,-60
1687,30
1688,72
1689,18
1690,-48
1691,0
1692,9
1693,-9
1694,15
1695,16
1696,-25
1697,-39
1698,32
1699,-14
1700,-33
1701,30
1702,-24
1703,-15
1704,54
1705,144
1706,25
1707,2
1708,-24
1709,-66
1710,-16
1711,-16
1712,12
1713,42
1714,57
1715,60
1716,-40
1717,-6
1718,-45
1719,0
1720,-84
1721,5
1722,54
1723,-74
1724,-6
1725,176
1726,46
1727,64
1728,28
1729,-60
1730,-16
1731,28
1732,-1
1733,26
1734,16
1735,4
1736,81
1737,20
1738,40
1739,-27
1740,-16
1741,2
1742,-35
1743,-54
1744,17
1745,-16
1746,-12
1747,-41
1748,32
1749,40
1750,-72
1751,-48
1752,12
1753,62
1754,-17
1755,80
1756,-8
1757,-27
1758,18
1759,-28
1760,-80
1761,72
1762,-18
1763,63
1764,-2
1765,48
1766,26
1767,72
1768,45
1769,16
1770,-64
1771,-96
1772,9
1773,9
1774,-15
1775,99
1776,6
1777,-16
1778,24
1779,-40
1780,0
1781,-15
1782,-44
1783,66
1784,-24
1785,72
1786,-36
1787,12
1788,-16
1789,66
1790,16
1791,10
1792,-51
1793,-4
1794,-80
1795,-96
1796,-26
1797,-14
1798,-18
1799,6
1800,-33
1801,-74
1802,-15
1803,56
1804,36
1805,12
1806,42
1807,-80
1808,-2
1809,28
1810,-8
1811,-64
1812,6
1813,6
1814,-12
1815,40
1816,33
1817,-80
1818,-2
1819,-36
1820,-60
1821,-56
1822,53
1823,-9
1824,-40
1825,22
1826,36
1827,6
1828,25
1829,72
1830,64
1831,-18
1832,-6
1833,-90
1834,9
1835,-8
1836,-12
1837,32
1838,18
1839,-8
1840,-32
1841,-63
1842,-64
1843,-48
1844,22
1845,36
1846,-45
1847,8
1848,72
1849,6
1850,33
1851,8
1852,-16
1853,-51
1854,-16
1855,60
1856,14
1857,14
1858,0
1859,48
1860,72
1861,-28
1862,8
1863,88
1864,33
1865,8
1866,64
1867,8
1868,36
1869,0
1870,-48
1871,-46
1872,5
1873,-64
1874,12
1875,-82
1876,-21
1877,-22
1878,16
1879,10
1880,-108
1881,16
1882,45
1883,57
1884,32
1885,40
1886,72
1887,-18
1888,-40
1889,60
1890,-48
1891,-72
1892,28
1893,-36
1894,-56
1895,-16
1896,60
1897,-24
1898,-10
1899,-24
1900,-44
1901,-66
1902,-40
1903,16
1904,-9
1905,64
1906,18
1907,-1
1908,5
1909,-72
1910,0
1911,20
1912,-72
1913,-72
1914,-16
1915,-40
1916,9
1917,36
1918,9
1919,-8
1920,-24
1921,6
1922,50
1923,-18
1924,15
1925,132
1926,-12
1927,81
1928,-30
1929,52
1930,-80
1931,38
1932,-48
1933,-72
1934,40
1935,28
1936,-5
1937,40
1938,-24
1939,-42
1940,-48
1941,2
1942,38
1943,14
1944,-30
1945,-100
1946,48
1947,64
1948,28
1949,-6
1950,110
1951,-64
1952,40
1953,-27
1954,54
1955,96
1956,-2
1957,-64
1958,0
1959,-44
1960,24
1961,-15
1962,-17
1963,-15
1964,-20
1965,24
1966,28
1967,90
1968,-18
1969,-16
1970,-36
1971,8
1972,-6
1973,-58
1974,54
1975,110
1976,60
1977,-18
1978,56
1979,-36
1980,16
1981,-48
1982,25
1983,-4
1984,-63
1985,-88
1986,52
1987,-16
1988,-27
1989,-15
1990,-40
1991,8
1992,54
1993,24
1994,-62
1995,96
1996,-28
1997,-26
1998,12
1999,-19
2000,24
2001,32
2002,-60
2003,76
2004,16
2005,-108
2006,-24
2007,8
2008,27
2009,-18
2010,56
2011,64
2012,6
2013,-64
2014,-20
2015,-180
2016,15
2017,-7
2018,54
2019,8
2020,-8
2021,63
2022,-46
2023,-24
2024,96
2025,-121
2026,19
2027,37
2028,24
2029,-1
2030,-24
2031,-24
2032,-8
2033,-48
2034,2
2035,-48
2036,24
2037,72
2038,-12
2039,-7
2040,-72
2041,-80
2042,-3
2043,-11
2044,-6
2045,20
2046,72
2047,0
2048,45
2049,72
2050,-99
2051,-27
2052,-16
2053,16
2054,-50
2055,24
2056,-6
2057,15
2058,30
2059,18
2060,-64
2061,2
2062,-27
2063,-34
2064,-14
2065,96
2066,-1
2067,-50
2068,36
2069,13
2070,32
2071,-68
2072,-27
2073,80
2074,24
2075,99
2076,8
2077,-63
2078,45
2079,48
2080,100
2081,-80
2082,2
2083,14
2084,17
2085,128
2086,-24
2087,-42
2088,-6
2089,56
2090,-64
2091,54
2092,5
2093,120
2094,-8
2095,108
2096,-3
2097,-11
2098,10
2099,-50
2100,66
2101,0
2102,5
2103,36
2104,63
2105,28
2106,55
2107,-14
2108,27
2109,-24
2110,96
2111,18
2112,-56
2113,23
2114,9
2115,36
2116,-41
2117,4
2118,24
2119,5
2120,-60
2121,12
2122,-30
2123,80
2124,8
2125,-72
2126,-2
2127,-8
2128,-12
2129,-6
2130,72
2131,84
2132,-45
2133,40
2134,-48
2135,-96
2136,0
2137,-26
2138,-49
2139,-144
2140,-48
2141,59
2142,9
2143,46
2144,35
2145,-160
2146,6
2147,8
2148,-8
2149,96
2150,-77
2151,24
2152,-57
2153,33
2154,-48
2155,-24
2156,-8
2157,-36
2158,-45
2159,24
2160,16
2161,15
2162,72
2163,96
2164,-1
2165,-4
2166,6
2167,36
2168,24
2169,10
2170,108
2171,-40
2172,4
2173,45
2174,26
2175,-44
2176,-9
2177,-96
2178,5
2179,-52
2180,-68
2181,16
2182,24
2183,-24
2184,-90
2185,128
2186,10
2187,-56
2188,-27
2189,40
2190,16
2191,-24
2192,-3
2193,42
2194,60
2195,-32
2196,-8
2197,5
2198,48
2199,-26
2200,-132
2201,-81
2202,-4
2203,71
2204,-8
2205,-8
2206,46
2207,15
2208,80
2209,34
2210,60
2211,-56
2212,-30
2213,6
2214,-36
2215,36
2216,42
2217,36
2218,-54
2219,60
2220,-24
2221,-32
2222,-8
2223,-20
2224,-16
2225,0
2226,30
2227,9
2228,-2
2229,-20
2230,-32
2231,96
2232,27
2233,24
2234,-8
2235,-64
2236,-35
2237,-83
2238,4
2239,0
2240,-84
2241,36
2242,-32
2243,-6
2244,24
2245,-104
2246,-44
2247,72
2248,-90
2249,-20
2250,-24
2251,-5
2252,9
2253,24
2254,-16
2255,144
2256,-18
2257,24
2258,-6
2259,-9
2260,8
2261,36
2262,20
2263,-18
2264,48
2265,24
2266,-64
2267,8
2268,33
2269,75
2270,44
2271,28
2272,45
2273,79
2274,-8
2275,-165
2276,1
2277,-32
2278,21
2279,35
2280,-96
2281,-80
2282,-3
2283,12
2284,21
2285,100
2286,8
2287,57
2288,20
2289,102
2290,-8
2291,20
2292,0
2293,-39
2294,-27
2295,-48
2296,81
2297,57
2298,-20
2299,20
2300,88
2301,-80
2302,-52
2303,-18
2304,-17
2305,88
2306,26
2307,88
2308,14
2309,-45
2310,96
2311,44
2312,24
2313,2
2314,0
2315,-64
2316,40
2317,-78
2318,32
2319,-44
2320,8
2321,-96
2322,-28
2323,16
2324,-27
2325,198
2326,-44
2327,20
2328,-72
2329,9
2330,44
2331,9
2332,20
2333,60
2334,-50
2335,144
2336,10
2337,72
2338,24
2339,-51
2340,-20
2341,35
2342,-32
2343,-72
2344,27
2345,-84
2346,48
2347,47
2348,36
2349,-22
2350,-99
2351,32
2352,4
2353,-10
2354,-48
2355,128
2356,36
2357,14
2358,3
2359,69
2360,-96
2361,36
2362,65
2363,48
2364,18
2365,112
2366,36
2367,-21
2368,21
2369,128
2370,80
2371,-83
2372,-20
2373,-12
2374,-4
2375,-96
2376,-48
2377,23
2378,-18
2379,80
2380,36
2381,-3
2382,-44
2383,-36
2384,8
2385,20
2386,-21
2387,-108
2388,20
2389,34
2390,-96
2391,24
2392,-120
2393,-58
2394,12
2395,36
2396,-7
2397,54
2398,-68
2399,24
2400,-110
2401,-59
2402,-41
2403,0
2404,28
2405,60
2406,-54
2407,18
2408,63
2409,-16
2410,-40
2411,50
2412,-7
2413,32
2414,27
2415,-192
2416,-3
2417,62
2418,-90
2419,72
2420,20
2421,19
2422,12
2423,-19
2424,-12
2425,-132
2426,-56
2427,88
2428,-28
2429,-3
2430,-40
2431,-60
2432,-12
2433,-90
2434,-42
2435,112
2436,12
2437,-69
2438,40
2439,-8
2440,96
2441,44
2442,-24
2443,12
2444,-45
2445,-8
2446,39
2447,81
2448,-3
2449,-90
2450,22
2451,56
2452,-4
2453,32
2454,10
2455,-80
2456,-96
2457,-60
2458,46
2459,48
2460,72
2461,96
2462,-32
2463,-48
2464,60
2465,-24
2466,3
2467,-37
2468,4
2469,-16
2470,80
2471,-36
2472,-96
2473,24
2474,32
2475,44
2476,7
2477,7
2478,48
2479,21
2480,-36
2481,-56
2482,6
2483,0
2484,32
2485,-108
2486,8
2487,76
2488,96
2489,12
2490,72
2491,45
2492,0
2493,-14
2494,-14
2495,-112
2496,70
2497,-44
2498,-59
2499,-12
2500,-41
2501,-72
2502,16
2503,70
2504,24
2505,64
2506,-12
2507,136
2508,32
2509,-100
2510,36
2511,99
2512,-16
2513,72
2514,54
2515,24
2516,-9
2517,-48
2518,12
2519,8
2520,36
2521,-8
2522,60
2523,50
2524,-18
2525,-22
2526,14
2527,-9
2528,50
2529,30
2530,128
2531,-47
2532,-48
2533,-24
2534,6
2535,96
2536,-60
2537,56
2538,-36
2539,40
2540,32
2541,-30
2542,81
2543,81
2544,-10
2545,96
2546,28
2547,-16
2548,10
2549,-30
2550,-66
2551,1
2552,-24
2553,48
2554,-45
2555,-24
2556,-9
2557,81
2558,13
2559,-50
2560,44
2561,-45
2562,-48
2563,-44
2564,-9
2565,-64
2566,-26
2567,9
2568,-72
2569,6
2570,-8
2571,-114
2572,26
2573,-81
2574,-20
2575,-176
2576,24
2577,90
2578,40
2579,-77
2580,56
2581,0
2582,40
2583,-27
2584,-36
2585,144
2586,-12
2587,-50
2588,1
2589,-92
2590,-36
2591,-60
2592,-55
2593,8
2594,41
2595,32
2596,32
2597,-10
2598,-2
2599,-16
2600,165
2601,-8
2602,27
2603,12
2604,-54
2605,68
2606,8
2607,-80
2608,1
2609,-45
2610,-8
2611,-6
2612,-22
2613,70
2614,18
2615,20
2616,-102
2617,54
2618,36
2619,-48
2620,12
2621,-84
2622,64
2623,-56
2624,-63
2625,144
2626,10
2627,27
2628,-2
2629,96
2630,84
2631,34
2632,81
2633,-18
2634,-16
2635,108
2636,-9
2637,-9
2638,0
2639,-30
2640,-32
2641,64
2642,-50
2643,36
2644,-2
2645,-164
2646,8
2647,-22
2648,78
2649,-52
2650,-55
2651,40
2652,-30
2653,12
2654,52
2655,32
2656,45
2657,87
2658,18
2659,13
2660,48
2661,30
2662,-24
2663,13
2664,-9
2665,-180
2666,63
2667,-48
2668,16
2669,48
2670,0
2671,39
2672,-8
2673,40
2674,0
2675,-132
2676,16
2677,61
2678,80
2679,72
2680,84
2681,30
2682,-8
2683,-69
2684,-32
2685,-32
2686,30
2687,29
2688,18
2689,-88
2690,-76
2691,40
2692,4
2693,54
2694,-52
2695,-32
2696,-69
2697,36
2698,36
2699,-69
2700,-44
2701,6
2702,60
2703,30
2704,-12
2705,-4
2706,72
2707,-92
2708,-12
2709,-21
2710,32
2711,-64
2712,12
2713,-97
2714,64
2715,16
2716,36
2717,-80
2718,3
2719,-48
2720,-60
2721,24
2722,-10
2723,75
2724,-22
2725,-187
2726,-18
2727,-8
2728,108
2729,86
2730,-120
2731,-58
2732,36
2733,-106
2734,-54
2735,-108
2736,-4
2737,-72
2738,-28
2739,-72
2740,12
2741,-51
2742,50
2743,120
2744,45
2745,-32
2746,-63
2747,-63
2748,4
2749,-10
2750,-96
2751,-18
2752,-49
2753,31
2754,-33
2755,-32
2756,-25
2757,-36
2758,27
2759,0
2760,192
2761,-36
2762,-29
2763,32
2764,40
2765,-120
2766,44
2767,46
2768,-4
2769,90
2770,56
2771,-3
2772,-12
2773,72
2774,8
2775,-66
2776,3
2777,-9
2778,-32
2779,66
2780,64
2781,-64
2782,60
2783,-40
2784,-20
2785,-8
2786,30
2787,0
2788,27
2789,34
2790,36
2791,20
2792,-12
2793,-16
2794,32
2795,-140
2796,-22
2797,25
2798,26
2799,-32
2800,-33
2801,-53
2802,72
2803,-105
2804,18
2805,96
2806,-64
2807,81
2808,60
2809,-28
2810,-120
2811,-24
2812,-12
2813,-24
2814,-42
2815,36
2816,-68
2817,-8
2818,20
2819,-60
2820,72
2821,135
2822,27
2823,-90
2824,36
2825,22
2826,16
2827,8
2828,6
2829,-144
2830,64
2831,-32
2832,-16
2833,-23
2834,85
2835,132
2836,-4
2837,84
2838,56
2839,24
2840,108
2841,112
2842,4
2843,-100
2844,-10
2845,4
2846,-48
2847,20
2848,0
2849,36
2850,-88
2851,-71
2852,-72
2853,20
2854,54
2855,84
2856,54
2857,2
2858,-38
2859,-36
2860,-80
2861,-18
2862,-20
2863,-15
2864,4
2865,0
2866,48
2867,-72
2868,48
2869,12
2870,108
2871,8
2872,-72
2873,36
2874,18
2875,192
2876,-18
2877,-18
2878,-34
2879,-35
2880,-28
2881,-49
2882,12
2883,-100
2884,48
2885,56
2886,30
2887,96
2888,9
2889,-48
2890,32
2891,-16
2892,20
2893,-84
2894,-48
2895,160
2896,-2
2897,50
2898,-24
2899,-40
2900,-22
2901,-80
2902,-23
2903,104
2904,30
2905,-108
2906,6
2907,12
2908,8
2909,-82
2910,-96
2911,-81
2912,-75
2913,-76
2914,81
2915,80
2916,-13
2917,36
2918,-44
2919,-96
2920,24
2921,-64
2922,56
2923,30
2924,21
2925,-55
2926,48
2927,-82
2928,16
2929,-4
2930,36
2931,-108
2932,-13
2933,-81
2934,-1
2935,144
2936,-6
2937,0
2938,-10
2939,-11
2940,-16
2941,12
2942,57
2943,-68
2944,24
2945,144
2946,-40
2947,-21
2948,-28
2949,-56
2950,-88
2951,55
2952,27
2953,29
2954,-72
2955,72
2956,18
2957,10
2958,-12
2959,76
2960,12
2961,-27
2962,32
2963,90
2964,-40
2965,-80
2966,9
2967,-112
2968,45
2969,-30
2970,-64
2971,-91
2972,-10
2973,-50
2974,9
2975,99
2976,90
2977,-10
2978,-27
2979,-26
2980,-32
2981,-32
2982,-54
2983,64
2984,6
2985,80
2986,-10
2987,-32
2988,-9
2989,16
2990,-160
2991,124
2992,-12
2993,-18
2994,-56
2995,-28
2996,36
2997,-33
2998,0
2999,32
3000,-144
3001,-82
3002,40
3003,120
3004,12
3005,112
3006,8
3007,108
3008,-63
3009,48
3010,84
3011,37
3012,-18
3013,-24
3014,12
3015,-28
3016,30
3017,18
3018,12
3019,-70
3020,12
3021,40
3022,-22
3023,-32
3024,-12
3025,55
3026,0
3027,-108
3028,14
3029,55
3030,-16
3031,3
3032,-12
3033,23
3034,-27
3035,-112
3036,-64
3037,25
3038,-18
3039,-38
3040,-80
3041,78
3042,12
3043,-12
3044,6
3045,48
3046,4
3047,-56
3048,48
3049,95
3050,88
3051,8
3052,51
3053,-63
3054,48
3055,-180
3056,0
3057,24
3058,64
3059,-96
3060,12
3061,62
3062,-43
3063,6
3064,-30
3065,-16
3066,-12
3067,-62
3068,-40
3069,-36
3070,-128
3071,27
3072,-46
3073,24
3074,-10
3075,198
3076,44
3077,6
3078,-44
3079,-60
3080,144
3081,100
3082,-56
3083,-12
3084,4
3085,16
3086,44
3087,-15
3088,-20
3089,84
3090,-128
3091,120
3092,-22
3093,54
3094,-45
3095,28
3096,21
3097,-4
3098,-38
3099,2
3100,99
3101,-27
3102,72
3103,-24
3104,-60
3105,128
3106,-41
3107,-120
3108,18
3109,51
3110,128
3111,-48
3112,-75
3113,-64
3114,4
3115,0
3116,36
3117,-90
3118,-8
3119,-24
3120,40
3121,10
3122,24
3123,-1
3124,-36
3125,-44
3126,34
3127,40
3128,72
3129,48
3130,32
3131,18
3132,-8
3133,-50
3134,-35
3135,128
3136,14
3137,-42
3138,10
3139,-14
3140,64
3141,4
3142,18
3143,78
3144,18
3145,-36
3146,-25
3147,-20
3148,18
3149,-63
3150,33
3151,-24
3152,-9
3153,-10
3154,36
3155,-72
3156,-42
3157,-108
3158,-2
3159,-50
3160,120
3161,-34
3162,54
3163,40
3164,-6
3165,-192
3166,-55
3167,-46
3168,20
3169,20
3170,-80
3171,-18
3172,40
3173,32
3174,-82
3175,88
3176,-66
3177,-12
3178,-33
3179,-32
3180,40
3181,-42
3182,-21
3183,60
3184,-10
3185,40
3186,-32
3187,64
3188,12
3189,4
3190,-32
3191,-63
3192,72
3193,144
3194,66
3195,-36
3196,27
3197,-128
3198,-90
3199,-75
3200,-33
3201,96
3202,12
3203,-36
3204,0
3205,-36
3206,6
3207,98
3208,-81
3209,24
3210,-96
3211,48
3212,-8
3213,36
3214,15
3215,104
3216,14
3217,-88
3218,-73
3219,-12
3220,-96
3221,-55
3222,-4
3223,-36
3224,-135
3225,154
3226,18
3227,-66
3228,38
3229,-13
3230,-48
3231,24
3232,-10
3233,-40
3234,-16
3235,4
3236,44
3237,90
3238,-57
3239,-90
3240,-132
3241,48
3242,-66
3243,-144
3244,-45
3245,128
3246,-2
3247,0
3248,-6
3249,-3
3250,120
3251,21
3252,-16
3253,2
3254,52
3255,-216
3256,-36
3257,92
3258,2
3259,-37
3260,-4
3261,-52
3262,-33
3263,45
3264,-42
3265,-88
3266,-72
3267,20
3268,28
3269,-108
3270,-136
3271,81
3272,15
3273,-48
3274,-33
3275,33
3276,15
3277,4
3278,-32
3279,-20
3280,-36
3281,60
3282,-54
3283,14
3284,-24
3285,-8
3286,45
3287,16
3288,18
3289,160
3290,108
3291,-120
3292,-8
3293,0
3294,32
3295,-36
3296,-80
3297,-96
3298,-36
3299,-44
3300,88
3301,-16
3302,-40
3303,2
3304,72
3305,-8
3306,-16
3307,84
3308,-28
3309,-92
3310,104
3311,-84
3312,8
3313,2
3314,-13
3315,-120
3316,38
3317,108
3318,-60
3319,-20
3320,108
3321,99
3322,12
3323,-81
3324,-28
3325,132
3326,35
3327,108
3328,85
3329,-2
3330,-12
3331,60
3332,-6
3333,16
3334,57
3335,64
3336,96
3337,-81
3338,40
3339,-15
3340,32
3341,-10
3342,-4
3343,52
3344,-16
3345,64
3346,72
3347,24
3348,36
3349,27
3350,77
3351,16
3352,81
3353,-27
3354,-70
3355,-128
3356,-24
3357,-2
3358,-16
3359,-42
3360,120
3361,16
3362,40
3363,64
3364,25
3365,16
3366,12
3367,-45
3368,21
3369,88
3370,-92
3371,-24
3372,60
3373,32
3374,30
3375,-96
3376,24
3377,128
3378,18
3379,153
3380,48
3381,32
3382,0
3383,30
3384,27
3385,-48
3386,-9
3387,12
3388,-15
3389,25
3390,16
3391,-40
3392,-35
3393,-10
3394,-39
3395,144
3396,-32
3397,-70
3398,-14
3399,128
3400,-99
3401,-16
3402,30
3403,-81
3404,24
3405,-88
3406,-15
3407,-92
3408,18
3409,-84
3410,144
3411,4
3412,-25
3413,54
3414,2
3415,144
3416,-72
3417,-42
3418,-66
3419,105
3420,16
3421,-128
3422,-16
3423,6
3424,-60
3425,33
3426,42
3427,64
3428,-57
3429,32
3430,60
3431,-18
3432,-120
3433,28
3434,-6
3435,16
3436,45
3437,60
3438,0
3439,8
3440,-28
3441,54
3442,5
3443,-32
3444,-54
3445,-100
3446,-74
3447,10
3448,-18
3449,94
3450,176
3451,18
3452,-46
3453,104
3454,64
3455,160
3456,-12
3457,-34
3458,-60
3459,-52
3460,16
3461,-58
3462,28
3463,8
3464,-3
3465,-48
3466,26
3467,-46
3468,-16
3469,-16
3470,4
3471,0
3472,27
3473,-24
3474,20
3475,176
3476,-40
3477,-64
3478,-27
3479,18
3480,-48
3481,5
3482,2
3483,77
3484,35
3485,108
3486,-54
3487,80
3488,-85
3489,88
3490,-16
3491,78
3492,12
3493,84
3494,-41
3495,-88
3496,96
3497,-95
3498,40
3499,38
3500,72
3501,25
3502,-48
3503,-18
3504,4
3505,72
3506,62
3507,-48
3508,17
3509,10
3510,80
3511,4
3512,-24
3513,64
3514,-27
3515,-48
3516,-18
3517,51
3518,-28
3519,-24
3520,-112
3521,-18
3522,72
3523,40
3524,18
3525,198
3526,63
3527,-24
3528,-6
3529,-46
3530,48
3531,96
3532,-26
3533,48
3534,72
3535,24
3536,15
3537,12
3538,16
3539,-52
3540,64
3541,20
3542,-96
3543,-130
3544,27
3545,-16
3546,9
3547,-68
3548,15
3549,-72
3550,99
3551,-35
3552,-30
3553,48
3554,-16
3555,-40
3556,-24
3557,96
3558,-40
3559,-26
3560,0
3561,8
3562,-15
3563,-72
3564,44
3565,-288
3566,66
3567,36
3568,-8
3569,-63
3570,72
3571,13
3572,36
3573,22
3574,12
3575,-220
3576,-48
3577,4
3578,66
3579,42
3580,-16
3581,-98
3582,10
3583,83
3584,-33
3585,192
3586,-4
3587,-72
3588,80
3589,-36
3590,-96
3591,48
3592,-78
3593,-84
3594,-14
3595,-72
3596,18
3597,136
3598,6
3599,-64
3600,-11
3601,70
3602,-74
3603,82
3604,15
3605,192
3606,56
3607,56
3608,108
3609,27
3610,12
3611,-128
3612,-42
3613,2
3614,-80
3615,80
3616,10
3617,-13
3618,28
3619,-108
3620,8
3621,-54
3622,-64
3623,-44
3624,18
3625,-48
3626,6
3627,45
3628,12
3629,0
3630,40
3631,62
3632,11
3633,-24
3634,-80
3635,32
3636,2
3637,-52
3638,-36
3639,112
3640,-180
3641,-104
3642,-56
3643,-36
3644,-53
3645,-52
3646,-9
3647,-51
3648,-56
3649,0
3650,22
3651,84
3652,-36
3653,-150
3654,6
3655,84
3656,75
3657,-80
3658,72
3659,3
3660,-64
3661,-15
3662,-18
3663,12
3664,-2
3665,-52
3666,-90
3667,80
3668,-9
3669,-78
3670,-8
3671,77
3672,-36
3673,-2
3674,32
3675,-44
3676,-18
3677,80
3678,-8
3679,80
3680,160
3681,-5
3682,-63
3683,16
3684,64
3685,-112
3686,-48
3687,-92
3688,66
3689,-81
3690,36
3691,-60
3692,45
3693,64
3694,8
3695,72
3696,24
3697,-97
3698,6
3699,12
3700,-33
3701,-113
3702,8
3703,123
3704,-48
3705,-160
3706,-51
3707,92
3708,16
3709,-66
3710,60
3711,-64
3712,-6
3713,-90
3714,14
3715,-40
3716,0
3717,-24
3718,48
3719,-49
3720,216
3721,3
3722,-28
3723,-12
3724,-8
3725,-88
3726,88
3727,8
3728,11
3729,-16
3730,8
3731,135
3732,-64
3733,89
3734,8
3735,-36
3736,108
3737,-6
3738,0
3739,20
3740,48
3741,28
3742,-46
3743,36
3744,-25
3745,144
3746,-64
3747,118
3748,-12
3749,8
3750,-82
3751,-45
3752,-63
3753,64
3754,-22
3755,48
3756,-16
3757,40
3758,10
3759,24
3760,-36
3761,13
3762,16
3763,-45
3764,-45
3765,-72
3766,57
3767,-63
3768,96
3769,-101
3770,40
3771,-27
3772,-72
3773,-60
3774,-18
3775,33
3776,-56
3777,-24
3778,60
3779,-44
3780,48
3781,40
3782,-72
3783,-120
3784,84
3785,56
3786,-36
3787,3
3788,56
3789,-7
3790,-16
3791,24
3792,20
3793,-91
3794,-24
3795,-256
3796,10
3797,-42
3798,-24
3799,6
3800,-132
3801,-12
3802,-66
3803,108
3804,40
3805,24
3806,16
3807,99
3808,45
3809,45
3810,64
3811,-48
3812,-18
3813,-162
3814,-1
3815,204
3816,15
3817,-4
3818,-72
3819,-56
3820,0
3821,-48
3822,20
3823,26
3824,-24
3825,33
3826,-72
3827,0
3828,16
3829,81
3830,-40
3831,90
3832,27
3833,-31
3834,36
3835,-160
3836,-9
3837,-26
3838,-8
3839,16
3840,-136
3841,-64
3842,6
3843,24
3844,-50
3845,176
3846,-18
3847,-12
3848,45
3849,52
3850,132
3851,29
3852,12
3853,-117
3854,81
3855,16
3856,-10
3857,24
3858,52
3859,-33
3860,80
3861,-80
3862,38
3863,-56
3864,-144
3865,-88
3866,-72
3867,-80
3868,-40
3869,-10
3870,28
3871,20
3872,25
3873,-80
3874,40
3875,216
3876,24
3877,88
3878,-42
3879,6
3880,-144
3881,-59
3882,2
3883,-48
3884,-38
3885,72
3886,14
3887,-96
3888,-10
3889,27
3890,-100
3891,-82
3892,-48
3893,6
3894,64
3895,144
3896,84
3897,1
3898,-6
3899,6
3900,-110
3901,-81
3902,-64
3903,-54
3904,56
3905,-144
3906,-27
3907,-16
3908,-54
3909,-16
3910,96
3911,81
3912,-6
3913,105
3914,-64
3915,-32
3916,0
3917,-38
3918,-44
3919,-36
3920,8
3921,-36
3922,-15
3923,-58
3924,17
3925,176
3926,-15
3927,-72
3928,-60
3929,-55
3930,24
3931,-60
3932,-28
3933,-32
3934,90
3935,72
3936,90
3937,-72
3938,-16
3939,-20
3940,36
3941,-27
3942,8
3943,37
3944,-18
3945,-168
3946,-58
3947,-28
3948,-54
3949,96
3950,110
3951,8
3952,20
3953,-56
3954,-18
3955,-24
3956,-56
3957,0
3958,-36
3959,-36
3960,48
3961,-33
3962,-48
3963,100
3964,-25
3965,160
3966,-4
3967,-24
3968,27
3969,-22
3970,-88
3971,-12
3972,-52
3973,6
3974,-16
3975,110
3976,-81
3977,108
3978,-15
3979,-32
3980,40
3981,-104
3982,8
3983,-3
3984,18
3985,48
3986,24
3987,-9
3988,62
3989,68
3990,96
3991,-160
3992,-84
3993,48
3994,-26
3995,108
3996,-12
3997,-63
3998,-19
3999,-126
4000,-120
4001,-2
4002,32
4003,64
4004,60
4005,0
4006,76
4007,-57
4008,48
4009,-96
4010,-108
4011,0
4012,24
4013,66
4014,8
4015,-32
4016,9
4017,-160
4018,-18
4019,72
4020,-56
4021,-82
4022,64
4023,-32
4024,18
4025,-264
4026,-64
4027,12
4028,20
4029,-60
4030,-180
4031,32
4032,21
4033,-51
4034,-7
4035,152
4036,-54
4037,8
4038,8
4039,-42
4040,-24
4041,26
4042,63
4043,160
4044,46
4045,176
4046,-24
4047,-72
4048,32
4049,-102
4050,-121
4051,-85
4052,-19
4053,-120
4054,37
4055,-180
4056,72
4057,-64
4058,-1
4059,-36
4060,24
4061,-27
4062,-24
4063,72
4064,40
4065,-64
4066,-48
4067,18
4068,-2
4069,40
4070,-48
4071,-128
4072,72
4073,-73
4074,72
4075,-11
4076,12
4077,12
4078,-7
4079,5
4080,-24
4081,-60
4082,-80
4083,20
4084,3
4085,112
4086,-11
4087,56
4088,-18
4089,36
4090,20
4091,-7
4092,-72
4093,18
4094,0
4095,60
4096,-1
4097,30
4098,72
4099,-60
4100,99
4101,108
4102,-27
4103,-8
4104,-48
4105,-96
4106,16
4107,56
4108,50
4109,-108
4110,24
4111,79
4112,-2
4113,-25
4114,15
4115,-32
4116,-30
4117,32
4118,18
4119,126
4120,-192
4121,-100
4122,2
4123,-108
4124,27
4125,192
4126,-34
4127,-66
4128,70
4129,26
4130,96
4131,30
4132,1
4133,-54
4134,-50
4135,-112
4136,108
4137,-54
4138,13
4139,2
4140,-32
4141,18
4142,-68
4143,58
4144,-9
4145,152
4146,80
4147,-40
4148,-24
4149,-22
4150,99
4151,60
4152,24
4153,-106
4154,-63
4155,-112
4156,-45
4157,84
4158,48
4159,32
4160,140
4161,-16
4162,-80
4163,-16
4164,-2
4165,-24
4166,14
4167,16
4168,51
4169,16
4170,128
4171,84
4172,24
4173,-120
4174,-42
4175,88
4176,-2
4177,22
4178,56
4179,-60
4180,64
4181,6
4182,54
4183,0
4184,15
4185,144
4186,120
4187,-50
4188,8
4189,-72
4190,108
4191,-64
4192,15
4193,21
4194,-11
4195,-96
4196,-10
4197,-52
4198,-50
4199,-60
4200,198
4201,-110
4202,0
4203,-36
4204,-5
4205,100
4206,36
4207,-84
4208,21
4209,128
4210,28
4211,99
4212,-55
4213,40
4214,-14
4215,240
4216,81
4217,24
4218,-24
4219,-116
4220,-96
4221,21
4222,18
4223,144
4224,24
4225,132
4226,23
4227,-40
4228,-9
4229,108
4230,36
4231,26
4232,-123
4233,-54
4234,4
4235,-60
4236,-24
4237,32
4238,5
4239,64
4240,-20
4241,-78
4242,12
4243,-52
4244,30
4245,-128
4246,80
4247,-27
4248,24
4249,84
4250,-72
4251,-170
4252,2
4253,54
4254,-8
4255,96
4256,60
4257,-28
4258,-6
4259,-32
4260,-72
4261,120
4262,84
4263,-8
4264,-135
4265,-100
4266,40
4267,-27
4268,48
4269,96
4270,-96
4271,-82
4272,0
4273,-88
4274,-26
4275,44
4276,49
4277,135
4278,-144
4279,100
4280,-144
4281,-108
4282,59
4283,33
4284,-9
4285,-228
4286,46
4287,76
4288,49
4289,-7
4290,-160
4291,12
4292,-6
4293,55
4294,8
4295,180
4296,-24
4297,50
4298,96
4299,-96
4300,77
4301,-96
4302,24
4303,130
4304,-19
4305,-216
4306,33
4307,-16
4308,48
4309,-144
4310,-24
4311,-9
4312,-24
4313,-44
4314,-36
4315,-184
4316,45
4317,68
4318,24
4319,-12
4320,-80
4321,-16
4322,15
4323,-24
4324,-72
4325,44
4326,96
4327,24
4328,-3
4329,-15
4330,-4
4331,72
4332,-6
4333,-21
4334,36
4335,-64
4336,8
4337,-98
4338,10
4339,124
4340,-108
4341,96
4342,-40
4343,14
4344,12
4345,-160
4346,45
4347,-96
4348,-26
4349,30
4350,-44
4351,8
4352,-51
4353,46
4354,-96
4355,140
4356,-5
4357,-78
4358,-52
4359,-12
4360,-204
4361,0
4362,16
4363,-54
4364,-24
4365,48
4366,-24
4367,88
4368,-30
4369,6
4370,128
4371,-162
4372,-10
4373,84
4374,-56
4375,123
4376,-81
4377,88
4378,40
4379,6
4380,-16
4381,-115
4382,-24
4383,-28
4384,15
4385,68
4386,42
4387,108
4388,-60
4389,-96
4390,-32
4391,-67
4392,-24
4393,0
4394,5
4395,-72
4396,-48
4397,-88
4398,-26
4399,-45
4400,-44
4401,-4
4402,-81
4403,27
4404,4
4405,72
4406,71
4407,20
4408,-24
4409,19
4410,-8
4411,108
4412,-46
4413,-114
4414,15
4415,-104
4416,112
4417,54
4418,34
4419,20
4420,-60
4421,-30
4422,-56
4423,-53
4424,-90
4425,176
4426,6
4427,-44
4428,36
4429,112
4430,36
4431,144
4432,14
4433,180
4434,36
4435,60
4436,54
4437,6
4438,60
4439,-160
4440,-72
4441,45
4442,-32
4443,-64
4444,8
4445,-96
4446,-20
4447,-4
4448,80
4449,-18
4450,0
4451,102
4452,-30
4453,16
4454,9
4455,176
4456,-6
4457,-43
4458,-20
4459,75
4460,32
4461,-18
4462,96
4463,-14
4464,9
4465,144
4466,24
4467,54
4468,8
4469,153
4470,-64
4471,-63
4472,-105
4473,27
4474,-83
4475,-44
4476,-4
4477,15
4478,0
4479,20
4480,36
4481,8
4482,36
4483,-116
4484,32
4485,320
4486,-6
4487,27
4488,72
4489,-18
4490,-104
4491,28
4492,44
4493,44
4494,72
4495,72
4496,-30
4497,0
4498,-20
4499,-20
4500,24
4501,-78
4502,-5
4503,-80
4504,27
4505,60
4506,24
4507,86
4508,16
4509,32
4510,144
4511,5
4512,90
4513,-82
4514,24
4515,-168
4516,6
4517,9
4518,-9
4519,-37
4520,24
4521,-24
4522,36
4523,117
4524,-20
4525,22
4526,-18
4527,-6
4528,16
4529,-3
4530,24
4531,-72
4532,64
4533,44
4534,8
4535,48
4536,99
4537,-20
4538,75
4539,0
4540,-44
4541,96
4542,28
4543,-96
4544,63
4545,8
4546,79
4547,66
4548,8
4549,20
4550,-165
4551,54
4552,3
4553,32
4554,-32
4555,-212
4556,-21
4557,36
4558,35
4559,108
4560,-32
4561,-48
4562,-80
4563,48
4564,3
4565,-144
4566,12
4567,32
4568,63
4569,-8
4570,100
4571,66
4572,-8
4573,57
4574,57
4575,-176
4576,-100
4577,-80
4578,102
4579,40
4580,8
4581,-24
4582,20
4583,-96
4584,0
4585,-36
4586,-39
4587,-128
4588,27
4589,60
4590,-48
4591,-77
4592,27
4593,86
4594,57
4595,-72
4596,20
4597,-40
4598,20
4599,6
4600,264
4601,84
4602,-80
4603,61
4604,52
4605,256
4606,-18
4607,-24
4608,-11
4609,-108
4610,88
4611,20
4612,-26
4613,27
4614,88
4615,180
4616,42
4617,40
4618,-45
4619,72
4620,-96
4621,-82
4622,44
4623,112
4624,8
4625,-72
4626,2
4627,6
4628,0
4629,-88
4630,-64
4631,-28
4632,120
4633,-18
4634,-78
4635,64
4636,-32
4637,26
4638,-44
4639,-87
4640,-40
4641,90
4642,-96
4643,91
4644,28
4645,0
4646,16
4647,76
4648,-81
4649,-62
4650,198
4651,-109
4652,44
4653,-36
4654,20
4655,-32
4656,-24
4657,-71
4658,9
4659,82
4660,-44
4661,-80
4662,9
4663,10
4664,60
4665,-256
4666,60
4667,-120
4668,50
4669,-48
4670,144
4671,16
4672,14
4673,4
4674,72
4675,132
4676,-24
4677,16
4678,-51
4679,57
4680,-60
4681,-27
4682,35
4683,-48
4684,32
4685,-48
4686,-72
4687,119
4688,9
4689,-17
4690,-84
4691,118
4692,-48
4693,15
4694,47
4695,-64
4696,108
4697,96
4698,-22
4699,24
4700,99
4701,70
4702,32
4703,64
4704,-20
4705,-180
4706,-10
4707,-5
4708,48
4709,-42
4710,128
4711,-12
4712,108
4713,-36
4714,14
4715,-288
4716,-3
4717,0
4718,69
4719,50
4720,-32
4721,108
4722,36
4723,-45
4724,-65
4725,132
4726,48
4727,-2
4728,54
4729,98
4730,112
4731,-72
4732,-36
4733,36
4734,-21
4735,224
4736,-9
4737,4
4738,128
4739,36
4740,-80
4741,24
4742,-83
4743,-27
4744,-60
4745,40
4746,-12
4747,18
4748,4
4749,110
4750,-96
4751,118
4752,-16
4753,-24
4754,23
4755,160
4756,18
4757,63
4758,80
4759,0
4760,108
4761,41
4762,-3
4763,4
4764,44
4765,-72
4766,-36
4767,66
4768,-40
4769,-36
4770,20
4771,-10
4772,21
4773,42
4774,-108
4775,0
4776,60
4777,90
4778,34
4779,88
4780,96
4781,-108
4782,24
4783,45
4784,-40
4785,64
4786,-58
4787,8
4788,-12
4789,-70
4790,36
4791,-132
4792,-21
4793,-58
4794,54
4795,-36
4796,68
4797,45
4798,24
4799,30
4800,-154
4801,-10
4802,-59
4803,-24
4804,41
4805,-200
4806,0
4807,-128
4808,84
4809,-12
4810,60
4811,-48
4812,54
4813,111
4814,18
4815,48
4816,21
4817,-7
4818,-16
4819,80
4820,40
4821,-30
4822,50
4823,75
4824,-21
4825,220
4826,32
4827,146
4828,-27
4829,32
4830,-192
4831,10
4832,15
4833,-16
4834,62
4835,-160
4836,90
4837,-120
4838,72
4839,-36
4840,60
4841,144
4842,19
4843,16
4844,-12
4845,96
4846,-19
4847,9
4848,-4
4849,10
4850,-132
4851,8
4852,56
4853,192
4854,88
4855,-152
4856,-84
4857,114
4858,-3
4859,-14
4860,40
4861,3
4862,-60
4863,132
4864,-68
4865,-192
4866,-90
4867,-144
4868,42
4869,1
4870,112
4871,12
4872,36
4873,-36
4874,-69
4875,-240
4876,-40
4877,-42
4878,-8
4879,-81
4880,32
4881,-104
4882,44
4883,8
4884,24
4885,-216
4886,12
4887,8
4888,-135
4889,30
4890,-8
4891,14
4892,-39
4893,66
4894,81
4895,0
4896,15
4897,-72
4898,-90
4899,144
4900,-22
4901,24
4902,56
4903,-104
4904,-12
4905,68
4906,32
4907,-54
4908,-10
4909,-138
4910,-80
4911,66
4912,-32
4913,-75
4914,-60
4915,-112
4916,-46
4917,64
4918,48
4919,-98
4920,216
4921,36
4922,96
4923,27
4924,32
4925,99
4926,-48
4927,-20
4928,84
4929,-90
4930,-24
4931,-57
4932,-3
4933,-2
4934,-37
4935,-216
4936,12
4937,108
4938,-16
4939,104
4940,-80
4941,-88
4942,-36
4943,-57
4944,-32
4945,-224
4946,24
4947,72
4948,-32
4949,-4
4950,44
4951,36
4952,21
4953,80
4954,7
4955,-100
4956,-48
4957,46
4958,21
4959,8
4960,180
4961,-45
4962,-56
4963,12
4964,-6
4965,-208
4966,0
4967,68
4968,96
4969,-56
4970,-108
4971,26
4972,-8
4973,-75
4974,76
4975,110
4976,32
4977,30
4978,12
4979,-50
4980,-72
4981,-27
4982,45
4983,-24
4984,0
4985,248
4986,-14
4987,-57
4988,14
4989,-70
4990,-112
4991,216
4992,-30
4993,1
4994,-44
4995,-48
4996,59
4997,-84
4998,-12
4999,-116
5000,-123
5001,-114
5002,-72
5003,-69
5004,-16
5005,240
5006,70
5007,-80
5008,8
5009,-7
5010,64
5011,113
5012,12
5013,2
5014,136
5015,96
5016,96
5017,8
5018,-100
5019,-144
5020,-36
5021,64
5022,99
5023,79
5024,80
5025,-154
5026,72
5027,-100
5028,-54
5029,108
5030,24
5031,35
5032,-27
5033,54
5034,-48
5035,80
5036,-12
5037,32
5038,8
5039,68
5040,12
5041,10
5042,-8
5043,-80
5044,-60
5045,-216
5046,50
5047,-32
5048,-54
5049,48
5050,-22
5051,2
5052,-14
5053,9
5054,-9
5055,184
5056,70
5057,-125
5058,30
5059,-64
5060,-128
5061,-60
5062,-47
5063,72
5064,-144
5065,-76
5066,-24
5067,-9
5068,-6
5069,9
5070,96
5071,-88
5072,-20
5073,0
5074,56
5075,66
5076,36
5077,-110
5078,40
5079,18
5080,96
5081,-47
5082,-30
5083,120
5084,-81
5085,-8
5086,81
5087,98
5088,50
5089,-24
5090,96
5091,78
5092,-28
5093,64
5094,-16
5095,48
5096,30
5097,28
5098,-30
5099,-4
5100,66
5101,1
5102,1
5103,39
5104,-8
5105,12
5106,48
5107,65
5108,45
5109,30
5110,-24
5111,76
5112,-27
5113,-70
5114,81
5115,-288
5116,-13
5117,-63
5118,-50
5119,120
5120,-92
5121,-1
5122,-45
5123,153
5124,48
5125,216
5126,-44
5127,132
5128,-27
5129,-64
5130,-64
5131,39
5132,26
5133,32
5134,9
5135,200
5136,-24
5137,-144
5138,6
5139,-21
5140,8
5141,60
5142,-114
5143,48
5144,78
5145,-120
5146,-81
5147,-18
5148,20
5149,-32
5150,-176
5151,12
5152,-120
5153,-28
5154,90
5155,108
5156,-40
5157,0
5158,-77
5159,84
5160,168
5161,-110
5162,0
5163,-10
5164,-40
5165,4
5166,-27
5167,-83
5168,-12
5169,148
5170,144
5171,40
5172,12
5173,-54
5174,-50
5175,-88
5176,3
5177,-72
5178,-92
5179,-4
5180,36
5181,-128
5182,-60
5183,18
5184,-77
5185,-96
5186,8
5187,120
5188,-41
5189,24
5190,32
5191,-8
5192,96
5193,-14
5194,-10
5195,-180
5196,2
5197,69
5198,-16
5199,-52
5200,55
5201,30
5202,-8
5203,-35
5204,-27
5205,-8
5206,12
5207,-72
5208,-162
5209,-9
5210,68
5211,80
5212,-8
5213,-135
5214,-80
5215,96
5216,-5
5217,54
5218,-45
5219,96
5220,8
5221,88
5222,-6
5223,-4
5224,-66
5225,176
5226,70
5227,65
5228,-18
5229,27
5230,20
5231,-90
5232,-34
5233,-111
5234,54
5235,32
5236,-36
5237,45
5238,-48
5239,-108
5240,36
5241,82
5242,-84
5243,-24
5244,-64
5245,-40
5246,-56
5247,-20
5248,27
5249,4
5250,144
5251,0
5252,-10
5253,96
5254,27
5255,-20
5256,-6
5257,-36
5258,96
5259,-124
5260,-84
5261,126
5262,34
5263,-56
5264,27
5265,-220
5266,-18
5267,-16
5268,16
5269,-36
5270,108
5271,54
5272,-27
5273,-24
5274,-9
5275,-264
5276,0
5277,56
5278,-30
5279,-63
5280,160
5281,58
5282,64
5283,-36
5284,50
5285,-36
5286,36
5287,-96
5288,-6
5289,-126
5290,-164
5291,-60
5292,-8
5293,70
5294,-22
5295,-96
5296,26
5297,-12
5298,-52
5299,-42
5300,55
5301,-36
5302,40
5303,51
5304,-90
5305,120
5306,12
5307,-32
5308,-52
5309,72
5310,32
5311,-18
5312,63
5313,192
5314,87
5315,8
5316,-18
5317,25
5318,13
5319,36
5320,144
5321,-24
5322,30
5323,-14
5324,24
5325,-198
5326,13
5327,-18
5328,-3
5329,-69
5330,-180
5331,32
5332,-63
5333,54
5334,-48
5335,192
5336,48
5337,20
5338,48
5339,120
5340,0
5341,-34
5342,39
5343,30
5344,40
5345,196
5346,40
5347,-3
5348,0
5349,-132
5350,-132
5351,42
5352,48
5353,10
5354,61
5355,-36
5356,-80
5357,-112
5358,72
5359,88
5360,28
5361,-24
5362,30
5363,-36
5364,8
5365,-24
5366,-69
5367,-132
5368,-96
5369,120
5370,-32
5371,-27
5372,-30
5373,40
5374,29
5375,168
5376,102
5377,-64
5378,-88
5379,8
5380,76
5381,44
5382,40
5383,-132
5384,12
5385,192
5386,54
5387,-128
5388,52
5389,60
5390,-32
5391,7
5392,-23
5393,74
5394,36
5395,180
5396,-36
5397,-12
5398,-69
5399,30
5400,-132
5401,80
5402,6
5403,148
5404,-60
5405,-288
5406,30
5407,112
5408,60
5409,-28
5410,-4
5411,66
5412,-72
5413,-38
5414,-92
5415,-24
5416,-36
5417,26
5418,-21
5419,-12
5420,-32
5421,160
5422,-64
5423,24
5424,4
5425,-297
5426,-97
5427,-77
5428,-64
5429,0
5430,16
5431,10
5432,108
5433,128
5434,-80
5435,-104
5436,-3
5437,-114
5438,-48
5439,-12
5440,-84
5441,108
5442,24
5443,-25
5444,10
5445,-20
5446,75
5447,135
5448,-66
5449,-26
5450,-187
5451,160
5452,18
5453,-108
5454,-8
5455,-96
5456,36
5457,72
5458,86
5459,80
5460,120
5461,-56
5462,-58
5463,28
5464,108
5465,-40
5466,-106
5467,108
5468,54
5469,18
5470,-108
5471,-88
5472,20
5473,35
5474,-72
5475,-44
5476,28
5477,66
5478,-72
5479,-122
5480,36
5481,24
5482,-51
5483,103
5484,-50
5485,-240
5486,120
5487,-144
5488,15
5489,112
5490,-32
5491,-32
5492,63
5493,36
5494,-63
5495,-192
5496,12
5497,-192
5498,-10
5499,45
5500,96
5501,-135
5502,-18
5503,121
5504,21
5505,16
5506,31
5507,-135
5508,33
5509,-54
5510,-32
5511,-64
5512,-75
5513,-24
5514,-36
5515,-184
5516,-27
5517,4
5518,0
5519,-72
5520,64
5521,-62
5522,-36
5523,126
5524,29
5525,-165
5526,32
5527,122
5528,120
5529,96
5530,-120
5531,40
5532,-44
5533,-24
5534,46
5535,144
5536,20
5537,4
5538,90
5539,0
5540,-56
5541,-16
5542,-3
5543,-80
5544,-36
5545,216
5546,72
5547,-12
5548,-8
5549,36
5550,-66
5551,-120
5552,1
5553,-4
5554,-9
5555,32
5556,32
5557,126
5558,66
5559,102
5560,192
5561,63
5562,-64
5563,-106
5564,-60
5565,-120
5566,-40
5567,-36
5568,-28
5569,120
5570,-8
5571,-7
5572,-30
5573,-20
5574,0
5575,88
5576,81
5577,-96
5578,34
5579,-36
5580,-36
5581,91
5582,20
5583,56
5584,-4
5585,32
5586,-16
5587,9
5588,-32
5589,-80
5590,-140
5591,147
5592,-66
5593,-81
5594,25
5595,-16
5596,-26
5597,40
5598,-32
5599,-96
5600,165
5601,-16
5602,-53
5603,-30
5604,-72
5605,128
5606,-105
5607,0
5608,54
5609,90
5610,96
5611,-18
5612,64
5613,92
5614,81
5615,176
5616,20
5617,-27
5618,-28
5619,128
5620,120
5621,24
5622,-24
5623,-50
5624,-36
5625,41
5626,-24
5627,-78
5628,42
5629,-5
5630,36
5631,44
5632,-44
5633,-21
5634,-8
5635,64
5636,-20
5637,-20
5638,-60
5639,15
5640,216
5641,-105
5642,135
5643,64
5644,-27
5645,24
5646,-90
5647,28
5648,12
5649,-114
5650,22
5651,0
5652,-16
5653,19
5654,8
5655,-80
5656,18
5657,-104
5658,-144
5659,25
5660,-64
5661,9
5662,-32
5663,-132
5664,80
5665,256
5666,-23
5667,-120
5668,-85
5669,-126
5670,132
5671,60
5672,-12
5673,144
5674,84
5675,-121
5676,-56
5677,135
5678,24
5679,18
5680,36
5681,160
5682,112
5683,86
5684,-4
5685,32
5686,-100
5687,-45
5688,-30
5689,40
5690,4
5691,48
5692,48
5693,75
5694,20
5695,-84
5696,0
5697,-96
5698,36
5699,-144
5700,88
5701,-34
5702,-71
5703,132
5704,-216
5705,12
5706,20
5707,-40
5708,-54
5709,-32
5710,84
5711,-126
5712,18
5713,18
5714,2
5715,-32
5716,38
5717,-135
5718,-36
5719,-84
5720,-240
5721,2
5722,-18
5723,96
5724,20
5725,22
5726,-15
5727,144
5728,-20
5729,69
5730,0
5731,-68
5732,-48
5733,-10
5734,-72
5735,108
5736,144
5737,-77
5738,12
5739,144
5740,-108
5741,-66
5742,8
5743,-37
5744,-24
5745,80
5746,36
5747,72
5748,-18
5749,82
5750,192
5751,-99
5752,-54
5753,-20
5754,-18
5755,208
5756,34
5757,16
5758,-35
5759,45
5760,12
5761,24
5762,-49
5763,-12
5764,-12
5765,-104
5766,-100
5767,20
5768,144
5769,9
5770,56
5771,20
5772,-30
5773,72
5774,96
5775,-264
5776,3
5777,85
5778,-48
5779,-32
5780,-32
5781,-162
5782,-16
5783,49
5784,60
5785,0
5786,-84
5787,-26
5788,48
5789,84
5790,160
5791,-30
5792,10
5793,-76
5794,50
5795,-128
5796,24
5797,-108
5798,-40
5799,144
5800,-66
5801,12
5802,-80
5803,-114
5804,23
5805,112
5806,104
5807,-13
5808,10
5809,48
5810,-108
5811,-80
5812,-6
5813,66
5814,12
5815,176
5816,24
5817,84
5818,-82
5819,164
5820,96
5821,-135
5822,-81
5823,-1
5824,-105
5825,-121
5826,-76
5827,-112
5828,-81
5829,-28
5830,80
5831,-45
5832,-39
5833,128
5834,36
5835,200
5836,44
5837,-130
5838,-96
5839,-110
5840,8
5841,-32
5842,-64
5843,140
5844,-56
5845,-96
5846,30
5847,12
5848,63
5849,40
5850,-55
5851,-40
5852,-48
5853,128
5854,-82
5855,128
5856,-80
5857,40
5858,-4
5859,-108
5860,-36
5861,120
5862,-108
5863,180
5864,-39
5865,-192
5866,-81
5867,-16
5868,1
5869,54
5870,144
5871,128
5872,-2
5873,72
5874,0
5875,216
5876,10
5877,22
5878,-11
5879,-57
5880,-48
5881,54
5882,12
5883,30
5884,-57
5885,192
5886,-68
5887,-75
5888,136
5889,30
5890,144
5891,-21
5892,40
5893,81
5894,-21
5895,-12
5896,-84
5897,-80
5898,-56
5899,-3
5900,88
5901,-180
5902,55
5903,138
5904,9
5905,-260
5906,29
5907,32
5908,72
5909,-128
5910,72
5911,-16
5912,54
5913,-22
5914,10
5915,-144
5916,12
5917,-96
5918,76
5919,116
5920,-60
5921,0
5922,-27
5923,-78
5924,-32
5925,-220
5926,90
5927,111
5928,-120
5929,10
5930,-80
5931,9
5932,-9
5933,12
5934,-112
5935,16
5936,15
5937,72
5938,-30
5939,108
5940,64
5941,125
5942,-91
5943,96
5944,-30
5945,72
5946,-50
5947,-32
5948,-9
5949,2
5950,99
5951,4
5952,126
5953,41
5954,-10
5955,176
5956,27
5957,-72
5958,-26
5959,16
5960,-96
5961,32
5962,-32
5963,0
5964,54
5965,84
5966,64
5967,-60
5968,2
5969,-72
5970,80
5971,75
5972,10
5973,-16
5974,-32
5975,264
5976,-27
5977,-112
5978,16
5979,-48
5980,160
5981,-23
5982,124
5983,-180
5984,60
5985,-48
5986,-18
5987,112
5988,56
5989,-10
5990,-28
5991,52
5992,108
5993,110
5994,-33
5995,272
5996,0
5997,38
5998,32
5999,171
6000,-48
6001,-36
6002,-82
6003,-16
6004,-40
6005,164
6006,120
6007,149
6008,36
6009,-152
6010,112
6011,126
6012,-8
6013,-135
6014,108
6015,216
6016,27
6017,108
6018,48
6019,-80
6020,-84
6021,32
6022,37
6023,80
6024,-54
6025,110
6026,-24
6027,36
6028,-12
6029,75
6030,-28
6031,-3
6032,10
6033,-128
6034,18
6035,-108
6036,-12
6037,-97
6038,-70
6039,32
6040,36
6041,138
6042,40
6043,4
6044,22
6045,360
6046,-32
6047,72
6048,60
6049,168
6050,55
6051,14
6052,0
6053,9
6054,-108
6055,-48
6056,42
6057,-4
6058,55
6059,18
6060,16
6061,32
6062,3
6063,-126
6064,-4
6065,224
6066,23
6067,-3
6068,27
6069,48
6070,-112
6071,180
6072,-192
6073,115
6074,25
6075,110
6076,18
6077,128
6078,-38
6079,96
6080,-112
6081,-74
6082,78
6083,120
6084,-12
6085,168
6086,-12
6087,2
6088,18
6089,98
6090,48
6091,-100
6092,-4
6093,12
6094,-56
6095,-160
6096,16
6097,-105
6098,95
6099,96
6100,-88
6101,47
6102,8
6103,72
6104,153
6105,96
6106,-63
6107,-81
6108,-48
6109,72
6110,-180
6111,-36
6112,0
6113,51
6114,24
6115,-156
6116,-64
6117,14
6118,-96
6119,-48
6120,36
6121,-57
6122,62
6123,160
6124,43
6125,-48
6126,6
6127,8
6128,-10
6129,-44
6130,-16
6131,48
6132,12
6133,96
6134,-62
6135,-40
6136,-120
6137,-9
6138,-36
6139,-51
6140,128
6141,0
6142,27
6143,-72
6144,-90
6145,-184
6146,24
6147,-36
6148,10
6149,140
6150,198
6151,-20
6152,132
6153,54
6154,6
6155,128
6156,44
6157,-27
6158,-60
6159,-32
6160,48
6161,-16
6162,100
6163,129
6164,56
6165,-12
6166,-12
6167,-54
6168,12
6169,-90
6170,16
6171,-30
6172,-44
6173,-122
6174,-15
6175,-220
6176,100
6177,-36
6178,84
6179,24
6180,128
6181,78
6182,120
6183,8
6184,-66
6185,-128
6186,54
6187,-152
6188,45
6189,68
6190,28
6191,-27
6192,7
6193,-36
6194,-4
6195,-192
6196,38
6197,12
6198,2
6199,26
6200,297
6201,25
6202,-27
6203,47
6204,-72
6205,-24
6206,-24
6207,-26
6208,-84
6209,-45
6210,128
6211,141
6212,41
6213,136
6214,-120
6215,-32
6216,54
6217,-43
6218,51
6219,-40
6220,-128
6221,-102
6222,-48
6223,16
6224,-25
6225,-198
6226,-64
6227,45
6228,-4
6229,-21
6230,0
6231,126
6232,108
6233,64
6234,-90
6235,56
6236,8
6237,-132
6238,-24
6239,6
6240,-200
6241,21
6242,10
6243,160
6244,-24
6245,236
6246,-1
6247,17
6248,-108
6249,-28
6250,-44
6251,-108
6252,-34
6253,36
6254,40
6255,-64
6256,24
6257,124
6258,48
6259,-4
6260,-32
6261,84
6262,18
6263,1
6264,-24
6265,48
6266,-50
6267,-112
6268,35
6269,-48
6270,128
6271,-99
6272,-6
6273,-27
6274,-42
6275,-99
6276,-10
6277,-77
6278,-14
6279,-240
6280,192
6281,-84
6282,4
6283,-128
6284,-18
6285,-216
6286,78
6287,-12
6288,6
6289,-104
6290,-36
6291,-44
6292,25
6293,-54
6294,-20
6295,-48
6296,54
6297,100
6298,-63
6299,66
6300,-33
6301,8
6302,-24
6303,0
6304,45
6305,-240
6306,-10
6307,-45
6308,-36
6309,-18
6310,-72
6311,-9
6312,-126
6313,96
6314,-108
6315,-56
6316,2
6317,48
6318,-50
6319,0
6320,40
6321,28
6322,-34
6323,-97
6324,-54
6325,-352
6326,40
6327,12
6328,-18
6329,-56
6330,-192
6331,140
6332,55
6333,-36
6334,-46
6335,-24
6336,28
6337,2
6338,20
6339,-46
6340,80
6341,-6
6342,-18
6343,25
6344,120
6345,144
6346,32
6347,-56
6348,82
6349,-36
6350,88
6351,-8
6352,-22
6353,-52
6354,-12
6355,-324
6356,33
6357,-10
6358,-32
6359,-86
6360,120
6361,104
6362,-42
6363,-6
6364,21
6365,-112
6366,60
6367,58
6368,50
6369,-160
6370,40
6371,112
6372,32
6373,-124
6374,64
6375,144
6376,36
6377,159
6378,4
6379,103
6380,32
6381,4
6382,-63
6383,-100
6384,24
6385,180
6386,144
6387,12
6388,-66
6389,-19
6390,-36
6391,108
6392,81
6393,-168
6394,-128
6395,-52
6396,90
6397,-70
6398,-75
6399,-110
6400,-187
6401,12
6402,96
6403,92
6404,-12
6405,192
6406,-36
6407,56
6408,0
6409,-30
6410,-36
6411,52
6412,-6
6413,-25
6414,98
6415,104
6416,-27
6417,72
6418,24
6419,6
6420,96
6421,-105
6422,48
6423,-118
6424,-24
6425,22
6426,36
6427,88
6428,-15
6429,-92
6430,104
6431,136
6432,-70
6433,54
6434,-88
6435,80
6436,73
6437,-144
6438,-12
6439,-27
6440,-288
6441,-16
6442,-55
6443,12
6444,4
6445,-160
6446,-36
6447,-192
6448,-45
6449,-14
6450,154
6451,98
6452,-18
6453,96
6454,-66
6455,-160
6456,114
6457,-144
6458,-13
6459,-66
6460,48
6461,-135
6462,24
6463,-240
6464,-14
6465,48
6466,-40
6467,16
6468,16
6469,93
6470,4
6471,18
6472,132
6473,-119
6474,90
6475,99
6476,57
6477,-48
6478,-90
6479,-144
6480,-44
6481,-100
6482,48
6483,-30
6484,66
6485,-164
6486,-144
6487,-140
6488,-135
6489,-48
6490,128
6491,-2
6492,2
6493,-21
6494,0
6495,8
6496,30
6497,0
6498,-3
6499,-84
6500,-120
6501,-72
6502,21
6503,0
6504,-48
6505,-108
6506,2
6507,40
6508,-52
6509,128
6510,-216
6511,30
6512,-12
6513,80
6514,92
6515,-32
6516,-2
6517,-60
6518,-37
6519,-90
6520,-12
6521,-45
6522,-52
6523,80
6524,33
6525,22
6526,45
6527,-96
6528,18
6529,5
6530,-88
6531,192
6532,72
6533,-144
6534,20
6535,-72
6536,84
6537,104
6538,-108
6539,30
6540,136
6541,216
6542,81
6543,-8
6544,5
6545,-144
6546,-48
6547,98
6548,33
6549,48
6550,33
6551,88
6552,45
6553,92
6554,4
6555,-256
6556,32
6557,90
6558,-20
6559,36
6560,180
6561,73
6562,60
6563,-10
6564,54
6565,-40
6566,14
6567,-80
6568,-72
6569,-55
6570,-8
6571,-137
6572,-45
6573,48
6574,16
6575,-231
6576,6
6577,77
6578,160
6579,-21
6580,-108
6581,-30
6582,-120
6583,-22
6584,-24
6585,64
6586,0
6587,135
6588,-32
6589,28
6590,-36
6591,-10
6592,-112
6593,-4
6594,-96
6595,0
6596,36
6597,13
6598,-44
6599,30
6600,264
6601,216
6602,-16
6603,162
6604,40
6605,200
6606,2
6607,9
6608,24
6609,-142
6610,-8
6611,-112
6612,16
6613,75
6614,84
6615,-32
6616,-84
6617,120
6618,-92
6619,59
6620,-104
6621,-30
6622,-84
6623,-12
6624,-40
6625,120
6626,2
6627,-68
6628,13
6629,-168
6630,-120
6631,16
6632,114
6633,28
6634,108
6635,-208
6636,60
6637,18
6638,-20
6639,-12
6640,36
6641,4
6642,99
6643,-30
6644,-12
6645,-72
6646,-81
6647,64
6648,-84
6649,-136
6650,132
6651,-18
6652,-35
6653,-58
6654,108
6655,96
6656,55
6657,-120
6658,-2
6659,0
6660,12
6661,100
6662,60
6663,64
6664,-18
6665,-252
6666,16
6667,-16
6668,-57
6669,-80
6670,64
6671,54
6672,32
6673,4
6674,-81
6675,0
6676,-40
6677,112
6678,-15
6679,-80
6680,96
6681,-18
6682,-10
6683,9
6684,4
6685,0
6686,52
6687,10
6688,80
6689,92
6690,64
6691,98
6692,-72
6693,-192
6694,24
6695,-320
6696,108
6697,6
6698,27
6699,-48
6700,-77
6701,-162
6702,16
6703,146
6704,27
6705,32
6706,-27
6707,-48
6708,70
6709,96
6710,-128
6711,166
6712,-72
6713,6
6714,-2
6715,-120
6716,16
6717,0
6718,-42
6719,15
6720,168
6721,180
6722,16
6723,-99
6724,-40
6725,209
6726,64
6727,150
6728,75
6729,12
6730,16
6731,-40
6732,-12
6733,116
6734,-45
6735,208
6736,7
6737,-33
6738,88
6739,72
6740,92
6741,-36
6742,-24
6743,16
6744,180
6745,-144
6746,32
6747,40
6748,-30
6749,66
6750,-96
6751,-112
6752,-120
6753,10
6754,128
6755,-240
6756,-18
6757,-22
6758,153
6759,-12
6760,144
6761,45
6762,32
6763,123
6764,0
6765,-288
6766,30
6767,-14
6768,9
6769,120
6770,-48
6771,-48
6772,9
6773,85
6774,12
6775,-88
6776,-45
6777,-36
6778,25
6779,-84
6780,-16
6781,-53
6782,-40
6783,-72
6784,15
6785,-256
6786,-10
6787,-16
6788,39
6789,36
6790,144
6791,-8
6792,-96
6793,-52
6794,-70
6795,-12
6796,14
6797,114
6798,128
6799,25
6800,-33
6801,-16
6802,-16
6803,-1
6804,-30
6805,40
6806,-81
6807,-150
6808,72
6809,-28
6810,-88
6811,32
6812,15
6813,-14
6814,-92
6815,72
6816,-90
6817,81
6818,-84
6819,-158
6820,-144
6821,96
6822,4
6823,-106
6824,-75
6825,330
6826,54
6827,-47
6828,-2
6829,126
6830,144
6831,-128
6832,-24
6833,146
6834,-42
6835,216
6836,66
6837,-70
6838,105
6839,162
6840,48
6841,70
6842,-128
6843,160
6844,16
6845,112
6846,6
6847,-72
6848,-84
6849,-6
6850,33
6851,135
6852,-42
6853,0
6854,64
6855,-200
6856,-171
6857,24
6858,32
6859,-88
6860,-60
6861,-114
6862,-18
6863,133
6864,-40
6865,252
6866,28
6867,-51
6868,6
6869,73
6870,16
6871,8
6872,135
6873,-40
6874,60
6875,164
6876,0
6877,-205
6878,8
6879,78
6880,140
6881,84
6882,54
6883,-164
6884,-5
6885,132
6886,-32
6887,-108
6888,-162
6889,-2
6890,-100
6891,-114
6892,74
6893,16
6894,10
6895,-108
6896,-6
6897,-40
6898,94
6899,-113
6900,-176
6901,-112
6902,18
6903,40
6904,-138
6905,116
6906,104
6907,113
6908,-64
6909,36
6910,160
6911,18
6912,-68
6913,-72
6914,-34
6915,-176
6916,60
6917,9
6918,-52
6919,36
6920,48
6921,-44
6922,-58
6923,168
6924,-28
6925,-154
6926,8
6927,90
6928,-1
6929,-108
6930,-48
6931,48
6932,-26
6933,-88
6934,-46
6935,-32
6936,-48
6937,75
6938,-16
6939,8
6940,-4
6941,72
6942,0
6943,-15
6944,-135
6945,128
6946,-24
6947,-59
6948,-20
6949,0
6950,176
6951,156
6952,-120
6953,-15
6954,-64
6955,-240
6956,27
6957,22
6958,18
6959,-127
6960,-16
6961,-105
6962,5
6963,192
6964,-2
6965,-120
6966,77
6967,-10
6968,105
6969,-32
6970,108
6971,-147
6972,54
6973,8
6974,80
6975,-99
6976,-119
6977,-2
6978,88
6979,-186
6980,16
6981,-40
6982,78
6983,153
6984,36
6985,-128
6986,84
6987,-18
6988,41
6989,20
6990,-88
6991,28
6992,32
6993,36
6994,-95
6995,-104
6996,-40
6997,-18
6998,38
6999,-120
7000,216
7001,66
7002,25
7003,72
7004,48
7005,-288
7006,-18
7007,-40
7008,-20
7009,7
7010,72
7011,-36
7012,-62
7013,142
7014,-48
7015,256
7016,51
7017,102
7018,10
7019,-15
7020,-80
7021,-72
7022,4
7023,-70
7024,-8
7025,330
7026,64
7027,4
7028,27
7029,36
7030,-48
7031,0
7032,-54
7033,-5
7034,51
7035,168
7036,28
7037,99
7038,-24
7039,-4
7040,48
7041,-94
7042,-18
7043,6
7044,-72
7045,-80
7046,40
7047,20
7048,54
7049,-60
7050,198
7051,36
7052,-63
7053,-64
7054,-24
7055,-108
7056,-2
7057,86
7058,-46
7059,20
7060,-48
7061,-256
7062,96
7063,162
7064,-78
7065,-64
7066,48
7067,0
7068,-72
7069,12
7070,24
7071,-28
7072,-75
7073,-104
7074,12
7075,-176
7076,-16
7077,-138
7078,-52
7079,19
7080,192
7081,-24
7082,20
7083,-18
7084,96
7085,-340
7086,-130
7087,-8
7088,9
7089,-96
7090,-16
7091,57
7092,-9
7093,-36
7094,-68
7095,-224
7096,45
7097,-27
7098,-72
7099,-18
7100,-99
7101,-84
7102,-35
7103,0
7104,-42
7105,-16
7106,48
7107,-256
7108,16
7109,-144
7110,-40
7111,-135
7112,-72
7113,166
7114,96
7115,192
7116,40
7117,-4
7118,-26
7119,6
7120,0
7121,-12
7122,8
7123,-81
7124,15
7125,192
7126,-72
7127,12
7128,132
7129,44
7130,-288
7131,-46
7132,-66
7133,-36
7134,36
7135,-216
7136,40
7137,-40
7138,-63
7139,-40
7140,-72
7141,60
7142,13
7143,6
7144,108
7145,152
7146,22
7147,-9
7148,-12
7149,72
7150,-220
7151,-156
7152,-16
7153,256
7154,4
7155,80
7156,-66
7157,-21
7158,42
7159,41
7160,-48
7161,216
7162,-98
7163,-40
7164,-10
7165,-192
7166,83
7167,-68
7168,69
7169,-84
7170,192
7171,-18
7172,4
7173,-12
7174,-72
7175,-297
7176,240
7177,-148
7178,-36
7179,116
7180,96
7181,-56
7182,48
7183,88
7184,-26
7185,-72
7186,-84
7187,-63
7188,14
7189,-150
7190,-72
7191,-27
7192,54
7193,68
7194,136
7195,136
7196,-6
7197,-48
7198,-64
7199,64
7200,55
7201,16
7202,70
7203,118
7204,74
7205,-48
7206,82
7207,-11
7208,45
7209,0
7210,192
7211,30
7212,-56
7213,17
7214,56
7215,-120
7216,36
7217,-81
7218,27
7219,69
7220,-12
7221,-36
7222,-128
7223,99
7224,-126
7225,-88
7226,2
7227,8
7228,80
7229,-63
7230,80
7231,-3
7232,14
7233,-100
7234,-13
7235,192
7236,-28
7237,-118
7238,-108
7239,-64
7240,24
7241,-10
7242,-54
7243,-80
7244,64
7245,96
7246,-44
7247,32
7248,6
7249,36
7250,-48
7251,-124
7252,-6
7253,26
7254,45
7255,92
7256,36
7257,-144
7258,0
7259,72
7260,-40
7261,-15
7262,62
7263,76
7264,-55
7265,-24
7266,-24
7267,-84
7268,80
7269,38
7270,32
7271,8
7272,6
7273,135
7274,-52
7275,264
7276,36
7277,40
7278,112
7279,-18
7280,-60
7281,-44
7282,-104
7283,144
7284,56
7285,-324
7286,-36
7287,6
7288,-159
7289,27
7290,-52
7291,-160
7292,9
7293,120
7294,-51
7295,176
7296,24
7297,-26
7298,0
7299,45
7300,-22
7301,-16
7302,84
7303,-119
7304,-108
7305,-224
7306,-150
7307,-66
7308,-6
7309,17
7310,84
7311,138
7312,25
7313,-144
7314,-80
7315,-192
7316,-72
7317,-32
7318,3
7319,45
7320,-192
7321,38
7322,-15
7323,-88
7324,18
7325,-99
7326,12
7327,18
7328,10
7329,-24
7330,-52
7331,17
7332,90
7333,-118
7334,80
7335,4
7336,-27
7337,-64
7338,-78
7339,36
7340,8
7341,-162
7342,77
7343,30
7344,-12
7345,40
7346,-2
7347,180
7348,-32
7349,-159
7350,-44
7351,109
7352,-54
7353,-28
7354,80
7355,-228
7356,8
7357,15
7358,80
7359,-64
7360,224
7361,3
7362,-5
7363,30
7364,63
7365,160
7366,16
7367,-80
7368,192
7369,86
7370,-112
7371,165
7372,48
7373,-4
7374,-92
7375,192
7376,22
7377,-96
7378,-81
7379,-144
7380,-36
7381,40
7382,-60
7383,-192
7384,135
7385,288
7386,64
7387,0
7388,-8
7389,24
7390,72
7391,100
7392,-120
7393,1
7394,-97
7395,48
7396,-6
7397,5
7398,12
7399,6
7400,-99
7401,74
7402,-113
7403,-16
7404,-8
7405,-128
7406,123
7407,8
7408,-16
7409,-216
7410,-160
7411,-66
7412,51
7413,72
7414,92
7415,-36
7416,48
7417,-110
7418,-66
7419,-48
7420,-60
7421,-18
7422,-64
7423,105
7424,-34
7425,176
7426,-90
7427,-90
7428,-14
7429,-96
7430,-40
7431,-14
7432,0
7433,99
7434,-24
7435,-36
7436,-48
7437,-42
7438,-49
7439,-28
7440,72
7441,-6
7442,3
7443,28
7444,28
7445,108
7446,-12
7447,48
7448,-24
7449,0
7450,-88
7451,27
7452,-88
7453,4
7454,8
7455,216
7456,-55
7457,46
7458,-16
7459,2
7460,-8
7461,-38
7462,135
7463,24
7464,-192
7465,40
7466,89
7467,-24
7468,-8
7469,-144
7470,-36
7471,-90
7472,36
7473,-90
7474,-6
7475,440
7476,0
7477,-122
7478,20
7479,-56
7480,144
7481,-6
7482,28
7483,-147
7484,46
7485,224
7486,36
7487,-69
7488,-35
7489,142
7490,144
7491,88
7492,64
7493,-64
7494,118
7495,0
7496,-36
7497,6
7498,8
7499,83
7500,82
7501,70
7502,-45
7503,144
7504,-21
7505,-160
7506,64
7507,164
7508,22
7509,-140
7510,48
7511,18
7512,-48
7513,-144
7514,40
7515,-32
7516,-10
7517,-23
7518,24
7519,-32
7520,180
7521,-272
7522,13
7523,-24
7524,-16
7525,-231
7526,-45
7527,200
7528,-135
7529,-156
7530,-72
7531,-27
7532,-57
7533,-90
7534,-63
7535,-48
7536,32
7537,-158
7538,-101
7539,-144
7540,-40
7541,-128
7542,-27
7543,88
7544,-216
7545,-48
7546,-60
7547,-81
7548,18
7549,-152
7550,33
7551,24
7552,24
7553,-135
7554,-24
7555,88
7556,-60
7557,-16
7558,-44
7559,-124
7560,144
7561,61
7562,40
7563,16
7564,72
7565,0
7566,-120
7567,216
7568,28
7569,-25
7570,56
7571,14
7572,36
7573,-63
7574,3
7575,44
7576,168
7577,-93
7578,-7
7579,100
7580,16
7581,18
7582,24
7583,32
7584,-100
7585,108
7586,-91
7587,120
7588,24
7589,-110
7590,-256
7591,-108
7592,30
7593,94
7594,-42
7595,72
7596,24
7597,-108
7598,6
7599,48
7600,-44
7601,-160
7602,-12
7603,-6
7604,66
7605,-48
7606,108
7607,-48
7608,120
7609,78
7610,24
7611,-112
7612,-16
7613,208
7614,99
7615,-16
7616,63
7617,-80
7618,45
7619,108
7620,-64
7621,58
7622,-48
7623,15
7624,-54
7625,-192
7626,-162
7627,-42
7628,1
7629,-162
7630,204
7631,180
7632,5
7633,78
7634,-4
7635,-192
7636,72
7637,72
7638,-56
7639,16
7640,0
7641,-64
7642,-48
7643,141
7644,-20
7645,-256
7646,26
7647,60
7648,120
7649,-107
7650,33
7651,30
7652,72
7653,-2
7654,0
7655,172
7656,48
7657,180
7658,81
7659,-24
7660,40
7661,9
7662,90
7663,-120
7664,9
7665,48
7666,-31
7667,-108
7668,-36
7669,-40
7670,-160
7671,-162
7672,-27
7673,-46
7674,-26
7675,352
7676,8
7677,25
7678,16
7679,180
7680,-88
7681,70
7682,-64
7683,90
7684,-6
7685,40
7686,24
7687,-5
7688,-150
7689,88
7690,176
7691,-121
7692,18
7693,32
7694,-12
7695,176
7696,15
7697,28
7698,52
7699,120
7700,-132
7701,-18
7702,29
7703,88
7704,36
7705,224
7706,-117
7707,-12
7708,-81
7709,-100
7710,16
7711,-72
7712,50
7713,57
7714,24
7715,-176
7716,-52
7717,2
7718,-33
7719,162
7720,240
7721,138
7722,-80
7723,-108
7724,-38
7725,352
7726,-56
7727,121
7728,-48
7729,-24
7730,-88
7731,-45
7732,72
7733,48
7734,-80
7735,180
7736,-120
7737,154
7738,-10
7739,-153
7740,-28
7741,98
7742,20
7743,0
7744,35
7745,152
7746,-80
7747,64
7748,-40
7749,-108
7750,216
7751,-184
7752,72
7753,33
7754,88
7755,-288
7756,42
7757,69
7758,6
7759,-68
7760,-48
7761,100
7762,-59
7763,-162
7764,-2
7765,164
7766,-48
7767,46
7768,-114
7769,-75
7770,72
7771,-20
7772,-14
7773,120
7774,-96
7775,-352
7776,50
7777,-24
7778,27
7779,-16
7780,100
7781,81
7782,-82
7783,-14
7784,-144
7785,-16
7786,6
7787,-35
7788,-64
7789,96
7790,144
7791,20
7792,28
7793,-58
7794,1
7795,32
7796,6
7797,32
7798,6
7799,16
7800,-330
7801,38
7802,-81
7803,-32
7804,64
7805,-96
7806,-54
7807,-72
7808,-24
7809,-24
7810,-144
7811,-24
7812,27
7813,140
7814,-16
7815,-136
7816,-162
7817,-142
7818,-16
7819,-24
7820,-96
7821,40
7822,81
7823,129
7824,-2
7825,-88
7826,105
7827,90
7828,64
7829,6
7830,-32
7831,0
7832,0
7833,12
7834,-38
7835,140
7836,44
7837,-66
7838,-36
7839,-35
7840,-40
7841,82
7842,-36
7843,288
7844,15
7845,-40
7846,-58
7847,-96
7848,51
7849,-72
7850,176
7851,-108
7852,15
7853,-49
7854,-72
7855,-72
7856,-20
7857,132
7858,-55
7859,-16
7860,-24
7861,-132
7862,-60
7863,168
7864,-84
7865,100
7866,-32
7867,164
7868,-90
7869,112
7870,72
7871,48
7872,126
7873,141
7874,-72
7875,-72
7876,16
7877,-138
7878,-20
7879,120
7880,108
7881,-54
7882,-27
7883,-103
7884,-8
7885,-144
7886,37
7887,-192
7888,-6
7889,120
7890,-168
7891,-140
7892,58
7893,-17
7894,-28
7895,8
7896,-162
7897,40
7898,96
7899,36
7900,-110
7901,-130
7902,8
7903,-18
7904,-100
7905,-216
7906,-56
7907,-75
7908,18
7909,72
7910,-24
7911,-36
7912,-168
7913,-180
7914,0
7915,220
7916,36
7917,60
7918,-36
7919,-32
7920,16
7921,-89
7922,-33
7923,-128
7924,48
7925,220
7926,100
7927,-146
7928,-75
7929,-18
7930,160
7931,-192
7932,4
7933,114
7934,-24
7935,328
7936,153
7937,-75
7938,-22
7939,-108
7940,88
7941,44
7942,-12
7943,-108
7944,-156
7945,132
7946,6
7947,26
7948,16
7949,-143
7950,110
7951,65
7952,-27
7953,-80
7954,108
7955,84
7956,15
7957,-34
7958,-32
7959,-24
7960,120
7961,-108
7962,-104
7963,-92
7964,-8
7965,128
7966,-3
7967,-18
7968,-90
7969,-20
7970,48
7971,-174
7972,-24
7973,63
7974,-9
7975,88
7976,186
7977,-26
7978,68
7979,-20
7980,-96
7981,8
7982,-160
7983,-15
7984,-28
7985,-264
7986,48
7987,-2
7988,26
7989,-26
7990,108
7991,24
7992,-36
7993,-38
7994,-63
7995,360
7996,19
7997,-32
7998,-126
7999,-28
8000,-168
8001,24
8002,-2
8003,-15
8004,-32
8005,-48
8006,64
8007,-96
8008,180
8009,97
8010,0
8011,-100
8012,-76
8013,-78
8014,-57
8015,-24
8016,16
8017,34
8018,-96
8019,52
8020,108
8021,20
8022,0
8023,18
8024,72
8025,264
8026,66
8027,-32
8028,-8
8029,-81
8030,-32
8031,-122
8032,-45
8033,-28
8034,-160
8035,-60
8036,18
8037,-36
8038,72
8039,-89
8040,-168
8041,-84
8042,-82
8043,-60
8044,-64
8045,292
8046,-32
8047,35
8048,6
8049,138
8050,-264
8051,-108
8052,64
8053,86
8054,12
8055,16
8056,60
8057,-156
8058,-60
8059,56
8060,180
8061,-58
8062,32
8063,52
8064,-9
8065,-72
8066,-51
8067,176
8068,7
8069,-59
8070,152
8071,78
8072,-162
8073,160
8074,8
8075,132
8076,-8
8077,-81
8078,-42
8079,-108
8080,-8
8081,112
8082,26
8083,-24
8084,-63
8085,64
8086,160
8087,-40
8088,138
8089,-16
8090,176
8091,-18
8092,24
8093,12
8094,-72
8095,228
8096,-160
8097,138
8098,-102
8099,0
8100,121
8101,32
8102,-85
8103,-12
8104,-57
8105,264
8106,-120
8107,35
8108,-37
8109,-15
8110,-180
8111,-59
8112,24
8113,96
8114,-64
8115,8
8116,1
8117,-138
8118,-36
8119,96
8120,72
8121,184
8122,-27
8123,-66
8124,24
8125,-205
8126,72
8127,-84
8128,56
8129,-72
8130,-64
8131,-36
8132,48
8133,128
8134,18
8135,-208
8136,-6
8137,-160
8138,40
8139,194
8140,48
8141,-132
8142,-128
8143,-27
8144,24
8145,-8
8146,-73
8147,96
8148,-72
8149,60
8150,-11
8151,160
8152,36
8153,189
8154,12
8155,132
8156,7
8157,96
8158,5
8159,-90
8160,120
8161,-91
8162,-60
8163,-12
8164,80
8165,288
8166,20
8167,48
8168,9
8169,-150
8170,112
8171,-69
8172,11
8173,40
8174,56
8175,374
8176,-6
8177,-45
8178,36
8179,12
8180,-20
8181,22
8182,-7
8183,16
8184,-216
8185,132
8186,18
8187,-172
8188,0
8189,24
8190,60
8191,68
8192,-91
8193,116
8194,30
8195,128
8196,-72
8197,-96
8198,-60
8199,53
8200,297
8201,-128
8202,108
8203,-90
8204,27
8205,216
8206,-8
8207,-32
8208,-16
8209,61
8210,-96
8211,144
8212,-16
8213,0
8214,56
8215,-180
8216,150
8217,36
8218,-108
8219,14
8220,-24
8221,85
8222,79
8223,102
8224,10
8225,-297
8226,-25
8227,4
8228,-15
8229,-240
8230,-32
8231,-110
8232,-90
8233,79
8234,32
8235,-128
8236,-18
8237,-88
8238,126
8239,-144
8240,-64
8241,126
8242,-100
8243,-10
8244,-2
8245,144
8246,-108
8247,20
8248,81
8249,4
8250,192
8251,24
8252,34
8253,9
8254,-66
8255,160
8256,98
8257,-192
8258,26
8259,-62
8260,-96
8261,-48
8262,30
8263,-160
8264,3
8265,64
8266,-54
8267,195
8268,50
8269,-116
8270,-112
8271,18
8272,36
8273,74
8274,-54
8275,-286
8276,-13
8277,0
8278,2
8279,-84
8280,-96
8281,24
8282,18
8283,72
8284,68
8285,52
8286,58
8287,136
8288,45
8289,128
8290,152
8291,-24
8292,-80
8293,-14
8294,-40
8295,240
8296,-72
8297,126
8298,-22
8299,-140
8300,-99
8301,-92
8302,60
8303,24
8304,8
8305,-48
8306,-106
8307,-45
8308,63
8309,-12
8310,-112
8311,59
8312,-135
8313,6
8314,84
8315,-140
8316,-48
8317,96
8318,32
8319,-144
8320,-60
8321,-80
8322,-16
8323,-54
8324,80
8325,33
8326,-16
8327,-56
8328,-6
8329,-41
8330,-24
8331,18
8332,-14
8333,-45
8334,16
8335,-228
8336,17
8337,-132
8338,16
8339,-171
8340,-128
8341,32
8342,84
8343,176
8344,72
8345,-160
8346,-120
8347,60
8348,42
8349,80
8350,88
8351,-63
8352,10
8353,74
8354,22
8355,16
8356,-56
8357,24
8358,-60
8359,130
8360,192
8361,0
8362,6
8363,84
8364,-54
8365,-288
8366,0
8367,-68
8368,5
8369,-26
8370,144
8371,-24
8372,-120
8373,-40
8374,-50
8375,-168
8376,24
8377,-102
8378,-72
8379,8
8380,-108
8381,-16
8382,-64
8383,-18
8384,21
8385,280
8386,21
8387,43
8388,11
8389,-35
8390,-96
8391,-50
8392,-30
8393,-204
8394,-52
8395,64
8396,50
8397,-128
8398,-60
8399,-33
8400,66
8401,72
8402,-110
8403,106
8404,0
8405,-160
8406,-36
8407,-123
8408,-15
8409,210
8410,100
8411,5
8412,-36
8413,36
8414,-84
8415,-48
8416,-105
8417,-36
8418,128
8419,52
8420,-28
8421,-162
8422,99
8423,36
8424,-165
8425,253
8426,40
8427,56
8428,14
8429,-106
8430,240
8431,116
8432,27
8433,12
8434,24
8435,-120
8436,24
8437,160
8438,-116
8439,48
8440,-288
8441,-16
8442,21
8443,162
8444,-18
8445,-72
8446,144
8447,48
8448,136
8449,81
8450,132
8451,-32
8452,-23
8453,-120
8454,-40
8455,0
8456,-27
8457,120
8458,108
8459,-176
8460,-36
8461,43
8462,26
8463,-270
8464,-41
8465,36
8466,-54
8467,91
8468,-4
8469,45
8470,-60
8471,-63
8472,-72
8473,6
8474,32
8475,-44
8476,-5
8477,8
8478,64
8479,128
8480,100
8481,-16
8482,-78
8483,84
8484,-12
8485,156
8486,-52
8487,72
8488,90
8489,-110
8490,-128
8491,-168
8492,-80
8493,64
8494,-27
8495,56
8496,8
8497,-18
8498,84
8499,46
8500,72
8501,45
8502,-170
8503,88
8504,6
8505,-120
8506,54
8507,-18
8508,8
8509,56
8510,96
8511,-168
8512,84
8513,151
8514,-28
8515,60
8516,6
8517,-48
8518,-32
8519,-126
8520,-216
8521,-170
8522,120
8523,-56
8524,-84
8525,-396
8526,-8
8527,56
8528,-45
8529,200
8530,-100
8531,104
8532,-40
8533,120
8534,-27
8535,-8
8536,144
8537,-162
8538,96
8539,-120
8540,96
8541,-10
8542,-82
8543,4
8544,0
8545,264
8546,-88
8547,-72
8548,26
8549,-144
8550,44
8551,-18
8552,147
8553,142
8554,135
8555,64
8556,144
8557,-70
8558,100
8559,80
8560,-48
8561,117
8562,-108
8563,9
8564,-59
8565,-168
8566,33
8567,-45
8568,-27
8569,-144
8570,-228
8571,-4
8572,-46
8573,-118
8574,76
8575,-165
8576,-21
8577,18
8578,-7
8579,16
8580,160
8581,-23
8582,12
8583,36
8584,-18
8585,24
8586,55
8587,126
8588,-8
8589,30
8590,180
8591,45
8592,-8
8593,-10
8594,50
8595,0
8596,-96
8597,146
8598,-96
8599,-39
8600,231
8601,144
8602,-96
8603,138
8604,-24
8605,-20
8606,130
8607,-24
8608,95
8609,26
8610,-216
8611,-170
8612,-33
8613,32
8614,-16
8615,296
8616,144
8617,-96
8618,-144
8619,-72
8620,24
8621,-33
8622,-9
8623,182
8624,-8
8625,-384
8626,-44
8627,42
8628,36
8629,4
8630,-184
8631,9
8632,135
8633,0
8634,68
8635,-256
8636,-24
8637,70
8638,-12
8639,5
8640,-112
8641,14
8642,-16
8643,98
8644,-15
8645,240
8646,-24
8647,-164
8648,-216
8649,50
8650,44
8651,216
8652,-96
8653,-72
8654,24
8655,-112
8656,-1
8657,-72
8658,-15
8659,96
8660,4
8661,-192
8662,72
8663,-32
8664,-18
8665,-104
8666,-21
8667,132
8668,-36
8669,75
8670,-64
8671,80
8672,-40
8673,32
8674,-98
8675,-11
8676,-10
8677,-127
8678,124
8679,168
8680,-324
8681,-86
8682,96
8683,-100
8684,40
8685,-80
8686,14
8687,18
8688,4
8689,-34
8690,-160
8691,-100
8692,-45
8693,78
8694,-96
8695,108
8696,-78
8697,80
8698,30
8699,-174
8700,44
8701,24
8702,8
8703,40
8704,-33
8705,-8
8706,46
8707,-51
8708,96
8709,-208
8710,140
8711,-270
8712,-15
8713,-73
8714,-78
8715,216
8716,52
8717,-32
8718,-12
8719,102
8720,-68
8721,48
8722,0
8723,-160
8724,-16
8725,44
8726,-54
8727,164
8728,-72
8729,-42
8730,48
8731,167
8732,24
8733,162
8734,88
8735,164
8736,150
8737,66
8738,6
8739,38
8740,-128
8741,83
8742,-162
8743,-177
8744,-30
8745,-160
8746,84
8747,-33
8748,56
8749,20
8750,123
8751,-72
8752,-27
8753,-56
8754,88
8755,192
8756,-40
8757,48
8758,6
8759,-88
8760,-48
8761,-138
8762,-115
8763,128
8764,24
8765,-248
8766,-28
8767,-48
8768,21
8769,-60
8770,68
8771,-8
8772,-42
8773,144
8774,108
8775,-220
8776,-180
8777,21
8778,-96
8779,-29
8780,32
8781,164
8782,-67
8783,-78
8784,-8
8785,108
8786,0
8787,8
8788,-5
8789,-108
8790,-72
8791,64
8792,-144
8793,54
8794,-88
8795,112
8796,26
8797,64
8798,-45
8799,162
8800,220
8801,-60
8802,-4
8803,40
8804,81
8805,-288
8806,27
8807,-32
8808,12
8809,-80
8810,72
8811,0
8812,-71
8813,36
8814,20
8815,-252
8816,-8
8817,22
8818,19
8819,-80
8820,8
8821,131
8822,108
8823,-24
8824,-138
8825,-132
8826,-114
8827,180
8828,-15
8829,187
8830,-104
8831,-31
8832,-48
8833,10
8834,54
8835,-288
8836,-34
8837,-3
8838,20
8839,46
8840,-180
8841,42
8842,-30
8843,72
8844,56
8845,-64
8846,-53
8847,28
8848,-30
8849,-6
8850,176
8851,-40
8852,-6
8853,-110
8854,-44
8855,384
8856,108
8857,-51
8858,112
8859,-58
8860,-36
8861,-90
8862,144
8863,182
8864,-70
8865,-36
8866,180
8867,19
8868,-36
8869,4
8870,60
8871,-20
8872,162
8873,-144
8874,6
8875,-216
8876,-60
8877,-152
8878,-160
8879,180
8880,-24
8881,-108
8882,45
8883,-108
8884,32
8885,64
8886,-64
8887,12
8888,24
8889,-180
8890,-96
8891,-15
8892,20
8893,-61
8894,-4
8895,160
8896,112
8897,243
8898,-18
8899,-176
8900,0
8901,56
8902,102
8903,64
8904,-90
8905,60
8906,16
8907,60
8908,-9
8909,-24
8910,176
8911,84
8912,-2
8913,182
8914,-43
8915,-264
8916,20
8917,30
8918,75
8919,25
8920,96
8921,180
8922,-18
8923,69
8924,-96
8925,-198
8926,-14
8927,20
8928,-45
8929,-55
8930,144
8931,20
8932,-24
8933,-6
8934,54
8935,-48
8936,24
8937,-104
8938,153
8939,-135
8940,64
8941,34
8942,-63
8943,64
8944,-35
8945,-264
8946,27
8947,-200
8948,83
8949,-128
8950,-44
8951,53
8952,-12
8953,39
8954,15
8955,-40
8956,0
8957,-60
8958,20
8959,72
8960,204
8961,64
8962,8
8963,21
8964,-36
8965,16
8966,-116
8967,-32
8968,96
8969,158
8970,320
8971,77
8972,6
8973,-62
8974,27
8975,264
8976,24
8977,0
8978,-18
8979,36
8980,104
8981,-78
8982,28
8983,200
8984,132
8985,56
8986,44
8987,-112
8988,-72
8989,0
8990,72
8991,30
8992,150
8993,123
8994,0
8995,-24
8996,20
8997,-64
8998,-20
8999,99
9000,72
9001,110
9002,-78
9003,164
9004,5
9005,296
9006,-80
9007,-127
9008,9
9009,-60
9010,60
9011,-70
9012,-24
9013,-94
9014,86
9015,-224
9016,48
9017,72
9018,32
9019,-64
9020,-144
9021,-216
9022,5
9023,120
9024,126
9025,-33
9026,-82
9027,-24
9028,-24
9029,-66
9030,-168
9031,96
9032,18
9033,-74
9034,9
9035,320
9036,9
9037,120
9038,-37
9039,48
9040,8
9041,-87
9042,-24
9043,-170
9044,-36
9045,-112
9046,117
9047,-153
9048,-60
9049,-95
9050,22
9051,-36
9052,18
9053,32
9054,-6
9055,256
9056,-80
9057,140
9058,-3
9059,-122
9060,-24
9061,135
9062,-72
9063,-20
9064,192
9065,-24
9066,44
9067,-160
9068,-8
9069,64
9070,48
9071,-180
9072,33
9073,168
9074,-20
9075,-110
9076,-75
9077,-16
9078,0
9079,123
9080,-132
9081,54
9082,96
9083,81
9084,-28
9085,320
9086,-96
9087,-110
9088,-27
9089,-64
9090,8
9091,130
9092,-79
9093,-6
9094,66
9095,144
9096,24
9097,112
9098,20
9099,92
9100,165
9101,-36
9102,54
9103,-25
9104,1
9105,224
9106,32
9107,81
9108,32
9109,-97
9110,-212
9111,-50
9112,-63
9113,90
9114,36
9115,36
9116,-35
9117,19
9118,108
9119,-152
9120,160
9121,24
9122,-48
9123,-156
9124,80
9125,-48
9126,48
9127,110
9128,9
9129,24
9130,-144
9131,-176
9132,-12
9133,174
9134,32
9135,-24
9136,21
9137,-158
9138,-8
9139,-60
9140,-100
9141,112
9142,66
9143,-72
9144,-24
9145,-288
9146,57
9147,-190
9148,-57
9149,54
9150,-176
9151,187
9152,-140
9153,-22
9154,-80
9155,72
9156,-102
9157,11
9158,40
9159,126
9160,24
9161,-49
9162,-24
9163,24
9164,-20
9165,360
9166,-96
9167,0
9168,0
9169,-20
9170,-36
9171,-12
9172,39
9173,88
9174,-128
9175,22
9176,81
9177,192
9178,60
9179,21
9180,48
9181,-17
9182,-77
9183,-124
9184,-135
9185,-128
9186,86
9187,-133
9188,-57
9189,-3
9190,-72
9191,30
9192,60
9193,40
9194,-40
9195,32
9196,-20
9197,3
9198,6
9199,-88
9200,88
9201,124
9202,84
9203,0
9204,80
9205,252
9206,61
9207,-144
9208,156
9209,84
9210,256
9211,24
9212,18
9213,-54
9214,-24
9215,192
9216,23
9217,-20
9218,-108
9219,-48
9220,-88
9221,123
9222,20
9223,-216
9224,-78
9225,-99
9226,27
9227,-28
9228,-88
9229,96
9230,180
9231,-12
9232,14
9233,0
9234,40
9235,-32
9236,45
9237,120
9238,72
9239,103
9240,-288
9241,169
9242,-82
9243,-50
9244,-44
9245,-24
9246,112
9247,-150
9248,-40
9249,24
9250,-72
9251,-100
9252,-2
9253,-112
9254,6
9255,-32
9256,0
9257,3
9258,-88
9259,-81
9260,64
9261,-60
9262,-28
9263,-128
9264,40
9265,204
9266,-18
9267,-168
9268,78
9269,-360
9270,64
9271,16
9272,-96
9273,-240
9274,26
9275,-165
9276,44
9277,-88
9278,-87
9279,-27
9280,-56
9281,124
9282,90
9283,142
9284,96
9285,-56
9286,91
9287,-27
9288,84
9289,156
9290,0
9291,8
9292,-16
9293,-99
9294,76
9295,-192
9296,-27
9297,-1
9298,-62
9299,81
9300,-198
9301,27
9302,-109
9303,54
9304,132
9305,112
9306,-36
9307,99
9308,-20
9309,48
9310,-32
9311,-12
9312,120
9313,112
9314,-71
9315,-352
9316,-9
9317,-72
9318,82
9319,9
9320,-132
9321,240
9322,-80
9323,-166
9324,-9
9325,-22
9326,10
9327,-102
9328,20
9329,80
9330,-256
9331,189
9332,-60
9333,24
9334,-120
9335,-32
9336,150
9337,108
9338,-48
9339,128
9340,-144
9341,-140
9342,16
9343,131
9344,-6
9345,0
9346,4
9347,-90
9348,-72
9349,-185
9350,132
9351,45
9352,-72
9353,-90
9354,16
9355,184
9356,51
9357,48
9358,57
9359,0
9360,-20
9361,-96
9362,-27
9363,-20
9364,-35
9365,256
9366,-48
9367,24
9368,96
9369,-4
9370,-48
9371,118
9372,72
9373,240
9374,119
9375,88
9376,-45
9377,28
9378,-17
9379,18
9380,84
9381,-80
9382,118
9383,100
9384,-144
9385,88
9386,15
9387,-24
9388,-47
9389,-18
9390,-64
9391,-33
9392,36
9393,-36
9394,96
9395,-40
9396,22
9397,86
9398,24
9399,100
9400,297
9401,90
9402,70
9403,14
9404,-32
9405,-64
9406,64
9407,40
9408,-28
9409,47
9410,-180
9411,84
9412,10
9413,24
9414,-5
9415,-228
9416,144
9417,28
9418,-42
9419,84
9420,-128
9421,117
9422,-12
9423,16
9424,36
9425,-110
9426,-36
9427,228
9428,-14
9429,-156
9430,-288
9431,-96
9432,-9
9433,46
9434,0
9435,72
9436,-69
9437,-72
9438,50
9439,91
9440,160
9441,10
9442,108
9443,108
9444,-36
9445,-240
9446,-45
9447,126
9448,-195
9449,-180
9450,132
9451,40
9452,-48
9453,48
9454,-2
9455,288
9456,18
9457,40
9458,98
9459,5
9460,-112
9461,114
9462,-72
9463,35
9464,-108
9465,144
9466,36
9467,60
9468,21
9469,6
9470,224
9471,216
9472,-51
9473,129
9474,4
9475,44
9476,-128
9477,-65
9478,36
9479,29
9480,-240
9481,112
9482,24
9483,68
9484,83
9485,96
9486,-27
9487,20
9488,-20
9489,-80
9490,40
9491,-96
9492,12
9493,184
9494,18
9495,96
9496,12
9497,-162
9498,110
9499,192
9500,96
9501,92
9502,118
9503,105
9504,80
9505,264
9506,-24
9507,-40
9508,-23
9509,6
9510,160
9511,9
9512,54
9513,9
9514,63
9515,-64
9516,-80
9517,-288
9518,0
9519,-64
9520,36
9521,26
9522,41
9523,0
9524,3
9525,-176
9526,4
9527,-30
9528,132
9529,-65
9530,-72
9531,-48
9532,36
9533,86
9534,66
9535,4
9536,-56
9537,64
9538,-36
9539,-56
9540,-20
9541,-54
9542,-10
9543,84
9544,63
9545,288
9546,42
9547,-37
9548,108
9549,-30
9550,0
9551,-170
9552,20
9553,99
9554,90
9555,-80
9556,-34
9557,-24
9558,88
9559,50
9560,288
9561,-128
9562,-108
9563,6
9564,-24
9565,288
9566,45
9567,-2
9568,200
9569,-162
9570,64
9571,-27
9572,58
9573,126
9574,8
9575,110
9576,-36
9577,128
9578,-70
9579,-288
9580,-36
9581,-140
9582,-132
9583,-84
9584,-7
9585,-144
9586,-58
9587,45
9588,-54
9589,-56
9590,-36
9591,256
9592,204
9593,-10
9594,45
9595,32
9596,-24
9597,150
9598,30
9599,-52
9600,66
9601,-70
9602,-10
9603,-48
9604,59
9605,-24
9606,-24
9607,90
9608,123
9609,72
9610,-200
9611,-189
9612,0
9613,38
9614,-128
9615,72
9616,28
9617,8
9618,-12
9619,100
9620,-60
9621,-49
9622,-48
9623,-72
9624,162
9625,-288
9626,111
9627,-48
9628,-18
9629,-14
9630,48
9631,-58
9632,-105
9633,-96
9634,-7
9635,-324
9636,16
9637,216
9638,80
9639,-99
9640,120
9641,288
9642,-30
9643,-2
9644,-50
9645,-208
9646,75
9647,-68
9648,-7
9649,-14
9650,220
9651,176
9652,-32
9653,18
9654,146
9655,-152
9656,-81
9657,6
9658,32
9659,-50
9660,192
9661,-26
9662,10
9663,110
9664,21
9665,288
9666,-16
9667,-87
9668,-62
9669,72
9670,-160
9671,-96
9672,270
9673,-3
9674,-120
9675,-77
9676,-72
9677,-28
9678,-36
9679,-110
9680,20
9681,132
9682,144
9683,56
9684,-19
9685,-160
9686,16
9687,26
9688,-36
9689,18
9690,96
9691,-72
9692,19
9693,96
9694,9
9695,168
9696,20
9697,26
9698,10
9699,80
9700,132
9701,0
9702,8
9703,72
9704,168
9705,-8
9706,192
9707,-63
9708,-88
9709,24
9710,-152
9711,-45
9712,-28
9713,104
9714,114
9715,-56
9716,3
9717,180
9718,-14
9719,89
9720,120
9721,20
9722,3
9723,-96
9724,60
9725,275
9726,132
9727,27
9728,-44
9729,72
9730,-192
9731,-63
9732,90
9733,-160
9734,-144
9735,-256
9736,126
9737,180
9738,1
9739,136
9740,-112
9741,0
9742,12
9743,22
9744,12
9745,24
9746,-36
9747,-12
9748,69
9749,-27
9750,-240
9751,20
9752,-120
9753,-42
9754,-42
9755,256
9756,8
9757,-60
9758,-81
9759,-4
9760,-160
9761,77
9762,-104
9763,60
9764,-44
9765,108
9766,8
9767,174
9768,72
9769,-47
9770,-216
9771,-184
9772,-12
9773,46
9774,8
9775,-264
9776,-45
9777,74
9778,30
9779,96
9780,8
9781,-24
9782,14
9783,26
9784,-117
9785,256
9786,66
9787,-37
9788,-81
9789,-90
9790,0
9791,133
9792,21
9793,78
9794,-72
9795,176
9796,90
9797,24
9798,144
9799,-216
9800,-66
9801,-55
9802,24
9803,150
9804,-56
9805,60
9806,-104
9807,216
9808,-4
9809,-42
9810,68
9811,82
9812,-32
9813,-162
9814,-54
9815,60
9816,-30
9817,62
9818,-138
9819,24
9820,80
9821,-192
9822,66
9823,-144
9824,160
9825,-66
9826,-75
9827,-180
9828,60
9829,114
9830,-112
9831,-8
9832,-138
9833,-68
9834,64
9835,-360
9836,-48
9837,10
9838,-98
9839,-168
9840,72
9841,70
9842,36
9843,-120
9844,-96
9845,64
9846,27
9847,-14
9848,96
9849,-28
9850,99
9851,-6
9852,48
9853,-64
9854,-20
9855,-32
9856,-36
9857,17
9858,-90
9859,164
9860,24
9861,-32
9862,-57
9863,60
9864,-9
9865,232
9866,-2
9867,-320
9868,37
9869,144
9870,-216
9871,16
9872,4
9873,60
9874,108
9875,-240
9876,16
9877,81
9878,104
9879,0
9880,-240
9881,-90
9882,-88
9883,11
9884,36
9885,72
9886,-57
9887,4
9888,160
9889,-72
9890,-224
9891,48
9892,-24
9893,30
9894,72
9895,144
9896,-96
9897,88
9898,-4
9899,-68
9900,-44
9901,152
9902,36
9903,32
9904,7
9905,192
9906,80
9907,32
9908,-7
9909,8
9910,-100
9911,-60
9912,-144
9913,-48
9914,46
9915,16
9916,-21
9917,216
9918,8
9919,255
9920,252
9921,-168
9922,-45
9923,122
9924,56
9925,242
9926,12
9927,46
9928,-18
9929,70
9930,-208
9931,-140
9932,0
9933,168
9934,68
9935,64
9936,32
9937,-20
9938,-56
9939,-4
9940,108
9941,-75
9942,26
9943,-8
9944,-24
9945,60
9946,-75
9947,-30
9948,-76
9949,-10
9950,110
9951,-216
9952,-160
9953,57
9954,30
9955,-32
9956,-12
9957,40
9958,-50
9959,-8
9960,-216
9961,-144
9962,-27
9963,-90
9964,-45
9965,-96
9966,-24
9967,-16
9968,0
9969,162
9970,248
9971,-96
9972,14
9973,-28
9974,-57
9975,-264
9976,42
9977,-48
9978,-70
9979,-108
9980,112
9981,-54
9982,216
9983,-56
9984,-170
9985,104
9986,1
9987,4
9988,44
9989,162
9990,-48
9991,192
9992,177
9993,-120
9994,-84
9995,76
9996,12
9997,220
9998,-116
9999,-8
10000,-41
10001,6
10002,-114
10003,-114
10004,72
10005,-128
10006,-69
10007,-114
10008,-48
10009,-59
10010,240
10011,162
10012,-70
10013,-108
10014,-80
10015,-304
10016,-40
10017,-60
10018,-7
10019,77
10020,-64
10021,212
10022,113
10023,20
10024,36
10025,297
10026,2
10027,-24
10028,-136
10029,-104
10030,96
10031,144
10032,32
10033,80
10034,8
10035,-32
10036,100
10037,-78
10038,-144
10039,17
10040,-108
10041,-48
10042,64
10043,45
10044,-99
10045,72
10046,79
10047,-54
10048,112
10049,-110
10050,-154
10051,164
10052,-72
10053,-8
10054,-100
10055,-256
10056,-162
10057,0
10058,108
10059,54
10060,-24
10061,49
10062,35
10063,-2
10064,-9
10065,256
10066,54
10067,24
10068,48
10069,106
10070,80
10071,-8
10072,-36
10073,-102
10074,32
10075,495
10076,-8
10077,84
10078,68
10079,-93
10080,-60
10081,60
10082,10
10083,-32
10084,8
10085,28
10086,-80
10087,36
10088,-180
10089,-32
10090,-216
10091,-8
10092,-50
10093,16
10094,-32
10095,-32
10096,-18
10097,-64
10098,48
10099,-56
10100,22
10101,90
10102,2
10103,-164
10104,-42
10105,-252
10106,9
10107,-44
10108,9
10109,72
10110,184
10111,-40
10112,-30
10113,48
10114,-125
10115,96
10116,-30
10117,21
10118,-64
10119,-64
10120,-384
10121,8
10122,-60
10123,0
10124,47
10125,264
10126,72
10127,180
10128,-48
10129,-144
10130,-76
10131,-256
10132,24
10133,-2
10134,-9
10135,-148
10136,-18
10137,-306
10138,9
10139,-71
10140,-96
10141,78
10142,-88
10143,-16
10144,100
10145,4
10146,0
10147,32
10148,-56
10149,-60
10150,66
10151,-36
10152,108
10153,-180
10154,-110
10155,96
10156,-40
10157,-69
10158,18
10159,62
10160,32
10161,-6
10162,-47
10163,-40
10164,30
10165,192
10166,120
10167,-50
10168,-243
10169,-125
10170,-8
10171,18
10172,-81
10173,80
10174,98
10175,132
10176,70
10177,-18
10178,-24
10179,-40
10180,-96
10181,-5
10182,78
10183,21
10184,-84
10185,-288
10186,64
10187,64
10188,16
10189,72
10190,48
10191,140
10192,10
10193,119
10194,28
10195,28
10196,30
10197,-64
10198,-4
10199,243
10200,198
10201,-97
10202,1
10203,32
10204,-1
10205,320
10206,39
10207,-32
10208,40
10209,162
10210,12
10211,-148
10212,-48
10213,-132
10214,65
10215,44
10216,135
10217,-84
10218,30
10219,0
10220,24
10221,184
10222,76
10223,48
10224,-9
10225,-55
10226,-70
10227,168
10228,-81
10229,-100
10230,-288
10231,90
10232,-39
10233,16
10234,-63
10235,0
10236,50
10237,-24
10238,120
10239,-108
10240,-180
10241,32
10242,-1
10243,-33
10244,45
10245,-288
10246,153
10247,-84
10248,144
10249,-42
10250,216
10251,21
10252,44
10253,53
10254,132
10255,108
10256,-9
10257,-210
10258,-64
10259,120
10260,64
10261,234
10262,39
10263,256
10264,78
10265,-64
10266,32
10267,-180
10268,-9
10269,-3
10270,200
10271,-158
10272,120
10273,-94
10274,-144
10275,-66
10276,-6
10277,-168
10278,-21
10279,4
10280,24
10281,-128
10282,60
10283,-30
10284,114
10285,-60
10286,48
10287,-88
10288,26
10289,-80
10290,-120
10291,81
10292,81
10293,36
10294,-18
10295,-72
10296,60
10297,171
10298,-32
10299,-56
10300,176
10301,-80
10302,12
10303,-96
10304,-168
10305,-8
10306,-28
10307,48
10308,-90
10309,96
10310,108
10311,-120
10312,-120
10313,130
10314,0
10315,136
10316,77
10317,-16
10318,84
10319,84
10320,56
10321,108
10322,-110
10323,-27
10324,0
10325,-264
10326,-10
10327,-208
10328,-120
10329,64
10330,4
10331,101
10332,27
10333,-33
10334,-83
10335,200
10336,60
10337,168
10338,148
10339,-48
10340,-144
10341,40
10342,40
10343,-40
10344,36
10345,-52
10346,-54
10347,-188
10348,50
10349,30
10350,-88
10351,180
10352,1
10353,-36
10354,-72
10355,272
10356,92
10357,153
10358,-4
10359,-52
10360,108
10361,60
10362,-128
10363,-70
10364,60
10365,-320
10366,18
10367,96
10368,33
10369,104
10370,-96
10371,68
10372,-8
10373,288
10374,120
10375,-216
10376,-123
10377,26
10378,24
10379,144
10380,-32
10381,27
10382,-8
10383,116
10384,32
10385,252
10386,-14
10387,135
10388,10
10389,-16
10390,-180
10391,-10
10392,6
10393,108
10394,69
10395,-192
10396,16
10397,90
10398,-52
10399,173
10400,-275
10401,92
10402,30
10403,32
10404,8
10405,320
10406,-35
10407,32
10408,-81
10409,27
10410,-8
10411,48
10412,-12
10413,0
10414,-72
10415,-56
10416,-54
10417,-224
10418,-9
10419,48
10420,-68
10421,12
10422,80
10423,-81
10424,-24
10425,-352
10426,-135
10427,78
10428,80
10429,-117
10430,96
10431,32
10432,-7
10433,-150
10434,54
10435,168
10436,45
10437,-36
10438,96
10439,-40
10440,24
10441,-45
10442,88
10443,-10
10444,6
10445,-224
10446,-4
10447,-207
10448,-22
10449,-70
10450,176
10451,-30
10452,-70
10453,-66
10454,65
10455,-216
10456,-54
10457,-180
10458,27
10459,-201
10460,-20
10461,-160
10462,-90
10463,-21
10464,170
10465,-480
10466,-111
10467,-44
10468,-54
10469,-6
10470,32
10471,-48
10472,-108
10473,-156
10474,45
10475,-297
10476,48
10477,-34
10478,-108
10479,-168
10480,12
10481,-72
10482,82
10483,72
10484,84
10485,44
10486,-24
10487,-168
10488,-192
10489,-12
10490,-40
10491,190
10492,56
10493,0
10494,-20
10495,200
10496,153
10497,-76
10498,4
10499,147
10500,-144
10501,-143
10502,0
10503,100
10504,-30
10505,0
10506,96
10507,120
10508,-27
10509,36
10510,-20
10511,200
10512,-2
10513,-158
10514,-36
10515,-144
10516,-96
10517,220
10518,-124
10519,112
10520,-252
10521,24
10522,126
10523,-21
10524,-34
10525,-77
10526,-56
10527,-20
10528,-135
10529,146
10530,-220
10531,14
10532,18
10533,-8
10534,-16
10535,56
10536,48
10537,-18
10538,-36
10539,-32
10540,-108
10541,72
10542,54
10543,-225
10544,-9
10545,96
10546,-24
10547,-50
10548,9
10549,36
10550,-264
10551,-102
10552,0
10553,32
10554,56
10555,-72
10556,30
10557,-96
10558,-63
10559,66
10560,224
10561,32
10562,58
10563,36
10564,-64
10565,-92
10566,-36
10567,-23
10568,150
10569,-80
10570,-36
10571,200
10572,-36
10573,204
10574,-96
10575,-99
10576,-2
10577,-66
10578,-126
10579,-72
10580,164
10581,48
10582,-60
10583,8
10584,-24
10585,-16
10586,70
10587,92
10588,22
10589,-129
10590,-96
10591,0
10592,-130
10593,-48
10594,-12
10595,-20
10596,52
10597,32
10598,-42
10599,-96
10600,165
10601,160
10602,-36
10603,176
10604,-40
10605,-48
10606,51
10607,150
10608,-30
10609,153
10610,120
10611,-33
10612,-12
10613,74
10614,-32
10615,-320
10616,-156
10617,104
10618,72
10619,-81
10620,-32
10621,140
10622,-18
10623,-40
10624,-27
10625,123
10626,192
10627,-14
10628,-87
10629,65
10630,8
10631,-85
10632,-54
10633,135
10634,25
10635,32
10636,-13
10637,160
10638,36
10639,-101
10640,48
10641,136
10642,-24
10643,4
10644,-30
10645,24
10646,-14
10647,36
10648,72
10649,-128
10650,-198
10651,49
10652,-13
10653,70
10654,-18
10655,-336
10656,15
10657,182
10658,-69
10659,-96
10660,180
10661,12
10662,32
10663,18
10664,-189
10665,-160
10666,54
10667,0
10668,48
10669,99
10670,192
10671,-192
10672,16
10673,-120
10674,20
10675,264
10676,-48
10677,52
10678,120
10679,-16
10680,0
10681,152
10682,-34
10683,-4
10684,-39
10685,104
10686,30
10687,-96
10688,56
10689,144
10690,196
10691,60
10692,-40
10693,-24
10694,-3
10695,576
10696,0
10697,-36
10698,-132
10699,-40
10700,132
10701,-18
10702,42
10703,192
10704,16
10705,-236
10706,10
10707,126
10708,-61
10709,-146
10710,-36
10711,-137
10712,-240
10713,-26
10714,-112
10715,-184
10716,-72
10717,-129
10718,88
10719,88
10720,-140
10721,27
10722,-24
10723,-96
10724,-30
10725,440
10726,-36
10727,54
10728,24
10729,-50
10730,-24
10731,-8
10732,69
10733,-26
10734,-132
10735,-32
10736,-32
10737,-21
10738,120
10739,-13
10740,32
10741,288
10742,-27
10743,196
10744,-90
10745,-384
10746,40
10747,216
10748,-29
10749,-166
10750,168
10751,-140
10752,66
10753,-34
10754,-64
10755,-96
10756,88
10757,9
10758,8
10759,-30
10760,228
10761,144
10762,44
10763,-18
10764,-40
10765,-132
10766,-132
10767,72
10768,4
10769,0
10770,192
10771,-70
10772,-54
10773,-132
10774,-128
10775,66
10776,156
10777,190
10778,60
10779,168
10780,32
10781,-131
10782,7
10783,189
10784,115
10785,144
10786,74
10787,-168
10788,-36
10789,82
10790,180
10791,-68
10792,-108
10793,63
10794,-12
10795,-96
10796,69
10797,128
10798,30
10799,98
10800,-44
10801,132
10802,80
10803,-140
10804,-6
10805,-60
10806,148
10807,24
10808,-180
10809,-41
10810,-288
10811,-4
10812,-30
10813,112
10814,112
10815,-384
10816,84
10817,-4
10818,-28
10819,-36
10820,4
10821,-112
10822,66
10823,30
10824,-216
10825,11
10826,-38
10827,108
10828,92
10829,-30
10830,-24
10831,-160
10832,-12
10833,256
10834,26
10835,-144
10836,21
10837,162
10838,-12
10839,-4
10840,-96
10841,-27
10842,160
10843,-114
10844,64
10845,-40
10846,24
10847,-68
10848,-20
10849,-84
10850,-297
10851,26
10852,97
10853,150
10854,-77
10855,160
10856,-192
10857,216
10858,0
10859,-118
10860,-16
10861,170
10862,10
10863,27
10864,36
10865,-180
10866,128
10867,165
10868,80
10869,88
10870,-104
10871,-123
10872,-9
10873,27
10874,-114
10875,96
10876,48
10877,-16
10878,-12
10879,224
10880,36
10881,180
10882,108
10883,-127
10884,-24
10885,384
10886,-25
10887,0
10888,30
10889,18
10890,-20
10891,-12
10892,-75
10893,-124
10894,135
10895,208
10896,-22
10897,27
10898,-26
10899,12
10900,187
10901,100
10902,160
10903,58
10904,54
10905,-64
10906,-108
10907,-120
10908,8
10909,-2
10910,-96
10911,104
10912,-180
10913,-24
10914,72
10915,96
10916,-86
10917,-56
10918,80
10919,-32
10920,360
10921,-7
10922,-56
10923,208
10924,58
10925,-352
10926,28
10927,16
10928,36
10929,72
10930,-40
10931,-78
10932,106
10933,125
10934,108
10935,224
10936,162
10937,136
10938,18
10939,60
10940,108
10941,102
10942,-88
10943,108
10944,28
10945,-160
10946,35
10947,0
10948,72
10949,-166
10950,-44
10951,99
10952,84
10953,-42
10954,66
10955,96
10956,72
10957,67
10958,-122
10959,300
10960,12
10961,-24
10962,24
10963,-56
10964,51
10965,-168
10966,103
10967,-248
10968,-150
10969,-105
10970,-240
10971,40
10972,-120
10973,18
10974,-144
10975,88
10976,-75
10977,-6
10978,112
10979,-156
10980,32
10981,160
10982,-32
10983,30
10984,189
10985,-20
10986,36
10987,-104
10988,63
10989,48
10990,-192
10991,8
10992,4
10993,136
10994,-192
10995,104
10996,10
10997,54
10998,45
10999,-3
11000,288
11001,-160
11002,-135
11003,-205
11004,18
11005,324
11006,121
11007,39
11008,119
11009,34
11010,16
11011,-75
11012,-31
11013,-154
11014,-135
11015,-284
11016,99
11017,72
11018,-54
11019,4
11020,32
11021,192
11022,-64
11023,6
11024,-25
11025,22
11026,-24
11027,-9
11028,36
11029,-171
11030,-184
11031,-160
11032,-81
11033,-96
11034,4
11035,-60
11036,0
11037,-160
11038,-72
11039,108
11040,-320
11041,16
11042,-62
11043,-20
11044,36
11045,-136
11046,126
11047,-114
11048,87
11049,-32
11050,-165
11051,-14
11052,-32
11053,-6
11054,122
11055,224
11056,40
11057,-122
11058,96
11059,-94
11060,120
11061,46
11062,40
11063,120
11064,-132
11065,-24
11066,-24
11067,162
11068,-46
11069,-170
11070,144
11071,86
11072,28
11073,120
11074,4
11075,-99
11076,-90
11077,-80
11078,0
11079,-32
11080,-168
11081,-165
11082,-16
11083,-4
11084,3
11085,-144
11086,-80
11087,87
11088,-12
11089,-125
11090,216
11091,194
11092,-72
11093,66
11094,-12
11095,-240
11096,-24
11097,-33
11098,36
11099,216
11100,66
11101,66
11102,-120
11103,226
11104,-5
11105,128
11106,-4
11107,20
11108,9
11109,-246
11110,32
11111,72
11112,96
11113,-63
11114,126
11115,80
11116,-66
11117,-98
11118,102
11119,-124
11120,64
11121,-184
11122,63
11123,-22
11124,64
11125,0
11126,-106
11127,132
11128,-180
11129,-216
11130,-120
11131,-26
11132,40
11133,32
11134,-36
11135,-36
11136,12
11137,-63
11138,120
11139,180
11140,8
11141,-285
11142,-7
11143,76
11144,-90
11145,80
11146,-20
11147,144
11148,0
11149,50
11150,88
11151,-96
11152,27
11153,-144
11154,-96
11155,-384
11156,-34
11157,98
11158,-36
11159,76
11160,-108
11161,-34
11162,91
11163,-6
11164,-20
11165,-96
11166,56
11167,225
11168,20
11169,6
11170,32
11171,107
11172,16
11173,106
11174,9
11175,176
11176,-96
11177,89
11178,-80
11179,198
11180,140
11181,-16
11182,147
11183,120
11184,-22
11185,332
11186,-81
11187,8
11188,-25
11189,56
11190,-16
11191,27
11192,-78
11193,-270
11194,40
11195,0
11196,32
11197,92
11198,-96
11199,-178
11200,231
11201,224
11202,-16
11203,27
11204,53
11205,-144
11206,-30
11207,36
11208,-216
11209,-48
11210,128
11211,12
11212,105
11213,108
11214,0
11215,24
11216,18
11217,-40
11218,90
11219,-230
11220,-96
11221,4
11222,-18
11223,-14
11224,192
11225,286
11226,92
11227,272
11228,-81
11229,-72
11230,176
11231,-12
11232,-100
11233,-216
11234,-27
11235,-288
11236,28
11237,6
11238,128
11239,-208
11240,360
11241,-59
11242,24
11243,75
11244,24
11245,80
11246,-50
11247,-16
11248,-12
11249,45
11250,41
11251,13
11252,24
11253,90
11254,-78
11255,20
11256,126
11257,-83
11258,-5
11259,-176
11260,-36
11261,-85
11262,44
11263,-219
11264,92
11265,-96
11266,-21
11267,80
11268,8
11269,0
11270,64
11271,-80
11272,-60
11273,-126
11274,-20
11275,-396
11276,60
11277,-12
11278,15
11279,-171
11280,72
11281,50
11282,-105
11283,-26
11284,-135
11285,-96
11286,64
11287,43
11288,-81
11289,90
11290,24
11291,54
11292,90
11293,-160
11294,28
11295,36
11296,-60
11297,-200
11298,-114
11299,160
11300,-22
11301,126
11302,0
11303,0
11304,-48
11305,-144
11306,19
11307,202
11308,-8
11309,147
11310,-80
11311,50
11312,6
11313,-108
11314,-104
11315,72
11316,144
11317,182
11318,25
11319,120
11320,-192
11321,-40
11322,9
11323,84
11324,32
11325,-66
11326,-132
11327,-90
11328,112
11329,-138
11330,256
11331,12
11332,23
11333,-171
11334,-120
11335,-32
11336,-255
11337,88
11338,-126
11339,-48
11340,-132
11341,-108
11342,60
11343,-80
11344,-4
11345,-300
11346,144
11347,-198
11348,-84
11349,60
11350,-121
11351,-17
11352,-168
11353,118
11354,135
11355,-112
11356,-24
11357,126
11358,18
11359,96
11360,-180
11361,-6
11362,160
11363,-4
11364,-112
11365,-316
11366,86
11367,-28
11368,-12
11369,-118
11370,32
11371,27
11372,100
11373,-48
11374,-45
11375,360
11376,-10
11377,-18
11378,40
11379,182
11380,-4
11381,28
11382,48
11383,-99
11384,144
11385,128
11386,75
11387,-160
11388,-20
11389,156
11390,-84
11391,84
11392,0
11393,84
11394,-96
11395,-140
11396,-36
11397,-12
11398,-144
11399,24
11400,264
11401,85
11402,-34
11403,6
11404,71
11405,320
11406,132
11407,96
11408,-72
11409,-216
11410,12
11411,-132
11412,-20
11413,-4
11414,-40
11415,-48
11416,-162
11417,-22
11418,-32
11419,-112
11420,-84
11421,-90
11422,-126
11423,-185
11424,-90
11425,-275
11426,18
11427,-90
11428,-2
11429,180
11430,-32
11431,-216
11432,114
11433,96
11434,-135
11435,-228
11436,36
11437,-93
11438,-84
11439,81
11440,-80
11441,-12
11442,2
11443,-197
11444,18
11445,-408
11446,96
11447,12
11448,60
11449,37
11450,22
11451,8
11452,15
11453,90
11454,144
11455,-80
11456,-28
11457,28
11458,69
11459,-99
11460,0
11461,32
11462,-68
11463,96
11464,-144
11465,156
11466,-10
11467,-113
11468,72
11469,-52
11470,108
11471,155
11472,48
11473,-96
11474,-77
11475,132
11476,-12
11477,-224
11478,144
11479,-130
11480,-324
11481,0
11482,-66
11483,-144
11484,-8
11485,-228
11486,-37
11487,-162
11488,120
11489,32
11490,80
11491,192
11492,-36
11493,-45
11494,72
11495,-80
11496,-54
11497,204
11498,82
11499,62
11500,-192
11501,135
11502,-99
11503,37
11504,-18
11505,320
11506,-20
11507,-96
11508,18
11509,36
11510,208
11511,13
11512,102
11513,44
11514,16
11515,72
11516,35
11517,-32
11518,45
11519,168
11520,68
11521,-270
11522,24
11523,128
11524,49
11525,-242
11526,-12
11527,-162
11528,-36
11529,96
11530,-104
11531,75
11532,100
11533,112
11534,20
11535,-352
11536,48
11537,144
11538,9
11539,40
11540,-56
11541,24
11542,20
11543,-108
11544,-90
11545,180
11546,72
11547,-26
11548,-96
11549,4
11550,-264
11551,-172
11552,-15
11553,-58
11554,85
11555,-176
11556,48
11557,-120
11558,-32
11559,234
11560,-96
11561,20
11562,-162
11563,18
11564,16
11565,-8
11566,49
11567,-133
11568,20
11569,48
11570,0
11571,-48
11572,84
11573,-9
11574,-26
11575,176
11576,144
11577,66
11578,84
11579,-168
11580,-160
11581,-24
11582,-30
11583,220
11584,14
11585,312
11586,-76
11587,136
11588,-50
11589,112
11590,-128
11591,28
11592,72
11593,139
11594,-108
11595,176
11596,40
11597,-174
11598,144
11599,-39
11600,-22
11601,40
11602,12
11603,144
11604,80
11605,384
11606,-114
11607,20
11608,69
11609,180
11610,112
11611,-108
11612,-104
11613,-40
11614,-13
11615,-64
11616,-50
11617,-206
11618,48
11619,40
11620,108
11621,-86
11622,-80
11623,-72
11624,-18
11625,-432
11626,66
11627,36
11628,-12
11629,54
11630,176
11631,-176
11632,8
11633,92
11634,84
11635,-80
11636,82
11637,24
11638,164
11639,-32
11640,288
11641,105
11642,-135
11643,118
11644,81
11645,-36
11646,-1
11647,16
11648,45
11649,96
11650,-121
11651,0
11652,76
11653,56
11654,-112
11655,-36
11656,-243
11657,21
11658,-28
11659,0
11660,-80
11661,192
11662,-45
11663,204
11664,-13
11665,-240
11666,128
11667,-54
11668,-36
11669,171
11670,200
11671,-120
11672,132
11673,41
11674,-130
11675,-396
11676,96
11677,130
11678,-110
11679,-12
11680,-40
11681,24
11682,-32
11683,120
11684,64
11685,-288
11686,140
11687,90
11688,-168
11689,-34
11690,-96
11691,4
11692,-30
11693,-8
11694,12
11695,204
11696,21
11697,-12
11698,40
11699,-90
11700,55
11701,160
11702,-40
11703,162
11704,-144
11705,-140
11706,128
11707,192
11708,82
11709,27
11710,128
11711,48
11712,-112
11713,75
11714,40
11715,288
11716,4
11717,-7
11718,-108
11719,40
11720,-108
11721,32
11722,120
11723,-16
11724,108
11725,231
11726,180
11727,8
11728,-13
11729,60
11730,-192
11731,161
11732,81
11733,-162
11734,-16
11735,-188
11736,3
11737,-60
11738,54
11739,-210
11740,-144
11741,-80
11742,128
11743,166
11744,10
11745,88
11746,72
11747,-120
11748,0
11749,-36
11750,216
11751,76
11752,30
11753,-48
11754,22
11755,-128
11756,11
11757,72
11758,-57
11759,-196
11760,-16
11761,-28
11762,54
11763,18
11764,-12
11765,40
11766,30
11767,120
11768,-171
11769,116
11770,192
11771,-80
11772,68
11773,160
11774,-75
11775,-352
11776,88
11777,84
11778,30
11779,154
11780,-144
11781,36
11782,-21
11783,-97
11784,120
11785,-56
11786,81
11787,110
11788,21
11789,-109
11790,-12
11791,60
11792,-28
11793,120
11794,-80
11795,-276
11796,56
11797,81
11798,-3
11799,-128
11800,264
11801,-32
11802,-180
11803,24
11804,-55
11805,-144
11806,138
11807,69
11808,-45
11809,20
11810,-260
11811,144
11812,-29
11813,4
11814,32
11815,-192
11816,216
11817,10
11818,-128
11819,-40
11820,-72
11821,44
11822,-16
11823,54
11824,18
11825,-308
11826,-22
11827,-54
11828,-10
11829,-74
11830,-144
11831,138
11832,36
11833,182
11834,-96
11835,84
11836,-76
11837,0
11838,116
11839,-104
11840,-84
11841,56
11842,0
11843,-265
11844,27
11845,-512
11846,-78
11847,-192
11848,-96
11849,72
11850,-220
11851,-27
11852,-90
11853,32
11854,111
11855,332
11856,-40
11857,72
11858,10
11859,112
11860,80
11861,-10
11862,9
11863,9
11864,-27
11865,48
11866,12
11867,128
11868,112
11869,-180
11870,16
11871,0
11872,-75
11873,-90
11874,72
11875,164
11876,30
11877,72
11878,108
11879,-117
11880,192
11881,180
11882,125
11883,66
11884,91
11885,-92
11886,96
11887,82
11888,-10
11889,-50
11890,72
11891,288
11892,50
11893,-42
11894,-32
11895,-320
11896,-27
11897,-52
11898,2
11899,-2
11900,-99
11901,48
11902,4
11903,80
11904,-54
11905,12
11906,41
11907,20
11908,10
11909,-106
11910,176
11911,98
11912,81
11913,24
11914,-72
11915,144
11916,26
11917,-54
11918,16
11919,-12
11920,-32
11921,-45
11922,32
11923,127
11924,32
11925,-55
11926,0
11927,8
11928,162
11929,30
11930,84
11931,-216
11932,-64
11933,66
11934,-60
11935,432
11936,-10
11937,64
11938,-72
11939,-100
11940,-80
11941,-140
11942,75
11943,52
11944,30
11945,-136
11946,-16
11947,-90
11948,32
11949,6
11950,264
11951,36
11952,-9
11953,18
11954,-112
11955,-96
11956,-16
11957,104
11958,-48
11959,-11
11960,480
11961,-36
11962,-23
11963,-198
11964,-124
11965,232
11966,-180
11967,-136
11968,84
11969,-18
11970,-48
11971,182
11972,18
11973,320
11974,112
11975,-99
11976,168
11977,-48
11978,-10
11979,-24
11980,28
11981,98
11982,52
11983,136
11984,36
11985,-216
11986,110
11987,114
11988,33
11989,72
11990,272
11991,126
11992,0
11993,-28
11994,38
11995,-96
11996,-32
11997,63
11998,171
11999,108
12000,240
12001,96
12002,-36
12003,4
12004,82
12005,236
12006,-16
12007,158
12008,-120
12009,-128
12010,164
12011,-175
12012,-120
12013,81
12014,149
12015,0
12016,12
12017,72
12018,-152
12019,-18
12020,-112
12021,114
12022,126
12023,40
12024,-24
12025,-165
12026,-135
12027,192
12028,-108
12029,40
12030,216
12031,55
12032,153
12033,0
12034,108
12035,-72
12036,-48
12037,-2
12038,-80
12039,-132
12040,-252
12041,-118
12042,32
12043,122
12044,-37
12045,64
12046,80
12047,15
12048,-18
12049,-45
12050,110
12051,80
12052,24
12053,12
12054,36
12055,-200
12056,-36
12057,-144
12058,75
12059,-225
12060,28
12061,-222
12062,-3
12063,164
12064,-50
12065,-128
12066,-128
12067,240
12068,-18
12069,88
12070,-108
12071,80
12072,-36
12073,-55
12074,-97
12075,528
12076,70
12077,0
12078,32
12079,-18
12080,12
12081,-24
12082,138
12083,-210
12084,-40
12085,-248
12086,4
12087,30
12088,66
12089,192
12090,360
12091,-24
12092,32
12093,-64
12094,72
12095,-288
12096,84
12097,-38
12098,168
12099,102
12100,-55
12101,100
12102,14
12103,-40
12104,0
12105,-76
12106,9
12107,-18
12108,108
12109,-26
12110,-48
12111,-16
12112,14
12113,101
12114,-4
12115,76
12116,-55
12117,84
12118,18
12119,61
12120,48
12121,216
12122,32
12123,104
12124,-3
12125,288
12126,-126
12127,14
12128,20
12129,-320
12130,224
12131,78
12132,-23
12133,184
12134,-3
12135,-352
12136,81
12137,-10
12138,48
12139,80
12140,112
12141,36
12142,180
12143,-81
12144,-64
12145,12
12146,115
12147,204
12148,-25
12149,-9
12150,110
12151,-54
12152,54
12153,170
12154,128
12155,240
12156,38
12157,115
12158,96
12159,60
12160,48
12161,51
12162,-74
12163,148
12164,-78
12165,360
12166,120
12167,-144
12168,-36
12169,112
12170,168
12171,128
12172,12
12173,-81
12174,2
12175,-308
12176,6
12177,-144
12178,98
12179,36
12180,-48
12181,-60
12182,-100
12183,54
12184,-12
12185,276
12186,12
12187,6
12188,56
12189,-144
12190,-160
12191,16
12192,-80
12193,0
12194,-105
12195,32
12196,-95
12197,-130
12198,96
12199,-216
12200,-264
12201,-36
12202,47
12203,120
12204,-8
12205,-176
12206,72
12207,-80
12208,51
12209,-14
12210,96
12211,-69
12212,63
12213,64
12214,-81
12215,-48
12216,-144
12217,-104
12218,72
12219,146
12220,180
12221,-10
12222,-36
12223,54
12224,0
12225,22
12226,51
12227,-29
12228,-24
12229,-123
12230,-156
12231,-33
12232,-192
12233,-225
12234,14
12235,-324
12236,96
12237,-10
12238,-48
12239,66
12240,12
12241,97
12242,-57
12243,120
12244,-62
12245,360
12246,160
12247,-78
12248,129
12249,-10
12250,-48
12251,6
12252,-6
12253,-98
12254,8
12255,-224
12256,50
12257,-144
12258,-44
12259,-360
12260,16
12261,-112
12262,48
12263,166
12264,36
12265,-128
12266,96
12267,-18
12268,62
12269,82
12270,-40
12271,186
12272,-40
12273,14
12274,-9
12275,220
12276,36
12277,-57
12278,-51
12279,-36
12280,384
12281,96
12282,0
12283,36
12284,-27
12285,240
12286,-72
12287,-32
12288,2
12289,-48
12290,-184
12291,-60
12292,-24
12293,-4
12294,-36
12295,-192
12296,30
12297,120
12298,140
12299,-18
12300,-198
12301,73
12302,-20
12303,-54
12304,44
12305,-384
12306,54
12307,-198
12308,-6
12309,16
12310,128
12311,280
12312,132
12313,-84
12314,-27
12315,192
12316,60
12317,-34
12318,-32
12319,-96
12320,-240
12321,-28
12322,-16
12323,-144
12324,-100
12325,66
12326,129
12327,216
12328,168
12329,84
12330,-12
12331,-128
12332,12
12333,-158
12334,-54
12335,148
12336,4
12337,24
12338,-90
12339,-100
12340,-16
12341,189
12342,-30
12343,-131
12344,-132
12345,64
12346,-122
12347,68
12348,15
12349,55
12350,-220
12351,-64
12352,140
12353,-176
12354,-36
12355,144
12356,-84
12357,-63
12358,24
12359,-24
12360,384
12361,189
12362,78
12363,200
12364,-120
12365,-96
12366,8
12367,-72
12368,-22
12369,216
12370,-128
12371,0
12372,-54
12373,42
12374,-152
12375,-96
12376,135
12377,78
12378,68
12379,188
12380,-28
12381,132
12382,-27
12383,48
12384,-35
12385,-28
12386,-36
12387,-52
12388,4
12389,-90
12390,-192
12391,-187
12392,114
12393,39
12394,12
12395,-84
12396,-2
12397,-64
12398,26
12399,108
12400,99
12401,-139
12402,25
12403,160
12404,27
12405,224
12406,47
12407,88
12408,-216
12409,201
12410,-24
12411,27
12412,24
12413,51
12414,-26
12415,0
12416,36
12417,-4
12418,-45
12419,-24
12420,-128
12421,-19
12422,141
12423,-36
12424,123
12425,297
12426,136
12427,56
12428,120
12429,-29
12430,-32
12431,-243
12432,18
12433,66
12434,-43
12435,-304
12436,-51
12437,50
12438,-40
12439,-48
12440,-384
12441,80
12442,-102
12443,-8
12444,48
12445,-48
12446,16
12447,-88
12448,125
12449,192
12450,-198
12451,-178
12452,64
12453,-120
12454,45
12455,-180
12456,-12
12457,129
12458,-21
12459,212
12460,0
12461,39
12462,126
12463,-80
12464,36
12465,56
12466,64
12467,-45
12468,90
12469,69
12470,56
12471,-168
12472,24
12473,138
12474,-132
12475,308
12476,24
12477,-64
12478,6
12479,-190
12480,-280
12481,198
12482,21
12483,8
12484,-10
12485,176
12486,160
12487,2
12488,-72
12489,32
12490,236
12491,-60
12492,1
12493,-250
12494,17
12495,48
12496,-36
12497,104
12498,-28
12499,12
12500,44
12501,64
12502,-108
12503,120
12504,-102
12505,288
12506,36
12507,-32
12508,-40
12509,36
12510,-64
12511,-13
12512,-120
12513,-168
12514,124
12515,-280
12516,-48
12517,82
12518,-4
12519,60
12520,-96
12521,36
12522,84
12523,198
12524,-18
12525,-176
12526,1
12527,-24
12528,-8
12529,84
12530,48
12531,-44
12532,50
12533,27
12534,-112
12535,-544
12536,105
12537,30
12538,-48
12539,-62
12540,-128
12541,-2
12542,-99
12543,-12
12544,-34
12545,400
12546,-27
12547,20
12548,42
12549,0
12550,-99
12551,-12
12552,-30
12553,-154
12554,-77
12555,-396
12556,14
12557,2
12558,-240
12559,8
12560,64
12561,100
12562,-84
12563,-54
12564,-4
12565,-288
12566,-128
12567,144
12568,-54
12569,75
12570,-216
12571,-200
12572,-78
12573,32
12574,-12
12575,-66
12576,-30
12577,166
12578,-104
12579,-42
12580,36
12581,-216
12582,-44
12583,20
12584,75
12585,192
12586,-54
12587,-288
12588,20
12589,118
12590,-48
12591,26
12592,18
12593,4
12594,100
12595,-32
12596,63
12597,120
12598,66
12599,63
12600,-99
12601,-17
12602,8
12603,220
12604,24
12605,32
12606,0
12607,-222
12608,63
12609,-144
12610,-240
12611,30
12612,10
12613,-30
12614,-45
12615,-200
12616,-108
12617,-108
12618,-18
12619,-37
12620,72
12621,168
12622,-9
12623,-190
12624,-42
12625,48
12626,96
12627,-64
12628,108
12629,8
12630,-56
12631,30
12632,6
12633,-198
12634,48
12635,36
12636,50
12637,34
12638,0
12639,-80
12640,-200
12641,62
12642,28
12643,-171
12644,34
12645,-120
12646,-97
12647,-20
12648,-162
12649,-240
12650,-352
12651,-48
12652,-40
12653,-17
12654,12
12655,188
12656,-6
12657,232
12658,-56
12659,84
12660,192
12661,-208
12662,140
12663,84
12664,165
12665,96
12666,-36
12667,-120
12668,46
12669,-288
12670,-24
12671,0
12672,-12
12673,-64
12674,2
12675,-264
12676,-20
12677,-192
12678,-46
12679,45
12680,240
12681,20
12682,-6
12683,104
12684,18
12685,-224
12686,25
12687,-216
12688,40
12689,51
12690,144
12691,-45
12692,-32
12693,-52
12694,-56
12695,-160
12696,246
12697,-19
12698,-36
12699,27
12700,-88
12701,-270
12702,-8
12703,-119
12704,110
12705,120
12706,-52
12707,-36
12708,12
12709,-36
12710,-324
12711,-64
12712,99
12713,171
12714,-10
12715,-324
12716,32
12717,-176
12718,-86
12719,-240
12720,40
12721,62
12722,104
12723,156
12724,42
12725,-264
12726,-6
12727,0
12728,63
12729,104
12730,-112
12731,16
12732,-60
12733,-108
12734,58
12735,64
12736,70
12737,72
12738,-160
12739,84
12740,-40
12741,54
12742,112
12743,-144
12744,96
12745,120
12746,-124
12747,-168
12748,-64
12749,128
12750,144
12751,288
12752,12
12753,85
12754,159
12755,-4
12756,-4
12757,86
12758,103
12759,-108
12760,96
12761,-27
12762,4
12763,-52
12764,63
12765,-192
12766,-100
12767,-36
12768,-120
12769,-109
12770,180
12771,-112
12772,-144
12773,-50
12774,12
12775,66
12776,-198
12777,64
12778,-19
12779,-140
12780,36
12781,-88
12782,108
12783,-240
12784,27
12785,-324
12786,-168
12787,-16
12788,128
12789,4
12790,-52
12791,42
12792,270
12793,-176
12794,-70
12795,200
12796,75
12797,0
12798,-110
12799,116
12800,-121
12801,54
12802,12
12803,216
12804,-96
12805,180
12806,92
12807,-48
12808,-36
12809,72
12810,192
12811,-16
12812,36
12813,164
12814,56
12815,176
12816,0
12817,-54
12818,-30
12819,176
12820,36
12821,77
12822,52
12823,-136
12824,-18
12825,176
12826,-25
12827,-16
12828,-98
12829,103
12830,104
12831,-270
12832,135
12833,72
12834,72
12835,-36
12836,-24
12837,-200
12838,6
12839,-3
12840,288
12841,16
12842,-105
12843,54
12844,-48
12845,-24
12846,-118
12847,-18
12848,-8
12849,-66
12850,22
12851,18
12852,-36
12853,14
12854,88
12855,456
12856,-45
12857,-280
12858,-92
12859,96
12860,-104
12861,-38
12862,136
12863,48
12864,-98
12865,324
12866,54
12867,14
12868,88
12869,-42
12870,80
12871,-192
12872,219
12873,-24
12874,-144
12875,384
12876,12
12877,-10
12878,-27
12879,-50
12880,-96
12881,-128
12882,-16
12883,-125
12884,55
12885,-360
12886,12
12887,-42
12888,12
12889,-118
12890,-160
12891,-100
12892,36
12893,108
12894,-192
12895,308
12896,225
12897,48
12898,-14
12899,124
12900,-154
12901,-144
12902,98
12903,192
12904,-54
12905,0
12906,96
12907,73
12908,66
12909,-260
12910,-160
12911,84
12912,38
12913,12
12914,-144
12915,108
12916,13
12917,-58
12918,-66
12919,15
12920,144
12921,32
12922,-135
12923,-52
12924,-24
12925,-396
12926,-240
12927,288
12928,6
12929,24
12930,48
12931,140
12932,40
12933,-36
12934,16
12935,200
12936,48
12937,-18
12938,93
12939,88
12940,-4
12941,-110
12942,18
12943,18
12944,44
12945,368
12946,-119
12947,-60
12948,-90
12949,72
12950,99
12951,-34
12952,171
12953,-15
12954,-48
12955,240
12956,90
12957,24
12958,-144
12959,-69
12960,220
12961,310
12962,-100
12963,32
12964,-48
12965,-32
12966,-30
12967,107
12968,198
12969,12
12970,-164
12971,-153
12972,144
12973,-165
12974,-140
12975,-88
12976,-45
12977,-144
12978,-48
12979,104
12980,-128
12981,-48
12982,-2
12983,45
12984,6
12985,40
12986,-21
12987,-60
12988,0
12989,243
12990,8
12991,260
12992,42
12993,-144
12994,0
12995,64
12996,3
12997,-180
12998,-84
12999,42
13000,-360
13001,49
13002,-72
13003,212
13004,-21
13005,32
13006,0
13007,32
13008,-16
13009,202
13010,-108
13011,196
13012,-2
13013,144
13014,40
13015,-48
13016,-156
13017,-248
13018,128
13019,126
13020,216
13021,52
13022,30
13023,-48
13024,60
13025,-187
13026,80
13027,-84
13028,-92
13029,-28
13030,-32
13031,144
13032,-6
13033,-58
13034,-60
13035,320
13036,37
13037,-116
13038,-90
13039,120
13040,-4
13041,264
13042,-45
13043,82
13044,52
13045,180
13046,80
13047,-60
13048,99
13049,-10
13050,22
13051,63
13052,-45
13053,-16
13054,-96
13055,24
13056,102
13057,-16
13058,5
13059,-23
13060,88
13061,-36
13062,192
13063,-87
13064,216
13065,-280
13066,-144
13067,-8
13068,-20
13069,24
13070,-72
13071,156
13072,28
13073,-132
13074,104
13075,-55
13076,108
13077,6
13078,30
13079,-72
13080,408
13081,-128
13082,216
13083,0
13084,-81
13085,-216
13086,-8
13087,8
13088,-25
13089,108
13090,-144
13091,100
13092,48
13093,28
13094,98
13095,192
13096,99
13097,-138
13098,48
13099,200
13100,-33
13101,-176
13102,88
13103,-9
13104,15
13105,336
13106,92
13107,-12
13108,-4
13109,106
13110,-256
13111,-192
13112,96
13113,81
13114,90
13115,224
13116,20
13117,-270
13118,36
13119,-168
13120,252
13121,126
13122,73
13123,-84
13124,-60
13125,-246
13126,-10
13127,-108
13128,162
13129,-160
13130,-40
13131,-44
13132,-14
13133,168
13134,-80
13135,-108
13136,-24
13137,-12
13138,-55
13139,-66
13140,8
13141,66
13142,-137
13143,230
13144,-135
13145,-384
13146,48
13147,-148
13148,-16
13149,-112
13150,-231
13151,-6
13152,-30
13153,30
13154,77
13155,-136
13156,-160
13157,-64
13158,-21
13159,182
13160,-324
13161,-216
13162,-30
13163,117
13164,120
13165,72
13166,-22
13167,48
13168,-8
13169,-95
13170,64
13171,-148
13172,0
13173,134
13174,135
13175,-297
13176,-96
13177,-106
13178,28
13179,0
13180,36
13181,38
13182,-10
13183,91
13184,48
13185,36
13186,-4
13187,-120
13188,96
13189,-85
13190,0
13191,176
13192,108
13193,80
13194,13
13195,120
13196,44
13197,90
13198,30
13199,63
13200,88
13201,-224
13202,216
13203,11
13204,16
13205,-256
13206,162
13207,-270
13208,120
13209,-54
13210,200
13211,-164
13212,-2
13213,4
13214,9
13215,-144
13216,-120
13217,-190
13218,-142
13219,-90
13220,8
13221,-10
13222,-112
13223,180
13224,48
13225,451
13226,75
13227,-38
13228,-84
13229,-56
13230,-32
13231,-6
13232,-28
13233,-216
13234,120
13235,88
13236,92
13237,-216
13238,59
13239,57
13240,-312
13241,-22
13242,-30
13243,-108
13244,84
13245,208
13246,-12
13247,60
13248,-56
13249,140
13250,120
13251,-108
13252,-2
13253,-50
13254,-68
13255,-160
13256,39
13257,80
13258,-168
13259,-6
13260,120
13261,0
13262,16
13263,60
13264,38
13265,-48
13266,28
13267,96
13268,-108
13269,106
13270,-208
13271,112
13272,180
13273,15
13274,18
13275,-88
13276,20
13277,108
13278,-12
13279,-16
13280,-180
13281,88
13282,4
13283,72
13284,-99
13285,-348
13286,-30
13287,-224
13288,-36
13289,-36
13290,-72
13291,-8
13292,81
13293,-72
13294,64
13295,-52
13296,-28
13297,36
13298,-136
13299,-360
13300,-132
13301,144
13302,-18
13303,45
13304,-105
13305,-120
13306,-58
13307,-198
13308,-108
13309,84
13310,96
13311,24
13312,-115
13313,118
13314,-120
13315,-52
13316,2
13317,320
13318,0
13319,-72
13320,36
13321,48
13322,100
13323,-90
13324,-60
13325,495
13326,64
13327,-8
13328,-6
13329,32
13330,-252
13331,12
13332,-16
13333,70
13334,-16
13335,192
13336,-171
13337,56
13338,-80
13339,39
13340,-64
13341,8
13342,54
13343,-224
13344,-160
13345,-192
13346,4
13347,9
13348,81
13349,-3
13350,0
13351,120
13352,-120
13353,-204
13354,112
13355,-156
13356,15
13357,-9
13358,-80
13359,-32
13360,32
13361,-54
13362,-18
13363,-216
13364,10
13365,-160
13366,9
13367,-177
13368,12
13369,-44
13370,0
13371,86
13372,-52
13373,224
13374,10
13375,288
13376,112
13377,-150
13378,92
13379,-54
13380,-64
13381,-100
13382,98
13383,9
13384,-216
13385,-244
13386,-192
13387,-168
13388,-24
13389,28
13390,-320
13391,-216
13392,36
13393,88
13394,6
13395,-288
13396,-27
13397,63
13398,-48
13399,-2
13400,-231
13401,-27
13402,-162
13403,135
13404,-16
13405,-120
13406,146
13407,-306
13408,-135
13409,160
13410,32
13411,-10
13412,27
13413,126
13414,-48
13415,276
13416,210
13417,-9
13418,96
13419,108
13420,128
13421,-150
13422,166
13423,-9
13424,-24
13425,88
13426,6
13427,32
13428,2
13429,5
13430,-120
13431,-30
13432,48
13433,-24
13434,0
13435,-116
13436,42
13437,-10
13438,15
13439,0
13440,-72
13441,-25
13442,180
13443,-16
13444,-16
13445,352
13446,-99
13447,18
13448,-120
13449,232
13450,209
13451,-156
13452,-64
13453,156
13454,150
13455,-160
13456,25
13457,-27
13458,12
13459,56
13460,-16
13461,-54
13462,-40
13463,56
13464,-36
13465,-216
13466,116
13467,36
13468,45
13469,132
13470,208
13471,16
13472,-35
13473,112
13474,-33
13475,88
13476,-88
13477,114
13478,72
13479,-88
13480,276
13481,-120
13482,-36
13483,-192
13484,24
13485,-144
13486,16
13487,184
13488,60
13489,243
13490,-144
13491,0
13492,-32
13493,-48
13494,40
13495,276
13496,-90
13497,40
13498,66
13499,9
13500,96
13501,288
13502,-112
13503,156
13504,-168
13505,-24
13506,10
13507,-225
13508,-128
13509,40
13510,-240
13511,-16
13512,-54
13513,-188
13514,-22
13515,-120
13516,-153
13517,114
13518,-12
13519,184
13520,48
13521,-172
13522,45
13523,124
13524,-32
13525,11
13526,123
13527,-88
13528,0
13529,-9
13530,-288
13531,-216
13532,-30
13533,-10
13534,-14
13535,368
13536,-45
13537,-232
13538,120
13539,164
13540,48
13541,-128
13542,-48
13543,-72
13544,27
13545,84
13546,85
13547,288
13548,-12
13549,-36
13550,-88
13551,-18
13552,-15
13553,-202
13554,-36
13555,256
13556,-25
13557,74
13558,-84
13559,120
13560,-48
13561,0
13562,-53
13563,12
13564,40
13565,388
13566,-72
13567,54
13568,85
13569,-234
13570,-256
13571,234
13572,10
13573,-28
13574,-16
13575,-44
13576,117
13577,136
13578,36
13579,6
13580,-144
13581,-24
13582,-8
13583,72
13584,-32
13585,320
13586,-52
13587,6
13588,70
13589,-96
13590,-12
13591,-85
13592,42
13593,144
13594,114
13595,192
13596,-128
13597,92
13598,25
13599,-22
13600,165
13601,42
13602,-16
13603,64
13604,16
13605,-96
13606,-1
13607,128
13608,-90
13609,-72
13610,40
13611,40
13612,81
13613,18
13614,-150
13615,-300
13616,24
13617,0
13618,-28
13619,170
13620,88
13621,-10
13622,32
13623,-192
13624,45
13625,408
13626,-14
13627,-134
13628,92
13629,192
13630,72
13631,-140
13632,-126
13633,-91
13634,81
13635,32
13636,84
13637,-50
13638,-158
13639,-160
13640,-432
13641,-132
13642,96
13643,-18
13644,-4
13645,-344
13646,-106
13647,-40
13648,-25
13649,-140
13650,330
13651,24
13652,-54
13653,-27
13654,-47
13655,232
13656,-6
13657,-192
13658,126
13659,-64
13660,-144
13661,72
13662,-128
13663,-25
13664,120
13665,424
13666,146
13667,40
13668,42
13669,-91
13670,216
13671,-18
13672,198
13673,10
13674,-70
13675,297
13676,-105
13677,-216
13678,162
13679,192
13680,16
13681,232
13682,70
13683,96
13684,128
13685,288
13686,160
13687,100
13688,48
13689,-132
13690,112
13691,105
13692,-6
13693,222
13694,-72
13695,288
13696,36
13697,113
13698,-6
13699,-192
13700,-33
13701,-64
13702,135
13703,180
13704,-126
13705,204
13706,0
13707,4
13708,-64
13709,105
13710,-200
13711,164
13712,-57
13713,-132
13714,24
13715,-480
13716,-32
13717,-56
13718,-88
13719,-114
13720,-180
13721,42
13722,-114
13723,136
13724,18
13725,88
13726,133
13727,-45
13728,200
13729,-130
13730,252
13731,160
13732,-28
13733,81
13734,-51
13735,252
13736,18
13737,-80
13738,73
13739,-236
13740,-16
13741,-45
13742,8
13743,-96
13744,45
13745,40
13746,-40
13747,88
13748,-60
13749,192
13750,164
13751,180
13752,0
13753,-132
13754,-205
13755,72
13756,-8
13757,-93
13758,78
13759,23
13760,196
13761,64
13762,84
13763,39
13764,-54
13765,-124
13766,-164
13767,-120
13768,-15
13769,60
13770,132
13771,81
13772,32
13773,154
13774,-108
13775,88
13776,-54
13777,-56
13778,-2
13779,-43
13780,100
13781,45
13782,-114
13783,-48
13784,222
13785,144
13786,16
13787,135
13788,-10
13789,-12
13790,-108
13791,80
13792,30
13793,150
13794,-40
13795,0
13796,-94
13797,24
13798,-113
13799,-136
13800,-528
13801,-6
13802,-112
13803,-168
13804,-18
13805,144
13806,40
13807,94
13808,-46
13809,-122
13810,116
13811,-174
13812,-104
13813,-32
13814,113
13815,-128
13816,-192
13817,-207
13818,36
13819,10
13820,-160
13821,48
13822,18
13823,224
13824,-44
13825,330
13826,-72
13827,216
13828,34
13829,30
13830,-176
13831,-74
13832,180
13833,-10
13834,9
13835,-184
13836,52
13837,-6
13838,36
13839,-54
13840,16
13841,-60
13842,-44
13843,-136
13844,58
13845,-360
13846,168
13847,-88
13848,-84
13849,48
13850,-154
13851,52
13852,-8
13853,-108
13854,90
13855,12
13856,5
13857,-144
13858,-108
13859,-222
13860,48
13861,72
13862,48
13863,164
13864,-78
13865,-288
13866,-88
13867,-32
13868,46
13869,-56
13870,-32
13871,240
13872,-16
13873,-161
13874,75
13875,144
13876,16
13877,-206
13878,8
13879,-147
13880,-12
13881,-12
13882,72
13883,-132
13884,0
13885,36
13886,-15
13887,44
13888,-189
13889,-84
13890,128
13891,-18
13892,24
13893,56
13894,-59
13895,-264
13896,-60
13897,245
13898,0
13899,36
13900,-176
13901,-84
13902,156
13903,91
13904,-40
13905,256
13906,-15
13907,-110
13908,64
13909,-48
13910,-240
13911,-52
13912,81
13913,66
13914,22
13915,160
13916,-18
13917,174
13918,-127
13919,-234
13920,80
13921,50
13922,-105
13923,-45
13924,-5
13925,22
13926,192
13927,52
13928,-6
13929,-182
13930,-120
13931,192
13932,-77
13933,122
13934,-10
13935,0
13936,35
13937,24
13938,-32
13939,105
13940,-108
13941,-38
13942,-147
13943,0
13944,162
13945,-136
13946,8
13947,124
13948,-80
13949,-30
13950,-99
13951,72
13952,51
13953,218
13954,-2
13955,-80
13956,-88
13957,72
13958,-186
13959,-144
13960,48
13961,-224
13962,-40
13963,56
13964,-78
13965,64
13966,153
13967,-192
13968,12
13969,16
13970,-128
13971,142
13972,-84
13973,0
13974,-18
13975,385
13976,123
13977,-41
13978,20
13979,-78
13980,88
13981,324
13982,28
13983,160
13984,-160
13985,-100
13986,36
13987,81
13988,95
13989,-20
13990,-104
13991,24
13992,-120
13993,-57
13994,-18
13995,128
13996,-38
13997,-234
13998,-120
13999,140
14000,72
14001,240
14002,66
14003,112
14004,-25
14005,212
14006,72
14007,96
14008,144
14009,-29
14010,-288
14011,-88
14012,18
14013,-44
14014,-40
14015,420
14016,-28
14017,-36
14018,7
14019,-8
14020,-72
14021,228
14022,-36
14023,12
14024,-186
14025,-264
14026,142
14027,108
14028,48
14029,140
14030,256
14031,-8
14032,17
14033,87
14034,102
14035,-324
14036,-10
14037,-114
14038,-15
14039,-32
14040,-240
14041,-72
14042,-72
14043,54
14044,-4
14045,112
14046,-70
14047,-180
14048,40
14049,24
14050,330
14051,-23
14052,-64
14053,-360
14054,4
14055,96
14056,81
14057,142
14058,36
14059,84
14060,48
14061,-238
14062,0
14063,135
14064,-18
14065,96
14066,-5
14067,-68
14068,-51
14069,52
14070,168
14071,128
14072,84
14073,-236
14074,99
14075,-99
14076,24
14077,192
14078,-4
14079,-30
14080,272
14081,9
14082,-94
14083,191
14084,18
14085,32
14086,6
14087,-128
14088,-216
14089,40
14090,-80
14091,-192
14092,-40
14093,-114
14094,20
14095,240
14096,18
14097,-48
14098,-60
14099,-32
14100,-198
14101,-192
14102,36
14103,-35
14104,-189
14105,-540
14106,-64
14107,-69
14108,24
14109,-128
14110,-108
14111,-48
14112,10
14113,-104
14114,86
14115,360
14116,46
14117,40
14118,20
14119,-21
14120,-144
14121,-20
14122,-256
14123,-56
14124,-96
14125,-48
14126,162
14127,84
14128,-26
14129,90
14130,-64
14131,-130
14132,-48
14133,24
14134,0
14135,-32
14136,-216
14137,-168
14138,12
14139,18
14140,-24
14141,-40
14142,-28
14143,49
14144,-105
14145,576
14146,-104
14147,189
14148,-12
14149,47
14150,-176
14151,0
14152,-48
14153,58
14154,-138
14155,128
14156,52
14157,-25
14158,19
14159,144
14160,64
14161,-16
14162,-24
14163,-216
14164,-20
14165,92
14166,-18
14167,225
14168,288
14169,90
14170,-340
14171,30
14172,130
14173,170
14174,-8
14175,-363
14176,-45
14177,-42
14178,-96
14179,160
14180,16
14181,4
14182,57
14183,-120
14184,-27
14185,-336
14186,-36
14187,-196
14188,68
14189,111
14190,-224
14191,32
14192,15
14193,36
14194,-27
14195,-96
14196,72
14197,110
14198,-18
14199,-72
14200,-297
14201,160
14202,-84
14203,-3
14204,35
14205,-448
14206,0
14207,-198
14208,18
14209,-50
14210,-16
14211,-2
14212,-48
14213,-88
14214,-256
14215,400
14216,48
14217,-72
14218,-144
14219,-80
14220,40
14221,-142
14222,-135
14223,-48
14224,-24
14225,-11
14226,166
14227,9
14228,-96
14229,-108
14230,192
14231,-144
14232,120
14233,182
14234,-4
14235,-80
14236,26
14237,56
14238,6
14239,40
14240,0
14241,-36
14242,-12
14243,153
14244,-8
14245,-144
14246,-81
14247,-55
14248,45
14249,14
14250,192
14251,68
14252,72
14253,-236
14254,12
14255,284
14256,44
14257,-95
14258,44
14259,48
14260,288
14261,-300
14262,-46
14263,72
14264,-198
14265,-80
14266,-36
14267,164
14268,-36
14269,-48
14270,-216
14271,-126
14272,56
14273,-21
14274,-40
14275,-231
14276,63
14277,0
14278,-40
14279,-51
14280,-216
14281,35
14282,60
14283,164
14284,-13
14285,-8
14286,6
14287,-240
14288,36
14289,-8
14290,152
14291,198
14292,-22
14293,-205
14294,-9
14295,144
14296,-36
14297,-75
14298,72
14299,20
14300,220
14301,-33
14302,-156
14303,-137
14304,80
14305,72
14306,256
14307,72
14308,-4
14309,-36
14310,80
14311,108
14312,-198
14313,20
14314,-21
14315,60
14316,-42
14317,-256
14318,41
14319,-21
14320,-16
14321,9
14322,216
14323,-34
14324,98
14325,0
14326,-40
14327,15
14328,-30
14329,0
14330,-192
14331,-180
14332,-83
14333,32
14334,-68
14335,288
14336,135
14337,-80
14338,-84
14339,-230
14340,-192
14341,105
14342,-18
14343,216
14344,12
14345,-48
14346,-12
14347,-12
14348,72
14349,-90
14350,-297
14351,16
14352,80
14353,-144
14354,-148
14355,-32
14356,36
14357,-18
14358,116
14359,36
14360,288
14361,-16
14362,-56
14363,40
14364,-48
14365,-144
14366,88
14367,140
14368,130
14369,84
14370,-72
14371,48
14372,84
14373,66
14374,-63
14375,-328
14376,42
14377,72
14378,-150
14379,116
14380,72
14381,18
14382,-27
14383,-56
14384,18
14385,72
14386,68
14387,134
14388,-136
14389,-197
14390,136
14391,180
14392,-18
14393,75
14394,-48
14395,140
14396,64
14397,-60
14398,64
14399,45
14400,77
14401,76
14402,16
14403,20
14404,-70
14405,196
14406,118
14407,172
14408,222
14409,12
14410,-48
14411,3
14412,-82
14413,54
14414,-11
14415,400
14416,15
14417,270
14418,0
14419,115
14420,-192
14421,256
14422,30
14423,135
14424,-168
14425,-154
14426,17
14427,6
14428,-56
14429,-288
14430,-120
14431,-95
14432,-180
14433,96
14434,-81
14435,-384
14436,-27
14437,-41
14438,69
14439,-222
14440,-36
14441,-102
14442,-36
14443,40
14444,128
14445,192
14446,99
14447,-66
14448,-42
14449,-238
14450,-88
14451,14
14452,-2
14453,96
14454,8
14455,64
14456,240
14457,-160
14458,-63
14459,-24
14460,-80
14461,178
14462,-3
14463,15
14464,-6
14465,336
14466,-100
14467,-72
14468,13
14469,-150
14470,192
14471,56
14472,-84
14473,108
14474,-118
14475,-440
14476,108
14477,324
14478,-64
14479,116
14480,8
14481,-73
14482,-10
14483,39
14484,54
14485,-200
14486,-80
14487,-64
14488,192
14489,-69
14490,96
14491,-161
14492,44
14493,-20
14494,32
14495,160
14496,-30
14497,-204
14498,36
14499,44
14500,48
14501,75
14502,-124
14503,127
14504,-18
14505,320
14506,26
14507,0
14508,-45
14509,0
14510,92
14511,240
14512,12
14513,-144
14514,-144
14515,-416
14516,0
14517,18
14518,72
14519,114
14520,-120
14521,40
14522,-15
14523,-288
14524,-62
14525,297
14526,76
14527,20
14528,-77
14529,-32
14530,-24
14531,-200
14532,24
14533,-62
14534,-84
14535,-48
14536,240
14537,12
14538,38
14539,-189
14540,-32
14541,-18
14542,8
14543,140
14544,2
14545,328
14546,135
14547,-20
14548,52
14549,136
14550,264
14551,-53
14552,108
14553,32
14554,40
14555,324
14556,-112
14557,182
14558,-18
14559,-384
14560,300
14561,-141
14562,-44
14563,-164
14564,104
14565,304
14566,144
14567,-240
14568,168
14569,171
14570,-324
14571,-57
14572,36
14573,160
14574,6
14575,-220
14576,-53
14577,28
14578,27
14579,192
14580,52
14581,42
14582,-160
14583,-6
14584,27
14585,-144
14586,120
14587,-12
14588,51
14589,-66
14590,176
14591,-57
14592,136
14593,22
14594,-26
14595,384
14596,0
14597,208
14598,45
14599,220
14600,-66
14601,288
14602,-16
14603,-135
14604,-84
14605,256
14606,-119
14607,4
14608,-36
14609,-126
14610,-224
14611,-176
14612,150
14613,-24
14614,-66
14615,-120
14616,-18
14617,288
14618,17
14619,72
14620,-84
14621,178
14622,138
14623,168
14624,-125
14625,120
14626,-144
14627,-14
14628,80
14629,146
14630,-192
14631,84
14632,-216
14633,-170
14634,-32
14635,328
14636,-3
14637,162
14638,45
14639,-103
14640,-64
14641,-151
14642,38
14643,52
14644,15
14645,16
14646,-88
14647,-36
14648,54
14649,-16
14650,-99
14651,80
14652,-12
14653,58
14654,18
14655,432
14656,14
14657,-162
14658,-24
14659,-36
14660,52
14661,-22
14662,17
14663,252
14664,270
14665,324
14666,-118
14667,-60
14668,-80
14669,-38
14670,4
14671,138
14672,-9
14673,-28
14674,-64
14675,-396
14676,78
14677,30
14678,36
14679,-33
14680,24
14681,70
14682,-162
14683,-196
14684,-77
14685,0
14686,30
14687,88
14688,60
14689,66
14690,40
14691,144
14692,2
14693,-150
14694,180
14695,44
14696,-96
14697,-72
14698,-159
14699,-68
14700,44
14701,80
14702,109
14703,-48
14704,-18
14705,-48
14706,-28
14707,0
14708,-80
14709,208
14710,-228
14711,72
14712,24
14713,106
14714,15
14715,272
14716,-80
14717,84
14718,-64
14719,-216
14720,-96
14721,108
14722,3
14723,102
14724,5
14725,-396
14726,30
14727,276
14728,189
14729,320
14730,160
14731,156
14732,-16
14733,-33
14734,-80
14735,84
14736,64
14737,42
14738,86
14739,150
14740,112
14741,-186
14742,165
14743,-72
14744,144
14745,224
14746,-4
14747,-42
14748,92
14749,105
14750,192
14751,-32
14752,-110
14753,-184
14754,-96
14755,-220
14756,81
14757,196
14758,-144
14759,192
14760,-108
14761,-48
14762,40
14763,-72
14764,60
14765,-116
14766,-192
14767,8
14768,45
14769,108
14770,288
14771,-164
14772,-64
14773,120
14774,0
14775,-198
14776,-24
14777,54
14778,24
14779,-99
14780,-72
14781,40
14782,100
14783,-96
14784,-168
14785,-40
14786,1
14787,45
14788,97
14789,208
14790,48
14791,69
14792,-18
14793,114
14794,5
14795,-304
14796,-12
14797,-178
14798,6
14799,4
14800,-33
14801,27
14802,74
14803,6
14804,113
14805,108
14806,-16
14807,-105
14808,-24
14809,72
14810,-128
14811,-216
14812,-123
14813,134
14814,8
14815,-360
14816,80
14817,-208
14818,-216
14819,12
14820,160
14821,93
14822,-66
14823,80
14824,153
14825,220
14826,72
14827,94
14828,-92
14829,114
14830,-36
14831,70
14832,16
14833,15
14834,-110
14835,448
14836,66
14837,81
14838,-48
14839,144
14840,-180
14841,-36
14842,-18
14843,26
14844,64
14845,120
14846,105
14847,8
14848,-22
14849,81
14850,176
14851,-212
14852,90
14853,-72
14854,-90
14855,364
14856,-42
14857,-36
14858,-96
14859,-40
14860,40
14861,240
14862,-14
14863,0
14864,0
14865,200
14866,99
14867,158
14868,24
14869,95
14870,-36
14871,-92
14872,-144
14873,-192
14874,-42
14875,-216
14876,49
14877,32
14878,-28
14879,-81
14880,-360
14881,8
14882,-6
14883,90
14884,-3
14885,40
14886,28
14887,3
14888,84
14889,-24
14890,108
14891,-94
14892,12
14893,-150
14894,48
14895,104
14896,-8
14897,208
14898,0
14899,-180
14900,88
14901,-136
14902,27
14903,-18
14904,-264
14905,128
14906,4
14907,112
14908,-8
14909,-51
14910,216
14911,135
14912,-77
14913,-13
14914,46
14915,-256
14916,16
14917,252
14918,2
14919,150
14920,-24
14921,7
14922,-38
14923,1
14924,-135
14925,-220
14926,24
14927,256
14928,-64
14929,2
14930,40
14931,120
14932,-89
14933,-51
14934,-24
14935,128
14936,-24
14937,100
14938,-144
14939,228
14940,36
14941,56
14942,-90
14943,54
14944,-180
14945,-64
14946,-90
14947,-78
14948,6
14949,12
14950,440
14951,-204
14952,0
14953,-72
14954,-122
14955,-496
14956,-20
14957,78
14958,-56
14959,-78
14960,48
14961,114
14962,-6
14963,260
14964,-28
14965,72
14966,-147
14967,35
14968,138
14969,6
14970,224
14971,-40
14972,-36
14973,-432
14974,-69
14975,77
14976,15
14977,-54
14978,142
14979,-2
14980,-144
14981,-216
14982,88
14983,144
14984,192
14985,132
14986,-64
14987,177
14988,-118
14989,-130
14990,0
14991,168
14992,-12
14993,-72
14994,6
14995,-128
14996,-8
14997,232
14998,83
14999,80
15000,246
15001,138
15002,70
15003,57
15004,45
15005,328
15006,144
15007,-28
15008,105
15009,138
15010,-160
15011,78
15012,-64
15013,170
15014,164
15015,-480
15016,66
15017,18
15018,-140
15019,-176
15020,-48
15021,40
15022,18
15023,18
15024,-16
15025,-308
15026,-144
15027,14
15028,-40
15029,24
15030,-32
15031,72
15032,-30
15033,-226
15034,-23
15035,-432
15036,-24
15037,-216
15038,-32
15039,8
15040,252
15041,0
15042,-272
15043,64
15044,-13
15045,-192
15046,-24
15047,-18
15048,-48
15049,16
15050,-231
15051,-16
15052,45
15053,-221
15054,200
15055,-148
15056,-45
15057,72
15058,-156
15059,-112
15060,72
15061,202
15062,-27
15063,-128
15064,-171
15065,96
15066,-90
15067,-160
15068,63
15069,-158
15070,-48
15071,99
15072,-160
15073,54
15074,-158
15075,77
15076,101
15077,17
15078,-144
15079,-45
15080,-120
15081,200
15082,-128
15083,158
15084,27
15085,-72
15086,88
15087,-216
15088,-72
15089,0
15090,-48
15091,-110
15092,60
15093,140
15094,-81
15095,280
15096,54
15097,252
15098,-152
15099,-108
15100,-33
15101,229
15102,24
15103,-252
15104,136
15105,-160
15106,-135
15107,-138
15108,24
15109,-34
15110,88
15111,-16
15112,-180
15113,72
15114,-16
15115,128
15116,44
15117,-136
15118,-124
15119,220
15120,48
15121,-166
15122,61
15123,-20
15124,-40
15125,-120
15126,16
15127,45
15128,216
15129,40
15130,0
15131,102
15132,120
15133,-15
15134,216
15135,432
15136,-140
15137,-21
15138,-25
15139,-218
15140,-56
15141,64
15142,14
15143,-48
15144,108
15145,-220
15146,-63
15147,-132
15148,-3
15149,109
15150,44
15151,-272
15152,56
15153,-4
15154,-93
15155,-12
15156,7
15157,-72
15158,100
15159,-18
15160,48
15161,119
15162,18
15163,-16
15164,-24
15165,-92
15166,32
15167,-10
15168,-140
15169,108
15170,108
15171,250
15172,91
15173,195
15174,120
15175,308
15176,72
15177,128
15178,-110
15179,84
15180,256
15181,-108
15182,-108
15183,30
15184,10
15185,-100
15186,94
15187,110
15188,42
15189,-144
15190,72
15191,-116
15192,72
15193,88
15194,-108
15195,152
15196,-6
15197,-120
15198,48
15199,30
15200,220
15201,-36
15202,-160
15203,-16
15204,12
15205,-312
15206,-6
15207,-18
15208,198
15209,-77
15210,-48
15211,135
15212,-108
15213,176
15214,-48
15215,48
15216,40
15217,172
15218,78
15219,0
15220,-24
15221,-180
15222,-112
15223,160
15224,-48
15225,-132
15226,208
15227,-104
15228,-99
15229,-192
15230,-16
15231,220
15232,-27
15233,-126
15234,-80
15235,224
15236,-45
15237,-9
15238,108
15239,-64
15240,-192
15241,-38
15242,58
15243,94
15244,48
15245,-380
15246,15
15247,200
15248,-18
15249,-240
15250,-192
15251,-6
15252,162
15253,-156
15254,-42
15255,-32
15256,3
15257,32
15258,-162
15259,108
15260,-204
15261,-196
15262,180
15263,-84
15264,-25
15265,252
15266,78
15267,48
15268,4
15269,-6
15270,-192
15271,-113
15272,216
15273,-39
15274,72
15275,495
15276,56
15277,-60
15278,16
15279,-128
15280,0
15281,-72
15282,-64
15283,-54
15284,48
15285,-96
15286,141
15287,-126
15288,-60
15289,-32
15290,-256
15291,-14
15292,-26
15293,18
15294,60
15295,384
15296,168
15297,8
15298,-107
15299,56
15300,-33
15301,240
15302,30
15303,-2
15304,216
15305,-248
15306,-2
15307,-125
15308,0
15309,-168
15310,172
15311,-72
15312,16
15313,94
15314,180
15315,-24
15316,-81
15317,40
15318,-24
15319,124
15320,120
15321,-130
15322,9
15323,120
15324,-90
15325,44
15326,-120
15327,-15
15328,-45
15329,-120
15330,48
15331,68
15332,31
15333,-152
15334,-108
15335,248
15336,-108
15337,-16
15338,-40
15339,140
15340,160
15341,82
15342,-162
15343,14
15344,-9
15345,144
15346,-46
15347,128
15348,26
15349,-74
15350,352
15351,126
15352,24
15353,-325
15354,25
15355,-108
15356,-16
15357,-240
15358,180
15359,-66
15360,184
15361,10
15362,70
15363,-4
15364,64
15365,-96
15366,90
15367,40
15368,-18
15369,-306
15370,40
15371,-176
15372,-24
15373,-43
15374,-5
15375,-432
15376,-50
15377,117
15378,88
15379,15
15380,-176
15381,-66
15382,-121
15383,61
15384,54
15385,-24
15386,32
15387,128
15388,12
15389,104
15390,176
15391,64
15392,-75
15393,-78
15394,28
15395,240
15396,-52
15397,0
15398,120
15399,-16
15400,-396
15401,65
15402,-18
15403,-48
15404,-29
15405,-400
15406,88
15407,-243
15408,12
15409,180
15410,224
15411,288
15412,117
15413,-42
15414,-12
15415,48
15416,-243
15417,-84
15418,-100
15419,-36
15420,-16
15421,213
15422,-72
15423,-120
15424,70
15425,-44
15426,57
15427,40
15428,-24
15429,-96
15430,-176
15431,20
15432,-156
15433,-256
15434,2
15435,60
15436,33
15437,-168
15438,162
15439,16
15440,80
15441,36
15442,138
15443,-78
15444,80
15445,-336
15446,-108
15447,64
15448,-114
15449,45
15450,352
15451,14
15452,56
15453,-6
15454,121
15455,-480
15456,240
15457,90
15458,-24
15459,56
15460,88
15461,111
15462,-45
15463,102
15464,216
15465,-216
15466,48
15467,-144
15468,80
15469,-252
15470,180
15471,0
15472,-40
15473,3
15474,154
15475,-77
15476,10
15477,-168
15478,-153
15479,32
15480,-84
15481,6
15482,98
15483,220
15484,-20
15485,16
15486,0
15487,159
15488,-15
15489,5
15490,152
15491,18
15492,80
15493,-47
15494,64
15495,-8
15496,-120
15497,-118
15498,-108
15499,80
15500,-216
15501,166
15502,-184
15503,-81
15504,24
15505,108
15506,33
15507,-74
15508,-88
15509,105
15510,-288
15511,-173
15512,126
15513,-80
15514,69
15515,96
15516,-6
15517,168
15518,-68
15519,108
15520,240
15521,108
15522,100
15523,21
15524,59
15525,-352
15526,-162
15527,-97
15528,-6
15529,45
15530,164
15531,144
15532,48
15533,40
15534,46
15535,480
15536,-38
15537,8
15538,-75
15539,-36
15540,-72
15541,-138
15542,-20
15543,64
15544,-42
15545,-204
15546,120
15547,-96
15548,96
15549,-36
15550,-352
15551,-238
15552,70
15553,-48
15554,-24
15555,192
15556,-27
15557,234
15558,-16
15559,208
15560,300
15561,-60
15562,81
15563,90
15564,82
15565,256
15566,-14
15567,-48
15568,-48
15569,110
15570,-16
15571,-96
15572,-6
15573,16
15574,-35
15575,0
15576,-192
15577,-21
15578,96
15579,-56
15580,-144
15581,12
15582,20
15583,119
15584,-140
15585,360
15586,-58
15587,340
15588,-1
15589,27
15590,32
15591,-138
15592,18
15593,54
15594,32
15595,96
15596,-6
15597,26
15598,16
15599,96
15600,-110
15601,23
15602,38
15603,-60
15604,81
15605,-40
15606,-32
15607,80
15608,192
15609,70
15610,-96
15611,-77
15612,54
15613,205
15614,-72
15615,4
15616,-136
15617,288
15618,-24
15619,111
15620,144
15621,144
15622,-24
15623,54
15624,81
15625,-29
15626,140
15627,18
15628,16
15629,-9
15630,-136
15631,16
15632,-54
15633,-220
15634,-142
15635,-160
15636,16
15637,32
15638,-24
15639,270
15640,-288
15641,107
15642,40
15643,196
15644,-81
15645,-192
15646,129
15647,-188
15648,10
15649,142
15650,-88
15651,-27
15652,-105
15653,-192
15654,90
15655,-72
15656,192
15657,-192
15658,6
15659,-249
15660,32
15661,20
15662,0
15663,-176
15664,0
15665,200
15666,12
15667,34
15668,38
15669,2
15670,140
15671,36
15672,132
15673,0
15674,-66
15675,-352
15676,36
15677,16
15678,-35
15679,40
15680,-56
15681,-130
15682,82
15683,-172
15684,36
15685,168
15686,288
15687,108
15688,45
15689,2
15690,-40
15691,-135
15692,58
15693,180
15694,-96
15695,56
15696,17
15697,216
15698,-72
15699,222
15700,-176
15701,-18
15702,-108
15703,-90
15704,45
15705,-16
15706,-49
15707,32
15708,72
15709,288
15710,-72
15711,-90
15712,100
15713,112
15714,132
15715,-312
15716,55
15717,216
15718,-16
15719,-152
15720,-72
15721,100
15722,-132
15723,-41
15724,60
15725,99
15726,168
15727,132
15728,-28
15729,48
15730,100
15731,-110
15732,32
15733,191
15734,164
15735,80
15736,-270
15737,50
15738,112
15739,79
15740,-72
15741,-80
15742,48
15743,-60
15744,-54
15745,252
15746,141
15747,-8
15748,72
15749,-51
15750,-72
15751,-152
15752,48
15753,0
15754,-138
15755,96
15756,20
15757,-15
15758,120
15759,-48
15760,36
15761,36
15762,-54
15763,192
15764,27
15765,40
15766,-103
15767,198
15768,-24
15769,280
15770,-144
15771,72
15772,-37
15773,-216
15774,-192
15775,198
15776,30
15777,62
15778,120
15779,216
15780,168
15781,-14
15782,-140
15783,-252
15784,174
15785,432
15786,-17
15787,-66
15788,28
15789,112
15790,8
15791,-8
15792,-54
15793,0
15794,40
15795,200
15796,-96
15797,78
15798,36
15799,72
15800,-330
15801,32
15802,-130
15803,196
15804,-8
15805,136
15806,-18
15807,72
15808,-140
15809,-174
15810,-216
15811,12
15812,56
15813,-27
15814,-75
15815,-160
15816,54
15817,-201
15818,72
15819,48
15820,24
15821,210
15822,-36
15823,60
15824,-56
15825,528
15826,-180
15827,24
15828,0
15829,-136
15830,220
15831,-28
15832,108
15833,72
15834,60
15835,184
15836,36
15837,126
15838,-32
15839,-207
15840,-80
15841,-54
15842,-89
15843,-116
15844,33
15845,-80
15846,-128
15847,-200
15848,144
15849,-144
15850,220
15851,15
15852,-100
15853,0
15854,-146
15855,72
15856,-25
15857,-32
15858,-18
15859,-184
15860,-160
15861,192
15862,-192
15863,54
15864,12
15865,-128
15866,114
15867,63
15868,24
15869,24
15870,328
15871,-152
15872,99
15873,120
15874,-75
15875,-192
15876,22
15877,-146
15878,-108
15879,-140
15880,264
15881,114
15882,44
15883,225
15884,12
15885,48
15886,-108
15887,-205
15888,-52
15889,-187
15890,132
15891,24
15892,-6
15893,320
15894,26
15895,128
15896,48
15897,84
15898,-143
15899,-195
15900,-110
15901,-148
15902,65
15903,-144
15904,135
15905,168
15906,-80
15907,53
15908,-108
15909,-102
15910,84
15911,237
15912,45
15913,106
15914,-34
15915,-240
15916,32
15917,-192
15918,-24
15919,-88
15920,40
15921,16
15922,-108
15923,-66
15924,104
15925,-110
15926,-92
15927,-144
15928,-24
15929,36
15930,128
15931,0
15932,3
15933,36
15934,-18
15935,-256
15936,-126
15937,162
15938,-20
15939,-96
15940,-48
15941,96
15942,-174
15943,96
15944,-72
15945,-16
15946,63
15947,18
15948,9
15949,-225
15950,88
15951,-50
15952,62
15953,105
15954,-26
15955,252
15956,-68
15957,-99
15958,-20
15959,-28
15960,-288
15961,-92
15962,8
15963,48
15964,160
15965,-576
15966,-15
15967,-240
15968,140
15969,28
15970,-264
15971,84
15972,-48
15973,35
15974,-2
15975,99
15976,78
15977,-230
15978,-26
15979,-100
15980,-108
15981,36
15982,24
15983,24
15984,-12
15985,512
15986,-38
15987,138
15988,63
15989,64
15990,360
15991,-1
15992,57
15993,-16
15994,-32
15995,300
15996,126
15997,135
15998,-28
15999,-108
16000,72
16001,50
16002,24
16003,160
16004,2
16005,-384
16006,-15
16007,160
16008,-96
16009,171
16010,-48
16011,80
16012,-64
16013,168
16014,-96
16015,144
16016,60
16017,-240
16018,97
16019,180
16020,0
16021,3
16022,-100
16023,68
16024,-228
16025,99
16026,-78
16027,324
16028,57
16029,-15
16030,-24
16031,216
16032,-80
16033,-213
16034,34
16035,-392
16036,96
16037,60
16038,52
16039,14
16040,324
16041,6
16042,20
16043,-168
16044,0
16045,-96
16046,18
16047,66
16048,24
16049,-176
16050,264
16051,-117
16052,-66
16053,-84
16054,-32
16055,-192
16056,-24
16057,-241
16058,-81
16059,-20
16060,32
16061,-168
16062,-122
16063,-8
16064,-63
16065,-144
16066,-28
16067,-77
16068,160
16069,-17
16070,-60
16071,224
16072,54
16073,-55
16074,-36
16075,-286
16076,-72
16077,-176
16078,-89
16079,171
16080,-56
16081,-160
16082,-84
16083,12
16084,82
16085,352
16086,-60
16087,-126
16088,-192
16089,72
16090,292
16091,-80
16092,32
16093,60
16094,35
16095,48
16096,-30
16097,-116
16098,138
16099,-168
16100,264
16101,66
16102,-108
16103,-114
16104,192
16105,220
16106,86
16107,-240
16108,-12
16109,0
16110,16
16111,-208
16112,20
16113,54
16114,-156
16115,144
16116,60
16117,-99
16118,56
16119,-110
16120,540
16121,135
16122,-58
16123,144
16124,-32
16125,-336
16126,52
16127,-112
16128,-51
16129,-63
16130,-72
16131,128
16132,51
16133,-30
16134,176
16135,264
16136,21
16137,-4
16138,-59
16139,-14
16140,-152
16141,-28
16142,78
16143,-88
16144,-54
16145,52
16146,160
16147,70
16148,-8
16149,264
16150,132
16151,153
16152,-24
16153,4
16154,-81
16155,-96
16156,42
16157,-36
16158,-108
16159,-40
16160,40
16161,256
16162,112
16163,-135
16164,-26
16165,160
16166,-24
16167,-120
16168,-189
16169,-96
16170,64
16171,-256
16172,-160
16173,28
16174,-40
16175,-11
16176,46
16177,132
16178,-16
16179,-148
16180,-176
16181,228
16182,-18
16183,-10
16184,72
16185,-360
16186,12
16187,92
16188,72
16189,68
16190,228
16191,6
16192,-224
16193,36
16194,138
16195,360
16196,102
16197,-60
16198,0
16199,-96
16200,363
16201,54
16202,32
16203,-160
16204,85
16205,-192
16206,-12
16207,100
16208,-19
16209,-74
16210,264
16211,70
16212,120
16213,45
16214,35
16215,576
16216,-111
16217,-42
16218,-15
16219,-52
16220,180
16221,-224
16222,-59
16223,67
16224,-120
16225,-352
16226,96
16227,-112
16228,64
16229,-90
16230,8
16231,-158
16232,3
16233,-132
16234,-138
16235,0
16236,36
16237,295
16238,96
16239,76
16240,24
16241,136
16242,184
16243,24
16244,27
16245,12
16246,-66
16247,-288
16248,72
16249,50
16250,-205
16251,-52
16252,-72
16253,-74
16254,-84
16255,-84
16256,-24
16257,24
16258,-72
16259,18
16260,64
16261,48
16262,-36
16263,-80
16264,144
16265,-8
16266,128
16267,-186
16268,-18
16269,-48
16270,-208
16271,-160
16272,-2
16273,-76
16274,-160
16275,594
16276,-40
16277,-198
16278,194
16279,16
16280,144
16281,70
16282,-132
16283,228
16284,128
16285,-368
16286,-27
16287,0
16288,-120
16289,60
16290,-8
16291,128
16292,73
16293,-20
16294,96
16295,148
16296,-216
16297,-28
16298,60
16299,-64
16300,11
16301,-218
16302,160
16303,27
16304,12
16305,208
16306,189
16307,-32
16308,-12
16309,9
16310,132
16311,228
16312,21
16313,36
16314,96
16315,-180
16316,-5
16317,6
16318,-90
16319,-104
16320,168
16321,-180
16322,-91
16323,-216
16324,60
16325,242
16326,-12
16327,-18
16328,240
16329,50
16330,288
16331,180
16332,-20
16333,46
16334,48
16335,-80
16336,3
16337,150
16338,-150
16339,-132
16340,-112
16341,-270
16342,-69
16343,112
16344,33
16345,432
16346,40
16347,52
16348,-56
16349,-71
16350,374
16351,81
16352,30
16353,-80
16354,-45
16355,-324
16356,-36
16357,36
16358,12
16359,216
16360,-60
16361,248
16362,22
16363,-43
16364,7
16365,192
16366,16
16367,-60
16368,-72
16369,44
16370,132
16371,-36
16372,-18
16373,-153
16374,-172
16375,-72
16376,0
16377,-160
16378,24
16379,-108
16380,-60
16381,-214
16382,68
16383,112
16384,-89
16385,-16
16386,116
16387,105
16388,-30
16389,112
16390,128
16391,-27
16392,-216
16393,-144
16394,-96
16395,80
16396,60
16397,184
16398,53
16399,-369
16400,99
16401,-216
16402,-128
16403,-36
16404,-108
16405,-240
16406,-90
16407,-9
16408,81
16409,152
16410,216
16411,-7
16412,8
16413,176
16414,-32
16415,-56
16416,80
16417,3
16418,61
16419,-70
16420,96
16421,-105
16422,144
16423,-40
16424,-48
16425,22
16426,0
16427,62
16428,-56
16429,141
16430,-180
16431,-132
16432,50
16433,-64
16434,36
16435,-64
16436,108
16437,244
16438,14
16439,120
16440,-72
16441,-243
16442,85
16443,-66
16444,-79
16445,-640
16446,102
16447,224
16448,14
16449,-206
16450,-297
16451,52
16452,25
16453,-53
16454,4
16455,480
16456,-45
16457,96
16458,-240
16459,-51
16460,32
16461,72
16462,-110
16463,2
16464,-30
16465,0
16466,79
16467,-224
16468,-32
16469,-70
16470,-128
16471,-30
16472,-54
16473,64
16474,-88
16475,99
16476,-126
16477,142
16478,-144
16479,-18
16480,320
16481,-45
16482,126
16483,160
16484,100
16485,384
16486,-10
16487,-78
16488,-6
16489,0
16490,144
16491,384
16492,108
16493,135
16494,20
16495,176
16496,27
16497,180
16498,4
16499,42
16500,-192
16501,-2
16502,24
16503,270
16504,102
16505,64
16506,9
16507,114
16508,66
16509,-242
16510,160
16511,160
16512,-42
16513,46
16514,-192
16515,-8
16516,-26
16517,90
16518,-62
16519,219
16520,-288
16521,270
16522,-48
16523,-405
16524,-30
16525,22
16526,-160
16527,108
16528,1
16529,-209
16530,64
16531,-64
16532,54
16533,32
16534,195
16535,-336
16536,150
16537,-144
16538,-116
16539,48
16540,112
16541,144
16542,18
16543,-99
16544,-180
16545,368
16546,74
16547,-33
16548,54
16549,-140
16550,-286
16551,16
16552,-39
16553,189
16554,0
16555,336
16556,-2
16557,144
16558,-84
16559,-42
16560,-32
16561,-92
16562,24
16563,124
16564,-18
16565,-8
16566,72
16567,-227
16568,204
16569,-63
16570,52
16571,-22
16572,-58
16573,94
16574,136
16575,330
16576,63
16577,15
16578,128
16579,-240
16580,-152
16581,-244
16582,-24
16583,384
16584,-240
16585,-432
16586,-14
16587,-48
16588,40
16589,40
16590,240
16591,108
16592,-24
16593,-80
16594,126
16595,80
16596,22
16597,-249
16598,-140
16599,48
16600,-297
16601,225
16602,-92
16603,84
16604,-60
16605,-396
16606,24
16607,104
16608,-40
16609,162
16610,-48
16611,-8
16612,106
16613,78
16614,-45
16615,324
16616,189
16617,0
16618,-12
16619,-115
16620,112
16621,-88
16622,59
16623,8
16624,-45
16625,-288
16626,6
16627,-65
16628,-84
16629,160
16630,-140
16631,-210
16632,-144
16633,97
16634,96
16635,-432
16636,-32
16637,24
16638,-144
16639,69
16640,-340
16641,6
16642,-80
16643,0
16644,16
16645,8
16646,-54
16647,-72
16648,240
16649,144
16650,33
16651,-136
16652,16
16653,240
16654,-56
16655,-240
16656,-2
16657,-145
16658,-41
16659,-16
16660,24
16661,-200
16662,18
16663,-68
16664,-42
16665,-64
16666,-45
16667,-9
16668,-16
16669,-240
16670,-228
16671,-252
16672,-85
16673,-116
16674,-132
16675,-176
16676,-16
16677,-51
16678,-171
16679,130
16680,-384
16681,-108
16682,32
16683,-126
16684,-84
16685,324
16686,176
16687,-108
16688,24
16689,212
16690,-160
16691,-234
16692,120
16693,92
16694,60
16695,60
16696,126
16697,128
16698,80
16699,-4
16700,-88
16701,72
16702,-63
16703,220
16704,14
16705,40
16706,74
16707,-240
16708,-22
16709,-72
16710,16
16711,84
16712,-168
16713,-28
16714,24
16715,-208
16716,60
16717,4
16718,130
16719,40
16720,64
16721,64
16722,0
16723,102
16724,-6
16725,-176
16726,84
16727,-175
16728,-162
16729,-146
16730,-288
16731,48
16732,0
16733,-28
16734,-68
16735,-96
16736,-25
16737,72
16738,-26
16739,-72
16740,-144
16741,-124
16742,-24
16743,-182
16744,-360
16745,-108
16746,-40
16747,-48
16748,50
16749,-28
16750,-168
16751,-174
16752,8
16753,16
16754,-102
16755,-64
16756,72
16757,-200
16758,8
16759,34
16760,-324
16761,-18
16762,-16
16763,-1
16764,64
16765,108
16766,-18
16767,-104
16768,-9
16769,45
16770,280
16771,-9
16772,-21
16773,-294
16774,43
16775,352
16776,33
16777,104
16778,-35
16779,162
16780,96
16781,-48
16782,-50
16783,-200
16784,-10
16785,8
16786,-204
16787,-158
16788,52
16789,16
16790,64
16791,-80
16792,150
16793,72
16794,-128
16795,168
16796,60
16797,192
16798,-33
16799,-192
16800,-330
16801,-100
16802,72
16803,8
16804,110
16805,-64
16806,106
16807,-72
16808,0
16809,60
16810,-160
16811,56
16812,36
16813,168
16814,-123
16815,-256
16816,-5
16817,-63
16818,210
16819,80
16820,-100
16821,0
16822,5
16823,-74
16824,-108
16825,-44
16826,36
16827,-180
16828,84
16829,60
16830,-48
16831,91
16832,-147
16833,36
16834,-36
16835,180
16836,-128
16837,-16
16838,52
16839,-46
16840,-84
16841,-172
16842,-162
16843,72
16844,-99
16845,-352
16846,36
16847,75
16848,-55
16849,54
16850,253
16851,54
16852,-40
16853,-60
16854,56
16855,96
16856,42
16857,-64
16858,-106
16859,-104
16860,-240
16861,-205
16862,116
16863,-48
16864,-135
16865,-128
16866,12
16867,-16
16868,-24
16869,100
16870,-120
16871,94
16872,72
16873,-216
16874,160
16875,164
16876,116
16877,150
16878,48
16879,-50
16880,-96
16881,156
16882,-16
16883,-138
16884,-21
16885,-512
16886,162
16887,10
16888,-54
16889,-203
16890,-72
16891,96
16892,-144
16893,-22
16894,48
16895,-612
16896,88
16897,-112
16898,81
16899,42
16900,-132
16901,-54
16902,-32
16903,-46
16904,-69
16905,-128
16906,-120
16907,-40
16908,40
16909,-75
16910,0
16911,10
16912,-9
16913,-135
16914,120
16915,-120
16916,-108
16917,-30
16918,-176
16919,186
16920,-108
16921,-203
16922,43
16923,210
16924,-26
16925,132
16926,-270
16927,133
16928,205
16929,-176
16930,36
16931,252
16932,54
16933,216
16934,91
16935,-48
16936,-12
16937,165
16938,45
16939,-40
16940,60
16941,-56
16942,-63
16943,-177
16944,-24
16945,-100
16946,6
16947,57
16948,-32
16949,-186
16950,-44
16951,-224
16952,-15
16953,0
16954,8
16955,160
16956,-64
16957,-243
16958,128
16959,-38
16960,140
16961,-57
16962,-16
16963,-167
16964,78
16965,40
16966,84
16967,27
16968,-36
16969,216
16970,156
16971,208
16972,52
16973,176
16974,72
16975,-396
16976,30
16977,-50
16978,-110
16979,121
16980,128
16981,-30
16982,-168
16983,36
16984,-240
16985,280
16986,64
16987,-22
16988,27
16989,264
16990,56
16991,-90
16992,-40
16993,-226
16994,-18
16995,-512
16996,-84
16997,144
16998,46
16999,0
17000,216
17001,60
17002,45
17003,-2
17004,170
17005,64
17006,88
17007,252
17008,2
17009,-22
17010,-120
17011,131
17012,-54
17013,-120
17014,-18
17015,324
17016,24
17017,-180
17018,56
17019,-72
17020,-96
17021,-170
17022,-168
17023,-72
17024,-36
17025,242
17026,151
17027,114
17028,28
17029,-204
17030,60
17031,-270
17032,18
17033,16
17034,-48
17035,368
17036,32
17037,72
17038,-126
17039,-152
17040,-72
17041,6
17042,-170
17043,-320
17044,-120
17045,336
17046,-56
17047,9
17048,-252
17049,-172
17050,-396
17051,64
17052,8
17053,-82
17054,56
17055,-16
17056,225
17057,-66
17058,200
17059,-207
17060,100
17061,90
17062,104
17063,6
17064,-120
17065,-216
17066,120
17067,-80
17068,27
17069,-24
17070,-8
17071,-154
17072,48
17073,-24
17074,-162
17075,-396
17076,-96
17077,19
17078,-120
17079,-150
17080,288
17081,-72
17082,-10
17083,-164
17084,82
17085,168
17086,4
17087,132
17088,0
17089,-80
17090,264
17091,264
17092,88
17093,-44
17094,-72
17095,-420
17096,78
17097,288
17098,-144
17099,102
17100,-44
17101,8
17102,-18
17103,68
17104,49
17105,512
17106,142
17107,-52
17108,-135
17109,-66
17110,64
17111,90
17112,432
17113,-272
17114,-70
17115,-24
17116,-100
17117,-234
17118,80
17119,-60
17120,240
17121,80
17122,117
17123,122
17124,108
17125,-72
17126,9
17127,16
17128,-177
17129,243
17130,-168
17131,48
17132,-33
17133,252
17134,-45
17135,-256
17136,-9
17137,168
17138,-144
17139,-36
17140,228
17141,240
17142,-4
17143,-270
17144,-138
17145,-128
17146,-118
17147,0
17148,-76
17149,-32
17150,-165
17151,270
17152,-119
17153,162
17154,18
17155,72
17156,7
17157,168
17158,16
17159,88
17160,480
17161,-122
17162,-23
17163,-1
17164,-12
17165,-112
17166,36
17167,-32
17168,-6
17169,-192
17170,24
17171,96
17172,-55
17173,250
17174,126
17175,-44
17176,-24
17177,0
17178,30
17179,243
17180,-180
17181,-72
17182,45
17183,-218
17184,40
17185,-240
17186,-10
17187,-138
17188,-50
17189,114
17190,0
17191,-93
17192,-288
17193,136
17194,146
17195,-32
17196,96
17197,40
17198,-39
17199,-40
17200,77
17201,-128
17202,144
17203,-94
17204,96
17205,-216
17206,138
17207,-208
17208,-72
17209,-175
17210,-20
17211,154
17212,-130
17213,144
17214,-24
17215,128
17216,133
17217,-72
17218,26
17219,14
17220,216
17221,57
17222,-170
17223,132
17224,-99
17225,275
17226,32
17227,288
17228,16
17229,74
17230,296
17231,24
17232,48
17233,-48
17234,-96
17235,-40
17236,144
17237,-140
17238,-72
17239,4
17240,72
17241,-144
17242,-33
17243,-189
17244,9
17245,-376
17246,182
17247,-164
17248,40
17249,-18
17250,-384
17251,-260
17252,44
17253,90
17254,42
17255,-72
17256,108
17257,28
17258,4
17259,40
17260,184
17261,63
17262,9
17263,-128
17264,45
17265,-416
17266,0
17267,-18
17268,-68
17269,-111
17270,-256
17271,-8
17272,-72
17273,96
17274,70
17275,-440
17276,12
17277,-90
17278,5
17279,-108
17280,48
17281,72
17282,14
17283,-48
17284,16
17285,136
17286,98
17287,72
17288,-45
17289,6
17290,240
17291,203
17292,24
17293,-221
17294,-164
17295,208
17296,-72
17297,-24
17298,50
17299,47
17300,-44
17301,-40
17302,216
17303,120
17304,-288
17305,232
17306,-72
17307,36
17308,-24
17309,212
17310,-112
17311,72
17312,5
17313,-40
17314,-72
17315,-32
17316,15
17317,-235
17318,96
17319,-144
17320,12
17321,85
17322,-192
17323,-36
17324,-72
17325,132
17326,-32
17327,-192
17328,-6
17329,-315
17330,-104
17331,-170
17332,21
17333,-222
17334,132
17335,184
17336,-108
17337,64
17338,75
17339,21
17340,64
17341,-14
17342,80
17343,81
17344,-56
17345,64
17346,32
17347,144
17348,98
17349,-98
17350,-11
17351,-49
17352,-30
17353,63
17354,-127
17355,0
17356,-124
17357,-9
17358,168
17359,36
17360,-108
17361,-104
17362,-86
17363,48
17364,-96
17365,96
17366,-100
17367,-168
17368,120
17369,-8
17370,-80
17371,14
17372,-14
17373,60
17374,18
17375,-384
17376,-20
17377,-196
17378,-34
17379,38
17380,160
17381,0
17382,-100
17383,53
17384,-135
17385,256
17386,78
17387,156
17388,96
17389,90
17390,108
17391,216
17392,-26
17393,-228
17394,80
17395,-72
17396,-30
17397,-72
17398,-174
17399,24
17400,132
17401,245
17402,24
17403,-24
17404,-8
17405,-20
17406,40
17407,-192
17408,69
17409,228
17410,-8
17411,112
17412,-46
17413,-220
17414,-51
17415,-308
17416,288
17417,-122
17418,-208
17419,-76
17420,-140
17421,26
17422,-270
17423,36
17424,-5
17425,-297
17426,-73
17427,-96
17428,78
17429,-56
17430,216
17431,190
17432,156
17433,40
17434,-32
17435,-320
17436,12
17437,135
17438,102
17439,-132
17440,340
17441,12
17442,48
17443,130
17444,0
17445,-352
17446,-160
17447,48
17448,-48
17449,-220
17450,44
17451,-42
17452,54
17453,81
17454,164
17455,-312
17456,-24
17457,-328
17458,-42
17459,-150
17460,-48
17461,72
17462,167
17463,270
17464,72
17465,-336
17466,162
17467,92
17468,-88
17469,-4
17470,164
17471,103
17472,210
17473,-8
17474,66
17475,242
17476,-6
17477,-6
17478,38
17479,-132
17480,-384
17481,224
17482,83
17483,147
17484,162
17485,380
17486,-177
17487,14
17488,-10
17489,-7
17490,-160
17491,148
17492,-84
17493,90
17494,-33
17495,-152
17496,168
17497,-33
17498,20
17499,-256
17500,-123
17501,-84
17502,-72
17503,48
17504,135
17505,-100
17506,-56
17507,-216
17508,-88
17509,110
17510,192
17511,260
17512,-120
17513,-216
17514,48
17515,72
17516,-6
17517,220
17518,-88
17519,158
17520,-16
17521,210
17522,-138
17523,-128
17524,115
17525,-198
17526,128
17527,-81
17528,72
17529,-280
17530,-248
17531,18
17532,28
17533,0
17534,-48
17535,192
17536,-9
17537,-180
17538,-60
17539,-249
17540,-68
17541,-6
17542,-8
17543,130
17544,-126
17545,-40
17546,144
17547,-80
17548,-108
17549,408
17550,-220
17551,55
17552,-60
17553,80
17554,21
17555,-16
17556,96
17557,-24
17558,-29
17559,-64
17560,96
17561,-3
17562,164
17563,-300
17564,67
17565,-256
17566,-78
17567,264
17568,40
17569,58
17570,108
17571,-80
17572,0
17573,-154
17574,8
17575,132
17576,-15
17577,297
17578,-108
17579,52
17580,72
17581,-232
17582,64
17583,-240
17584,-48
17585,-204
17586,54
17587,35
17588,88
17589,-360
17590,112
17591,48
17592,78
17593,20
17594,64
17595,96
17596,45
17597,-174
17598,162
17599,-131
17600,308
17601,32
17602,-60
17603,56
17604,4
17605,72
17606,40
17607,-108
17608,243
17609,-37
17610,-288
17611,48
17612,-27
17613,-64
17614,-32
17615,-160
17616,4
17617,80
17618,-80
17619,-144
17620,-72
17621,-147
17622,0
17623,-119
17624,-213
17625,-432
17626,36
17627,-113
17628,-20
17629,-64
17630,-252
17631,88
17632,40
17633,24
17634,22
17635,96
17636,-19
17637,114
17638,-80
17639,9
17640,24
17641,-320
17642,131
17643,-108
17644,-108
17645,184
17646,-24
17647,-24
17648,-46
17649,-15
17650,-132
17651,0
17652,114
17653,128
17654,180
17655,-384
17656,-45
17657,247
17658,187
17659,-115
17660,104
17661,150
17662,-31
17663,135
17664,-272
17665,-192
17666,10
17667,-15
17668,-54
17669,54
17670,-288
17671,-54
17672,-102
17673,42
17674,-3
17675,-66
17676,-20
17677,60
17678,46
17679,-162
17680,-60
17681,114
17682,42
17683,-204
17684,30
17685,-48
17686,72
17687,352
17688,168
17689,-6
17690,-64
17691,160
17692,53
17693,50
17694,28
17695,208
17696,150
17697,6
17698,-6
17699,-292
17700,-176
17701,189
17702,-40
17703,90
17704,-18
17705,-80
17706,-110
17707,92
17708,44
17709,-276
17710,384
17711,0
17712,36
17713,-4
17714,-51
17715,520
17716,-112
17717,-141
17718,-58
17719,90
17720,-108
17721,-16
17722,-90
17723,-27
17724,-144
17725,44
17726,182
17727,256
17728,-98
17729,-237
17730,-36
17731,-72
17732,-180
17733,32
17734,19
17735,272
17736,-108
17737,-170
17738,4
17739,20
17740,-60
17741,32
17742,-20
17743,72
17744,54
17745,288
17746,-144
17747,-166
17748,-6
17749,149
17750,-216
17751,192
17752,-180
17753,-9
17754,-152
17755,140
17756,160
17757,-58
17758,180
17759,168
17760,120
17761,23
17762,-108
17763,0
17764,-45
17765,-192
17766,-108
17767,17
17768,96
17769,156
17770,64
17771,270
17772,64
17773,120
17774,12
17775,110
17776,8
17777,8
17778,-180
17779,-176
17780,96
17781,-222
17782,-15
17783,24
17784,60
17785,-384
17786,-61
17787,-20
17788,4
17789,69
17790,160
17791,223
17792,-48
17793,36
17794,243
17795,104
17796,18
17797,140
17798,-176
17799,-24
17800,0
17801,243
17802,56
17803,48
17804,-102
17805,-32
17806,64
17807,-102
17808,-30
17809,-228
17810,60
17811,-36
17812,-16
17813,-36
17814,60
17815,288
17816,-27
17817,-216
17818,-24
17819,-64
17820,-176
17821,-81
17822,84
17823,-250
17824,10
17825,792
17826,182
17827,-106
17828,43
17829,-48
17830,-264
17831,-264
17832,60
17833,30
17834,30
17835,-144
17836,-75
17837,-42
17838,25
17839,219
17840,32
17841,64
17842,180
17843,-90
17844,18
17845,252
17846,69
17847,8
17848,-288
17849,315
17850,-198
17851,154
17852,14
17853,-8
17854,20
17855,-52
17856,-63
17857,3
17858,-55
17859,-82
17860,-144
17861,-115
17862,20
17863,-67
17864,-72
17865,-88
17866,-6
17867,15
17868,-54
17869,-96
17870,-48
17871,144
17872,8
17873,-72
17874,-104
17875,480
17876,-153
17877,-32
17878,-135
17879,180
17880,192
17881,-190
17882,34
17883,-16
17884,63
17885,-16
17886,64
17887,126
17888,175
17889,0
17890,-264
17891,-159
17892,-27
17893,-8
17894,-200
17895,-168
17896,249
17897,208
17898,-128
17899,243
17900,44
17901,165
17902,53
17903,-132
17904,-4
17905,392
17906,39
17907,144
17908,-15
17909,69
17910,-40
17911,-78
17912,0
17913,-150
17914,-60
17915,-332
17916,-20
17917,288
17918,72
17919,8
17920,132
17921,18
17922,64
17923,-161
17924,-8
17925,-528
17926,21
17927,-135
17928,-108
17929,-170
17930,16
17931,224
17932,116
17933,-110
17934,-32
17935,288
17936,32
17937,24
17938,158
17939,-12
17940,-320
17941,-132
17942,77
17943,46
17944,18
17945,144
17946,-62
17947,9
17948,-27
17949,360
17950,264
17951,-14
17952,-120
17953,145
17954,0
17955,-192
17956,18
17957,46
17958,36
17959,-71
17960,312
17961,-224
17962,-78
17963,-288
17964,-28
17965,336
17966,200
17967,20
17968,44
17969,27
17970,56
17971,-8
17972,-44
17973,-26
17974,-112
17975,198
17976,-216
17977,176
17978,0
17979,-220
17980,-72
17981,46
17982,30
17983,4
17984,210
17985,-544
17986,123
17987,-52
17988,0
17989,58
17990,-24
17991,-19
17992,60
17993,-224
17994,-64
17995,256
17996,20
17997,-342
17998,99
17999,-72
18000,24
18001,-90
18002,110
18003,72
18004,78
18005,-280
18006,164
18007,-132
18008,15
18009,-64
18010,296
18011,-243
18012,80
18013,86
18014,-127
18015,-328
18016,-45
18017,189
18018,-60
18019,-84
18020,-60
18021,-298
18022,-70
18023,133
18024,-72
18025,-528
18026,-94
18027,76
18028,-86
18029,-40
18030,-224
18031,-40
18032,16
18033,-252
18034,72
18035,-224
18036,-32
18037,-90
18038,-64
18039,270
18040,-432
18041,105
18042,-216
18043,82
18044,-5
18045,-108
18046,120
18047,-180
18048,-54
18049,-103
18050,-33
18051,-216
18052,82
18053,-231
18054,-24
18055,512
18056,-72
18057,160
18058,-66
18059,12
18060,168
18061,-242
18062,96
18063,-88
18064,6
18065,-8
18066,-74
18067,0
18068,-9
18069,-160
18070,320
18071,-6
18072,27
18073,180
18074,120
18075,-220
18076,37
18077,2
18078,48
18079,8
18080,-40
18081,-18
18082,-87
18083,-144
18084,24
18085,52
18086,-170
18087,-150
18088,-108
18089,132
18090,-112
18091,20
18092,-117
18093,6
18094,-153
18095,432
18096,-20
18097,-16
18098,-95
18099,64
18100,-22
18101,144
18102,-36
18103,49
18104,54
18105,216
18106,32
18107,72
18108,6
18109,-150
18110,256
18111,194
18112,-112
18113,-256
18114,140
18115,176
18116,3
18117,128
18118,-122
18119,144
18120,-72
18121,128
18122,135
18123,-276
18124,72
18125,82
18126,-20
18127,102
18128,64
18129,-8
18130,-24
18131,-20
18132,-44
18133,1
18134,-160
18135,-180
18136,-24
18137,-180
18138,64
18139,-144
18140,-48
18141,-144
18142,-180
18143,85
18144,-165
18145,0
18146,168
18147,-336
18148,20
18149,-82
18150,-110
18151,24
18152,-225
18153,-7
18154,-16
18155,-248
18156,0
18157,-56
18158,123
18159,-18
18160,-44
18161,-160
18162,54
18163,81
18164,-96
18165,96
18166,81
18167,60
18168,-84
18169,-53
18170,320
18171,-16
18172,96
18173,-147
18174,-110
18175,-88
18176,-153
18177,-36
18178,-64
18179,75
18180,-8
18181,-4
18182,130
18183,-64
18184,-237
18185,208
18186,-6
18187,-130
18188,-66
18189,63
18190,144
18191,35
18192,8
18193,-48
18194,112
18195,-448
18196,-20
18197,324
18198,92
18199,60
18200,495
18201,6
18202,-36
18203,-136
18204,-54
18205,416
18206,-25
18207,-24
18208,-5
18209,48
18210,224
18211,148
18212,-32
18213,-360
18214,81
18215,144
18216,96
18217,110
18218,-97
18219,-230
18220,212
18221,36
18222,-50
18223,124
18224,-21
18225,143
18226,90
18227,-52
18228,-36
18229,-104
18230,36
18231,-256
18232,-105
18233,108
18234,19
18235,204
18236,-108
18237,-192
18238,-152
18239,320
18240,224
18241,18
18242,24
18243,37
18244,48
18245,0
18246,-156
18247,18
18248,240
18249,-240
18250,-48
18251,-33
18252,-48
18253,-74
18254,110
18255,-336
18256,3
18257,186
18258,24
18259,200
18260,144
18261,-1
18262,-176
18263,-135
18264,-36
18265,600
18266,174
18267,-196
18268,-32
18269,6
18270,-24
18271,15
18272,-105
18273,200
18274,-158
18275,-231
18276,8
18277,-4
18278,-60
18279,48
18280,-300
18281,-4
18282,112
18283,-225
18284,-66
18285,320
18286,-72
18287,-145
18288,-8
18289,-194
18290,-288
18291,210
18292,-57
18293,140
18294,-190
18295,-12
18296,-171
18297,-48
18298,54
18299,36
18300,176
18301,21
18302,187
18303,-94
18304,60
18305,60
18306,-22
18307,64
18308,80
18309,-144
18310,72
18311,-204
18312,-306
18313,-53
18314,11
18315,-48
18316,-40
18317,-100
18318,126
18319,162
18320,8
18321,162
18322,-49
18323,-18
18324,24
18325,143
18326,24
18327,-144
18328,-60
18329,166
18330,360
18331,96
18332,96
18333,-144
18334,0
18335,-320
18336,0
18337,228
18338,-20
18339,-102
18340,36
18341,-161
18342,-12
18343,-135
18344,117
18345,312
18346,88
18347,-252
18348,128
18349,256
18350,22
18351,-7
18352,27
18353,43
18354,192
18355,-308
18356,-60
18357,96
18358,21
18359,160
18360,144
18361,-168
18362,-17
18363,114
18364,77
18365,8
18366,-124
18367,-97
18368,-189
18369,-80
18370,-128
18371,115
18372,-86
18373,160
18374,-133
18375,96
18376,-171
18377,216
18378,-3
18379,-88
18380,72
18381,-16
18382,30
18383,-180
18384,20
18385,-320
18386,40
18387,121
18388,40
18389,81
18390,32
18391,5
18392,-60
18393,-96
18394,3
18395,-320
18396,-6
18397,-226
18398,-88
18399,-192
18400,-440
18401,-183
18402,124
18403,288
18404,-84
18405,20
18406,0
18407,-110
18408,240
18409,-234
18410,252
18411,18
18412,-61
18413,186
18414,-144
18415,-64
18416,52
18417,102
18418,84
18419,-2
18420,-256
18421,-204
18422,24
18423,0
18424,54
18425,308
18426,-54
18427,-136
18428,24
18429,144
18430,192
18431,-54
18432,45
18433,28
18434,-20
18435,368
18436,108
18437,64
18438,-48
18439,163
18440,-264
18441,-144
18442,123
18443,174
18444,-20
18445,324
18446,-216
18447,-280
18448,-26
18449,152
18450,-99
18451,255
18452,-27
18453,40
18454,-28
18455,240
18456,-264
18457,154
18458,96
18459,-27
18460,-180
18461,246
18462,-12
18463,84
18464,-70
18465,-256
18466,0
18467,64
18468,-40
18469,-64
18470,-32
18471,54
18472,135
18473,-20
18474,120
18475,-198
18476,-72
18477,16
18478,103
18479,78
18480,-96
18481,62
18482,169
18483,32
18484,82
18485,388
18486,-50
18487,192
18488,-132
18489,-258
18490,-24
18491,160
18492,-112
18493,102
18494,-150
18495,-48
18496,-56
18497,-20
18498,24
18499,240
18500,72
18501,108
18502,-100
18503,-104
18504,-6
18505,452
18506,-112
18507,180
18508,-6
18509,72
18510,-32
18511,-48
18512,0
18513,15
18514,3
18515,-492
18516,88
18517,15
18518,-81
18519,244
18520,192
18521,145
18522,-60
18523,120
18524,28
18525,440
18526,-128
18527,0
18528,-200
18529,-66
18530,204
18531,18
18532,18
18533,-42
18534,-168
18535,-368
18536,234
18537,-48
18538,-360
18539,8
18540,-64
18541,-119
18542,16
18543,-156
18544,-32
18545,264
18546,-240
18547,72
18548,-26
18549,-22
18550,-165
18551,-270
18552,132
18553,23
18554,-88
18555,256
18556,87
18557,120
18558,-27
18559,-98
18560,24
18561,304
18562,124
18563,216
18564,-90
18565,360
18566,142
18567,-34
18568,288
18569,-63
18570,-56
18571,8
18572,-91
18573,54
18574,-27
18575,110
18576,28
18577,190
18578,156
18579,72
18580,0
18581,30
18582,8
18583,-116
18584,-48
18585,96
18586,-99
18587,-108
18588,-76
18589,18
18590,-192
18591,-24
18592,135
18593,97
18594,-1
18595,196
18596,62
18597,-52
18598,81
18599,261
18600,-594
18601,0
18602,27
18603,100
18604,109
18605,-12
18606,54
18607,352
18608,44
18609,-94
18610,112
18611,-18
18612,36
18613,39
18614,99
18615,48
18616,-60
18617,127
18618,48
18619,-7
18620,32
18621,13
18622,-12
18623,-36
18624,168
18625,192
18626,112
18627,90
18628,71
18629,-240
18630,-352
18631,252
18632,-27
18633,-282
18634,-72
18635,-32
18636,-82
18637,-45
18638,9
18639,-68
18640,-44
18641,39
18642,240
18643,-32
18644,80
18645,64
18646,-166
18647,-52
18648,-27
18649,180
18650,-22
18651,86
18652,-10
18653,-360
18654,-102
18655,-540
18656,-100
18657,-160
18658,80
18659,-198
18660,256
18661,-50
18662,189
18663,204
18664,-180
18665,-356
18666,24
18667,-156
18668,120
18669,-32
18670,-32
18671,-228
18672,50
18673,-189
18674,108
18675,99
18676,48
18677,112
18678,128
18679,1
18680,-432
18681,-90
18682,-140
18683,144
18684,-16
18685,24
18686,131
18687,42
18688,-34
18689,-56
18690,0
18691,-114
18692,-4
18693,-63
18694,-90
18695,-80
18696,-216
18697,117
18698,-185
18699,-128
18700,-132
18701,-9
18702,45
18703,-160
18704,-24
18705,-112
18706,-90
18707,170
18708,-16
18709,60
18710,184
18711,120
18712,153
18713,140
18714,48
18715,-144
18716,-57
18717,-12
18718,0
18719,-166
18720,100
18721,-240
18722,-96
18723,-42
18724,27
18725,-396
18726,-20
18727,256
18728,-105
18729,-80
18730,256
18731,-252
18732,48
18733,-60
18734,24
18735,-472
18736,32
18737,225
18738,-4
18739,183
18740,48
18741,-34
18742,118
18743,-9
18744,216
18745,-32
18746,240
18747,14
18748,-119
18749,-192
18750,88
18751,138
18752,-63
18753,216
18754,28
18755,180
18756,17
18757,-26
18758,18
18759,-72
18760,252
18761,4
18762,-80
18763,-2
18764,-118
18765,-256
18766,100
18767,20
18768,-48
18769,-128
18770,88
18771,-248
18772,-15
18773,-124
18774,-24
18775,-132
18776,-141
18777,8
18778,-18
18779,0
18780,64
18781,-207
18782,-33
18783,-42
18784,-180
18785,-160
18786,-36
18787,153
18788,-96
18789,-2
18790,-40
18791,224
18792,66
18793,36
18794,86
18795,-96
18796,-24
18797,-104
18798,100
18799,-264
18800,99
18801,56
18802,90
18803,213
18804,-70
18805,-52
18806,14
18807,96
18808,-96
18809,87
18810,-64
18811,240
18812,-64
18813,198
18814,40
18815,180
18816,12
18817,-252
18818,47
18819,-108
18820,180
18821,-64
18822,84
18823,-264
18824,30
18825,198
18826,24
18827,210
18828,5
18829,100
18830,-228
18831,154
18832,48
18833,-72
18834,28
18835,252
18836,42
18837,120
18838,84
18839,-29
18840,-384
18841,-99
18842,117
18843,168
18844,12
18845,404
18846,16
18847,-243
18848,-180
18849,256
18850,-110
18851,162
18852,36
18853,-162
18854,228
18855,108
18856,-42
18857,-68
18858,-156
18859,-29
18860,288
18861,24
18862,-96
18863,115
18864,-3
18865,240
18866,46
18867,208
18868,0
18869,108
18870,72
18871,16
18872,-207
18873,121
18874,-72
18875,-72
18876,-50
18877,-56
18878,91
18879,108
18880,224
18881,240
18882,10
18883,-192
18884,-108
18885,96
18886,108
18887,-24
18888,-108
18889,-30
18890,-240
18891,-50
18892,45
18893,-207
18894,126
18895,176
18896,-65
18897,-132
18898,-180
18899,180
18900,-132
18901,198
18902,40
18903,-16
18904,-144
18905,-160
18906,48
18907,18
18908,2
18909,0
18910,288
18911,-124
18912,-90
18913,139
18914,40
18915,480
18916,-98
18917,-96
18918,5
18919,-260
18920,-336
18921,90
18922,114
18923,-64
18924,72
18925,-154
18926,35
18927,-72
18928,-36
18929,-64
18930,144
18931,20
18932,-36
18933,18
18934,60
18935,-12
18936,63
18937,44
18938,6
18939,-192
18940,-224
18941,-405
18942,216
18943,-248
18944,-33
18945,28
18946,129
18947,132
18948,-4
18949,-276
18950,44
18951,-96
18952,-384
18953,-296
18954,-65
18955,-96
18956,-36
18957,0
18958,29
18959,-159
18960,-80
18961,-112
18962,112
18963,-14
18964,-24
18965,364
18966,68
18967,220
18968,249
18969,194
18970,96
18971,-256
18972,27
18973,61
18974,20
18975,704
18976,100
18977,-192
18978,-80
18979,28
18980,-40
18981,48
18982,-96
18983,-144
18984,36
18985,168
18986,184
18987,112
18988,-18
18989,-24
18990,96
18991,-291
18992,4
18993,-280
18994,-162
18995,-24
18996,-110
18997,80
18998,192
18999,18
19000,288
19001,19
19002,92
19003,-36
19004,-118
19005,48
19006,105
19007,18
19008,112
19009,-124
19010,264
19011,-4
19012,24
19013,129
19014,-40
19015,-432
19016,-69
19017,23
19018,6
19019,-240
19020,-160
19021,-224
19022,9
19023,12
19024,18
19025,-66
19026,9
19027,-120
19028,-63
19029,-50
19030,-64
19031,53
19032,-240
19033,-144
19034,-288
19035,-396
19036,0
19037,238
19038,-64
19039,100
19040,-180
19041,112
19042,26
19043,48
19044,-41
19045,-180
19046,0
19047,72
19048,9
19049,63
19050,-176
19051,10
19052,-4
19053,4
19054,-30
19055,192
19056,44
19057,-96
19058,-65
19059,104
19060,72
19061,50
19062,-48
19063,104
19064,108
19065,648
19066,86
19067,304
19068,-66
19069,-202
19070,4
19071,5
19072,24
19073,72
19074,64
19075,-561
19076,36
19077,172
19078,-56
19079,-122
19080,-60
19081,-112
19082,-54
19083,-208
19084,10
19085,16
19086,84
19087,220
19088,21
19089,-24
19090,288
19091,-132
19092,-42
19093,-64
19094,-37
19095,224
19096,324
19097,24
19098,-30
19099,171
19100,0
19101,-116
19102,-170
19103,258
19104,-100
19105,192
19106,99
19107,80
19108,-90
19109,-108
19110,-80
19111,18
19112,-102
19113,-224
19114,-24
19115,-104
19116,-88
19117,-174
19118,50
19119,248
19120,96
19121,-150
19122,-128
19123,-285
19124,108
19125,-72
19126,6
19127,36
19128,-72
19129,-108
19130,288
19131,-318
19132,-45
19133,15
19134,-2
19135,0
19136,280
19137,-206
19138,-162
19139,17
19140,-64
19141,-194
19142,-27
19143,16
19144,174
19145,-324
19146,126
19147,324
19148,-8
19149,200
19150,110
19151,8
19152,-12
19153,48
19154,128
19155,-360
19156,70
19157,93
19158,-288
19159,-48
19160,-108
19161,-6
19162,-140
19163,-132
19164,132
19165,124
19166,-84
19167,38
19168,35
19169,4
19170,-144
19171,216
19172,58
19173,-216
19174,45
19175,440
19176,-162
19177,24
19178,-56
19179,84
19180,36
19181,-200
19182,256
19183,88
19184,68
19185,104
19186,-10
19187,-153
19188,-45
19189,63
19190,32
19191,140
19192,-72
19193,-18
19194,150
19195,-64
19196,-30
19197,100
19198,-52
19199,-42
19200,374
19201,360
19202,-70
19203,-24
19204,10
19205,256
19206,-48
19207,26
19208,177
19209,-184
19210,-24
19211,50
19212,24
19213,-271
19214,90
19215,-96
19216,41
19217,-164
19218,72
19219,-86
19220,200
19221,-112
19222,-189
19223,45
19224,0
19225,-484
19226,38
19227,60
19228,128
19229,-189
19230,72
19231,-4
19232,-140
19233,-26
19234,8
19235,48
19236,12
19237,-40
19238,100
19239,50
19240,-180
19241,-72
19242,-49
19243,-30
19244,48
19245,-208
19246,-72
19247,76
19248,54
19249,142
19250,-288
19251,288
19252,-111
19253,-160
19254,-48
19255,-116
19256,-54
19257,-12
19258,-14
19259,196
19260,-48
19261,-192
19262,-58
19263,210
19264,-147
19265,468
19266,-96
19267,-210
19268,7
19269,59
19270,-324
19271,93
19272,48
19273,-242
19274,216
19275,-44
19276,-80
19277,-51
19278,-99
19279,-45
19280,40
19281,-176
19282,288
19283,248
19284,30
19285,-96
19286,-2
19287,46
19288,-150
19289,-138
19290,-208
19291,0
19292,-75
19293,-272
19294,-68
19295,132
19296,35
19297,-192
19298,-14
19299,-108
19300,-220
19301,-270
19302,176
19303,-120
19304,-96
19305,320
19306,18
19307,-182
19308,-146
19309,14
19310,-152
19311,288
19312,-27
19313,0
19314,6
19315,224
19316,-32
19317,54
19318,-50
19319,-8
19320,576
19321,117
19322,-26
19323,8
19324,-10
19325,242
19326,110
19327,-108
19328,-9
19329,-24
19330,288
19331,-45
19332,16
19333,-178
19334,-87
19335,320
19336,-186
19337,160
19338,72
19339,-99
19340,160
19341,96
19342,-96
19343,200
19344,90
19345,40
19346,-3
19347,28
19348,120
19349,-112
19350,-77
19351,-15
19352,-216
19353,-196
19354,-28
19355,-80
19356,36
19357,135
19358,-110
19359,-264
19360,-100
19361,-48
19362,132
19363,-56
19364,-144
19365,320
19366,56
19367,-24
19368,-57
19369,138
19370,-160
19371,288
19372,-16
19373,144
19374,26
19375,-369
19376,-12
19377,33
19378,18
19379,24
19380,-96
19381,-119
19382,-72
19383,270
19384,57
19385,-352
19386,96
19387,-160
19388,-9
19389,480
19390,168
19391,-48
19392,28
19393,252
19394,26
19395,-24
19396,-10
19397,-9
19398,80
19399,-12
19400,396
19401,-32
19402,0
19403,-206
19404,-8
19405,236
19406,72
19407,-186
19408,56
19409,50
19410,-8
19411,216
19412,-192
19413,72
19414,-63
19415,192
19416,-264
19417,-103
19418,24
19419,238
19420,152
19421,-14
19422,-45
19423,16
19424,140
19425,-198
19426,104
19427,196
19428,-114
19429,-64
19430,-56
19431,24
19432,9
19433,-226
19434,180
19435,384
19436,14
19437,288
19438,89
19439,-27
19440,40
19441,-209
19442,20
19443,200
19444,-3
19445,-108
19446,-96
19447,167
19448,180
19449,15
19450,275
19451,-10
19452,-132
19453,44
19454,27
19455,328
19456,92
19457,150
19458,72
19459,64
19460,192
19461,280
19462,-63
19463,-202
19464,270
19465,-24
19466,-160
19467,-192
19468,144
19469,-27
19470,-256
19471,-257
19472,42
19473,4
19474,180
19475,-396
19476,-1
19477,130
19478,136
19479,42
19480,-336
19481,-120
19482,0
19483,258
19484,-12
19485,-4
19486,22
19487,0
19488,-60
19489,-57
19490,24
19491,0
19492,36
19493,-40
19494,-12
19495,-24
19496,207
19497,168
19498,-27
19499,-81
19500,240
19501,-181
19502,20
19503,36
19504,-40
19505,324
19506,-42
19507,50
19508,42
19509,0
19510,256
19511,68
19512,24
19513,-200
19514,-60
19515,216
19516,81
19517,-8
19518,-4
19519,-24
19520,-224
19521,-110
19522,77
19523,102
19524,104
19525,396
19526,60
19527,-256
19528,-132
19529,208
19530,108
19531,119
19532,-8
19533,-60
19534,174
19535,64
19536,24
19537,60
19538,-47
19539,-40
19540,216
19541,270
19542,-184
19543,-1
19544,-36
19545,64
19546,46
19547,-64
19548,-8
19549,8
19550,-264
19551,120
19552,225
19553,-183
19554,74
19555,-324
19556,-30
19557,45
19558,96
19559,-30
19560,24
19561,-162
19562,-24
19563,90
19564,-14
19565,-420
19566,26
19567,-156
19568,-39
19569,-160
19570,256
19571,225
19572,-66
19573,123
19574,-37
19575,88
19576,-243
19577,-104
19578,-90
19579,75
19580,0
19581,192
19582,133
19583,66
19584,-9
19585,152
19586,78
19587,-10
19588,72
19589,-108
19590,176
19591,-60
19592,270
19593,-96
19594,24
19595,144
19596,-144
19597,96
19598,-216
19599,288
19600,-22
19601,78
19602,-55
19603,6
19604,-24
19605,144
19606,150
19607,-159
19608,-168
19609,62
19610,60
19611,-52
19612,104
19613,264
19614,216
19615,232
19616,20
19617,-60
19618,-42
19619,-200
19620,-68
19621,-315
19622,82
19623,-432
19624,-96
19625,-384
19626,-162
19627,-4
19628,54
19629,-32
19630,60
19631,-63
19632,-10
19633,24
19634,62
19635,288
19636,138
19637,38
19638,24
19639,81
19640,240
19641,-196
19642,-192
19643,110
19644,-66
19645,220
19646,-144
19647,-24
19648,224
19649,54
19650,-66
19651,175
19652,75
19653,-176
19654,-180
19655,240
19656,180
19657,48
19658,114
19659,-184
19660,112
19661,86
19662,-8
19663,-84
19664,-46
19665,128
19666,-68
19667,-126
19668,-64
19669,0
19670,-360
19671,-180
19672,-144
19673,0
19674,10
19675,-198
19676,98
19677,-72
19678,-168
19679,264
19680,-360
19681,-31
19682,70
19683,22
19684,-36
19685,288
19686,-120
19687,32
19688,-288
19689,20
19690,64
19691,-72
19692,-27
19693,243
19694,-14
19695,80
19696,32
19697,-262
19698,-28
19699,49
19700,-99
19701,40
19702,-6
19703,96
19704,144
19705,108
19706,-64
19707,110
19708,20
19709,-56
19710,-32
19711,-456
19712,-204
19713,274
19714,17
19715,-148
19716,90
19717,-208
19718,164
19719,-24
19720,72
19721,135
19722,-32
19723,-5
19724,57
19725,462
19726,60
19727,174
19728,-3
19729,-34
19730,232
19731,-154
19732,2
19733,-180
19734,-320
19735,112
19736,111
19737,-84
19738,144
19739,96
19740,216
19741,180
19742,16
19743,60
19744,-20
19745,-384
19746,60
19747,90
19748,-108
19749,44
19750,-240
19751,-256
19752,48
19753,-42
19754,81
19755,-32
19756,-104
19757,360
19758,0
19759,70
19760,-80
19761,-270
19762,-90
19763,118
19764,88
19765,224
19766,11
19767,-56
19768,108
19769,10
19770,72
19771,-132
19772,57
19773,5
19774,4
19775,66
19776,224
19777,88
19778,-72
19779,8
19780,224
19781,9
19782,48
19783,-16
19784,-72
19785,0
19786,30
19787,63
19788,-72
19789,24
19790,144
19791,52
19792,-32
19793,190
19794,88
19795,144
19796,4
19797,-60
19798,-68
19799,-20
19800,-132
19801,135
19802,152
19803,-432
19804,-36
19805,132
19806,32
19807,-72
19808,-35
19809,-81
19810,192
19811,-296
19812,-80
19813,182
19814,32
19815,-400
19816,-21
19817,-96
19818,8
19819,-176
19820,100
19821,-18
19822,-60
19823,154
19824,-48
19825,-440
19826,-48
19827,71
19828,-46
19829,-90
19830,16
19831,-69
19832,-63
19833,224
19834,216
19835,96
19836,-8
19837,216
19838,255
19839,-150
19840,-108
19841,0
19842,-168
19843,212
19844,45
19845,88
19846,122
19847,0
19848,168
19849,-368
19850,242
19851,-240
19852,-12
19853,-6
19854,46
19855,48
19856,-6
19857,-118
19858,70
19859,252
19860,208
19861,-154
19862,-140
19863,15
19864,0
19865,-24
19866,168
19867,22
19868,-68
19869,24
19870,64
19871,-81
19872,-160
19873,72
19874,-20
19875,-240
19876,56
19877,-320
19878,-4
19879,-320
19880,324
19881,34
19882,-75
19883,-184
19884,-26
19885,-432
19886,-8
19887,336
19888,-8
19889,-134
19890,60
19891,-58
19892,75
19893,-32
19894,-30
19895,128
19896,-228
19897,-18
19898,-10
19899,112
19900,-110
19901,-300
19902,-216
19903,215
19904,-224
19905,416
19906,57
19907,-96
19908,-30
19909,-112
19910,-32
19911,-36
19912,-36
19913,-216
19914,40
19915,12
19916,50
19917,6
19918,-8
19919,12
19920,-72
19921,-256
19922,-144
19923,-8
19924,27
19925,-132
19926,-90
19927,148
19928,-135
19929,60
19930,-96
19931,40
19932,24
19933,234
19934,-16
19935,36
19936,0
19937,-92
19938,162
19939,128
19940,-248
19941,-128
19942,-96
19943,24
19944,42
19945,-272
19946,-28
19947,272
19948,57
19949,-10
19950,-264
19951,270
19952,14
19953,-72
19954,-48
19955,640
19956,70
19957,-213
19958,-108
19959,116
19960,336
19961,184
19962,-54
19963,-93
19964,-216
19965,-192
19966,-56
19967,252
19968,-110
19969,20
19970,104
19971,60
19972,-1
19973,-186
19974,4
19975,-297
19976,132
19977,0
19978,162
19979,-24
19980,48
19981,50
19982,192
19983,-200
19984,59
19985,252
19986,-120
19987,-320
19988,84
19989,-32
19990,76
19991,131
19992,36
19993,-46
19994,220
19995,504
19996,116
19997,117
19998,-8
19999,6
20000,205
20001,32
20002,6
20003,90
20004,114
20005,8
20006,-114
20007,220
20008,216
20009,-144
20010,-128
20011,28
20012,69
20013,-108
20014,-114
20015,-256
20016,-16
20017,3
20018,-59
20019,-8
20020,-240
20021,-130
20022,162
20023,66
20024,-210
20025,0
20026,-108
20027,-54
20028,80
20029,-193
20030,-304
20031,-224
20032,-56
20033,280
20034,-60
20035,228
20036,7
20037,160
20038,77
20039,-80
20040,-192
20041,-10
20042,212
20043,9
20044,-113
20045,384
20046,20
20047,72
20048,12
20049,-18
20050,297
20051,-12
20052,-2
20053,-36
20054,-24
20055,0
20056,-408
20057,9
20058,-104
20059,-220
20060,-96
20061,40
20062,144
20063,-150
20064,-160
20065,-264
20066,80
20067,-184
20068,-8
20069,-216
20070,-32
20071,78
20072,300
20073,-196
20074,-78
20075,88
20076,144
20077,195
20078,17
20079,96
20080,-36
20081,252
20082,-48
20083,36
20084,-64
20085,640
20086,45
20087,-20
20088,-297
20089,174
20090,72
20091,-12
20092,-79
20093,-144
20094,-54
20095,-288
20096,-48
20097,24
20098,-110
20099,-20
20100,154
20101,6
20102,164
20103,324
20104,-216
20105,328
20106,-8
20107,33
20108,100
20109,-292
20110,-256
20111,108
20112,-54
20113,190
20114,0
20115,128
20116,-108
20117,47
20118,54
20119,288
20120,-72
20121,96
20122,49
20123,91
20124,-35
20125,576
20126,-2
20127,-192
20128,45
20129,-75
20130,256
20131,-180
20132,-54
20133,-83
20134,24
20135,-48
20136,144
20137,190
20138,106
20139,-12
20140,-80
20141,-72
20142,-8
20143,-56
20144,-12
20145,240
20146,-102
20147,-174
20148,-32
20149,112
20150,495
20151,0
20152,-24
20153,-105
20154,84
20155,-128
20156,-68
20157,-30
20158,-93
20159,-120
20160,-84
20161,-17
20162,60
20163,-360
20164,-10
20165,204
20166,-32
20167,-147
20168,24
20169,90
20170,28
20171,136
20172,80
20173,-2
20174,36
20175,-418
20176,-60
20177,-96
20178,-32
20179,-12
20180,216
20181,-300
20182,-8
20183,-31
20184,-150
20185,-32
20186,16
20187,-6
20188,32
20189,205
20190,-32
20191,-208
20192,90
20193,80
20194,-64
20195,168
20196,-48
20197,-8
20198,-56
20199,-232
20200,66
20201,-178
20202,90
20203,0
20204,-2
20205,-104
20206,-164
20207,40
20208,-14
20209,288
20210,-252
20211,66
20212,-9
20213,-54
20214,-44
20215,-640
20216,27
20217,-144
20218,72
20219,216
20220,-184
20221,-28
20222,-40
20223,-144
20224,-170
20225,-484
20226,48
20227,-8
20228,125
20229,-32
20230,96
20231,-211
20232,-90
20233,-47
20234,21
20235,288
20236,64
20237,120
20238,-64
20239,81
20240,-128
20241,-20
20242,8
20243,-198
20244,60
20245,408
20246,0
20247,-132
20248,141
20249,-147
20250,264
20251,-252
20252,-72
20253,224
20254,180
20255,340
20256,240
20257,-54
20258,-144
20259,-5
20260,76
20261,-48
20262,-256
20263,144
20264,72
20265,480
20266,-2
20267,40
20268,9
20269,98
20270,-148
20271,44
20272,-6
20273,-192
20274,-306
20275,495
20276,-9
20277,-48
20278,-71
20279,150
20280,-288
20281,-63
20282,78
20283,-90
20284,88
20285,256
20286,-16
20287,28
20288,140
20289,-246
20290,4
20291,-144
20292,0
20293,-120
20294,32
20295,144
20296,-168
20297,-9
20298,-60
20299,-50
20300,-66
20301,28
20302,-36
20303,20
20304,36
20305,108
20306,-180
20307,-240
20308,110
20309,-208
20310,96
20311,-196
20312,-120
20313,24
20314,-69
20315,-288
20316,-18
20317,32
20318,62
20319,-170
20320,-160
20321,312
20322,-6
20323,-71
20324,47
20325,176
20326,-40
20327,-28
20328,90
20329,-36
20330,192
20331,99
20332,-120
20333,-171
20334,-50
20335,-72
20336,-81
20337,168
20338,-125
20339,24
20340,8
20341,-214
20342,18
20343,106
20344,-243
20345,-160
20346,80
20347,-162
20348,-98
20349,36
20350,132
20351,-9
20352,-30
20353,31
20354,-18
20355,512
20356,24
20357,267
20358,-40
20359,108
20360,-288
20361,32
20362,-5
20363,-246
20364,-78
20365,292
20366,21
20367,-18
20368,-28
20369,27
20370,-288
20371,175
20372,-64
20373,16
20374,64
20375,24
20376,48
20377,-243
20378,72
20379,104
20380,-48
20381,0
20382,140
20383,-204
20384,-50
20385,-48
20386,119
20387,24
20388,-28
20389,-20
20390,28
20391,-228
20392,90
20393,-96
20394,-64
20395,-20
20396,4
20397,-50
20398,243
20399,-98
20400,66
20401,120
20402,-97
20403,8
20404,-1
20405,240
20406,32
20407,17
20408,-3
20409,2
20410,320
20411,125
20412,-39
20413,-24
20414,-32
20415,-80
20416,56
20417,-123
20418,162
20419,108
20420,-12
20421,75
20422,-148
20423,-90
20424,-144
20425,-308
20426,-132
20427,56
20428,-65
20429,-81
20430,44
20431,-224
20432,45
20433,-64
20434,-84
20435,-224
20436,-30
20437,0
20438,0
20439,-56
20440,72
20441,-174
20442,184
20443,17
20444,-76
20445,-144
20446,48
20447,-192
20448,45
20449,60
20450,-55
20451,-162
20452,70
20453,4
20454,168
20455,28
20456,-243
20457,79
20458,-100
20459,-252
20460,288
20461,90
20462,90
20463,-192
20464,-13
20465,-72
20466,16
20467,288
20468,63
20469,212
20470,0
20471,-112
20472,150
20473,8
20474,-24
20475,-165
20476,-120
20477,168
20478,-108
20479,-2
20480,4
20481,94
20482,32
20483,258
20484,1
20485,-120
20486,-33
20487,-252
20488,135
20489,-246
20490,-288
20491,-18
20492,-153
20493,352
20494,-84
20495,240
20496,48
20497,-160
20498,-42
20499,-292
20500,-216
20501,-180
20502,21
20503,-12
20504,132
20505,-432
20506,53
20507,222
20508,-132
20509,249
20510,108
20511,35
20512,45
20513,60
20514,-210
20515,32
20516,64
20517,-324
20518,120
20519,-72
20520,192
20521,-38
20522,234
20523,-140
20524,-39
20525,264
20526,256
20527,10
20528,26
20529,-80
20530,-64
20531,-54
20532,-32
20533,-128
20534,-180
20535,-224
20536,-27
20537,32
20538,-3
20539,288
20540,-200
20541,144
20542,-158
20543,-72
20544,168
20545,432
20546,-94
20547,-24
20548,144
20549,-146
20550,-66
20551,-20
20552,-18
20553,-270
20554,-168
20555,-316
20556,21
20557,184
20558,4
20559,0
20560,8
20561,8
20562,-128
20563,-80
20564,-60
20565,100
20566,-30
20567,48
20568,342
20569,224
20570,-60
20571,-48
20572,-48
20573,-33
20574,-88
20575,88
20576,-130
20577,176
20578,-80
20579,275
20580,120
20581,-184
20582,81
20583,57
20584,243
20585,-128
20586,36
20587,36
20588,18
20589,-266
20590,-72
20591,-32
20592,20
20593,251
20594,171
20595,-504
20596,32
20597,63
20598,-56
20599,188
20600,528
20601,-204
20602,-80
20603,-256
20604,-12
20605,400
20606,-96
20607,-146
20608,72
20609,6
20610,-8
20611,105
20612,28
20613,-16
20614,48
20615,432
20616,-270
20617,-125
20618,96
20619,20
20620,-108
20621,-168
20622,-120
20623,54
20624,-40
20625,-328
20626,130
20627,132
20628,0
20629,-14
20630,136
20631,410
20632,231
20633,-72
20634,-16
20635,264
20636,-84
20637,-39
20638,84
20639,66
20640,-280
20641,-203
20642,108
20643,-168
20644,110
20645,-104
20646,-27
20647,-88
20648,0
20649,328
20650,-264
20651,-240
20652,10
20653,104
20654,-208
20655,-120
20656,-40
20657,165
20658,64
20659,-32
20660,-4
20661,216
20662,101
20663,-24
20664,81
20665,216
20666,-33
20667,4
20668,83
20669,40
20670,200
20671,87
20672,84
20673,57
20674,168
20675,308
20676,-148
20677,144
20678,-48
20679,-32
20680,-432
20681,-130
20682,40
20683,105
20684,-40
20685,216
20686,-40
20687,9
20688,12
20689,-126
20690,-52
20691,20
20692,54
20693,-116
20694,-188
20695,-8
20696,150
20697,226
20698,30
20699,30
20700,88
20701,-8
20702,180
20703,224
20704,-5
20705,-72
20706,-36
20707,143
20708,72
20709,160
20710,272
20711,-128
20712,276
20713,228
20714,153
20715,-232
20716,4
20717,108
20718,-52
20719,-87
20720,36
20721,-226
20722,60
20723,120
20724,128
20725,-418
20726,-70
20727,-18
20728,180
20729,96
20730,-320
20731,118
20732,-18
20733,-36
20734,96
20735,160
20736,187
20737,0
20738,104
20739,144
20740,96
20741,270
20742,68
20743,-12
20744,-24
20745,88
20746,288
20747,48
20748,-120
20749,279
20750,-216
20751,-18
20752,-41
20753,-38
20754,26
20755,-240
20756,-24
20757,-72
20758,144
20759,166
20760,-96
20761,-330
20762,27
20763,-176
20764,8
20765,424
20766,116
20767,40
20768,-160
20769,-336
20770,252
20771,180
20772,14
20773,243
20774,135
20775,308
20776,30
20777,-210
20778,-16
20779,240
20780,180
20781,-45
20782,-10
20783,-90
20784,2
20785,-336
20786,108
20787,216
20788,-69
20789,98
20790,-192
20791,117
20792,48
20793,-96
20794,90
20795,-128
20796,52
20797,-273
20798,173
20799,44
20800,-385
20801,-288
20802,92
20803,-81
20804,-30
20805,64
20806,32
20807,0
20808,24
20809,125
20810,320
20811,-150
20812,35
20813,-60
20814,32
20815,64
20816,-27
20817,-22
20818,27
20819,0
20820,8
20821,81
20822,48
20823,-144
20824,-36
20825,66
20826,0
20827,96
20828,72
20829,30
20830,-56
20831,-27
20832,270
20833,-81
20834,-224
20835,-64
20836,9
20837,-224
20838,48
20839,-30
20840,-204
20841,118
20842,12
20843,240
20844,-80
20845,-64
20846,-81
20847,0
20848,-8
20849,-214
20850,-352
20851,36
20852,135
20853,-78
20854,78
20855,-336
20856,240
20857,230
20858,-117
20859,30
20860,-96
20861,96
20862,32
20863,36
20864,3
20865,480
20866,-150
20867,-96
20868,-54
20869,216
20870,168
20871,88
20872,135
20873,-6
20874,-36
20875,-192
20876,-96
20877,254
20878,-40
20879,-6
20880,8
20881,192
20882,-45
20883,210
20884,-88
20885,-88
20886,-10
20887,167
20888,18
20889,-96
20890,-224
20891,-75
20892,4
20893,138
20894,-207
20895,240
20896,110
20897,-104
20898,-70
20899,190
20900,-176
20901,20
20902,-30
20903,64
20904,-210
20905,-24
20906,-66
20907,16
20908,-65
20909,-96
20910,-216
20911,-264
20912,-18
20913,294
20914,-180
20915,0
20916,-27
20917,365
20918,-201
20919,-16
20920,-60
20921,147
20922,-160
20923,-120
20924,90
20925,-396
20926,-21
20927,-96
20928,238
20929,247
20930,-480
20931,4
20932,111
20933,20
20934,-44
20935,200
20936,-162
20937,372
20938,-6
20939,214
20940,-32
20941,196
20942,-48
20943,20
20944,-36
20945,288
20946,-156
20947,231
20948,-45
20949,-306
20950,-297
20951,-54
20952,144
20953,-424
20954,-34
20955,256
20956,108
20957,184
20958,-168
20959,-37
20960,-60
20961,9
20962,-72
20963,-6
20964,-82
20965,-84
20966,72
20967,-40
20968,252
20969,-90
20970,44
20971,-56
20972,24
20973,-56
20974,-168
20975,264
20976,-64
20977,-4
20978,-12
20979,-99
20980,40
20981,-18
20982,190
20983,34
20984,168
20985,208
20986,0
20987,-108
20988,20
20989,48
20990,200
20991,36
20992,99
20993,96
20994,-76
20995,240
20996,-4
20997,60
20998,147
20999,-288
21000,-432
21001,-245
21002,-143
21003,-132
21004,0
21005,440
21006,100
21007,-246
21008,-10
21009,-144
21010,0
21011,135
21012,-96
21013,191
21014,120
21015,144
21016,-81
21017,167
21018,36
21019,78
21020,20
21021,80
21022,200
21023,-119
21024,10
21025,-275
21026,-158
21027,-14
21028,36
21029,96
21030,-144
21031,-160
21032,-288
21033,-144
21034,220
21035,336
21036,124
21037,-340
21038,112
21039,-284
21040,-84
21041,-110
21042,24
21043,-288
21044,-126
21045,-512
21046,-21
21047,285
21048,-102
21049,324
21050,-77
21051,-51
21052,56
21053,-3
21054,-20
21055,-396
21056,-189
21057,30
21058,146
21059,-156
21060,220
21061,197
21062,14
21063,144
21064,54
21065,-160
21066,-8
21067,-112
21068,16
21069,35
21070,56
21071,-216
21072,16
21073,330
21074,-18
21075,-660
21076,36
21077,111
21078,-32
21079,-108
21080,-324
21081,-8
21082,72
21083,-16
21084,-54
21085,-96
21086,-225
21087,144
21088,45
21089,-142
21090,96
21091,-72
21092,24
21093,0
21094,-50
21095,464
21096,27
21097,-16
21098,36
21099,10
21100,264
21101,-100
21102,-102
21103,-234
21104,0
21105,-84
21106,32
21107,212
21108,-56
21109,-32
21110,-72
21111,-198
21112,90
21113,-140
21114,-96
21115,-576
21116,63
21117,8
21118,66
21119,12
21120,-96
21121,134
21122,32
21123,47
21124,-58
21125,-288
21126,36
21127,-63
21128,-192
21129,-12
21130,-92
21131,24
21132,36
21133,-210
21134,-23
21135,160
21136,50
21137,-144
21138,-80
21139,-270
21140,36
21141,26
21142,200
21143,72
21144,-108
21145,-432
21146,204
21147,120
21148,96
21149,90
21150,-99
21151,-260
21152,10
21153,-72
21154,-66
21155,-104
21156,126
21157,186
21158,-72
21159,32
21160,492
21161,-96
21162,48
21163,-114
21164,60
21165,216
21166,8
21167,-8
21168,-8
21169,194
21170,-16
21171,-172
21172,-70
21173,324
21174,92
21175,165
21176,66
21177,-10
21178,-129
21179,147
21180,96
21181,-192
21182,0
21183,512
21184,-182
21185,-128
21186,-48
21187,176
21188,12
21189,-324
21190,-20
21191,234
21192,156
21193,139
21194,32
21195,-256
21196,42
21197,324
21198,-96
21199,-42
21200,55
21201,0
21202,160
21203,165
21204,36
21205,312
21206,176
21207,-24
21208,-120
21209,64
21210,-48
21211,-40
21212,-51
21213,14
21214,150
21215,208
21216,150
21217,2
21218,153
21219,208
21220,-120
21221,-38
21222,-33
21223,-32
21224,-36
21225,352
21226,74
21227,-69
21228,32
21229,360
21230,-320
21231,69
21232,-52
21233,-177
21234,104
21235,108
21236,-72
21237,-38
21238,-81
21239,140
21240,-96
21241,152
21242,140
21243,48
21244,18
21245,-336
21246,-40
21247,-51
21248,-153
21249,-72
21250,123
21251,190
21252,-192
21253,-135
21254,-14
21255,680
21256,-261
21257,26
21258,65
21259,75
21260,-8
21261,16
21262,-85
21263,-288
21264,-18
21265,-216
21266,135
21267,48
21268,-25
21269,79
21270,32
21271,0
21272,-39
21273,-114
21274,160
21275,-264
21276,-36
21277,-136
21278,-101
21279,72
21280,-240
21281,165
21282,136
21283,46
21284,24
21285,112
21286,4
21287,234
21288,-90
21289,32
21290,24
21291,54
21292,14
21293,-120
21294,36
21295,128
21296,24
21297,36
21298,-128
21299,24
21300,198
21301,-36
21302,49
21303,231
21304,-39
21305,-480
21306,70
21307,160
21308,18
21309,0
21310,-336
21311,48
21312,21
21313,-203
21314,182
21315,32
21316,69
21317,122
21318,-96
21319,-94
21320,540
21321,128
21322,12
21323,-96
21324,-32
21325,275
21326,18
21327,288
21328,-63
21329,-168
21330,-160
21331,18
21332,-54
21333,270
21334,0
21335,108
21336,144
21337,-176
21338,99
21339,-83
21340,-192
21341,78
21342,-192
21343,285
21344,-80
21345,-384
21346,-120
21347,275
21348,-20
21349,-42
21350,264
21351,8
21352,-144
21353,-3
21354,52
21355,328
21356,-120
21357,24
21358,-16
21359,-225
21360,0
21361,153
21362,152
21363,24
21364,34
21365,352
21366,-4
21367,0
21368,-117
21369,162
21370,104
21371,-189
21372,-30
21373,56
21374,-96
21375,-96
21376,-24
21377,266
21378,144
21379,-36
21380,-196
21381,-24
21382,60
21383,224
21384,-120
21385,-540
21386,-24
21387,-88
21388,3
21389,-18
21390,576
21391,-93
21392,0
21393,23
21394,-36
21395,-400
21396,132
21397,226
21398,-40
21399,72
21400,396
21401,-30
21402,-18
21403,36
21404,-42
21405,432
21406,192
21407,98
21408,-80
21409,-80
21410,-236
21411,-160
21412,-10
21413,-64
21414,126
21415,-132
21416,-183
21417,80
21418,-146
21419,-25
21420,36
21421,360
21422,-137
21423,-120
21424,-80
21425,627
21426,-26
21427,186
21428,112
21429,-3
21430,-184
21431,-36
21432,-216
21433,166
21434,-129
21435,-304
21436,-88
21437,180
21438,88
21439,-24
21440,-196
21441,18
21442,27
21443,45
21444,24
21445,28
21446,-96
21447,-36
21448,-90
21449,0
21450,440
21451,-24
21452,36
21453,312
21454,54
21455,-48
21456,8
21457,-196
21458,-50
21459,-512
21460,24
21461,-256
21462,-8
21463,96
21464,207
21465,-220
21466,-26
21467,-272
21468,132
21469,-186
21470,-32
21471,42
21472,160
21473,-153
21474,-21
21475,-495
21476,-120
21477,-82
21478,-13
21479,225
21480,96
21481,-217
21482,288
21483,-108
21484,27
21485,-200
21486,196
21487,196
21488,-30
21489,80
21490,-384
21491,114
21492,-40
21493,236
21494,216
21495,384
21496,-87
21497,81
21498,-166
21499,-259
21500,-168
21501,34
21502,-140
21503,-96
21504,-138
21505,384
21506,-34
21507,168
21508,64
21509,48
21510,-96
21511,16
21512,264
21513,36
21514,9
21515,-520
21516,-8
21517,-210
21518,-30
21519,-48
21520,76
21521,208
21522,144
21523,-136
21524,-44
21525,594
21526,-18
21527,-256
21528,-120
21529,-25
21530,-132
21531,296
21532,132
21533,-96
21534,72
21535,64
21536,-20
21537,-58
21538,0
21539,18
21540,-192
21541,65
21542,-70
21543,112
21544,-162
21545,576
21546,-132
21547,20
21548,128
21549,-176
21550,66
21551,-96
21552,52
21553,-180
21554,190
21555,36
21556,-60
21557,-152
21558,168
21559,105
21560,96
21561,126
21562,-131
21563,-36
21564,-7
21565,176
21566,189
21567,300
21568,161
21569,-198
21570,144
21571,-60
21572,-74
21573,-108
21574,-168
21575,506
21576,-108
21577,184
21578,82
21579,-136
21580,-180
21581,-36
21582,-68
21583,0
21584,-36
21585,-272
21586,63
21587,-48
21588,12
21589,168
21590,-96
21591,24
21592,207
21593,-60
21594,128
21595,48
21596,-30
21597,-128
21598,98
21599,30
21600,220
21601,-243
21602,132
21603,-32
21604,-80
21605,64
21606,-140
21607,243
21608,-18
21609,-59
21610,-60
21611,-270
21612,-148
21613,-30
21614,24
21615,96
21616,-60
21617,-174
21618,-41
21619,-175
21620,288
21621,22
21622,-4
21623,252
21624,-90
21625,-96
21626,112
21627,0
21628,-112
21629,42
21630,-384
21631,-96
21632,-36
21633,-60
21634,-4
21635,-96
21636,28
21637,360
21638,-36
21639,-34
21640,12
21641,84
21642,-112
21643,-360
21644,-66
21645,60
21646,30
21647,114
21648,-72
21649,203
21650,11
21651,162
21652,38
21653,-16
21654,108
21655,-288
21656,276
21657,-138
21658,-30
21659,-20
21660,24
21661,-111
21662,-160
21663,18
21664,60
21665,84
21666,256
21667,198
21668,-26
21669,-198
21670,-144
21671,-285
21672,63
21673,-6
21674,162
21675,176
21676,12
21677,25
21678,-4
21679,-12
21680,-32
21681,32
21682,-27
21683,-44
21684,-160
21685,392
21686,-114
21687,126
21688,192
21689,-369
21690,-40
21691,-170
21692,-24
21693,6
21694,-68
21695,-496
21696,-28
21697,-200
21698,-84
21699,50
21700,297
21701,-78
21702,26
21703,-232
21704,291
21705,-384
21706,150
21707,-18
21708,77
21709,-135
21710,160
21711,236
21712,-64
21713,-162
21714,216
21715,-56
21716,0
21717,32
21718,-118
21719,-108
21720,-48
21721,-72
21722,170
21723,20
21724,-10
21725,440
21726,27
21727,73
21728,-180
21729,160
21730,-180
21731,162
21732,-128
21733,384
21734,165
21735,384
21736,240
21737,118
21738,88
21739,-111
21740,104
21741,-64
21742,-123
21743,39
21744,-3
21745,-120
21746,27
21747,-72
21748,114
21749,-360
21750,96
21751,-256
21752,144
21753,62
21754,-16
21755,-32
21756,12
21757,-186
21758,224
21759,-52
21760,204
21761,-144
21762,180
21763,153
21764,-108
21765,-184
21766,-127
21767,12
21768,-72
21769,-144
21770,384
21771,72
21772,25
21773,-89
21774,0
21775,-385
21776,10
21777,-144
21778,18
21779,-24
21780,20
21781,448
21782,-12
21783,30
21784,-225
21785,312
21786,-124
21787,2
21788,-135
21789,-209
21790,208
21791,-192
21792,110
21793,-108
21794,27
21795,48
21796,26
21797,288
21798,12
21799,-4
21800,561
21801,168
21802,100
21803,2
21804,-160
21805,0
21806,58
21807,-19
21808,18
21809,40
21810,-64
21811,-78
21812,108
21813,-16
21814,-120
21815,216
21816,24
21817,245
21818,-2
21819,-270
21820,96
21821,-238
21822,104
21823,256
21824,-252
21825,-132
21826,-24
21827,80
21828,-72
21829,-189
21830,96
21831,-80
21832,-258
21833,-72
21834,-56
21835,-352
21836,-80
21837,36
21838,-32
21839,-63
21840,120
21841,-17
21842,-7
21843,-176
21844,56
21845,-24
21846,208
21847,30
21848,174
21849,-288
21850,-352
21851,-184
21852,-28
21853,-200
21854,16
21855,648
21856,-180
21857,-64
21858,72
21859,76
21860,40
21861,-3
21862,-78
21863,117
21864,318
21865,-336
21866,125
21867,-54
21868,-108
21869,-208
21870,224
21871,242
21872,54
21873,320
21874,136
21875,-132
21876,-18
21877,24
21878,60
21879,-60
21880,324
21881,150
21882,102
21883,-140
21884,88
21885,-352
21886,108
21887,168
21888,-12
21889,120
21890,-160
21891,52
21892,-35
21893,-82
21894,0
21895,-24
21896,216
21897,180
21898,-166
21899,192
21900,44
21901,10
21902,99
21903,32
21904,28
21905,460
21906,-42
21907,104
21908,-66
21909,238
21910,96
21911,120
21912,216
21913,120
21914,67
21915,112
21916,122
21917,54
21918,300
21919,-144
21920,-60
21921,132
21922,-24
21923,96
21924,-24
21925,-187
21926,-56
21927,-34
21928,153
21929,-196
21930,-168
21931,-150
21932,-103
21933,-69
21934,-248
21935,-432
21936,-50
21937,12
21938,-105
21939,288
21940,240
21941,60
21942,40
21943,52
21944,-360
21945,384
21946,18
21947,120
21948,144
21949,324
21950,88
21951,88
21952,-105
21953,-28
21954,-6
21955,268
21956,-112
21957,-90
21958,-156
21959,-126
21960,96
21961,198
21962,160
21963,-76
21964,32
21965,0
21966,30
21967,-104
21968,63
21969,44
21970,-20
21971,32
21972,-36
21973,-42
21974,-104
21975,198
21976,189
21977,-31
21978,48
21979,-36
21980,192
21981,-36
21982,8
21983,0
21984,-20
21985,352
21986,136
21987,12
21988,192
21989,-76
21990,104
21991,-265
21992,30
21993,-34
21994,54
21995,180
21996,-45
21997,-18
21998,-3
21999,236
22000,96
22001,52
22002,-160
22003,-188
22004,135
22005,16
22006,-205
22007,16
22008,54
22009,45
22010,324
22011,128
22012,-121
22013,51
22014,39
22015,-108
22016,77
22017,-72
22018,34
22019,132
22020,-16
22021,-24
22022,-75
22023,81
22024,-93
22025,-198
22026,-154
22027,-267
22028,135
22029,-60
22030,-284
22031,-198
22032,33
22033,304
22034,72
22035,-80
22036,54
22037,142
22038,4
22039,136
22040,96
22041,-90
22042,192
22043,-189
22044,64
22045,-76
22046,6
22047,318
22048,125
22049,123
22050,22
22051,56
22052,24
22053,-218
22054,-9
22055,-432
22056,108
22057,-72
22058,-171
22059,-112
22060,184
22061,195
22062,-160
22063,-11
22064,-27
22065,456
22066,-96
22067,-34
22068,-4
22069,-12
22070,-60
22071,-30
22072,0
22073,102
22074,-160
22075,286
22076,72
22077,32
22078,108
22079,102
22080,-448
22081,-288
22082,16
22083,-6
22084,62
22085,-216
22086,-20
22087,70
22088,108
22089,-60
22090,-136
22091,108
22092,-126
22093,8
22094,-114
22095,-80
22096,29
22097,-176
22098,-32
22099,-72
22100,165
22101,160
22102,-14
22103,-400
22104,-96
22105,120
22106,-6
22107,-172
22108,-122
22109,37
22110,224
22111,-136
22112,-200
22113,-150
22114,-122
22115,212
22116,-96
22117,81
22118,-94
22119,8
22120,360
22121,256
22122,46
22123,16
22124,-40
22125,-384
22126,120
22127,-102
22128,-44
22129,96
22130,-24
22131,48
22132,24
22133,-69
22134,162
22135,176
22136,-138
22137,288
22138,-170
22139,36
22140,-144
22141,120
22142,86
22143,-80
22144,-12
22145,-448
22146,120
22147,152
22148,-4
22149,96
22150,-99
22151,24
22152,-270
22153,-121
22154,-80
22155,-576
22156,0
22157,-126
22158,-32
22159,-25
22160,-56
22161,0
22162,-165
22163,21
22164,16
22165,-720
22166,-4
22167,96
22168,9
22169,-138
22170,-144
22171,178
22172,80
22173,-200
22174,87
22175,-165
22176,60
22177,-182
22178,-125
22179,-2
22180,-216
22181,-9
22182,194
22183,60
22184,-216
22185,-24
22186,66
22187,-28
22188,12
22189,-91
22190,-240
22191,-10
22192,-8
22193,-114
22194,-33
22195,640
22196,-36
22197,-12
22198,216
22199,300
22200,198
22201,-85
22202,66
22203,-37
22204,120
22205,-180
22206,226
22207,135
22208,-7
22209,32
22210,128
22211,96
22212,4
22213,-24
22214,20
22215,256
22216,27
22217,330
22218,-246
22219,54
22220,-32
22221,32
22222,72
22223,-72
22224,32
22225,264
22226,-63
22227,432
22228,-126
22229,216
22230,80
22231,252
22232,-198
22233,132
22234,-98
22235,16
22236,-102
22237,-84
22238,-124
22239,-36
22240,-320
22241,-320
22242,-184
22243,80
22244,-63
22245,72
22246,-22
22247,-192
22248,192
22249,-128
22250,0
22251,220
22252,106
22253,-96
22254,132
22255,-408
22256,-60
22257,24
22258,-216
22259,64
22260,120
22261,18
22262,-26
22263,36
22264,120
22265,-64
22266,32
22267,-126
22268,36
22269,-210
22270,-36
22271,47
22272,68
22273,-131
22274,-63
22275,-484
22276,-120
22277,136
22278,180
22279,272
22280,24
22281,180
22282,-285
22283,-6
22284,7
22285,172
22286,76
22287,192
22288,-30
22289,-162
22290,80
22291,214
22292,20
22293,7
22294,144
22295,-300
22296,0
22297,148
22298,50
22299,-198
22300,-88
22301,-88
22302,-96
22303,-191
22304,-135
22305,72
22306,-144
22307,21
22308,96
22309,192
22310,-384
22311,21
22312,-102
22313,35
22314,98
22315,56
22316,36
22317,56
22318,76
22319,-4
22320,-36
22321,30
22322,-34
22323,12
22324,-91
22325,-396
22326,-6
22327,171
22328,-60
22329,112
22330,-96
22331,-3
22332,-56
22333,-304
22334,225
22335,-216
22336,28
22337,-189
22338,6
22339,0
22340,-32
22341,-96
22342,107
22343,255
22344,48
22345,-612
22346,106
22347,0
22348,-9
22349,-249
22350,176
22351,432
22352,-32
22353,-54
22354,89
22355,252
22356,80
22357,-160
22358,198
22359,-8
22360,420
22361,-32
22362,-16
22363,-192
22364,-147
22365,-108
22366,120
22367,163
22368,110
22369,19
22370,332
22371,-92
22372,81
22373,-25
22374,8
22375,96
22376,-75
22377,-4
22378,56
22379,-384
22380,16
22381,110
22382,27
22383,-152
22384,-26
22385,-60
22386,-270
22387,16
22388,-40
22389,-48
22390,0
22391,27
22392,96
22393,-50
22394,92
22395,-80
22396,96
22397,248
22398,-178
22399,370
22400,-99
22401,12
22402,224
22403,119
22404,16
22405,-32
22406,27
22407,288
22408,159
22409,90
22410,-144
22411,64
22412,30
22413,180
22414,36
22415,464
22416,-72
22417,44
22418,-48
22419,45
22420,-128
22421,-108
22422,12
22423,0
22424,315
22425,-880
22426,108
22427,-243
22428,0
22429,-28
22430,24
22431,244
22432,-90
22433,98
22434,-40
22435,-108
22436,-90
22437,154
22438,-230
22439,260
22440,-288
22441,-261
22442,4
22443,12
22444,18
22445,72
22446,-14
22447,267
22448,64
22449,294
22450,286
22451,-320
22452,-92
22453,-166
22454,272
22455,-112
22456,-243
22457,-150
22458,-72
22459,84
22460,-176
22461,138
22462,-12
22463,72
22464,-140
22465,-176
22466,-216
22467,-284
22468,27
22469,-74
22470,-288
22471,-432
22472,84
22473,-44
22474,6
22475,-198
22476,-128
22477,144
22478,-208
22479,128
22480,120
22481,135
22482,-59
22483,200
22484,-24
22485,0
22486,75
22487,20
22488,72
22489,35
22490,80
22491,24
22492,50
22493,-72
22494,-16
22495,80
22496,60
22497,-166
22498,45
22499,-24
22500,-41
22501,-56
22502,13
22503,-140
22504,72
22505,312
22506,90
22507,180
22508,78
22509,-72
22510,20
22511,1
22512,42
22513,81
22514,-83
22515,320
22516,5
22517,0
22518,-176
22519,-264
22520,-108
22521,-328
22522,-85
22523,-16
22524,-44
22525,-165
22526,-219
22527,70
22528,180
22529,-130
22530,-96
22531,163
22532,21
22533,-36
22534,80
22535,-344
22536,24
22537,72
22538,0
22539,288
22540,-64
22541,117
22542,-80
22543,162
22544,-20
22545,-128
22546,-126
22547,-165
22548,20
22549,-181
22550,-396
22551,46
22552,180
22553,-16
22554,-12
22555,-20
22556,-15
22557,64
22558,-171
22559,156
22560,-360
22561,-108
22562,50
22563,136
22564,105
22565,328
22566,-26
22567,-8
22568,-405
22569,48
22570,-96
22571,-199
22572,-64
22573,-244
22574,43
22575,462
22576,-27
22577,288
22578,90
22579,161
22580,-24
22581,-100
22582,54
22583,64
22584,270
22585,-36
22586,-160
22587,312
22588,-28
22589,-44
22590,36
22591,-72
22592,-84
22593,54
22594,-200
22595,148
22596,114
22597,-80
22598,160
22599,-117
22600,-66
22601,132
22602,126
22603,-39
22604,0
22605,96
22606,0
22607,135
22608,-16
22609,-224
22610,-144
22611,316
22612,-19
22613,2
22614,202
22615,-468
22616,-24
22617,72
22618,147
22619,60
22620,80
22621,-178
22622,50
22623,256
22624,-30
22625,-48
22626,-108
22627,-72
22628,104
22629,-176
22630,72
22631,-120
22632,432
22633,-10
22634,182
22635,24
22636,-25
22637,-162
22638,120
22639,-268
22640,-64
22641,162
22642,-40
22643,-14
22644,-9
22645,12
22646,84
22647,304
22648,96
22649,72
22650,-66
22651,-113
22652,132
22653,96
22654,-90
22655,288
22656,-48
22657,-16
22658,-138
22659,270
22660,-256
22661,189
22662,12
22663,12
22664,69
22665,-176
22666,-171
22667,-84
22668,120
22669,-91
22670,-32
22671,8
22672,-85
22673,-270
22674,88
22675,-132
22676,126
22677,248
22678,-48
22679,-193
22680,-396
22681,12
22682,-108
22683,-122
22684,-60
22685,80
22686,-80
22687,32
22688,20
22689,-8
22690,-300
22691,135
22692,-144
22693,-136
22694,-198
22695,0
22696,-252
22697,220
22698,60
22699,-92
22700,121
22701,-432
22702,-17
22703,-64
22704,-56
22705,-384
22706,118
22707,-100
22708,-135
22709,-26
22710,-112
22711,205
22712,-72
22713,-28
22714,126
22715,384
22716,-18
22717,-124
22718,96
22719,126
22720,-252
22721,-126
22722,-6
22723,-117
22724,-160
22725,-22
22726,-4
22727,-28
22728,-336
22729,0
22730,-316
22731,186
22732,-86
22733,-32
22734,-28
22735,-264
22736,-4
22737,-200
22738,-118
22739,48
22740,-32
22741,-237
22742,27
22743,-9
22744,300
22745,-80
22746,-48
22747,-287
22748,45
22749,-64
22750,360
22751,-86
22752,50
22753,-16
22754,-18
22755,-216
22756,-40
22757,63
22758,182
22759,52
22760,-12
22761,-330
22762,28
22763,240
22764,-48
22765,-128
22766,-99
22767,220
22768,48
22769,-228
22770,128
22771,6
22772,-75
22773,216
22774,-160
22775,583
22776,-60
22777,30
22778,156
22779,-47
22780,84
22781,-272
22782,84
22783,-179
22784,0
22785,-144
22786,84
22787,-242
22788,96
22789,-310
22790,-140
22791,216
22792,-108
22793,-200
22794,-12
22795,-432
22796,144
22797,-24
22798,24
22799,276
22800,88
22801,-142
22802,85
22803,320
22804,34
22805,192
22806,6
22807,-32
22808,213
22809,12
22810,320
22811,209
22812,-132
22813,-111
22814,96
22815,-192
22816,360
22817,-82
22818,-216
22819,-164
22820,-12
22821,96
22822,-132
22823,-36
22824,-60
22825,396
22826,-4
22827,-156
22828,40
22829,-12
22830,-48
22831,-80
22832,-54
22833,56
22834,-22
22835,-128
22836,32
22837,-18
22838,-112
22839,-416
22840,-252
22841,135
22842,-90
22843,-30
22844,126
22845,32
22846,-185
22847,-252
22848,-126
22849,-16
22850,-275
22851,40
22852,-18
22853,195
22854,-90
22855,-264
22856,-6
22857,-216
22858,180
22859,28
22860,32
22861,267
22862,-216
22863,-116
22864,38
22865,-228
22866,96
22867,140
22868,135
22869,60
22870,-228
22871,-140
22872,108
22873,0
22874,-93
22875,384
22876,84
22877,147
22878,81
22879,24
22880,400
22881,84
22882,-12
22883,-72
22884,-2
22885,320
22886,-197
22887,81
22888,54
22889,252
22890,-408
22891,-320
22892,-96
22893,-360
22894,12
22895,-160
22896,20
22897,243
22898,37
22899,-156
22900,-22
22901,166
22902,8
22903,-21
22904,45
22905,96
22906,90
22907,77
22908,-144
22909,162
22910,-80
22911,-144
22912,12
22913,56
22914,28
22915,384
22916,-69
22917,-32
22918,-99
22919,-315
22920,0
22921,4
22922,32
22923,176
22924,68
22925,99
22926,96
22927,22
22928,-48
22929,-282
22930,156
22931,496
22932,10
22933,108
22934,-113
22935,512
22936,216
22937,135
22938,-52
22939,12
22940,-108
22941,-30
22942,155
22943,-194
22944,-240
22945,-240
22946,-96
22947,214
22948,77
22949,-5
22950,132
22951,-200
22952,-36
22953,-60
22954,-224
22955,308
22956,-144
22957,-168
22958,-130
22959,1
22960,-108
22961,-118
22962,0
22963,-73
22964,66
22965,-344
22966,-144
22967,180
22968,-24
22969,-128
22970,-228
22971,-360
22972,37
22973,189
22974,-162
22975,198
22976,168
22977,-96
22978,32
22979,224
22980,-80
22981,-105
22982,192
22983,-18
22984,-108
22985,160
22986,-45
22987,16
22988,-72
22989,240
22990,-80
22991,-126
22992,-18
22993,139
22994,204
22995,-24
22996,-82
22997,-80
22998,62
22999,408
23000,-576
23001,216
23002,135
23003,-112
23004,99
23005,-336
23006,37
23007,80
23008,90
23009,48
23010,320
23011,-125
23012,20
23013,81
23014,-96
23015,-244
23016,54
23017,-255
23018,36
23019,92
23020,-208
23021,-175
23022,13
23023,480
23024,34
23025,-704
23026,44
23027,-150
23028,-16
23029,90
23030,72
23031,100
23032,105
23033,-90
23034,-32
23035,96
23036,-45
23037,-360
23038,168
23039,45
23040,44
23041,-52
23042,-270
23043,-140
23044,-24
23045,432
23046,128
23047,-224
23048,147
23049,-45
23050,-242
23051,0
23052,12
23053,-29
23054,-162
23055,-80
23056,-12
23057,-50
23058,96
23059,180
23060,104
23061,10
23062,75
23063,99
23064,300
23065,-108
23066,112
23067,-44
23068,-20
23069,192
23070,-352
23071,123
23072,-240
23073,242
23074,144
23075,-495
23076,-9
23077,-180
23078,40
23079,-64
23080,-168
23081,-21
23082,24
23083,81
23084,-20
23085,-160
23086,-108
23087,-24
23088,-30
23089,-200
23090,180
23091,-56
23092,-72
23093,-132
23094,-26
23095,-288
23096,-288
23097,-240
23098,4
23099,-74
23100,264
23101,80
23102,-172
23103,9
23104,-21
23105,328
23106,-58
23107,-48
23108,-85
23109,-176
23110,-176
23111,0
23112,144
23113,-24
23114,-120
23115,-448
23116,32
23117,18
23118,234
23119,32
23120,-32
23121,6
23122,20
23123,-168
23124,162
23125,123
23126,18
23127,200
23128,48
23129,-4
23130,-8
23131,199
23132,-49
23133,144
23134,-133
23135,-24
23136,-100
23137,-30
23138,48
23139,228
23140,0
23141,40
23142,-48
23143,53
23144,252
23145,352
23146,-9
23147,-90
23148,26
23149,252
23150,176
23151,-4
23152,48
23153,36
23154,66
23155,112
23156,-84
23157,-81
23158,-168
23159,-40
23160,-480
23161,160
23162,-24
23163,-276
23164,30
23165,72
23166,220
23167,252
23168,-6
23169,216
23170,312
23171,-54
23172,76
23173,-218
23174,136
23175,-176
23176,-150
23177,-56
23178,112
23179,-330
23180,128
23181,-242
23182,28
23183,-288
23184,24
23185,-104
23186,139
23187,48
23188,108
23189,294
23190,176
23191,6
23192,120
23193,-180
23194,-174
23195,348
23196,-144
23197,266
23198,-39
23199,-96
23200,110
23201,70
23202,40
23203,26
23204,-12
23205,-360
23206,144
23207,-432
23208,240
23209,-72
23210,384
23211,-77
23212,114
23213,128
23214,20
23215,-364
23216,23
23217,306
23218,180
23219,324
23220,-112
23221,72
23222,-108
23223,-196
23224,-312
23225,0
23226,-40
23227,-78
23228,13
23229,0
23230,-64
23231,-60
23232,-70
23233,-60
23234,-206
23235,-304
23236,-48
23237,156
23238,40
23239,-162
23240,324
23241,-128
23242,-86
23243,92
23244,80
23245,248
23246,-72
23247,297
23248,-6
23249,-7
23250,-432
23251,-92
23252,-66
23253,368
23254,36
23255,436
23256,-36
23257,-330
23258,54
23259,-66
23260,-176
23261,-243
23262,-176
23263,-7
23264,-40
23265,144
23266,92
23267,-40
23268,-84
23269,184
23270,-80
23271,-138
23272,246
23273,-84
23274,24
23275,88
23276,-164
23277,136
23278,-32
23279,101
23280,96
23281,108
23282,105
23283,-50
23284,135
23285,284
23286,118
23287,16
23288,243
23289,324
23290,-36
23291,-33
23292,1
23293,-116
23294,16
23295,-328
23296,255
23297,34
23298,96
23299,-152
23300,121
23301,184
23302,0
23303,-6
23304,228
23305,320
23306,56
23307,150
23308,112
23309,20
23310,-36
23311,-197
23312,-81
23313,40
23314,21
23315,-40
23316,28
23317,180
23318,0
23319,-60
23320,-240
23321,228
23322,192
23323,270
23324,45
23325,704
23326,204
23327,-297
23328,65
23329,9
23330,-240
23331,48
23332,-128
23333,26
23334,-54
23335,480
23336,-108
23337,8
23338,171
23339,20
23340,-200
23341,-189
23342,-120
23343,-162
23344,44
23345,192
23346,41
23347,54
23348,130
23349,28
23350,-396
23351,184
23352,288
23353,100
23354,130
23355,-64
23356,110
23357,-21
23358,-12
23359,-243
23360,-56
23361,70
23362,24
23363,80
23364,32
23365,-16
23366,120
23367,-192
23368,192
23369,78
23370,-288
23371,-118
23372,-140
23373,-10
23374,90
23375,-288
23376,-56
23377,-120
23378,-34
23379,116
23380,96
23381,176
23382,4
23383,28
23384,-90
23385,-64
23386,-8
23387,-30
23388,-12
23389,-128
23390,204
23391,-16
23392,-105
23393,-128
23394,-12
23395,-228
23396,-40
23397,-32
23398,-90
23399,6
23400,165
23401,156
23402,160
23403,-76
23404,40
23405,108
23406,162
23407,0
23408,-48
23409,88
23410,-140
23411,189
23412,-128
23413,370
23414,192
23415,192
23416,246
23417,-143
23418,27
23419,-24
23420,-128
23421,144
23422,48
23423,-176
23424,48
23425,132
23426,75
23427,12
23428,-40
23429,72
23430,288
23431,76
23432,12
23433,48
23434,-7
23435,-476
23436,108
23437,96
23438,40
23439,-280
23440,-36
23441,336
23442,32
23443,81
23444,-120
23445,68
23446,-16
23447,156
23448,324
23449,-12
23450,231
23451,284
23452,-180
23453,-252
23454,8
23455,-472
23456,65
23457,48
23458,60
23459,79
23460,192
23461,-88
23462,161
23463,160
23464,243
23465,-60
23466,-162
23467,126
23468,16
23469,-258
23470,-188
23471,-18
23472,1
23473,304
23474,-60
23475,176
23476,-54
23477,-87
23478,-210
23479,45
23480,-432
23481,-45
23482,-80
23483,24
23484,-128
23485,-384
23486,166
23487,-12
23488,14
23489,-144
23490,88
23491,192
23492,-72
23493,0
23494,-120
23495,-96
23496,0
23497,62
23498,-36
23499,-6
23500,-216
23501,-234
23502,76
23503,128
23504,10
23505,-280
23506,-48
23507,-104
23508,-22
23509,-154
23510,-128
23511,132
23512,33
23513,-126
23514,72
23515,-256
23516,57
23517,-140
23518,-196
23519,90
23520,80
23521,-189
23522,-28
23523,-164
23524,-54
23525,495
23526,18
23527,48
23528,-36
23529,-576
23530,40
23531,-156
23532,-30
23533,22
23534,120
23535,20
23536,-57
23537,294
23538,116
23539,-149
23540,-192
23541,192
23542,-80
23543,320
23544,204
23545,168
23546,160
23547,144
23548,75
23549,-105
23550,-352
23551,236
23552,-184
23553,54
23554,84
23555,48
23556,-30
23557,84
23558,154
23559,98
23560,-432
23561,-89
23562,36
23563,-173
23564,21
23565,144
23566,-97
23567,-49
23568,40
23569,-30
23570,-56
23571,-120
23572,-81
23573,184
23574,110
23575,792
23576,63
23577,32
23578,-109
23579,24
23580,12
23581,123
23582,60
23583,264
23584,140
23585,0
23586,120
23587,-32
23588,80
23589,-84
23590,-276
23591,54
23592,168
23593,69
23594,81
23595,-200
23596,3
23597,-72
23598,-128
23599,136
23600,88
23601,-328
23602,-32
23603,256
23604,180
23605,-432
23606,24
23607,-56
23608,-165
23609,24
23610,-144
23611,96
23612,-138
23613,-96
23614,69
23615,180
23616,-63
23617,32
23618,20
23619,-282
23620,260
23621,400
23622,144
23623,-76
23624,-87
23625,-288
23626,4
23627,-108
23628,-32
23629,134
23630,-192
23631,276
23632,72
23633,124
23634,10
23635,8
23636,128
23637,-240
23638,-40
23639,384
23640,-216
23641,54
23642,44
23643,27
23644,16
23645,-392
23646,54
23647,180
23648,-90
23649,206
23650,-308
23651,-84
23652,22
23653,459
23654,-54
23655,288
23656,-30
23657,126
23658,-74
23659,-216
23660,144
23661,96
23662,138
23663,213
23664,12
23665,-144
23666,182
23667,-240
23668,96
23669,-24
23670,84
23671,250
23672,-228
23673,280
23674,0
23675,-616
23676,-116
23677,-28
23678,-104
23679,-68
23680,36
23681,90
23682,56
23683,132
23684,0
23685,-16
23686,-265
23687,-282
23688,81
23689,32
23690,-512
23691,-80
23692,78
23693,-56
23694,-192
23695,-144
23696,-32
23697,-18
23698,72
23699,45
23700,220
23701,12
23702,-27
23703,260
23704,-270
23705,-96
23706,32
23707,48
23708,-111
23709,36
23710,332
23711,6
23712,200
23713,216
23714,72
23715,108
23716,-10
23717,27
23718,112
23719,138
23720,240
23721,150
23722,-10
23723,75
23724,-9
23725,-110
23726,9
23727,-144
23728,-9
23729,200
23730,48
23731,-236
23732,-12
23733,99
23734,128
23735,-72
23736,336
23737,-120
23738,-180
23739,360
23740,-16
23741,133
23742,0
23743,-236
23744,-105
23745,-440
23746,-90
23747,-68
23748,-72
23749,96
23750,164
23751,-30
23752,90
23753,-66
23754,72
23755,-472
23756,-108
23757,64
23758,-117
23759,8
23760,64
23761,2
23762,180
23763,178
23764,-125
23765,96
23766,66
23767,260
23768,273
23769,64
23770,-92
23771,60
23772,-96
23773,-58
23774,82
23775,-440
23776,50
23777,-360
23778,-50
23779,-210
23780,-72
23781,292
23782,288
23783,78
23784,150
23785,-252
23786,-42
23787,-72
23788,32
23789,82
23790,-320
23791,-78
23792,-9
23793,384
23794,-52
23795,0
23796,-2
23797,-130
23798,-2
23799,-228
23800,-297
23801,248
23802,48
23803,90
23804,-4
23805,-164
23806,80
23807,-48
23808,-306
23809,48
23810,12
23811,150
23812,-41
23813,-81
23814,20
23815,-16
23816,30
23817,216
23818,-106
23819,-76
23820,-176
23821,-243
23822,98
23823,-22
23824,27
23825,198
23826,24
23827,212
23828,72
23829,216
23830,144
23831,84
23832,78
23833,295
23834,-54
23835,-264
23836,-16
23837,45
23838,-12
23839,396
23840,160
23841,104
23842,-45
23843,-48
23844,-32
23845,144
23846,127
23847,286
23848,96
23849,-276
23850,-55
23851,-192
23852,0
23853,-130
23854,8
23855,40
23856,54
23857,116
23858,30
23859,40
23860,-84
23861,-96
23862,-216
23863,-56
23864,-192
23865,-168
23866,66
23867,16
23868,60
23869,26
23870,432
23871,68
23872,-14
23873,-236
23874,64
23875,0
23876,72
23877,12
23878,-100
23879,-122
23880,-240
23881,-160
23882,-140
23883,216
23884,-75
23885,-360
23886,52
23887,124
23888,10
23889,184
23890,-136
23891,162
23892,16
23893,242
23894,-90
23895,-352
23896,96
23897,-360
23898,6
23899,-15
23900,-264
23901,36
23902,36
23903,180
23904,45
23905,432
23906,18
23907,40
23908,112
23909,44
23910,-96
23911,206
23912,-48
23913,87
23914,104
23915,-180
23916,48
23917,-267
23918,-11
23919,-126
23920,160
23921,48
23922,-36
23923,216
23924,23
23925,-176
23926,-198
23927,207
23928,-372
23929,-248
23930,232
23931,13
23932,180
23933,315
23934,-136
23935,-32
23936,-36
23937,40
23938,-18
23939,-3
23940,48
23941,0
23942,182
23943,-16
23944,54
23945,280
23946,320
23947,-384
23948,-112
23949,-60
23950,-99
23951,-14
23952,56
23953,60
23954,-48
23955,528
23956,10
23957,228
23958,-24
23959,240
23960,84
23961,4
23962,98
23963,-198
23964,-52
23965,232
23966,136
23967,13
23968,-180
23969,-208
23970,-216
23971,-8
23972,-110
23973,-48
23974,114
23975,99
23976,99
23977,207
23978,72
23979,76
23980,-272
23981,186
23982,126
23983,56
23984,0
23985,-180
23986,-28
23987,-72
23988,-38
23989,192
23990,-96
23991,64
23992,-96
23993,178
23994,63
23995,-120
23996,-171
23997,56
23998,108
23999,176
24000,336
24001,-48
24002,96
24003,96
24004,36
24005,40
24006,4
24007,-156
24008,246
24009,30
24010,236
24011,-40
24012,16
24013,-96
24014,158
24015,96
24016,-40
24017,-54
24018,-128
24019,50
24020,-164
24021,48
24022,-175
24023,112
24024,-360
24025,550
24026,81
24027,-194
24028,-149
24029,294
24030,0
24031,84
24032,-60
24033,200
24034,72
24035,512
24036,152
24037,-30
24038,-18
24039,39
24040,-336
24041,-76
24042,114
24043,-144
24044,-126
24045,48
24046,40
24047,64
24048,-8
24049,37
24050,-165
24051,-68
24052,135
24053,168
24054,192
24055,192
24056,-324
24057,-224
24058,40
24059,40
24060,-216
24061,-22
24062,55
24063,-40
24064,99
24065,-444
24066,0
24067,324
24068,-108
24069,-36
24070,-72
24071,98
24072,-144
24073,24
24074,-2
24075,-132
24076,80
24077,0
24078,-132
24079,50
24080,-84
24081,64
24082,-118
24083,160
24084,-32
24085,28
24086,122
24087,162
24088,-111
24089,255
24090,64
24091,224
24092,-80
24093,61
24094,15
24095,-320
24096,90
24097,252
24098,-45
24099,56
24100,-110
24101,-96
24102,80
24103,182
24104,72
24105,120
24106,12
24107,-84
24108,-36
24109,-63
24110,-200
24111,-144
24112,-12
24113,96
24114,-144
24115,-300
24116,-75
24117,178
24118,-225
24119,0
24120,84
24121,-9
24122,-222
24123,168
24124,3
24125,-480
24126,164
24127,-80
24128,-70
24129,30
24130,-128
24131,40
24132,128
24133,38
24134,240
24135,-584
24136,-54
24137,-27
24138,88
24139,-48
24140,108
24141,-70
24142,80
24143,282
24144,-12
24145,-128
24146,-55
24147,-69
24148,97
24149,324
24150,528
24151,52
24152,210
24153,216
24154,0
24155,-40
24156,-32
24157,12
24158,-18
24159,-172
24160,-60
24161,66
24162,-24
24163,-52
24164,-138
24165,64
24166,-210
24167,20
24168,-120
24169,173
24170,-248
24171,312
24172,-4
24173,-40
24174,30
24175,440
24176,22
24177,-112
24178,192
24179,115
24180,-360
24181,62
24182,-24
24183,29
24184,96
24185,480
24186,-64
24187,-21
24188,-72
24189,-104
24190,-288
24191,-144
24192,-36
24193,140
24194,-38
24195,144
24196,-168
24197,-18
24198,102
24199,-102
24200,-165
24201,-88
24202,100
24203,96
24204,-14
24205,-576
24206,-40
24207,118
24208,0
24209,63
24210,-76
24211,-324
24212,-9
24213,-156
24214,-18
24215,-64
24216,324
24217,176
24218,-26
24219,-440
24220,48
24221,125
24222,-16
24223,80
24224,-70
24225,-264
24226,101
24227,-174
24228,4
24229,32
24230,76
24231,162
24232,-165
24233,284
24234,84
24235,-36
24236,-18
24237,54
24238,61
24239,-78
24240,16
24241,24
24242,216
24243,-224
24244,-32
24245,-40
24246,104
24247,-78
24248,-9
24249,48
24250,288
24251,222
24252,126
24253,320
24254,14
24255,-32
24256,28
24257,0
24258,-320
24259,162
24260,-224
24261,80
24262,78
24263,-180
24264,-69
24265,-768
24266,184
24267,32
24268,3
24269,-138
24270,-352
24271,-40
24272,27
24273,-72
24274,-10
24275,418
24276,-48
24277,60
24278,80
24279,-24
24280,336
24281,90
24282,36
24283,-48
24284,-180
24285,-456
24286,-81
24287,8
24288,320
24289,132
24290,12
24291,-69
24292,-115
24293,-114
24294,204
24295,56
24296,-75
24297,0
24298,-9
24299,136
24300,-110
24301,52
24302,-54
24303,-64
24304,18
24305,-12
24306,170
24307,-136
24308,-128
24309,6
24310,240
24311,-72
24312,114
24313,-180
24314,115
24315,-528
24316,-96
24317,158
24318,60
24319,-81
24320,272
24321,-70
24322,51
24323,230
24324,74
24325,528
24326,148
24327,-60
24328,-234
24329,-159
24330,360
24331,48
24332,-120
24333,118
24334,-144
24335,576
24336,-12
24337,222
24338,112
24339,-192
24340,-168
24341,-20
24342,128
24343,24
24344,36
24345,-4
24346,-81
24347,108
24348,-2
24349,320
24350,-308
24351,276
24352,-30
24353,-135
24354,-144
24355,-48
24356,-98
24357,-192
24358,36
24359,66
24360,-144
24361,144
24362,-60
24363,-92
24364,100
24365,144
24366,54
24367,15
24368,-4
24369,132
24370,276
24371,168
24372,-12
24373,-136
24374,6
24375,410
24376,168
24377,-104
24378,-144
24379,-115
24380,160
24381,231
24382,16
24383,27
24384,-112
24385,168
24386,0
24387,144
24388,105
24389,-108
24390,32
24391,-238
24392,-285
24393,72
24394,-130
24395,324
24396,-96
24397,162
24398,-216
24399,-64
24400,-88
24401,110
24402,-36
24403,240
24404,-47
24405,416
24406,120
24407,-258
24408,-24
24409,240
24410,-176
24411,320
24412,-72
24413,-66
24414,-80
24415,-32
24416,-255
24417,-97
24418,-14
24419,-133
24420,-96
24421,52
24422,-69
24423,264
24424,189
24425,594
24426,64
24427,-50
24428,81
24429,54
24430,-48
24431,-128
24432,-48
24433,110
24434,-104
24435,-32
24436,-72
24437,234
24438,146
24439,-44
24440,540
24441,-192
24442,-10
24443,52
24444,36
24445,-120
24446,54
24447,-120
24448,0
24449,16
24450,22
24451,56
24452,-51
24453,-80
24454,-29
24455,-56
24456,-72
24457,6
24458,-123
24459,-378
24460,156
24461,216
24462,-33
24463,-102
24464,-64
24465,-264
24466,-225
24467,7
24468,-14
24469,171
24470,-324
24471,-48
24472,288
24473,69
24474,-10
24475,0
24476,48
24477,180
24478,66
24479,-285
24480,-60
24481,145
24482,97
24483,182
24484,57
24485,288
24486,120
24487,153
24488,-186
24489,-48
24490,360
24491,160
24492,-160
24493,114
24494,-78
24495,-576
24496,43
24497,36
24498,-10
24499,25
24500,48
24501,-96
24502,6
24503,-24
24504,-18
24505,-96
24506,-98
24507,75
24508,-8
24509,96
24510,-224
24511,160
24512,70
24513,138
24514,-144
24515,416
24516,44
24517,-25
24518,-360
24519,-80
24520,48
24521,-54
24522,-112
24523,-12
24524,-48
24525,-187
24526,166
24527,123
24528,12
24529,160
24530,-128
24531,90
24532,-96
24533,234
24534,-18
24535,216
24536,186
24537,-24
24538,82
24539,-80
24540,40
24541,384
24542,186
24543,-20
24544,200
24545,552
24546,14
24547,47
24548,9
24549,-32
24550,220
24551,99
24552,108
24553,147
24554,-57
24555,-264
24556,51
24557,-300
24558,-36
24559,-63
24560,128
24561,86
24562,96
24563,30
24564,0
24565,300
24566,36
24567,-48
24568,-81
24569,-320
24570,240
24571,-189
24572,72
24573,-136
24574,-32
24575,308
24576,182
24577,12
24578,-48
24579,-58
24580,184
24581,45
24582,-60
24583,360
24584,-72
24585,-256
24586,-4
24587,392
24588,36
24589,14
24590,-192
24591,192
24592,10
24593,99
24594,120
24595,392
24596,-140
24597,212
24598,-18
24599,-144
24600,-594
24601,46
24602,73
24603,256
24604,20
24605,-144
24606,-54
24607,-332
24608,-220
24609,180
24610,-384
24611,76
24612,-54
24613,-3
24614,-198
24615,-108
24616,-18
24617,-384
24618,16
24619,153
24620,-128
24621,64
24622,280
24623,-136
24624,44
24625,-216
24626,-84
24627,-122
24628,27
24629,0
24630,192
24631,136
24632,180
24633,-72
24634,-34
24635,80
24636,32
24637,-9
24638,-96
24639,0
24640,-336
24641,252
24642,-28
24643,164
24644,16
24645,360
24646,-144
24647,-12
24648,-300
24649,99
24650,66
24651,144
24652,-129
24653,0
24654,216
24655,228
24656,56
24657,-28
24658,84
24659,-32
24660,12
24661,120
24662,-128
24663,-170
24664,36
24665,8
24666,-158
24667,-69
24668,54
24669,-51
24670,148
24671,219
24672,-20
24673,-24
24674,24
24675,594
24676,90
24677,-243
24678,-100
24679,-48
24680,-48
24681,-8
24682,189
24683,240
24684,30
24685,-432
24686,-131
24687,120
24688,-44
24689,-72
24690,64
24691,-204
24692,122
24693,220
24694,68
24695,-416
24696,45
24697,-133
24698,55
24699,-158
24700,220
24701,18
24702,-64
24703,-138
24704,-60
24705,352
24706,-176
24707,108
24708,36
24709,208
24710,144
24711,176
24712,-252
24713,330
24714,-63
24715,228
24716,-24
24717,288
24718,-24
24719,108
24720,128
24721,216
24722,189
24723,-63
24724,-78
24725,616
24726,200
24727,-80
24728,-360
24729,20
24730,-96
24731,144
24732,-8
24733,-161
24734,-72
24735,-288
24736,110
24737,50
24738,216
24739,-80
24740,128
24741,-10
24742,0
24743,187
24744,-162
24745,16
24746,42
24747,-8
24748,152
24749,-114
24750,-96
24751,180
24752,45
24753,-48
24754,78
24755,-144
24756,-68
24757,32
24758,188
24759,36
24760,-84
24761,-20
24762,132
24763,58
24764,27
24765,-320
24766,48
24767,-25
24768,-49
24769,243
24770,-28
24771,384
24772,36
24773,-156
24774,-52
24775,275
24776,12
24777,31
24778,-90
24779,36
24780,192
24781,-203
24782,-187
24783,96
24784,38
24785,-184
24786,39
24787,60
24788,-12
24789,320
24790,-84
24791,5
24792,-6
24793,-144
24794,-64
24795,-32
24796,-26
24797,6
24798,108
24799,94
24800,-495
24801,-390
24802,-139
24803,-132
24804,-25
24805,180
24806,160
24807,232
24808,81
24809,-171
24810,224
24811,98
24812,-47
24813,72
24814,88
24815,-48
24816,-72
24817,360
24818,201
24819,-148
24820,24
24821,13
24822,27
24823,-160
24824,72
24825,572
24826,51
24827,96
24828,26
24829,-204
24830,0
24831,0
24832,204
24833,72
24834,-4
24835,-272
24836,45
24837,168
24838,-24
24839,56
24840,-384
24841,14
24842,-19
24843,-48
24844,-141
24845,224
24846,-36
24847,-159
24848,41
24849,-36
24850,297
24851,13
24852,-136
24853,114
24854,56
24855,-104
24856,360
24857,-105
24858,-29
24859,-64
24860,32
24861,-272
24862,-243
24863,-369
24864,-90
24865,300
24866,66
24867,-352
24868,43
24869,360
24870,-304
24871,144
24872,-153
24873,48
24874,50
24875,-240
24876,40
24877,227
24878,-48
24879,28
24880,-128
24881,-64
24882,80
24883,-64
24884,102
24885,-120
24886,-8
24887,-252
24888,144
24889,-106
24890,-48
24891,-252
24892,-16
24893,-72
24894,-88
24895,200
24896,175
24897,280
24898,192
24899,288
24900,198
24901,-12
24902,-178
24903,46
24904,192
24905,108
24906,-120
24907,188
24908,-45
24909,-48
24910,-180
24911,-90
24912,-4
24913,-78
24914,129
24915,96
24916,21
24917,37
24918,212
24919,193
24920,0
24921,-180
24922,39
24923,-110
24924,-126
24925,-682
24926,-80
24927,24
24928,-180
24929,-24
24930,56
24931,132
24932,-64
24933,-118
24934,-45
24935,228
24936,270
24937,32
24938,69
24939,-3
24940,-56
24941,-48
24942,-168
24943,-104
24944,8
24945,280
24946,138
24947,40
24948,132
24949,-40
24950,308
24951,-192
24952,72
24953,-127
24954,-64
24955,-864
24956,-6
24957,72
24958,-190
24959,300
24960,120
24961,-34
24962,198
24963,160
24964,-21
24965,-4
24966,8
24967,-298
24968,-30
24969,108
24970,176
24971,18
24972,-160
24973,-30
24974,2
24975,132
24976,-24
24977,85
24978,32
24979,240
24980,-236
24981,112
24982,-60
24983,-189
24984,3
24985,336
24986,-250
24987,82
24988,-17
24989,40
24990,48
24991,-14
24992,180
24993,-9
24994,104
24995,464
24996,28
24997,39
24998,12
24999,90
25000,132
25001,-208
25002,64
25003,316
25004,108
25005,456
25006,120
25007,171
25008,-34
25009,0
25010,288
25011,66
25012,-36
25013,-228
25014,-32
25015,276
25016,-120
25017,342
25018,36
25019,72
25020,64
25021,0
25022,-13
25023,-64
25024,-168
25025,-660
25026,-168
25027,92
25028,-124
25029,-160
25030,-280
25031,-111
25032,-144
25033,41
25034,82
25035,320
25036,4
25037,-62
25038,60
25039,-30
25040,-32
25041,-120
25042,36
25043,200
25044,-84
25045,28
25046,198
25047,-40
25048,-54
25049,36
25050,-176
25051,-405
25052,-1
25053,126
25054,-24
25055,-452
25056,40
25057,222
25058,84
25059,-148
25060,-48
25061,0
25062,-44
25063,-108
25064,150
25065,-8
25066,27
25067,-294
25068,112
25069,140
25070,-544
25071,-48
25072,35
25073,-33
25074,30
25075,-264
25076,48
25077,-260
25078,-62
25079,396
25080,-384
25081,249
25082,-2
25083,0
25084,99
25085,-32
25086,-12
25087,-58
25088,-22
25089,-168
25090,400
25091,-320
25092,27
25093,-192
25094,20
25095,576
25096,126
25097,-77
25098,0
25099,-200
25100,99
25101,34
25102,-12
25103,-190
25104,-10
25105,-256
25106,-154
25107,52
25108,77
25109,-216
25110,-396
25111,240
25112,42
25113,48
25114,2
25115,-316
25116,240
25117,-141
25118,8
25119,20
25120,-320
25121,202
25122,100
25123,-108
25124,84
25125,336
25126,-54
25127,110
25128,-12
25129,360
25130,-288
25131,204
25132,128
25133,-36
25134,144
25135,400
25136,-18
25137,32
25138,75
25139,-80
25140,216
25141,-405
25142,-200
25143,32
25144,-234
25145,-432
25146,32
25147,174
25148,12
25149,36
25150,-66
25151,-252
25152,-42
25153,134
25154,166
25155,-140
25156,104
25157,228
25158,-42
25159,32
25160,108
25161,-86
25162,-216
25163,282
25164,44
25165,-216
25166,20
25167,70
25168,25
25169,0
25170,192
25171,148
25172,54
25173,25
25174,-288
25175,-220
25176,60
25177,96
25178,118
25179,408
25180,48
25181,-96
25182,26
25183,-161
25184,-90
25185,-128
25186,4
25187,0
25188,-100
25189,1
25190,-32
25191,352
25192,189
25193,-192
25194,120
25195,-272
25196,-66
25197,66
25198,63
25199,16
25200,-33
25201,80
25202,-17
25203,-144
25204,-8
25205,-40
25206,220
25207,210
25208,72
25209,-53
25210,32
25211,27
25212,0
25213,208
25214,-222
25215,320
25216,-27
25217,24
25218,-144
25219,-166
25220,240
25221,246
25222,30
25223,-156
25224,30
25225,594
25226,-30
25227,-105
25228,45
25229,82
25230,-200
25231,-480
25232,-36
25233,-10
25234,-108
25235,128
25236,18
25237,-265
25238,-37
25239,-72
25240,216
25241,252
25242,168
25243,196
25244,9
25245,-192
25246,-190
25247,-60
25248,210
25249,168
25250,48
25251,72
25252,-96
25253,-51
25254,-64
25255,-8
25256,324
25257,-104
25258,8
25259,-70
25260,56
25261,-229
25262,30
25263,81
25264,2
25265,-36
25266,-198
25267,228
25268,-48
25269,-72
25270,36
25271,-108
25272,150
25273,80
25274,34
25275,-506
25276,0
25277,-384
25278,-80
25279,27
25280,-280
25281,-28
25282,62
25283,60
25284,-28
25285,500
25286,-171
25287,212
25288,102
25289,-96
25290,-120
25291,6
25292,97
25293,-232
25294,-20
25295,256
25296,-54
25297,36
25298,-240
25299,48
25300,352
25301,-147
25302,-48
25303,147
25304,-120
25305,240
25306,-17
25307,105
25308,-12
25309,-152
25310,188
25311,-320
25312,30
25313,-81
25314,232
25315,-288
25316,56
25317,-24
25318,84
25319,-39
25320,576
25321,-154
25322,-208
25323,32
25324,-140
25325,209
25326,84
25327,252
25328,55
25329,-324
25330,96
25331,-2
25332,36
25333,-72
25334,-120
25335,36
25336,138
25337,30
25338,-288
25339,-152
25340,24
25341,-96
25342,0
25343,-216
25344,-68
25345,-36
25346,-64
25347,-162
25348,-2
25349,-134
25350,-264
25351,18
25352,-60
25353,88
25354,-192
25355,352
25356,46
25357,-273
25358,45
25359,240
25360,80
25361,-132
25362,20
25363,320
25364,6
25365,0
25366,104
25367,73
25368,54
25369,-368
25370,-224
25371,-60
25372,-25
25373,256
25374,-216
25375,-144
25376,-200
25377,352
25378,51
25379,63
25380,-144
25381,-30
25382,-45
25383,-86
25384,-96
25385,440
25386,-52
25387,45
25388,56
25389,135
25390,-160
25391,102
25392,82
25393,28
25394,-19
25395,-72
25396,36
25397,187
25398,27
25399,-180
25400,-264
25401,-182
25402,-270
25403,0
25404,8
25405,188
25406,-119
25407,180
25408,154
25409,192
25410,120
25411,-154
25412,52
25413,126
25414,-36
25415,-480
25416,36
25417,186
25418,-36
25419,-12
25420,324
25421,176
25422,-64
25423,-101
25424,33
25425,22
25426,171
25427,-9
25428,10
25429,-48
25430,-324
25431,-16
25432,96
25433,-34
25434,-176
25435,-392
25436,86
25437,-256
25438,-240
25439,-186
25440,-200
25441,320
25442,62
25443,8
25444,-104
25445,96
25446,156
25447,-18
25448,126
25449,-168
25450,-264
25451,-216
25452,6
25453,132
25454,0
25455,-312
25456,21
25457,-106
25458,104
25459,-156
25460,112
25461,288
25462,16
25463,-93
25464,-180
25465,-256
25466,-108
25467,220
25468,-58
25469,201
25470,64
25471,72
25472,-30
25473,336
25474,72
25475,-132
25476,160
25477,8
25478,84
25479,-32
25480,-120
25481,288
25482,54
25483,0
25484,-112
25485,-112
25486,-144
25487,-312
25488,32
25489,216
25490,120
25491,36
25492,124
25493,75
25494,-168
25495,16
25496,-192
25497,-23
25498,128
25499,-140
25500,-144
25501,-108
25502,288
25503,-90
25504,-60
25505,-4
25506,85
25507,432
25508,-159
25509,-176
25510,-4
25511,252
25512,-12
25513,-72
25514,86
25515,-156
25516,-103
25517,120
25518,-108
25519,36
25520,32
25521,36
25522,-27
25523,130
25524,-4
25525,-33
25526,-52
25527,-112
25528,189
25529,-34
25530,-192
25531,-120
25532,100
25533,84
25534,-36
25535,-260
25536,-168
25537,190
25538,-109
25539,-302
25540,-180
25541,15
25542,-112
25543,0
25544,-432
25545,-120
25546,-50
25547,-8
25548,-12
25549,-36
25550,66
25551,24
25552,-66
25553,64
25554,64
25555,-304
25556,19
25557,252
25558,-140
25559,-216
25560,108
25561,-212
25562,-88
25563,340
25564,-108
25565,280
25566,-240
25567,-120
25568,-135
25569,-224
25570,-324
25571,-450
25572,168
25573,-288
25574,-16
25575,792
25576,384
25577,0
25578,4
25579,-56
25580,52
25581,-112
25582,42
25583,84
25584,90
25585,252
25586,-176
25587,-100
25588,70
25589,-24
25590,200
25591,-16
25592,225
25593,-208
25594,0
25595,-480
25596,110
25597,80
25598,116
25599,-240
25600,253
25601,222
25602,54
25603,135
25604,-12
25605,4
25606,216
25607,52
25608,-288
25609,-174
25610,180
25611,324
25612,-92
25613,9
25614,-48
25615,-612
25616,-12
25617,240
25618,72
25619,36
25620,-192
25621,-31
25622,-16
25623,-40
25624,108
25625,-369
25626,164
25627,-10
25628,-56
25629,-8
25630,176
25631,-27
25632,0
25633,-128
25634,-54
25635,-528
25636,30
25637,-252
25638,176
25639,-185
25640,108
25641,36
25642,77
25643,72
25644,-52
25645,256
25646,-136
25647,288
25648,-6
25649,290
25650,176
25651,-22
25652,25
25653,36
25654,-16
25655,-156
25656,-294
25657,-10
25658,103
25659,-71
25660,-104
25661,70
25662,-270
25663,240
25664,189
25665,-128
25666,72
25667,203
25668,-72
25669,240
25670,-36
25671,140
25672,-72
25673,58
25674,-200
25675,-550
25676,-6
25677,-220
25678,-3
25679,76
25680,96
25681,-56
25682,16
25683,-234
25684,105
25685,576
25686,54
25687,-66
25688,-144
25689,-18
25690,-24
25691,64
25692,118
25693,-236
25694,-18
25695,84
25696,40
25697,231
25698,-66
25699,342
25700,-22
25701,90
25702,18
25703,-58
25704,-108
25705,-240
25706,14
25707,288
25708,-88
25709,-243
25710,456
25711,-6
25712,-15
25713,2
25714,-280
25715,-192
25716,92
25717,216
25718,96
25719,236
25720,-312
25721,0
25722,-38
25723,-30
25724,-136
25725,330
25726,48
25727,180
25728,42
25729,-204
25730,324
25731,72
25732,-54
25733,-54
25734,14
25735,72
25736,264
25737,-32
25738,-42
25739,240
25740,-80
25741,156
25742,-192
25743,46
25744,73
25745,128
25746,-24
25747,290
25748,144
25749,-18
25750,384
25751,140
25752,36
25753,240
25754,-10
25755,-48
25756,27
25757,-49
25758,-50
25759,184
25760,480
25761,-252
25762,-128
25763,24
25764,16
25765,112
25766,-125
25767,-15
25768,165
25769,-24
25770,-360
25771,116
25772,-12
25773,-90
25774,-42
25775,-297
25776,4
25777,-32
25778,-118
25779,20
25780,160
25781,48
25782,-100
25783,256
25784,108
25785,0
25786,108
25787,-120
25788,192
25789,-81
25790,308
25791,-292
25792,315
25793,69
25794,48
25795,-336
25796,14
25797,78
25798,124
25799,-3
25800,-462
25801,-134
25802,-144
25803,-72
25804,-98
25805,440
25806,192
25807,27
25808,-18
25809,-276
25810,0
25811,140
25812,-96
25813,-288
25814,73
25815,40
25816,198
25817,188
25818,-260
25819,-82
25820,160
25821,12
25822,84
25823,-54
25824,-190
25825,-11
25826,12
25827,-52
25828,144
25829,352
25830,108
25831,80
25832,39
25833,340
25834,-58
25835,332
25836,66
25837,-180
25838,15
25839,-88
25840,48
25841,-154
25842,32
25843,196
25844,135
25845,-592
25846,-52
25847,-78
25848,-72
25849,190
25850,-396
25851,192
25852,240
25853,144
25854,288
25855,-160
25856,34
25857,36
25858,24
25859,-40
25860,-48
25861,128
25862,140
25863,66
25864,120
25865,216
25866,-36
25867,-12
25868,-16
25869,-364
25870,200
25871,-162
25872,16
25873,34
25874,-18
25875,192
25876,-93
25877,4
25878,88
25879,-291
25880,-12
25881,-84
25882,-110
25883,-40
25884,-18
25885,288
25886,18
25887,-8
25888,-220
25889,246
25890,368
25891,12
25892,119
25893,36
25894,-60
25895,16
25896,-270
25897,-72
25898,72
25899,0
25900,-99
25901,-64
25902,-34
25903,-25
25904,57
25905,512
25906,-15
25907,-339
25908,48
25909,-120
25910,240
25911,-35
25912,270
25913,-114
25914,24
25915,-72
25916,144
25917,-10
25918,-69
25919,-288
25920,308
25921,82
25922,310
25923,-28
25924,100
25925,264
25926,32
25927,56
25928,-144
25929,-49
25930,-32
25931,-70
25932,30
25933,178
25934,107
25935,-480
25936,66
25937,-54
25938,12
25939,100
25940,164
25941,328
25942,-153
25943,-260
25944,432
25945,-96
25946,-165
25947,200
25948,140
25949,276
25950,-88
25951,168
25952,225
25953,-432
25954,-144
25955,32
25956,48
25957,-4
25958,104
25959,144
25960,-384
25961,130
25962,-48
25963,-198
25964,2
25965,56
25966,45
25967,48
25968,2
25969,233
25970,40
25971,144
25972,21
25973,-216
25974,-60
25975,495
25976,0
25977,-192
25978,243
25979,-72
25980,-8
25981,190
25982,260
25983,96
25984,-18
25985,-276
25986,-144
25987,95
25988,0
25989,64
25990,64
25991,-270
25992,9
25993,192
25994,-180
25995,208
25996,84
25997,29
25998,42
25999,-283
26000,-120
26001,-120
26002,49
26003,21
26004,72
26005,-120
26006,212
26007,-150
26008,-63
26009,-216
26010,32
26011,-112
26012,0
26013,-160
26014,32
26015,140
26016,80
26017,114
26018,202
26019,-16
26020,108
26021,-51
26022,196
26023,-100
26024,-6
26025,22
26026,144
26027,-129
26028,-40
26029,-205
26030,-48
26031,254
26032,-52
26033,-147
26034,-248
26035,288
26036,-128
26037,-84
26038,126
26039,-380
26040,648
26041,-230
26042,52
26043,172
26044,-30
26045,36
26046,-48
26047,9
26048,84
26049,200
26050,-187
26051,-408
26052,-80
26053,214
26054,-84
26055,-320
26056,-276
26057,18
26058,-28
26059,512
26060,32
26061,-36
26062,144
26063,175
26064,-2
26065,540
26066,-58
26067,68
26068,60
26069,30
26070,320
26071,225
26072,111
26073,50
26074,-116
26075,-264
26076,90
26077,0
26078,120
26079,-156
26080,20
26081,-332
26082,264
26083,-33
26084,45
26085,-216
26086,82
26087,-252
26088,156
26089,24
26090,180
26091,-40
26092,-80
26093,-228
26094,-60
26095,-384
26096,33
26097,348
26098,-10
26099,11
26100,-22
26101,-196
26102,63
26103,-48
26104,-135
26105,-352
26106,-16
26107,276
26108,96
26109,160
26110,24
26111,196
26112,66
26113,63
26114,-16
26115,16
26116,-5
26117,90
26118,-23
26119,-42
26120,264
26121,102
26122,-36
26123,12
26124,-192
26125,-384
26126,-87
26127,104
26128,72
26129,-30
26130,-280
26131,267
26132,144
26133,540
26134,-8
26135,-260
26136,-60
26137,72
26138,24
26139,146
26140,72
26141,-49
26142,156
26143,-320
26144,-140
26145,-108
26146,-132
26147,92
26148,-104
26149,-260
26150,-55
26151,64
26152,324
26153,-138
26154,6
26155,360
26156,-30
26157,-204
26158,-72
26159,-18
26160,136
26161,92
26162,-128
26163,-132
26164,-216
26165,444
26166,0
26167,0
26168,-243
26169,320
26170,-216
26171,138
26172,8
26173,60
26174,8
26175,-88
26176,-35
26177,-135
26178,108
26179,-18
26180,144
26181,-82
26182,100
26183,-158
26184,144
26185,-180
26186,28
26187,84
26188,-98
26189,74
26190,192
26191,-12
26192,33
26193,-334
26194,-138
26195,432
26196,-48
26197,-168
26198,200
26199,-81
26200,-99
26201,108
26202,-176
26203,222
26204,-88
26205,-328
26206,-9
26207,48
26208,-75
26209,206
26210,336
26211,-132
26212,-92
26213,-144
26214,-12
26215,96
26216,-12
26217,152
26218,106
26219,128
26220,256
26221,35
26222,-192
26223,-166
26224,32
26225,110
26226,81
26227,137
26228,-90
26229,354
26230,224
26231,132
26232,60
26233,12
26234,-270
26235,80
26236,-36
26237,-30
26238,-168
26239,-116
26240,-108
26241,66
26242,126
26243,24
26244,-73
26245,-16
26246,-84
26247,-40
26248,-180
26249,-182
26250,-246
26251,58
26252,10
26253,36
26254,-108
26255,0
26256,54
26257,-135
26258,-160
26259,112
26260,40
26261,20
26262,-44
26263,-218
26264,-42
26265,-384
26266,168
26267,-213
26268,80
26269,-170
26270,-108
26271,192
26272,120
26273,-315
26274,-12
26275,55
26276,55
26277,176
26278,-66
26279,136
26280,24
26281,-81
26282,66
26283,276
26284,137
26285,144
26286,230
26287,96
26288,-45
26289,-64
26290,-384
26291,48
26292,-48
26293,0
26294,-148
26295,496
26296,-48
26297,2
26298,-112
26299,120
26300,231
26301,96
26302,-6
26303,-24
26304,-42
26305,-504
26306,30
26307,30
26308,-77
26309,-202
26310,-136
26311,180
26312,-480
26313,16
26314,-64
26315,224
26316,21
26317,61
26318,182
26319,-288
26320,-108
26321,-180
26322,-216
26323,-232
26324,30
26325,605
26326,117
26327,39
26328,360
26329,-22
26330,72
26331,-42
26332,22
26333,-114
26334,48
26335,64
26336,40
26337,58
26338,-95
26339,-218
26340,-64
26341,-135
26342,-148
26343,-82
26344,0
26345,144
26346,134
26347,-40
26348,-135
26349,156
26350,-297
26351,-185
26352,-32
26353,-6
26354,-106
26355,-216
26356,-28
26357,-288
26358,0
26359,-28
26360,108
26361,-4
26362,38
26363,234
26364,10
26365,96
26366,91
26367,216
26368,272
26369,-189
26370,36
26371,-25
26372,4
26373,-128
26374,-120
26375,576
26376,288
26377,5
26378,-85
26379,216
26380,0
26381,216
26382,176
26383,-303
26384,36
26385,-224
26386,80
26387,-236
26388,-13
26389,96
26390,120
26391,-128
26392,132
26393,78
26394,90
26395,252
26396,-30
26397,-81
26398,63
26399,144
26400,-440
26401,-123
26402,-224
26403,120
26404,-216
26405,-232
26406,11
26407,128
26408,48
26409,-80
26410,-256
26411,-236
26412,-162
26413,8
26414,-270
26415,144
26416,40
26417,150
26418,-54
26419,106
26420,-200
26421,64
26422,-164
26423,-9
26424,-6
26425,99
26426,4
26427,160
26428,-9
26429,240
26430,-144
26431,140
26432,-168
26433,0
26434,-190
26435,384
26436,142
26437,-310
26438,-90
26439,-72
26440,24
26441,60
26442,-10
26443,-225
26444,112
26445,504
26446,180
26447,-140
26448,16
26449,303
26450,451
26451,-11
26452,-75
26453,-132
26454,-38
26455,240
26456,-252
26457,160
26458,-56
26459,-147
26460,32
26461,81
26462,-6
26463,-262
26464,140
26465,-280
26466,-216
26467,120
26468,-120
26469,12
26470,88
26471,-32
26472,276
26473,416
26474,-216
26475,264
26476,-59
26477,72
26478,57
26479,-130
26480,-104
26481,-360
26482,-22
26483,-18
26484,30
26485,48
26486,-108
26487,-170
26488,252
26489,-30
26490,208
26491,-208
26492,12
26493,62
26494,60
26495,168
26496,24
26497,-104
26498,140
26499,-20
26500,-120
26501,-63
26502,-108
26503,-24
26504,-6
26505,144
26506,-50
26507,35
26508,68
26509,2
26510,-160
26511,6
26512,13
26513,27
26514,80
26515,-204
26516,168
26517,-92
26518,-6
26519,-208
26520,360
26521,200
26522,0
26523,-21
26524,-16
26525,-330
26526,60
26527,9
26528,-190
26529,-144
26530,-48
26531,28
26532,-28
26533,192
26534,96
26535,128
26536,-324
26537,72
26538,106
26539,-267
26540,208
26541,112
26542,112
26543,128
26544,60
26545,-288
26546,15
26547,12
26548,-18
26549,0
26550,-88
26551,-273
26552,60
26553,80
26554,108
26555,72
26556,12
26557,37
26558,-16
26559,55
26560,-252
26561,-94
26562,88
26563,42
26564,-4
26565,-768
26566,72
26567,-513
26568,-297
26569,-162
26570,-348
26571,102
26572,30
26573,90
26574,-224
26575,-22
26576,-12
26577,29
26578,-36
26579,-126
26580,72
26581,104
26582,-8
26583,180
26584,243
26585,-100
26586,-72
26587,248
26588,-64
26589,-364
26590,-52
26591,136
26592,140
26593,18
26594,36
26595,-144
26596,136
26597,104
26598,-360
26599,154
26600,-396
26601,-38
26602,144
26603,54
26604,18
26605,96
26606,45
26607,-8
26608,-35
26609,288
26610,-120
26611,0
26612,58
26613,10
26614,-198
26615,56
26616,-324
26617,49
26618,84
26619,288
26620,-96
26621,324
26622,24
26623,230
26624,-225
26625,432
26626,118
26627,-293
26628,120
26629,405
26630,-52
26631,76
26632,6
26633,274
26634,320
26635,72
26636,0
26637,-360
26638,-72
26639,-105
26640,12
26641,-4
26642,48
26643,216
26644,-100
26645,276
26646,-90
26647,-40
26648,-180
26649,297
26650,495
26651,36
26652,-64
26653,-76
26654,-8
26655,-128
26656,30
26657,-256
26658,32
26659,30
26660,252
26661,-24
26662,12
26663,135
26664,-48
26665,-216
26666,70
26667,90
26668,16
26669,-189
26670,192
26671,32
26672,-57
26673,30
26674,56
26675,-528
26676,80
26677,-144
26678,39
26679,122
26680,-192
26681,224
26682,8
26683,-41
26684,-54
26685,-80
26686,-224
26687,126
26688,-224
26689,-80
26690,-192
26691,-486
26692,-4
26693,214
26694,9
26695,-480
26696,243
26697,352
26698,-3
26699,184
26700,0
26701,90
26702,120
26703,224
26704,-40
26705,136
26706,-204
26707,54
26708,-112
26709,-128
26710,-156
26711,-13
26712,45
26713,265
26714,-9
26715,-120
26716,80
26717,-124
26718,-32
26719,-12
26720,-160
26721,-30
26722,-54
26723,24
26724,18
26725,-539
26726,-216
26727,48
26728,30
26729,-35
26730,-160
26731,326
26732,-9
26733,-168
26734,-177
26735,12
26736,4
26737,83
26738,-44
26739,-91
26740,0
26741,-75
26742,86
26743,9
26744,-156
26745,528
26746,224
26747,-144
26748,-10
26749,352
26750,288
26751,-60
26752,-48
26753,-414
26754,-150
26755,-168
26756,-92
26757,100
26758,-54
26759,-128
26760,-192
26761,78
26762,-100
26763,-360
26764,-98
26765,-40
26766,9
26767,-90
26768,-72
26769,-138
26770,-244
26771,80
26772,192
26773,-198
26774,-168
26775,99
26776,-72
26777,-38
26778,28
26779,64
26780,320
26781,-40
26782,-216
26783,-201
26784,-180
26785,448
26786,88
26787,110
26788,-6
26789,0
26790,-288
26791,4
26792,-81
26793,-10
26794,63
26795,-352
26796,48
26797,-192
26798,-2
26799,12
26800,-77
26801,314
26802,-27
26803,54
26804,162
26805,96
26806,135
26807,-276
26808,-48
26809,108
26810,-120
26811,286
26812,-146
26813,210
26814,-306
26815,144
26816,-189
26817,270
26818,160
26819,170
26820,-32
26821,25
26822,-10
26823,-68
26824,81
26825,66
26826,126
26827,320
26828,48
26829,-32
26830,276
26831,-93
26832,70
26833,-235
26834,-9
26835,528
26836,-96
26837,189
26838,108
26839,-105
26840,384
26841,400
26842,-150
26843,-6
26844,-166
26845,-480
26846,-9
26847,64
26848,120
26849,-117
26850,88
26851,176
26852,-6
26853,-106
26854,32
26855,108
26856,6
26857,108
26858,5
26859,-78
26860,120
26861,228
26862,-30
26863,166
26864,16
26865,-160
26866,-24
26867,189
26868,0
26869,168
26870,-116
26871,120
26872,126
26873,48
26874,-10
26875,-287
26876,-15
26877,-144
26878,0
26879,234
26880,-408
26881,-262
26882,-25
26883,-32
26884,-180
26885,256
26886,-16
26887,-192
26888,-48
26889,-42
26890,352
26891,-115
26892,99
26893,94
26894,18
26895,-32
26896,-40
26897,-65
26898,232
26899,-24
26900,-209
26901,16
26902,-156
26903,180
26904,-192
26905,-176
26906,156
26907,-316
26908,-150
26909,36
26910,-160
26911,-165
26912,-125
26913,-154
26914,-27
26915,528
26916,-12
26917,324
26918,56
26919,-248
26920,-48
26921,102
26922,-54
26923,340
26924,40
26925,-528
26926,56
26927,266
26928,-12
26929,-36
26930,-216
26931,0
26932,-116
26933,256
26934,36
26935,512
26936,135
26937,-18
26938,132
26939,-360
26940,-208
26941,0
26942,16
26943,156
26944,-49
26945,-240
26946,112
26947,-277
26948,33
26949,-400
26950,88
26951,-30
26952,-264
26953,-46
26954,114
26955,-28
26956,-72
26957,87
26958,-88
26959,161
26960,92
26961,224
26962,-120
26963,200
26964,36
26965,-296
26966,-192
26967,0
26968,72
26969,-16
26970,-144
26971,-351
26972,-16
26973,39
26974,184
26975,-495
26976,-300
26977,120
26978,243
26979,-246
26980,144
26981,246
26982,0
26983,40
26984,-96
26985,48
26986,-48
26987,-123
26988,-40
26989,27
26990,276
26991,32
26992,-30
26993,-286
26994,40
26995,-120
26996,-66
26997,-198
26998,9
26999,16
27000,288
27001,315
27002,288
27003,-220
27004,112
27005,-320
27006,156
27007,48
27008,72
27009,-82
27010,-24
27011,3
27012,-10
27013,-99
27014,-225
27015,-592
27016,-384
27017,200
27018,40
27019,-81
27020,240
27021,254
27022,-16
27023,-72
27024,-18
27025,792
27026,-188
27027,-240
27028,22
27029,-12
27030,-120
27031,-303
27032,-459
27033,140
27034,114
27035,-448
27036,12
27037,-192
27038,184
27039,188
27040,-240
27041,-168
27042,-172
27043,168
27044,-45
27045,112
27046,124
27047,-63
27048,-96
27049,192
27050,11
27051,-144
27052,-123
27053,400
27054,-88
27055,-264
27056,0
27057,128
27058,-9
27059,-205
27060,288
27061,91
27062,-216
27063,108
27064,-90
27065,152
27066,-10
27067,202
27068,14
27069,-240
27070,368
27071,384
27072,-63
27073,-124
27074,-232
27075,66
27076,-120
27077,-76
27078,164
27079,-70
27080,144
27081,-96
27082,-128
27083,-30
27084,48
27085,-104
27086,-72
27087,132
27088,9
27089,336
27090,84
27091,-277
27092,-85
27093,-192
27094,288
27095,48
27096,-36
27097,-150
27098,-36
27099,37
27100,88
27101,-18
27102,-18
27103,220
27104,75
27105,-640
27106,-202
27107,-36
27108,36
27109,-236
27110,256
27111,-240
27112,-75
27113,216
27114,74
27115,-96
27116,84
27117,-24
27118,120
27119,126
27120,-16
27121,39
27122,0
27123,174
27124,53
27125,648
27126,12
27127,197
27128,120
27129,340
27130,388
27131,210
27132,72
27133,-126
27134,54
27135,308
27136,55
27137,-148
27138,-234
27139,264
27140,256
27141,306
27142,234
27143,92
27144,30
27145,0
27146,-28
27147,190
27148,16
27149,198
27150,-44
27151,-152
27152,39
27153,18
27154,136
27155,-40
27156,-36
27157,-280
27158,6
27159,-64
27160,-432
27161,64
27162,-24
27163,-520
27164,8
27165,-512
27166,72
27167,-177
27168,160
27169,-38
27170,320
27171,-70
27172,52
27173,24
27174,6
27175,286
27176,210
27177,244
27178,-96
27179,220
27180,12
27181,-144
27182,-85
27183,-270
27184,14
27185,456
27186,144
27187,153
27188,-114
27189,-80
27190,192
27191,-52
27192,-384
27193,90
27194,92
27195,48
27196,-25
27197,178
27198,-22
27199,176
27200,231
27201,320
27202,42
27203,96
27204,16
27205,-432
27206,64
27207,-32
27208,48
27209,-288
27210,-96
27211,-172
27212,1
27213,360
27214,128
27215,100
27216,-30
27217,36
27218,-72
27219,-336
27220,-40
27221,-8
27222,40
27223,81
27224,243
27225,55
27226,18
27227,192
27228,150
27229,-4
27230,-300
27231,32
27232,-120
27233,20
27234,0
27235,-540
27236,28
27237,-246
27238,170
27239,93
27240,264
27241,86
27242,-10
27243,216
27244,-32
27245,104
27246,-192
27247,28
27248,15
27249,-162
27250,408
27251,18
27252,14
27253,-2
27254,-134
27255,-640
27256,276
27257,-360
27258,192
27259,100
27260,-72
27261,55
27262,-140
27263,30
27264,54
27265,432
27266,-91
27267,128
27268,-81
27269,84
27270,32
27271,56
27272,252
27273,-260
27274,-50
27275,264
27276,158
27277,-297
27278,-160
27279,3
27280,-144
27281,281
27282,-132
27283,-270
27284,-96
27285,-288
27286,-18
27287,250
27288,-12
27289,90
27290,-344
27291,-224
27292,106
27293,4
27294,-40
27295,-320
27296,125
27297,-253
27298,-140
27299,-265
27300,-330
27301,32
27302,24
27303,72
27304,-162
27305,224
27306,-27
27307,-243
27308,47
27309,50
27310,232
27311,162
27312,-2
27313,0
27314,-192
27315,-112
27316,-126
27317,-128
27318,-64
27319,45
27320,-432
27321,-162
27322,72
27323,0
27324,128
27325,110
27326,-25
27327,194
27328,168
27329,30
27330,424
27331,6
27332,-146
27333,25
27334,40
27335,-432
27336,126
27337,-22
27338,-91
27339,-180
27340,-216
27341,-136
27342,-18
27343,-54
27344,66
27345,-72
27346,10
27347,144
27348,70
27349,-48
27350,297
27351,76
27352,-315
27353,-219
27354,-216
27355,352
27356,-162
27357,304
27358,192
27359,153
27360,-80
27361,-30
27362,232
27363,-48
27364,-70
27365,-140
27366,96
27367,-306
27368,384
27369,78
27370,288
27371,16
27372,-160
27373,-234
27374,100
27375,96
27376,16
27377,243
27378,-132
27379,48
27380,-112
27381,-220
27382,105
27383,144
27384,-18
27385,-264
27386,222
27387,-12
27388,72
27389,208
27390,288
27391,70
27392,204
27393,352
27394,113
27395,488
27396,6
27397,90
27398,-192
27399,-348
27400,-99
27401,180
27402,-64
27403,-35
27404,-135
27405,-96
27406,180
27407,-256
27408,-42
27409,-184
27410,204
27411,316
27412,0
27413,-10
27414,4
27415,-412
27416,-192
27417,120
27418,105
27419,-114
27420,200
27421,54
27422,164
27423,-56
27424,285
27425,660
27426,-132
27427,312
27428,-24
27429,144
27430,-480
27431,-185
27432,-96
27433,-108
27434,-56
27435,576
27436,88
27437,-235
27438,-114
27439,168
27440,-60
27441,95
27442,42
27443,-90
27444,114
27445,-448
27446,136
27447,-108
27448,54
27449,-50
27450,88
27451,192
27452,-133
27453,-374
27454,-45
27455,128
27456,280
27457,-58
27458,-130
27459,20
27460,-252
27461,-174
27462,160
27463,-112
27464,-84
27465,-144
27466,81
27467,-55
27468,51
27469,-115
27470,252
27471,-22
27472,6
27473,-234
27474,-80
27475,528
27476,-73
27477,-63
27478,-236
27479,244
27480,-48
27481,-222
27482,-45
27483,98
27484,-8
27485,768
27486,-96
27487,-238
27488,-225
27489,-48
27490,40
27491,30
27492,40
27493,-192
27494,88
27495,-180
27496,-180
27497,135
27498,192
27499,-24
27500,-164
27501,0
27502,180
27503,-165
27504,0
27505,540
27506,-132
27507,40
27508,205
27509,-175
27510,72
27511,-288
27512,-24
27513,-48
27514,-93
27515,-484
27516,-78
27517,-180
27518,23
27519,-176
27520,-84
27521,-20
27522,64
27523,-171
27524,-84
27525,-44
27526,39
27527,159
27528,-162
27529,102
27530,-124
27531,-96
27532,164
27533,280
27534,-120
27535,540
27536,-5
27537,-42
27538,60
27539,-205
27540,-132
27541,104
27542,81
27543,34
27544,96
27545,216
27546,154
27547,-12
27548,108
27549,62
27550,88
27551,-264
27552,270
27553,288
27554,-56
27555,256
27556,2
27557,-198
27558,-43
27559,-216
27560,300
27561,266
27562,45
27563,-63
27564,114
27565,96
27566,-48
27567,-12
27568,74
27569,-92
27570,144
27571,40
27572,-16
27573,-60
27574,135
27575,506
27576,-30
27577,544
27578,-12
27579,-80
27580,108
27581,-6
27582,80
27583,-229
27584,42
27585,-16
27586,150
27587,-18
27588,40
27589,324
27590,0
27591,-6
27592,-282
27593,36
27594,24
27595,288
27596,113
27597,176
27598,-136
27599,-400
27600,-176
27601,111
27602,-6
27603,-62
27604,112
27605,248
27606,-168
27607,24
27608,-54
27609,0
27610,144
27611,-140
27612,-40
27613,85
27614,94
27615,-504
27616,230
27617,50
27618,-122
27619,225
27620,-116
27621,396
27622,-174
27623,328
27624,-312
27625,360
27626,-32
27627,-168
27628,-113
27629,-84
27630,-128
27631,12
27632,-64
27633,-48
27634,-207
27635,-488
27636,-36
27637,36
27638,10
27639,27
27640,-480
27641,-72
27642,48
27643,288
27644,-18
27645,-384
27646,224
27647,209
27648,92
27649,182
27650,330
27651,40
27652,72
27653,206
27654,216
27655,-160
27656,102
27657,24
27658,30
27659,156
27660,176
27661,160
27662,-74
27663,-246
27664,60
27665,96
27666,-10
27667,8
27668,-9
27669,432
27670,-184
27671,-168
27672,156
27673,-306
27674,-6
27675,-396
27676,-36
27677,30
27678,-54
27679,0
27680,-80
27681,56
27682,-60
27683,324
27684,44
27685,-16
27686,-136
27687,-192
27688,174
27689,-288
27690,-360
27691,-315
27692,-168
27693,6
27694,-88
27695,0
27696,-28
27697,122
27698,48
27699,0
27700,154
27701,99
27702,52
27703,-420
27704,-24
27705,64
27706,-108
27707,-304
27708,-90
27709,10
27710,12
27711,-60
27712,7
27713,-108
27714,-144
27715,320
27716,108
27717,-206
27718,-222
27719,25
27720,144
27721,-176
27722,72
27723,-338
27724,-48
27725,-594
27726,164
27727,-99
27728,-26
27729,-200
27730,-288
27731,-32
27732,88
27733,324
27734,-32
27735,48
27736,138
27737,-102
27738,-56
27739,120
27740,32
27741,300
27742,240
27743,160
27744,80
27745,-144
27746,-161
27747,-12
27748,-75
27749,-63
27750,144
27751,62
27752,48
27753,200
27754,-206
27755,480
27756,-8
27757,-108
27758,-147
27759,224
27760,-4
27761,-216
27762,-12
27763,194
27764,-72
27765,16
27766,-132
27767,-213
27768,0
27769,-72
27770,36
27771,-6
27772,15
27773,252
27774,44
27775,-88
27776,81
27777,162
27778,-84
27779,-83
27780,-128
27781,130
27782,-18
27783,165
27784,72
27785,-504
27786,56
27787,-36
27788,59
27789,256
27790,-264
27791,-24
27792,-20
27793,-238
27794,245
27795,-408
27796,0
27797,-36
27798,36
27799,212
27800,-528
27801,84
27802,-84
27803,77
27804,-156
27805,-252
27806,91
27807,720
27808,200
27809,170
27810,256
27811,18
27812,15
27813,-32
27814,-110
27815,424
27816,192
27817,-47
27818,-48
27819,120
27820,240
27821,7
27822,-52
27823,234
27824,27
27825,330
27826,66
27827,104
27828,-22
27829,-99
27830,160
27831,176
27832,-54
27833,-295
27834,174
27835,144
27836,127
27837,-108
27838,-234
27839,324
27840,112
27841,-188
27842,50
27843,-248
27844,105
27845,-480
27846,-45
27847,-263
27848,-15
27849,-284
27850,22
27851,22
27852,-192
27853,-96
27854,52
27855,28
27856,-2
27857,0
27858,-182
27859,-230
27860,120
27861,54
27862,192
27863,-96
27864,-231
27865,80
27866,122
27867,-312
27868,10
27869,100
27870,0
27871,-180
27872,-175
27873,-4
27874,24
27875,-192
27876,32
27877,-200
27878,105
27879,198
27880,-324
27881,-2
27882,-38
27883,-137
27884,147
27885,384
27886,0
27887,-120
27888,54
27889,-103
27890,-136
27891,-4
27892,-8
27893,-286
27894,124
27895,144
27896,-240
27897,-162
27898,-30
27899,448
27900,99
27901,-8
27902,72
27903,-54
27904,289
27905,-364
27906,218
27907,224
27908,2
27909,-27
27910,-80
27911,-40
27912,-264
27913,128
27914,72
27915,-224
27916,186
27917,152
27918,-144
27919,28
27920,16
27921,-198
27922,-224
27923,204
27924,40
27925,-88
27926,56
27927,-24
27928,-234
27929,160
27930,64
27931,135
27932,-153
27933,24
27934,-192
27935,-36
27936,-60
27937,-480
27938,16
27939,-224
27940,128
27941,134
27942,142
27943,136
27944,-252
27945,320
27946,0
27947,-262
27948,18
27949,228
27950,385
27951,144
27952,41
27953,-178
27954,-41
27955,-588
27956,-20
27957,-18
27958,-78
27959,20
27960,264
27961,-18
27962,324
27963,-120
27964,-28
27965,324
27966,160
27967,25
27968,-224
27969,332
27970,-100
27971,207
27972,-36
27973,324
27974,81
27975,44
27976,285
27977,28
27978,-20
27979,-42
27980,104
27981,51
27982,24
27983,80
27984,-40
27985,-160
27986,-57
27987,-160
27988,18
27989,-165
27990,128
27991,336
27992,-114
27993,-378
27994,-234
27995,384
27996,120
27997,-277
27998,140
27999,96
28000,-360
28001,78
28002,240
28003,324
28004,-66
28005,64
28006,112
28007,-6
28008,-75
28009,-42
28010,212
28011,-216
28012,-72
28013,-34
28014,96
28015,120
28016,48
28017,-64
28018,-29
28019,-76
28020,288
28021,192
28022,-88
28023,280
28024,54
28025,-352
28026,-44
28027,-152
28028,40
28029,-262
28030,420
28031,44
28032,12
28033,96
28034,-36
28035,0
28036,-7
28037,-205
28038,-8
28039,-120
28040,-216
28041,180
28042,228
28043,80
28044,36
28045,-360
28046,12
28047,370
28048,-62
28049,-171
28050,-264
28051,61
28052,-142
28053,180
28054,108
28055,72
28056,144
28057,202
28058,140
28059,180
28060,-256
28061,4
28062,-8
28063,-288
28064,-85
28065,-368
28066,87
28067,-120
28068,-102
28069,268
28070,-324
28071,-24
28072,-30
28073,-189
28074,-114
28075,-484
28076,15
28077,0
28078,-32
28079,-154
28080,-80
28081,-143
28082,-72
28083,192
28084,72
28085,108
28086,54
28087,185
28088,-12
28089,10
28090,112
28091,198
28092,70
28093,-75
28094,-180
28095,-512
28096,56
28097,110
28098,24
28099,-12
28100,-330
28101,-48
28102,-23
28103,-64
28104,-192
28105,-96
28106,-360
28107,11
28108,-4
28109,-155
28110,96
28111,-236
28112,27
28113,-236
28114,142
28115,200
28116,-36
28117,108
28118,84
28119,-480
28120,144
28121,-176
28122,-238
28123,-90
28124,0
28125,-44
28126,135
28127,324
28128,90
28129,-312
28130,96
28131,-56
28132,5
28133,216
28134,-68
28135,312
28136,-153
28137,-36
28138,52
28139,128
28140,-168
28141,252
28142,128
28143,40
28144,28
28145,20
28146,-236
28147,-246
28148,-99
28149,-200
28150,-99
28151,204
28152,72
28153,-63
28154,192
28155,-176
28156,4
28157,-18
28158,-30
28159,76
28160,176
28161,-96
28162,9
28163,-330
28164,94
28165,84
28166,191
28167,36
28168,54
28169,-39
28170,32
28171,-180
28172,-6
28173,66
28174,-128
28175,-176
28176,-72
28177,36
28178,40
28179,18
28180,80
28181,-246
28182,-192
28183,-281
28184,-120
28185,80
28186,-114
28187,198
28188,-20
28189,36
28190,240
28191,-172
28192,-90
28193,-55
28194,-48
28195,-60
28196,60
28197,-50
28198,-32
28199,-4
28200,-594
28201,-14
28202,-192
28203,-180
28204,-36
28205,420
28206,-35
28207,-49
28208,-63
28209,-28
28210,-540
28211,96
28212,64
28213,0
28214,-69
28215,-256
28216,72
28217,96
28218,-128
28219,6
28220,108
28221,-80
28222,-48
28223,96
28224,14
28225,-66
28226,-104
28227,-94
28228,-86
28229,0
28230,360
28231,-153
28232,138
28233,-42
28234,40
28235,-112
28236,-20
28237,36
28238,-21
28239,-48
28240,-48
28241,-477
28242,-20
28243,128
28244,256
28245,456
28246,-56
28247,252
28248,-288
28249,-225
28250,-48
28251,-14
28252,-162
28253,36
28254,84
28255,0
28256,130
28257,-168
28258,90
28259,24
28260,64
28261,72
28262,-130
28263,-234
28264,-144
28265,-76
28266,24
28267,-368
28268,0
28269,-44
28270,-32
28271,105
28272,-72
28273,-28
28274,-168
28275,220
28276,-12
28277,223
28278,18
28279,268
28280,-72
28281,-456
28282,-40
28283,81
28284,28
28285,416
28286,49
28287,78
28288,45
28289,-171
28290,576
28291,-108
28292,104
28293,192
28294,189
28295,-100
28296,-36
28297,-142
28298,47
28299,-92
28300,176
28301,480
28302,0
28303,-324
28304,-16
28305,-36
28306,58
28307,12
28308,138
28309,-250
28310,128
28311,144
28312,156
28313,256
28314,-25
28315,528
28316,-19
28317,-182
28318,144
28319,-251
28320,-320
28321,64
28322,-16
28323,40
28324,24
28325,-704
28326,-216
28327,260
28328,-60
28329,-216
28330,92
28331,360
28332,18
28333,108
28334,225
28335,480
28336,96
28337,-63
28338,90
28339,171
28340,340
28341,-63
28342,30
28343,-306
28344,390
28345,504
28346,170
28347,360
28348,8
28349,219
28350,-363
28351,-159
28352,-63
28353,-80
28354,-42
28355,-240
28356,96
28357,-255
28358,160
28359,-24
28360,48
28361,240
28362,4
28363,-18
28364,-57
28365,-576
28366,-120
28367,-40
28368,-9
28369,-308
28370,-336
28371,-80
28372,36
28373,120
28374,-196
28375,264
28376,204
28377,20
28378,111
28379,120
28380,224
28381,-60
28382,32
28383,-228
28384,-75
28385,-540
28386,36
28387,36
28388,27
28389,-70
28390,-96
28391,0
28392,216
28393,-270
28394,110
28395,-72
28396,18
28397,50
28398,-72
28399,-192
28400,-99
28401,-120
28402,160
28403,87
28404,84
28405,-640
28406,-3
28407,-12
28408,105
28409,-129
28410,-448
28411,-54
28412,0
28413,-108
28414,-198
28415,-344
28416,102
28417,32
28418,-50
28419,-258
28420,16
28421,108
28422,-2
28423,-14
28424,-144
28425,-88
28426,-88
28427,-81
28428,256
28429,-96
28430,400
28431,280
28432,16
28433,167
28434,-72
28435,180
28436,144
28437,-58
28438,-80
28439,172
28440,120
28441,216
28442,-142
28443,-224
28444,135
28445,-160
28446,-48
28447,-76
28448,120
28449,-34
28450,-11
28451,-256
28452,-166
28453,-132
28454,9
28455,-192
28456,-288
28457,-200
28458,-108
28459,0
28460,-192
28461,-40
28462,-144
28463,-200
28464,40
28465,-300
28466,182
28467,40
28468,4
28469,-135
28470,-80
28471,243
28472,78
28473,192
28474,56
28475,231
28476,-6
28477,218
28478,40
28479,-368
28480,0
28481,0
28482,-36
28483,120
28484,12
28485,384
28486,153
28487,-288
28488,-24
28489,-162
28490,-144
28491,324
28492,81
28493,-186
28494,-55
28495,576
28496,15
28497,-384
28498,14
28499,-210
28500,-192
28501,-240
28502,68
28503,-46
28504,216
28505,136
28506,-236
28507,56
28508,-12
28509,-210
28510,284
28511,-219
28512,-220
28513,174
28514,-95
28515,-528
28516,-44
28517,-288
28518,48
28519,-30
28520,864
28521,20
28522,-300
28523,32
28524,46
28525,-33
28526,72
28527,-12
28528,-66
28529,-252
28530,-80
28531,224
28532,36
28533,-18
28534,164
28535,160
28536,-108
28537,-2
28538,-48
28539,36
28540,216
28541,153
28542,-126
28543,-48
28544,-24
28545,128
28546,-21
28547,-292
28548,40
28549,-10
28550,-231
28551,576
28552,189
28553,15
28554,0
28555,504
28556,40
28557,32
28558,-51
28559,87
28560,-72
28561,-181
28562,35
28563,-52
28564,-60
28565,-72
28566,164
28567,-40
28568,-39
28569,0
28570,-8
28571,-132
28572,-6
28573,-26
28574,-240
28575,88
28576,-180
28577,120
28578,-8
28579,-78
28580,-152
28581,60
28582,198
28583,32
28584,-66
28585,540
28586,-205
28587,130
28588,9
28589,-64
28590,144
28591,46
28592,-12
28593,132
28594,-75
28595,336
28596,-72
28597,168
28598,20
28599,-172
28600,660
28601,66
28602,-33
28603,-158
28604,156
28605,-8
28606,-137
28607,-323
28608,112
28609,168
28610,72
28611,-32
28612,-256
28613,405
28614,72
28615,-384
28616,-12
28617,112
28618,-36
28619,310
28620,-80
28621,-56
28622,108
28623,108
28624,-66
28625,-48
28626,20
28627,194
28628,21
28629,-42
28630,60
28631,-164
28632,-126
28633,48
28634,-256
28635,-576
28636,-41
28637,-21
28638,-21
28639,-355
28640,80
28641,74
28642,9
28643,8
28644,-216
28645,-276
28646,-34
28647,-120
28648,294
28649,294
28650,0
28651,54
28652,40
28653,340
28654,15
28655,272
28656,-10
28657,46
28658,0
28659,-198
28660,192
28661,92
28662,-180
28663,307
28664,-249
28665,40
28666,32
28667,357
28668,68
28669,-266
28670,288
28671,48
28672,-3
28673,-5
28674,-80
28675,-297
28676,84
28677,-100
28678,-230
28679,90
28680,-576
28681,112
28682,105
28683,64
28684,18
28685,308
28686,216
28687,-62
28688,4
28689,-12
28690,-48
28691,-75
28692,12
28693,-180
28694,-12
28695,-576
28696,216
28697,-28
28698,-90
28699,-180
28700,297
28701,-8
28702,16
28703,-129
28704,-400
28705,264
28706,-144
28707,324
28708,148
28709,-88
28710,-32
28711,-46
28712,108
28713,54
28714,-18
28715,148
28716,-116
28717,-170
28718,36
28719,-63
28720,96
28721,-24
28722,-16
28723,212
28724,56
28725,-220
28726,40
28727,472
28728,-144
28729,200
28730,-144
28731,-256
28732,-88
28733,224
28734,140
28735,-288
28736,182
28737,144
28738,84
28739,50
28740,72
28741,162
28742,48
28743,280
28744,252
28745,-328
28746,66
28747,0
28748,63
28749,168
28750,-328
28751,-143
28752,14
28753,-224
28754,72
28755,396
28756,150
28757,-160
28758,116
28759,-81
28760,216
28761,-90
28762,18
28763,-72
28764,27
28765,80
28766,-56
28767,112
28768,-90
28769,-30
28770,72
28771,28
28772,-68
28773,-128
28774,134
28775,-572
28776,-408
28777,237
28778,-197
28779,20
28780,-136
28781,-27
28782,180
28783,-228
28784,-6
28785,-64
28786,75
28787,216
28788,48
28789,67
28790,140
28791,-75
28792,192
28793,267
28794,-60
28795,-180
28796,-64
28797,104
28798,45
28799,0
28800,-33
28801,-9
28802,76
28803,140
28804,-16
28805,-96
28806,20
28807,170
28808,-210
28809,-192
28810,196
28811,-36
28812,-118
28813,146
28814,172
28815,48
28816,74
28817,-126
28818,12
28819,96
28820,48
28821,-180
28822,3
28823,-108
28824,-246
28825,286
28826,54
28827,-36
28828,11
28829,-88
28830,400
28831,-336
28832,-75
28833,378
28834,270
28835,-80
28836,0
28837,-16
28838,115
28839,-76
28840,-576
28841,0
28842,256
28843,-121
28844,-30
28845,-36
28846,135
28847,-300
28848,-56
28849,-117
28850,-154
28851,-16
28852,-17
28853,-224
28854,6
28855,-80
28856,-168
28857,-200
28858,-288
28859,220
28860,120
28861,-72
28862,-95
28863,-196
28864,-252
28865,-288
28866,96
28867,-256
28868,81
28869,144
28870,-384
28871,72
28872,-81
28873,160
28874,-41
28875,576
28876,-69
28877,42
28878,-222
28879,38
28880,-12
28881,24
28882,-102
28883,-42
28884,36
28885,-340
28886,40
28887,28
28888,384
28889,-198
28890,192
28891,32
28892,-99
28893,116
28894,-66
28895,128
28896,210
28897,108
28898,-238
28899,48
28900,88
28901,38
28902,14
28903,78
28904,-6
28905,648
28906,96
28907,-72
28908,-8
28909,-7
28910,64
28911,-432
28912,80
28913,-124
28914,-160
28915,-196
28916,63
28917,90
28918,-24
28919,120
28920,-240
28921,-276
28922,178
28923,-576
28924,3
28925,0
28926,15
28927,317
28928,-34
28929,4
28930,336
28931,-162
28932,100
28933,-79
28934,-72
28935,104
28936,39
28937,16
28938,-150
28939,28
28940,-192
28941,136
28942,56
28943,-480
28944,-28
28945,-336
28946,108
28947,28
28948,118
28949,-180
28950,-440
28951,-45
28952,324
28953,-88
28954,324
28955,120
28956,64
28957,-96
28958,116
28959,-36
28960,-40
28961,138
28962,-73
28963,-72
28964,10
28965,304
28966,39
28967,36
28968,162
28969,-160
28970,-200
28971,24
28972,80
28973,6
28974,-64
28975,352
28976,64
28977,100
28978,-69
28979,20
28980,-96
28981,44
28982,-161
28983,52
28984,132
28985,432
28986,-20
28987,54
28988,-32
28989,-55
28990,160
28991,-135
28992,-42
28993,20
28994,-204
28995,-576
28996,-36
28997,96
28998,44
28999,36
29000,144
29001,174
29002,75
29003,-480
29004,124
29005,-48
29006,127
29007,-36
29008,-6
29009,-254
29010,320
29011,7
29012,-26
29013,192
29014,0
29015,456
29016,-135
29017,-277
29018,0
29019,6
29020,-92
29021,-106
29022,240
29023,-26
29024,-60
29025,-308
29026,-144
29027,42
29028,144
29029,-120
29030,-416
29031,56
29032,0
29033,-17
29034,18
29035,52
29036,-72
29037,220
29038,114
29039,-45
29040,-40
29041,4
29042,40
29043,-66
29044,15
29045,-192
29046,-288
29047,-108
29048,-186
29049,-112
29050,297
29051,256
29052,-76
29053,-198
29054,20
29055,320
29056,33
29057,40
29058,-32
29059,-100
29060,24
29061,-13
29062,-200
29063,20
29064,72
29065,-264
29066,-62
29067,-36
29068,84
29069,-36
29070,-48
29071,-318
29072,80
29073,144
29074,12
29075,-484
29076,-38
29077,31
29078,-189
29079,-264
29080,-96
29081,415
29082,-18
29083,16
29084,-8
29085,-336
29086,140
29087,-48
29088,-10
29089,-172
29090,328
29091,-52
29092,-135
29093,63
29094,-20
29095,-656
29096,156
29097,-40
29098,136
29099,252
29100,-264
29101,290
29102,-53
29103,0
29104,36
29105,540
29106,32
29107,0
29108,-40
29109,-144
29110,324
29111,-84
29112,-336
29113,96
29114,182
29115,4
29116,18
29117,-88
29118,-384
29119,-54
29120,420
29121,126
29122,-141
29123,132
29124,44
29125,264
29126,-164
29127,-48
29128,312
29129,-54
29130,304
29131,-307
29132,-144
29133,-180
29134,-240
29135,448
29136,56
29137,-58
29138,171
29139,-208
29140,324
29141,-48
29142,-57
29143,60
29144,108
29145,112
29146,160
29147,162
29148,-6
29149,256
29150,-220
29151,-90
29152,265
29153,216
29154,28
29155,180
29156,-27
29157,-178
29158,192
29159,30
29160,156
29161,50
29162,42
29163,-40
29164,160
29165,-512
29166,-6
29167,70
29168,9
29169,48
29170,-144
29171,-405
29172,-120
29173,19
29174,-12
29175,-550
29176,153
29177,4
29178,-66
29179,-316
29180,-176
29181,-54
29182,-57
29183,48
29184,88
29185,520
29186,22
29187,288
29188,26
29189,16
29190,384
29191,3
29192,0
29193,126
29194,208
29195,440
29196,-45
29197,252
29198,220
29199,320
29200,-22
29201,293
29202,288
29203,-40
29204,16
29205,128
29206,-135
29207,200
29208,-252
29209,-245
29210,256
29211,-360
29212,119
29213,24
29214,4
29215,-560
29216,180
29217,-272
29218,-126
29219,-72
29220,224
29221,-189
29222,-176
29223,0
29224,450
29225,264
29226,-24
29227,348
29228,66
29229,-44
29230,-120
29231,-8
29232,-6
29233,-648
29234,288
29235,-48
29236,-17
29237,48
29238,72
29239,66
29240,-252
29241,33
29242,178
29243,-300
29244,-138
29245,-160
29246,168
29247,54
29248,-175
29249,52
29250,120
29251,-92
29252,144
29253,-40
29254,-14
29255,160
29256,240
29257,15
29258,146
29259,21
29260,192
29261,108
29262,84
29263,25
29264,-72
29265,-512
29266,-170
29267,18
29268,32
29269,-210
29270,328
29271,120
29272,-9
29273,54
29274,162
29275,-352
29276,-45
29277,2
29278,-103
29279,-224
29280,320
29281,0
29282,-151
29283,-154
29284,-38
29285,-160
29286,52
29287,181
29288,45
29289,-120
29290,16
29291,-222
29292,88
29293,52
29294,-36
29295,432
29296,18
29297,-205
29298,-16
29299,-108
29300,99
29301,-348
29302,80
29303,216
29304,-36
29305,-480
29306,58
29307,94
29308,-18
29309,-150
29310,432
29311,-98
29312,-6
29313,92
29314,-162
29315,-720
29316,24
29317,176
29318,-36
29319,-92
29320,156
29321,-323
29322,-22
29323,-216
29324,-17
29325,528
29326,252
29327,144
29328,90
29329,-384
29330,324
29331,-37
29332,118
29333,-266
29334,-60
29335,64
29336,-240
29337,-192
29338,-38
29339,-266
29340,-4
29341,-120
29342,138
29343,48
29344,45
29345,-216
29346,-28
29347,-84
29348,64
29349,104
29350,-396
29351,14
29352,234
29353,-72
29354,30
29355,-512
29356,-36
29357,504
29358,-33
29359,192
29360,8
29361,74
29362,70
29363,-42
29364,162
29365,-288
29366,-196
29367,45
29368,-231
29369,252
29370,0
29371,360
29372,-30
29373,-266
29374,88
29375,-369
29376,84
29377,38
29378,66
29379,-156
29380,-40
29381,156
29382,144
29383,-181
29384,6
29385,-88
29386,-150
29387,161
29388,-180
29389,-250
29390,44
29391,-48
29392,-32
29393,-180
29394,-72
29395,228
29396,159
29397,432
29398,-68
29399,217
29400,132
29401,-308
29402,80
29403,50
29404,-109
29405,-216
29406,-48
29407,-330
29408,90
29409,-300
29410,-48
29411,-164
29412,28
29413,56
29414,0
29415,-120
29416,-240
29417,-104
29418,208
29419,90
29420,228
29421,-108
29422,72
29423,-149
29424,8
29425,-528
29426,106
29427,84
29428,-15
29429,230
29430,272
29431,-152
29432,-240
29433,-164
29434,84
29435,300
29436,64
29437,86
29438,-216
29439,81
29440,-544
29441,-224
29442,108
29443,96
29444,-3
29445,-120
29446,102
29447,244
29448,15
29449,-56
29450,-396
29451,-124
29452,-30
29453,81
29454,276
29455,84
29456,63
29457,96
29458,320
29459,0
29460,-160
29461,78
29462,156
29463,384
29464,-48
29465,-324
29466,-33
29467,-20
29468,80
29469,288
29470,84
29471,-40
29472,-320
29473,-62
29474,42
29475,33
29476,-86
29477,297
29478,150
29479,-162
29480,336
29481,360
29482,-186
29483,126
29484,-165
29485,320
29486,-72
29487,-228
29488,48
29489,-36
29490,224
29491,120
29492,4
29493,4
29494,-42
29495,12
29496,276
29497,-375
29498,105
29499,136
29500,-192
29501,46
29502,-32
29503,-2
29504,-154
29505,720
29506,-184
29507,-164
29508,96
29509,208
29510,-220
29511,40
29512,243
29513,-276
29514,196
29515,-552
29516,144
29517,336
29518,192
29519,72
29520,-36
29521,-10
29522,-48
29523,-140
29524,-40
29525,715
29526,-72
29527,63
29528,180
29529,60
29530,-116
29531,-252
29532,192
29533,-348
29534,8
29535,-128
29536,-225
29537,-32
29538,108
29539,136
29540,-288
29541,28
29542,-164
29543,-162
29544,-192
29545,512
29546,120
29547,14
29548,0
29549,-395
29550,-198
29551,-24
29552,-8
29553,12
29554,54
29555,64
29556,-24
29557,116
29558,-99
29559,128
29560,-216
29561,432
29562,40
29563,-81
29564,-100
29565,88
29566,-96
29567,-184
29568,72
29569,194
29570,-40
29571,-34
29572,-1
29573,-228
29574,45
29575,396
29576,291
29577,-328
29578,208
29579,-352
29580,-48
29581,-65
29582,69
29583,16
29584,-6
29585,384
29586,114
29587,180
29588,-5
29589,-120
29590,-304
29591,-88
29592,-36
29593,18
29594,-178
29595,-464
29596,-6
29597,6
29598,4
29599,-74
29600,165
29601,160
29602,27
29603,324
29604,-74
29605,0
29606,6
29607,-288
29608,339
29609,-6
29610,108
29611,-42
29612,16
29613,-32
29614,-105
29615,312
29616,-8
29617,78
29618,72
29619,240
29620,128
29621,-32
29622,-216
29623,216
29624,-369
29625,480
29626,134
29627,-175
29628,-8
29629,-274
29630,-360
29631,-162
29632,112
29633,276
29634,-208
29635,-444
29636,216
29637,0
29638,12
29639,168
29640,480
29641,158
29642,93
29643,180
29644,66
29645,-40
29646,80
29647,-320
29648,51
29649,-22
29650,220
29651,-80
29652,-72
29653,400
29654,94
29655,-36
29656,-276
29657,-162
29658,114
29659,96
29660,36
29661,-8
29662,70
29663,-144
29664,-80
29665,-48
29666,15
29667,144
29668,110
29669,169
29670,448
29671,-49
29672,198
29673,192
29674,81
29675,-44
29676,48
29677,48
29678,144
29679,-60
29680,-60
29681,-63
29682,-36
29683,-104
29684,18
29685,-288
29686,26
29687,-234
29688,192
29689,-276
29690,120
29691,-44
29692,-105
29693,-320
29694,8
29695,-432
29696,46
29697,136
29698,81
29699,-123
29700,-176
29701,-156
29702,-212
29703,-304
29704,270
29705,-500
29706,-72
29707,-224
29708,90
29709,-16
29710,364
29711,24
29712,-14
29713,280
29714,-36
29715,-384
29716,96
29717,-42
29718,-40
29719,-42
29720,120
29721,-64
29722,240
29723,89
29724,14
29725,-198
29726,0
29727,-22
29728,0
29729,-81
29730,200
29731,-285
29732,-99
29733,120
29734,158
29735,128
29736,72
29737,-33
29738,95
29739,96
29740,36
29741,110
29742,-92
29743,56
29744,-48
29745,-8
29746,-192
29747,27
29748,42
29749,-243
29750,-216
29751,-432
29752,147
29753,-10
29754,32
29755,-16
29756,28
29757,-510
29758,-81
29759,-36
29760,-504
29761,226
29762,8
29763,84
29764,6
29765,-164
29766,90
29767,128
29768,-9
29769,-244
29770,40
29771,162
29772,-28
29773,-140
29774,3
29775,-484
29776,28
29777,-368
29778,-24
29779,-384
29780,-108
29781,184
29782,-94
29783,-100
29784,36
29785,288
29786,-150
29787,-140
29788,-48
29789,225
29790,104
29791,-171
29792,40
29793,280
29794,208
29795,-64
29796,0
29797,216
29798,-180
29799,-84
29800,264
29801,186
29802,-136
29803,-268
29804,-27
29805,-128
29806,-18
29807,72
29808,-88
29809,195
29810,128
29811,40
29812,-4
29813,-96
29814,112
29815,0
29816,-24
29817,2
29818,-51
29819,-196
29820,-216
29821,-256
29822,135
29823,150
29824,33
29825,-231
29826,-13
29827,360
29828,-46
29829,16
29830,-256
29831,-328
29832,48
29833,150
29834,252
29835,240
29836,-2
29837,-90
29838,150
29839,45
29840,-8
29841,60
29842,7
29843,-388
29844,38
29845,288
29846,1
29847,20
29848,-405
29849,72
29850,-220
29851,-148
29852,-24
29853,108
29854,256
29855,-300
29856,320
29857,-10
29858,2
29859,-114
29860,-40
29861,-285
29862,120
29863,209
29864,-267
29865,64
29866,-51
29867,73
29868,24
29869,-81
29870,128
29871,-20
29872,-8
29873,137
29874,100
29875,-576
29876,144
29877,16
29878,228
29879,246
29880,108
29881,-229
29882,56
29883,288
29884,90
29885,448
29886,54
29887,-100
29888,-252
29889,-117
29890,-64
29891,-63
29892,90
29893,-32
29894,-78
29895,192
29896,18
29897,-246
29898,12
29899,-54
29900,-440
29901,32
29902,-204
29903,-84
29904,0
29905,92
29906,-72
29907,-81
29908,122
29909,-192
29910,-496
29911,-264
29912,-60
29913,192
29914,78
29915,720
29916,56
29917,202
29918,-78
29919,56
29920,-240
29921,78
29922,114
29923,-216
29924,6
29925,132
29926,260
29927,58
29928,-84
29929,-157
29930,72
29931,96
29932,147
29933,-132
29934,35
29935,-448
29936,46
29937,216
29938,6
29939,90
29940,-224
29941,40
29942,-40
29943,-216
29944,-108
29945,40
29946,-432
29947,-52
29948,69
29949,112
29950,77
29951,160
29952,85
29953,300
29954,-54
29955,-208
29956,-142
29957,-2
29958,-2
29959,-206
29960,-432
29961,-2
29962,-216
29963,-27
29964,-88
29965,-440
29966,144
29967,-324
29968,64
29969,-64
29970,132
29971,189
29972,64
29973,-384
29974,177
29975,-748
29976,-354
29977,-360
29978,-130
29979,60
29980,0
29981,99
29982,168
29983,40
29984,60
29985,-152
29986,-72
29987,0
29988,-6
29989,152
29990,-128
29991,-440
29992,-24
29993,0
29994,232
29995,-684
29996,-83
29997,-32
29998,80
29999,6
30000,82
30001,-8
30002,138
30003,-12
30004,-70
30005,144
30006,57
30007,135
30008,135
30009,228
30010,328
30011,-17
30012,-144
30013,30
30014,-28
30015,64
30016,147
30017,225
30018,138
30019,344
30020,160
30021,228
30022,78
30023,-21
30024,-192
30025,-451
30026,170
30027,118
30028,-164
30029,4
30030,-480
30031,192
30032,22
30033,-81
30034,18
30035,-596
30036,140
30037,8
30038,-176
30039,216
30040,-144
30041,-232
30042,40
30043,-220
30044,-18
30045,608
30046,18
30047,173
30048,80
30049,30
30050,-308
30051,165
30052,144
30053,-117
30054,14
30055,-504
30056,-120
30057,-154
30058,24
30059,219
30060,32
30061,-144
30062,72
30063,-424
30064,-10
30065,540
30066,-226
30067,-360
30068,23
30069,-10
30070,-432
30071,212
30072,-72
30073,48
30074,-216
30075,-594
30076,32
30077,-220
30078,8
30079,150
30080,-108
30081,48
30082,0
30083,182
30084,272
30085,-432
30086,64
30087,52
30088,-39
30089,-201
30090,-192
30091,53
30092,24
30093,-288
30094,-18
30095,320
30096,-16
30097,28
30098,16
30099,-160
30100,231
30101,-342
30102,-16
30103,-27
30104,135
30105,-128
30106,-221
30107,-288
30108,-200
30109,158
30110,-148
30111,156
30112,225
30113,-258
30114,72
30115,-320
30116,156
30117,-34
30118,-112
30119,212
30120,216
30121,390
30122,202
30123,24
30124,27
30125,-240
30126,-128
30127,-81
30128,-57
30129,-90
30130,96
30131,90
30132,90
30133,-1
30134,-160
30135,-144
30136,189
30137,132
30138,-158
30139,-7
30140,48
30141,27
30142,99
30143,126
30144,-224
30145,-300
30146,54
30147,220
30148,158
30149,-48
30150,77
30151,-204
30152,303
30153,-328
30154,17
30155,12
30156,144
30157,5
30158,-45
30159,-32
30160,-40
30161,-312
30162,200
30163,-432
30164,128
30165,512
30166,158
30167,384
30168,81
30169,262
30170,-72
30171,0
30172,-88
30173,480
30174,-216
30175,297
30176,360
30177,-27
30178,0
30179,144
30180,48
30181,-130
30182,-110
30183,-98
30184,180
30185,388
30186,140
30187,-310
30188,81
30189,4
30190,280
30191,-132
30192,18
30193,238
30194,252
30195,-128
30196,152
30197,-202
30198,-108
30199,-80
30200,-99
30201,-48
30202,229
30203,-341
30204,-24
30205,-552
30206,-252
30207,-212
30208,88
30209,-48
30210,-160
30211,-82
30212,135
30213,22
30214,-138
30215,-16
30216,72
30217,-252
30218,-34
30219,204
30220,-88
30221,234
30222,-16
30223,205
30224,-60
30225,-990
30226,72
30227,16
30228,16
30229,-84
30230,128
30231,-42
30232,132
30233,-8
30234,-136
30235,-288
30236,124
30237,186
30238,220
30239,-40
30240,-240
30241,-38
30242,-166
30243,-120
30244,-61
30245,-672
30246,-20
30247,-48
30248,-120
30249,16
30250,-120
30251,-48
30252,-16
30253,316
30254,45
30255,-56
30256,72
30257,100
30258,40
30259,-80
30260,0
30261,-72
30262,102
30263,105
30264,360
30265,-36
30266,-15
30267,-128
30268,-216
30269,-313
30270,432
30271,122
30272,-196
30273,16
30274,-21
30275,132
30276,25
30277,-45
30278,-218
30279,-32
30280,-168
30281,192
30282,64
30283,124
30284,-14
30285,16
30286,-48
30287,-486
30288,36
30289,72
30290,-220
30291,128
30292,63
30293,-2
30294,-132
30295,-72
30296,-9
30297,112
30298,109
30299,162
30300,-44
30301,320
30302,-272
30303,-45
30304,-280
30305,-128
30306,-4
30307,-90
30308,93
30309,328
30310,-12
30311,198
30312,21
30313,-102
30314,-72
30315,504
30316,-100
30317,216
30318,-18
30319,-230
30320,16
30321,-176
30322,119
30323,88
30324,-18
30325,-616
30326,-16
30327,-144
30328,-72
30329,-300
30330,-92
30331,-14
30332,-32
30333,80
30334,-10
30335,12
30336,60
30337,0
30338,108
30339,-24
30340,-108
30341,-136
30342,250
30343,264
30344,273
30345,-192
30346,195
30347,86
30348,-120
30349,0
30350,308
30351,-42
30352,24
30353,192
30354,128
30355,-720
30356,110
30357,32
30358,84
30359,-294
30360,768
30361,96
30362,-108
30363,-16
30364,108
30365,-460
30366,30
30367,79
30368,-50
30369,0
30370,-100
30371,-45
30372,-94
30373,372
30374,110
30375,-240
30376,126
30377,72
30378,-144
30379,36
30380,-72
30381,-360
30382,-116
30383,400
30384,24
30385,-512
30386,88
30387,288
30388,108
30389,283
30390,152
30391,-152
30392,-18
30393,128
30394,-120
30395,-384
30396,-48
30397,38
30398,30
30399,4
30400,308
30401,42
30402,-36
30403,-227
30404,160
30405,296
30406,-16
30407,255
30408,36
30409,9
30410,-312
30411,153
30412,6
30413,198
30414,-18
30415,-480
30416,66
30417,142
30418,-77
30419,48
30420,48
30421,20
30422,135
30423,-156
30424,-324
30425,-462
30426,176
30427,178
30428,48
30429,-64
30430,48
30431,-192
30432,-200
30433,-175
30434,172
30435,-8
30436,-78
30437,184
30438,0
30439,224
30440,-72
30441,-64
30442,-180
30443,90
30444,112
30445,-392
30446,160
30447,30
30448,-16
30449,299
30450,-132
30451,24
30452,-208
30453,72
30454,-104
30455,400
30456,-297
30457,24
30458,-192
30459,360
30460,16
30461,18
30462,220
30463,-90
30464,-153
30465,-48
30466,-126
30467,105
30468,80
30469,31
30470,224
30471,138
30472,-135
30473,-252
30474,-9
30475,440
30476,-108
30477,-124
30478,-64
30479,10
30480,-64
30481,-12
30482,-38
30483,-24
30484,-58
30485,420
30486,94
30487,-28
30488,144
30489,80
30490,-380
30491,252
30492,-15
30493,142
30494,200
30495,-384
30496,90
30497,50
30498,-240
30499,-234
30500,192
30501,25
30502,-6
30503,288
30504,486
30505,-188
30506,-156
30507,250
30508,42
30509,-166
30510,-32
30511,-235
30512,1
30513,-36
30514,32
30515,-288
30516,162
30517,-172
30518,108
30519,-40
30520,-612
30521,-416
30522,-196
30523,-33
30524,-180
30525,-264
30526,-84
30527,0
30528,-35
30529,-136
30530,252
30531,36
30532,-78
30533,60
30534,48
30535,324
30536,12
30537,110
30538,-6
30539,120
30540,192
30541,-162
30542,-113
30543,10
30544,72
30545,-288
30546,-39
30547,-36
30548,-72
30549,-42
30550,495
30551,24
30552,168
30553,103
30554,-60
30555,144
30556,-16
30557,136
30558,-128
30559,-205
30560,0
30561,-128
30562,-72
30563,-160
30564,64
30565,-204
30566,-54
30567,-144
30568,144
30569,264
30570,-96
30571,-292
30572,-141
30573,-70
30574,-126
30575,429
30576,-20
30577,-58
30578,-32
30579,-238
30580,256
30581,70
30582,-14
30583,18
30584,-78
30585,-56
30586,18
30587,-54
30588,-60
30589,24
30590,384
30591,-256
30592,-72
30593,145
30594,8
30595,192
30596,107
30597,-486
30598,56
30599,84
30600,-99
30601,54
30602,240
30603,194
30604,-30
30605,228
30606,-2
30607,80
30608,72
30609,-16
30610,-248
30611,252
30612,2
30613,192
30614,-125
30615,-640
30616,0
30617,-222
30618,-168
30619,-175
30620,-172
30621,64
30622,-72
30623,-16
30624,-80
30625,82
30626,94
30627,-81
30628,-180
30629,-510
30630,-24
30631,-276
30632,-243
30633,296
30634,40
30635,-32
30636,24
30637,-29
30638,124
30639,264
30640,40
30641,-70
30642,-130
30643,-126
30644,-9
30645,176
30646,120
30647,72
30648,-270
30649,212
30650,44
30651,168
30652,120
30653,18
30654,-15
30655,-192
30656,-63
30657,0
30658,-120
30659,-504
30660,-48
30661,-5
30662,68
30663,-92
30664,93
30665,-384
30666,-152
30667,-345
30668,108
30669,-96
30670,248
30671,-256
30672,-36
30673,-114
30674,-16
30675,110
30676,40
30677,311
30678,140
30679,136
30680,480
30681,-84
30682,82
30683,-48
30684,162
30685,36
30686,14
30687,200
30688,45
30689,243
30690,144
30691,-198
30692,46
30693,-180
30694,128
30695,204
30696,78
30697,-22
30698,-74
30699,-44
30700,-352
30701,80
30702,126
30703,-191
30704,8
30705,0
30706,-325
30707,150
30708,-25
30709,324
30710,-108
30711,48
30712,-48
30713,-194
30714,-240
30715,288
30716,-180
30717,54
30718,-66
30719,-240
30720,360
30721,-225
30722,10
30723,-64
30724,-70
30725,506
30726,-4
30727,272
30728,192
30729,66
30730,-96
30731,250
30732,-90
30733,-14
30734,40
30735,144
30736,-6
30737,-201
30738,-306
30739,136
30740,-40
30741,168
30742,-176
30743,9
30744,-72
30745,-560
30746,-43
30747,84
30748,5
30749,-240
30750,-432
30751,0
30752,250
30753,84
30754,117
30755,80
30756,-88
30757,152
30758,15
30759,-106
30760,-528
30761,-228
30762,-66
30763,88
30764,121
30765,-216
30766,61
30767,100
30768,18
30769,-60
30770,-24
30771,105
30772,-32
30773,-132
30774,128
30775,-352
30776,36
30777,-240
30778,104
30779,-264
30780,-176
30781,-260
30782,64
30783,-468
30784,-105
30785,108
30786,-78
30787,-192
30788,-28
30789,-128
30790,240
30791,108
30792,-156
30793,-135
30794,0
30795,128
30796,-120
30797,-640
30798,-16
30799,-264
30800,-132
30801,360
30802,65
30803,179
30804,18
30805,64
30806,-48
30807,-12
30808,-87
30809,-330
30810,-400
30811,-212
30812,-88
30813,316
30814,-243
30815,-516
30816,-60
30817,65
30818,180
30819,188
30820,-224
30821,18
30822,288
30823,415
30824,351
30825,33
30826,-42
30827,-4
30828,12
30829,80
30830,48
30831,336
30832,-81
30833,-420
30834,-84
30835,216
30836,100
30837,-8
30838,-36
30839,-44
30840,-48
30841,-217
30842,213
30843,64
30844,72
30845,360
30846,-120
30847,272
30848,-30
30849,60
30850,-44
30851,256
30852,-57
30853,118
30854,40
30855,120
30856,-72
30857,40
30858,-96
30859,-325
30860,176
30861,80
30862,20
30863,57
30864,-52
30865,488
30866,-256
30867,160
30868,-2
30869,-98
30870,60
30871,-58
30872,99
30873,-162
30874,-168
30875,480
30876,-162
30877,324
30878,16
30879,-18
30880,-400
30881,292
30882,36
30883,0
30884,-138
30885,144
30886,-78
30887,-154
30888,240
30889,-240
30890,-336
30891,-342
30892,108
30893,45
30894,64
30895,-96
30896,-38
30897,28
30898,45
30899,-112
30900,-352
30901,-115
30902,14
30903,160
30904,168
30905,-312
30906,-6
30907,558
30908,-121
30909,192
30910,-480
30911,-257
30912,336
30913,208
30914,90
30915,-32
30916,24
30917,-126
30918,56
30919,36
30920,264
30921,-96
30922,111
30923,96
30924,45
30925,352
30926,102
30927,-192
30928,72
30929,144
30930,-216
30931,165
30932,-48
30933,60
30934,-144
30935,608
30936,240
30937,-228
30938,-252
30939,-260
30940,-180
30941,-273
30942,0
30943,-96
30944,200
30945,-272
30946,3
30947,-90
30948,-154
30949,-70
30950,-77
30951,8
30952,30
30953,15
30954,-168
30955,108
30956,153
30957,-168
30958,32
30959,-18
30960,-28
30961,-159
30962,6
30963,-216
30964,-98
30965,144
30966,220
30967,-16
30968,-60
30969,-108
30970,16
30971,-91
30972,0
30973,-81
30974,159
30975,528
30976,-85
30977,-81
30978,5
30979,180
30980,-152
30981,416
30982,18
30983,27
30984,240
30985,-48
30986,-47
30987,-32
30988,-64
30989,-132
30990,-8
30991,-27
30992,-40
30993,-202
30994,-118
30995,-104
30996,108
30997,128
30998,80
30999,66
31000,-648
31001,-98
31002,166
31003,336
31004,184
31005,-100
31006,-81
31007,-64
31008,-120
31009,-240
31010,108
31011,-336
31012,-33
31013,66
31014,-74
31015,-188
31016,-264
31017,96
31018,105
31019,123
31020,288
31021,112
31022,-173
31023,-110
31024,42
31025,66
31026,-80
31027,-288
31028,-69
31029,80
31030,96
31031,540
31032,-18
31033,313
31034,168
31035,104
31036,68
31037,126
31038,108
31039,-220
31040,336
31041,94
31042,108
31043,72
31044,-100
31045,180
31046,21
31047,-60
31048,177
31049,-192
31050,-352
31051,83
31052,162
31053,-360
31054,-97
31055,-564
31056,-2
31057,-170
31058,45
31059,18
31060,-164
31061,0
31062,144
31063,243
31064,144
31065,-544
31066,40
31067,-18
31068,-46
31069,-144
31070,480
31071,-306
31072,190
31073,-480
31074,8
31075,88
31076,75
31077,-208
31078,-36
31079,243
31080,-216
31081,-13
31082,-138
31083,-120
31084,20
31085,172
31086,64
31087,135
31088,-14
31089,140
31090,-204
31091,44
31092,-120
31093,216
31094,-96
31095,160
31096,288
31097,10
31098,-36
31099,-33
31100,352
31101,-192
31102,-238
31103,-132
31104,-30
31105,408
31106,-48
31107,-208
31108,24
31109,290
31110,192
31111,180
31112,-81
31113,-34
31114,234
31115,-64
31116,16
31117,-75
31118,208
31119,-576
31120,100
31121,-228
31122,-60
31123,-246
31124,-81
31125,432
31126,90
31127,-54
31128,246
31129,-12
31130,256
31131,104
31132,14
31133,0
31134,-48
31135,-180
31136,240
31137,-288
31138,110
31139,140
31140,16
31141,-128
31142,-96
31143,-54
31144,-18
31145,84
31146,16
31147,-4
31148,35
31149,-58
31150,0
31151,-62
31152,-64
31153,294
31154,-21
31155,-504
31156,-96
31157,306
31158,-56
31159,-108
31160,-432
31161,-270
31162,12
31163,-92
31164,-20
31165,-256
31166,119
31167,8
31168,-196
31169,72
31170,360
31171,48
31172,58
31173,20
31174,340
31175,-154
31176,-3
31177,90
31178,27
31179,-216
31180,-32
31181,-144
31182,-138
31183,-251
31184,6
31185,528
31186,54
31187,-120
31188,-32
31189,-101
31190,96
31191,-180
31192,-18
31193,-270
31194,26
31195,-24
31196,-16
31197,-346
31198,96
31199,-129
31200,550
31201,54
31202,23
31203,-46
31204,-38
31205,-84
31206,-60
31207,336
31208,243
31209,-64
31210,-40
31211,-328
31212,32
31213,295
31214,80
31215,-640
31216,64
31217,180
31218,70
31219,348
31220,96
31221,-16
31222,-77
31223,0
31224,162
31225,-649
31226,205
31227,-54
31228,72
31229,96
31230,4
31231,-71
31232,-88
31233,-96
31234,288
31235,-68
31236,24
31237,302
31238,111
31239,0
31240,432
31241,-42
31242,144
31243,160
31244,24
31245,112
31246,54
31247,57
31248,27
31249,18
31250,-29
31251,448
31252,-140
31253,86
31254,18
31255,432
31256,48
31257,-24
31258,-9
31259,95
31260,136
31261,56
31262,16
31263,-24
31264,270
31265,-144
31266,-220
31267,252
31268,142
31269,162
31270,-160
31271,116
31272,48
31273,-400
31274,32
31275,176
31276,24
31277,186
31278,270
31279,-486
31280,-96
31281,-156
31282,107
31283,459
31284,-40
31285,-496
31286,196
31287,234
31288,-243
31289,-252
31290,-192
31291,-90
31292,-129
31293,128
31294,-188
31295,16
31296,14
31297,-189
31298,142
31299,300
31300,88
31301,-28
31302,-27
31303,80
31304,-315
31305,-336
31306,-192
31307,89
31308,-90
31309,72
31310,-72
31311,18
31312,64
31313,8
31314,-192
31315,-4
31316,-6
31317,80
31318,-249
31319,-288
31320,96
31321,-323
31322,20
31323,90
31324,0
31325,-132
31326,-176
31327,-136
31328,0
31329,5
31330,200
31331,-144
31332,-12
31333,64
31334,34
31335,448
31336,114
31337,-305
31338,2
31339,45
31340,-140
31341,414
31342,36
31343,-250
31344,44
31345,192
31346,0
31347,-91
31348,66
31349,144
31350,-352
31351,108
31352,108
31353,60
31354,16
31355,396
31356,35
31357,198
31358,40
31359,132
31360,24
31361,-284
31362,-130
31363,220
31364,-82
31365,108
31366,-172
31367,24
31368,108
31369,-160
31370,168
31371,360
31372,-288
31373,6
31374,108
31375,216
31376,15
31377,402
31378,2
31379,126
31380,40
31381,-348
31382,-135
31383,80
31384,174
31385,308
31386,180
31387,-54
31388,96
31389,42
31390,56
31391,-132
31392,-85
31393,29
31394,216
31395,960
31396,72
31397,-177
31398,222
31399,24
31400,-528
31401,-176
31402,-18
31403,-171
31404,108
31405,336
31406,-90
31407,12
31408,15
31409,18
31410,-16
31411,64
31412,49
31413,96
31414,32
31415,512
31416,216
31417,0
31418,288
31419,78
31420,72
31421,-310
31422,-90
31423,-54
31424,140
31425,594
31426,112
31427,8
31428,-132
31429,-100
31430,-312
31431,68
31432,165
31433,18
31434,216
31435,48
31436,16
31437,84
31438,-152
31439,192
31440,-24
31441,432
31442,100
31443,144
31444,132
31445,416
31446,-41
31447,-360
31448,180
31449,-144
31450,99
31451,132
31452,-168
31453,-81
31454,132
31455,176
31456,140
31457,36
31458,48
31459,-20
31460,-100
31461,336
31462,-110
31463,12
31464,96
31465,216
31466,191
31467,24
31468,-164
31469,-101
31470,80
31471,-72
31472,-90
31473,-95
31474,50
31475,132
31476,-112
31477,301
31478,79
31479,0
31480,-216
31481,-42
31482,-80
31483,-52
31484,-48
31485,-400
31486,-60
31487,224
31488,-306
31489,300
31490,252
31491,38
31492,-141
31493,-60
31494,-8
31495,-264
31496,216
31497,-294
31498,-51
31499,95
31500,72
31501,136
31502,-152
31503,286
31504,16
31505,-32
31506,0
31507,-52
31508,138
31509,-275
31510,96
31511,-194
31512,60
31513,-293
31514,-15
31515,0
31516,-120
31517,-12
31518,-48
31519,-91
31520,-180
31521,-240
31522,36
31523,52
31524,54
31525,660
31526,192
31527,-18
31528,81
31529,396
31530,40
31531,-90
31532,103
31533,-400
31534,198
31535,180
31536,-8
31537,-288
31538,280
31539,316
31540,144
31541,-169
31542,72
31543,-218
31544,-111
31545,72
31546,-216
31547,143
31548,192
31549,258
31550,198
31551,-440
31552,42
31553,-176
31554,62
31555,36
31556,-120
31557,-224
31558,216
31559,48
31560,504
31561,75
31562,-14
31563,96
31564,140
31565,-384
31566,-252
31567,232
31568,58
31569,42
31570,432
31571,30
31572,17
31573,-133
31574,-66
31575,154
31576,84
31577,15
31578,112
31579,504
31580,-8
31581,10
31582,-8
31583,74
31584,270
31585,-192
31586,0
31587,-292
31588,-40
31589,108
31590,200
31591,-246
31592,-288
31593,-28
31594,78
31595,0
31596,-36
31597,140
31598,72
31599,4
31600,-110
31601,51
31602,32
31603,144
31604,130
31605,-112
31606,196
31607,174
31608,-24
31609,2
31610,136
31611,36
31612,18
31613,16
31614,72
31615,388
31616,60
31617,-128
31618,-174
31619,27
31620,216
31621,-512
31622,12
31623,-144
31624,168
31625,768
31626,-27
31627,238
31628,75
31629,450
31630,-160
31631,36
31632,18
31633,-111
31634,-201
31635,-48
31636,-72
31637,-84
31638,48
31639,48
31640,72
31641,100
31642,210
31643,140
31644,36
31645,224
31646,60
31647,-72
31648,280
31649,30
31650,528
31651,27
31652,180
31653,51
31654,24
31655,-560
31656,0
31657,245
31658,-136
31659,-64
31660,-220
31661,351
31662,-28
31663,120
31664,36
31665,144
31666,72
31667,21
31668,-60
31669,-140
31670,184
31671,264
31672,108
31673,228
31674,126
31675,66
31676,32
31677,-132
31678,-207
31679,270
31680,-112
31681,345
31682,-54
31683,-64
31684,89
31685,-8
31686,-116
31687,84
31688,99
31689,-18
31690,-80
31691,-196
31692,128
31693,-198
31694,-200
31695,184
31696,48
31697,20
31698,-144
31699,95
31700,-220
31701,46
31702,15
31703,-2
31704,-300
31705,24
31706,0
31707,40
31708,146
31709,171
31710,72
31711,160
31712,125
31713,-400
31714,-32
31715,-100
31716,18
31717,-216
31718,-184
31719,-408
31720,-480
31721,-88
31722,192
31723,300
31724,192
31725,-396
31726,54
31727,-216
31728,4
31729,30
31730,-128
31731,132
31732,-114
31733,-220
31734,63
31735,224
31736,72
31737,144
31738,24
31739,24
31740,-328
31741,-39
31742,-152
31743,-24
31744,-207
31745,144
31746,120
31747,-35
31748,75
31749,-16
31750,-192
31751,161
31752,66
31753,60
31754,-146
31755,32
31756,108
31757,384
31758,-140
31759,-60
31760,88
31761,-46
31762,114
31763,232
31764,-44
31765,208
31766,225
31767,258
31768,36
31769,0
31770,48
31771,-60
31772,108
31773,0
31774,-205
31775,891
31776,260
31777,126
31778,-187
31779,-192
31780,-132
31781,-136
31782,24
31783,-135
31784,-18
31785,40
31786,320
31787,288
31788,-26
31789,90
31790,128
31791,-64
31792,16
31793,-240
31794,84
31795,344
31796,143
31797,48
31798,-195
31799,208
31800,-330
31801,-64
31802,-148
31803,-320
31804,-65
31805,-416
31806,-144
31807,-138
31808,189
31809,-352
31810,168
31811,-405
31812,80
31813,120
31814,53
31815,24
31816,-324
31817,-38
31818,-102
31819,-108
31820,-84
31821,-300
31822,237
31823,-105
31824,15
31825,308
31826,106
31827,-306
31828,34
31829,198
31830,-240
31831,32
31832,96
31833,30
31834,-192
31835,-232
31836,24
31837,450
31838,-88
31839,-148
31840,-200
31841,-192
31842,16
31843,60
31844,108
31845,640
31846,-66
31847,289
31848,312
31849,-50
31850,-110
31851,-52
31852,92
31853,140
31854,-144
31855,-448
31856,-8
31857,162
31858,36
31859,60
31860,-128
31861,-72
31862,0
31863,-280
31864,9
31865,496
31866,36
31867,200
31868,18
31869,20
31870,-256
31871,96
31872,54
31873,355
31874,162
31875,-246
31876,20
31877,-72
31878,-96
31879,234
31880,-144
31881,28
31882,96
31883,-226
31884,174
31885,-636
31886,96
31887,260
31888,-24
31889,-160
31890,-16
31891,-212
31892,-63
31893,170
31894,18
31895,-412
31896,27
31897,0
31898,-225
31899,-270
31900,-88
31901,-64
31902,-50
31903,-40
31904,-310
31905,-16
31906,105
31907,-204
31908,26
31909,-66
31910,252
31911,-320
31912,-204
31913,324
31914,-99
31915,400
31916,20
31917,202
31918,-28
31919,-8
31920,-96
31921,-33
31922,-92
31923,-68
31924,-8
31925,-495
31926,48
31927,-144
31928,480
31929,-8
31930,-576
31931,138
31932,15
31933,416
31934,-240
31935,-48
31936,196
31937,153
31938,28
31939,160
31940,264
31941,144
31942,84
31943,30
31944,-144
31945,76
31946,35
31947,256
31948,2
31949,-70
31950,99
31951,0
31952,26
31953,-98
31954,-230
31955,-432
31956,26
31957,-170
31958,-100
31959,-35
31960,-324
31961,243
31962,36
31963,-40
31964,-24
31965,672
31966,24
31967,-240
31968,60
31969,96
31970,512
31971,-364
31972,38
31973,180
31974,138
31975,143
31976,189
31977,48
31978,64
31979,-32
31980,-360
31981,216
31982,-1
31983,-24
31984,19
31985,280
31986,-16
31987,92
31988,32
31989,-36
31990,300
31991,-22
31992,378
31993,-480
31994,135
31995,440
31996,28
31997,44
31998,-108
31999,-328
32000,408
32001,0
32002,50
32003,-84
32004,-24
32005,-48
32006,160
32007,-198
32008,6
32009,-273
32010,-384
32011,171
32012,15
32013,96
32014,160
32015,-368
32016,-32
32017,-40
32018,171
32019,240
32020,48
32021,-324
32022,80
32023,9
32024,-192
32025,-528
32026,168
32027,-332
32028,96
32029,219
32030,144
32031,-26
32032,-300
32033,512
32034,-240
32035,-224
32036,-97
32037,32
32038,180
32039,-240
32040,0
32041,-163
32042,3
32043,-304
32044,100
32045,120
32046,68
32047,16
32048,-76
32049,-16
32050,99
32051,98
32052,78
32053,120
32054,324
32055,-208
32056,171
32057,-210
32058,-15
32059,-58
32060,24
32061,192
32062,216
32063,-229
32064,-112
32065,100
32066,-213
32067,-72
32068,-34
32069,11
32070,-392
32071,185
32072,288
32073,-120
32074,60
32075,-286
32076,-52
32077,-19
32078,14
32079,48
32080,108
32081,-288
32082,6
32083,54
32084,-20
32085,-288
32086,-168
32087,144
32088,0
32089,-76
32090,-96
32091,72
32092,-18
32093,-63
32094,66
32095,-24
32096,-120
32097,80
32098,-176
32099,-212
32100,-264
32101,324
32102,-117
32103,-72
32104,-198
32105,420
32106,-84
32107,312
32108,32
32109,-384
32110,-192
32111,-9
32112,-8
32113,180
32114,-241
32115,472
32116,81
32117,-170
32118,-20
32119,-136
32120,96
32121,-63
32122,-168
32123,180
32124,122
32125,-48
32126,-8
32127,292
32128,27
32129,0
32130,-144
32131,-256
32132,28
32133,274
32134,-77
32135,-352
32136,480
32137,-231
32138,-17
32139,13
32140,60
32141,-42
32142,224
32143,-319
32144,18
32145,368
32146,-55
32147,-216
32148,36
32149,-120
32150,-286
32151,258
32152,-216
32153,120
32154,-176
32155,-544
32156,89
32157,-242
32158,171
32159,320
32160,280
32161,-108
32162,-160
32163,-54
32164,84
32165,-216
32166,12
32167,-36
32168,246
32169,192
32170,352
32171,-140
32172,60
32173,136
32174,-126
32175,-220
32176,-64
32177,-208
32178,72
32179,-120
32180,-292
32181,-108
32182,-80
32183,-72
32184,96
32185,576
32186,60
32187,100
32188,-35
32189,-201
32190,48
32191,153
32192,-42
32193,4
32194,-116
32195,108
32196,-138
32197,-328
32198,-168
32199,52
32200,792
32201,-35
32202,66
32203,-70
32204,108
32205,64
32206,-114
32207,252
32208,64
32209,-405
32210,220
32211,-84
32212,-86
32213,-124
32214,-240
32215,-48
32216,-36
32217,26
32218,0
32219,-16
32220,-16
32221,183
32222,-208
32223,-576
32224,-100
32225,440
32226,54
32227,-105
32228,156
32229,-98
32230,144
32231,160
32232,180
32233,-213
32234,-99
32235,768
32236,-56
32237,56
32238,-110
32239,128
32240,180
32241,-432
32242,135
32243,-156
32244,58
32245,56
32246,144
32247,83
32248,-96
32249,-72
32250,-336
32251,264
32252,-52
32253,280
32254,-112
32255,-392
32256,-33
32257,181
32258,-63
32259,68
32260,72
32261,-52
32262,128
32263,-324
32264,153
32265,-384
32266,-30
32267,162
32268,-176
32269,328
32270,264
32271,-18
32272,7
32273,-216
32274,-4
32275,440
32276,59
32277,60
32278,-14
32279,0
32280,-456
32281,-56
32282,-28
32283,-72
32284,-78
32285,576
32286,-88
32287,225
32288,270
32289,36
32290,52
32291,18
32292,-160
32293,84
32294,70
32295,264
32296,-24
32297,22
32298,264
32299,36
32300,-132
32301,-36
32302,153
32303,19
32304,-8
32305,540
32306,4
32307,0
32308,81
32309,246
32310,-96
32311,-50
32312,126
32313,140
32314,-36
32315,960
32316,108
32317,-198
32318,-40
32319,120
32320,56
32321,-66
32322,256
32323,-51
32324,-112
32325,-132
32326,-135
32327,-242
32328,-78
32329,-44
32330,160
32331,-380
32332,24
32333,216
32334,-120
32335,-64
32336,-63
32337,-84
32338,-96
32339,-18
32340,-64
32341,-176
32342,-256
32343,262
32344,-480
32345,-372
32346,28
32347,-246
32348,40
32349,-378
32350,-11
32351,48
32352,-230
32353,-202
32354,132
32355,-72
32356,16
32357,-60
32358,-148
32359,8
32360,-528
32361,336
32362,228
32363,171
32364,18
32365,476
32366,-10
32367,-164
32368,24
32369,-297
32370,-360
32371,-140
32372,-12
32373,-272
32374,92
32375,-216
32376,216
32377,-81
32378,68
32379,-126
32380,-228
32381,0
32382,6
32383,-225
32384,96
32385,192
32386,36
32387,-176
32388,-138
32389,4
32390,360
32391,-64
32392,306
32393,-16
32394,-60
32395,576
32396,0
32397,-196
32398,-96
32399,-8
32400,121
32401,179
32402,54
32403,-264
32404,-32
32405,400
32406,-160
32407,-160
32408,255
32409,70
32410,-192
32411,90
32412,12
32413,-226
32414,100
32415,120
32416,95
32417,-84
32418,-74
32419,-3
32420,-264
32421,-48
32422,70
32423,24
32424,360
32425,451
32426,45
32427,-164
32428,-35
32429,-196
32430,576
32431,-54
32432,-37
32433,8
32434,-42
32435,560
32436,15
32437,-10
32438,-52
32439,-224
32440,540
32441,-121
32442,-224
32443,310
32444,59
32445,192
32446,67
32447,-225
32448,-168
32449,-51
32450,-352
32451,8
32452,-96
32453,-216
32454,-112
32455,8
32456,192
32457,72
32458,-90
32459,78
32460,-8
32461,220
32462,-158
32463,56
32464,1
32465,84
32466,-132
32467,214
32468,138
32469,-60
32470,0
32471,-264
32472,108
32473,-261
32474,295
32475,-22
32476,-96
32477,360
32478,76
32479,330
32480,-120
32481,-297
32482,136
32483,116
32484,-184
32485,0
32486,24
32487,60
32488,81
32489,-20
32490,12
32491,132
32492,66
32493,320
32494,-288
32495,336
32496,24
32497,-61
32498,50
32499,-128
32500,205
32501,273
32502,-52
32503,117
32504,-216
32505,288
32506,-74
32507,18
32508,84
32509,-64
32510,-84
32511,-324
32512,-136
32513,360
32514,24
32515,0
32516,72
32517,2
32518,18
32519,-90
32520,192
32521,-216
32522,48
32523,54
32524,36
32525,297
32526,-80
32527,40
32528,48
32529,228
32530,-8
32531,-136
32532,-128
32533,236
32534,-186
32535,-160
32536,-54
32537,66
32538,-48
32539,-350
32540,208
32541,136
32542,-160
32543,-186
32544,10
32545,-512
32546,-76
32547,168
32548,160
32549,95
32550,594
32551,98
32552,-120
32553,-13
32554,-198
32555,-120
32556,-194
32557,-327
32558,16
32559,-300
32560,48
32561,296
32562,70
32563,-28
32564,132
32565,-320
32566,228
32567,-88
32568,384
32569,-260
32570,-368
32571,-108
32572,27
32573,153
32574,0
32575,88
32576,-168
32577,236
32578,60
32579,-78
32580,8
32581,-45
32582,128
32583,-340
32584,219
32585,240
32586,-20
32587,241
32588,-96
32589,108
32590,148
32591,-680
32592,-72
32593,360
32594,-28
32595,360
32596,-60
32597,-54
32598,-64
32599,-213
32600,33
32601,-330
32602,-218
32603,10
32604,-160
32605,180
32606,27
32607,-44
32608,-60
32609,-310
32610,208
32611,322
32612,-189
32613,246
32614,-32
32615,-320
32616,-36
32617,240
32618,9
32619,-54
32620,-132
32621,-208
32622,228
32623,-24
32624,7
32625,-48
32626,36
32627,-240
32628,-96
32629,-196
32630,-180
32631,32
32632,-15
32633,-155
32634,6
32635,384
32636,90
32637,-448
32638,-104
32639,16
32640,-72
32641,30
32642,-180
32643,-495
32644,91
32645,-20
32646,-216
32647,-144
32648,180
32649,254
32650,242
32651,-320
32652,12
32653,94
32654,-18
32655,-768
32656,80
32657,-16
32658,50
32659,-120
32660,-288
32661,0
32662,180
32663,0
32664,-60
32665,576
32666,46
32667,-36
32668,-48
32669,-360
32670,-80
32671,78
32672,-15
32673,24
32674,150
32675,198
32676,150
32677,108
32678,-132
32679,62
32680,-336
32681,-364
32682,-270
32683,-32
32684,69
32685,-416
32686,112
32687,180
32688,11
32689,-276
32690,432
32691,-54
32692,-40
32693,-179
32694,52
32695,-120
32696,-168
32697,48
32698,-71
32699,20
32700,-374
32701,20
32702,81
32703,-200
32704,42
32705,-864
32706,-80
32707,-188
32708,45
32709,-116
32710,-324
32711,12
32712,-108
32713,66
32714,36
32715,32
32716,-12
32717,33
32718,216
32719,213
32720,-20
32721,240
32722,248
32723,42
32724,-22
32725,396
32726,-43
32727,4
32728,21
32729,384
32730,192
32731,-198
32732,-16
32733,-52
32734,-60
32735,-392
32736,360
32737,-296
32738,44
32739,48
32740,-132
32741,-12
32742,-36
32743,72
32744,-54
32745,-192
32746,-153
32747,-40
32748,172
32749,-190
32750,-72
32751,-224
32752,0
32753,171
32754,-160
32755,-352
32756,-24
32757,64
32758,-108
32759,243
32760,-180
32761,-177
32762,-214
32763,14
32764,-68
32765,-368
32766,112
32767,-81
32768,93
32769,-104
32770,-16
32771,-92
32772,-116
32773,40
32774,105
32775,704
32776,-90
32777,52
32778,112
32779,175
32780,-128
32781,-32
32782,-27
32783,315
32784,-72
32785,-360
32786,-144
32787,-36
32788,96
32789,-36
32790,80
32791,-40
32792,180
32793,156
32794,184
32795,-144
32796,-53
32797,-94
32798,-369
32799,-250
32800,-495
32801,-86
32802,-216
32803,334
32804,128
32805,-292
32806,-36
32807,35
32808,-324
32809,357
32810,-240
32811,-272
32812,90
32813,256
32814,-9
32815,40
32816,27
32817,-120
32818,152
32819,-45
32820,-216
32821,-432
32822,-7
32823,-51
32824,24
32825,110
32826,176
32827,114
32828,32
32829,-216
32830,-56
32831,-281
32832,112
32833,-138
32834,3
32835,320
32836,-61
32837,354
32838,-70
32839,-335
32840,288
32841,0
32842,-105
32843,-12
32844,-144
32845,220
32846,-40
32847,332
32848,-16
32849,-384
32850,22
32851,45
32852,0
32853,-198
32854,62
32855,548
32856,-168
32857,-128
32858,141
32859,-168
32860,180
32861,-216
32862,-132
32863,-16
32864,-250
32865,-192
32866,-64
32867,304
32868,-36
32869,-218
32870,-64
32871,-134
32872,324
32873,144
32874,244
32875,504
32876,-14
32877,-150
32878,120
32879,64
32880,-24
32881,-27
32882,-243
32883,48
32884,-85
32885,-308
32886,-66
32887,-233
32888,-237
32889,112
32890,-640
32891,270
32892,-102
32893,72
32894,224
32895,84
32896,-6
32897,140
32898,-206
32899,72
32900,297
32901,496
32902,52
32903,235
32904,75
32905,120
32906,-53
32907,210
32908,-4
32909,-239
32910,480
32911,-160
32912,-15
32913,160
32914,96
32915,88
32916,240
32917,239
32918,-51
32919,-36
32920,96
32921,192
32922,72
32923,-72
32924,110
32925,-176
32926,2
32927,104
32928,150
32929,120
32930,0
32931,3
32932,-79
32933,165
32934,-224
32935,-540
32936,-96
32937,312
32938,-70
32939,-76
32940,128
32941,-63
32942,-30
32943,-320
32944,-18
32945,-112
32946,64
32947,162
32948,88
32949,-15
32950,99
32951,198
32952,-378
32953,18
32954,142
32955,40
32956,144
32957,-139
32958,-18
32959,-384
32960,448
32961,208
32962,-45
32963,-126
32964,-126
32965,16
32966,160
32967,-132
32968,300
32969,174
32970,384
32971,233
32972,10
32973,-16
32974,-78
32975,0
32976,-2
32977,-8
32978,0
32979,-272
32980,-144
32981,-280
32982,384
32983,-148
32984,324
32985,-52
32986,135
32987,168
32988,-20
32989,128
32990,176
32991,-108
32992,-135
32993,128
32994,180
32995,-120
32996,-4
32997,6
32998,42
32999,181
33000,-576
33001,8
33002,-2
33003,80
33004,-24
33005,-864
33006,270
33007,-200
33008,34
33009,410
33010,64
33011,-328
33012,-9
33013,231
33014,114
33015,-648
33016,198
33017,30
33018,-242
33019,0
33020,-160
33021,156
33022,160
33023,16
33024,-238
33025,-550
33026,46
33027,-68
33028,192
33029,281
33030,-8
33031,42
33032,-78
33033,150
33034,90
33035,-36
33036,62
33037,242
33038,219
33039,77
33040,-96
33041,-108
33042,270
33043,0
33044,48
33045,568
33046,-405
33047,324
33048,-90
33049,-274
33050,22
33051,-144
33052,160
33053,35
33054,108
33055,448
33056,-5
33057,-2
33058,-209
33059,-405
33060,-64
33061,-135
33062,-64
33063,-384
33064,162
33065,-300
33066,32
33067,308
33068,-195
33069,-12
33070,-336
33071,128
33072,50
33073,36
33074,-144
33075,88
33076,116
33077,432
33078,48
33079,8
33080,336
33081,18
33082,144
33083,159
33084,-18
33085,-480
33086,-99
33087,342
33088,-252
33089,-6
33090,368
33091,97
33092,-74
33093,80
33094,-33
33095,-236
33096,162
33097,272
33098,-140
33099,192
33100,286
33101,-270
33102,16
33103,294
33104,-13
33105,120
33106,189
33107,-114
33108,0
33109,-18
33110,336
33111,80
33112,-6
33113,60
33114,144
33115,48
33116,84
33117,-216
33118,-42
33119,72
33120,160
33121,148
33122,-92
33123,-32
33124,-24
33125,-205
33126,124
33127,-384
33128,-54
33129,55
33130,-8
33131,108
33132,-72
33133,-18
33134,-227
33135,272
33136,68
33137,150
33138,-63
33139,441
33140,-52
33141,228
33142,-22
33143,-96
33144,-174
33145,672
33146,94
33147,16
33148,-136
33149,-5
33150,330
33151,-8
33152,-27
33153,28
33154,15
33155,-64
33156,-128
33157,-324
33158,-240
33159,12
33160,-456
33161,56
33162,-244
33163,-5
33164,24
33165,-112
33166,384
33167,-192
33168,-80
33169,396
33170,-432
33171,244
33172,14
33173,24
33174,-48
33175,572
33176,120
33177,188
33178,40
33179,180
33180,-240
33181,-42
33182,108
33183,184
33184,120
33185,-72
33186,-80
33187,72
33188,-126
33189,-240
33190,80
33191,70
33192,66
33193,-164
33194,-249
33195,48
33196,140
33197,0
33198,48
33199,244
33200,-99
33201,-81
33202,225
33203,-161
33204,92
33205,-16
33206,84
33207,340
33208,-180
33209,-280
33210,-396
33211,185
33212,-24
33213,-172
33214,104
33215,120
33216,-56
33217,72
33218,162
33219,-60
33220,48
33221,384
33222,-8
33223,134
33224,318
33225,198
33226,78
33227,-64
33228,45
33229,54
33230,324
33231,160
33232,63
33233,80
33234,0
33235,-256
33236,12
33237,-128
33238,-115
33239,-154
33240,336
33241,-405
33242,-88
33243,330
33244,-59
33245,544
33246,8
33247,48
33248,225
33249,8
33250,-288
33251,-405
33252,-6
33253,-128
33254,-65
33255,72
33256,-252
33257,354
33258,160
33259,-70
33260,140
33261,-174
33262,-210
33263,-54
33264,-48
33265,232
33266,97
33267,250
33268,-96
33269,-192
33270,-432
33271,180
33272,-96
33273,-97
33274,24
33275,-264
33276,144
33277,384
33278,69
33279,-132
33280,-220
33281,384
33282,6
33283,243
33284,80
33285,480
33286,0
33287,94
33288,48
33289,-53
33290,8
33291,30
33292,54
33293,108
33294,-72
33295,0
33296,80
33297,-432
33298,144
33299,189
33300,-33
33301,-158
33302,-136
33303,-132
33304,48
33305,-400
33306,240
33307,248
33308,56
33309,-113
33310,-240
33311,1
33312,10
33313,0
33314,-145
33315,-256
33316,41
33317,-58
33318,-16
33319,220
33320,72
33321,-40
33322,-200
33323,-36
33324,-18
33325,693
33326,-68
33327,123
33328,-14
33329,129
33330,-64
33331,-185
33332,45
33333,-144
33334,-9
33335,64
33336,-48
33337,-45
33338,-240
33339,126
33340,228
33341,12
33342,-252
33343,274
33344,-119
33345,320
33346,-116
33347,8
33348,132
33349,121
33350,-176
33351,196
33352,-48
33353,-111
33354,-51
33355,-216
33356,171
33357,248
33358,130
33359,250
33360,-128
33361,-50
33362,-108
33363,92
33364,-32
33365,-16
33366,-126
33367,216
33368,-252
33369,44
33370,324
33371,-45
33372,-176
33373,184
33374,-108
33375,0
33376,-120
33377,-43
33378,212
33379,-104
33380,160
33381,-66
33382,-234
33383,-108
33384,360
33385,-448
33386,92
33387,432
33388,-60
33389,80
33390,60
33391,334
33392,42
33393,52
33394,128
33395,320
33396,-80
33397,-30
33398,-4
33399,128
33400,-264
33401,-168
33402,72
33403,105
33404,63
33405,72
33406,220
33407,100
33408,-6
33409,-213
33410,40
33411,126
33412,-74
33413,57
33414,-240
33415,-36
33416,-66
33417,-90
33418,-72
33419,-48
33420,-16
33421,-112
33422,84
33423,570
33424,-56
33425,0
33426,-28
33427,11
33428,-24
33429,-152
33430,-208
33431,52
33432,180
33433,196
33434,4
33435,-40
33436,-130
33437,52
33438,40
33439,270
33440,-320
33441,-288
33442,64
33443,-90
33444,0
33445,-368
33446,102
33447,-100
33448,-18
33449,405
33450,-176
33451,312
33452,-84
33453,264
33454,-175
33455,-392
33456,-54
33457,-250
33458,-146
33459,288
33460,288
33461,242
33462,48
33463,-544
33464,0
33465,768
33466,-28
33467,-72
33468,68
33469,-113
33470,-96
33471,-49
33472,-35
33473,-48
33474,72
33475,880
33476,26
33477,-152
33478,-72
33479,-20
33480,-432
33481,135
33482,-124
33483,68
33484,24
33485,-24
33486,-182
33487,233
33488,-120
33489,3
33490,-108
33491,96
33492,40
33493,94
33494,-48
33495,192
33496,150
33497,252
33498,-28
33499,160
33500,168
33501,-450
33502,-174
33503,240
33504,-40
33505,648
33506,16
33507,24
33508,102
33509,24
33510,-64
33511,-648
33512,216
33513,-214
33514,-200
33515,-584
33516,-8
33517,-70
33518,34
33519,-212
33520,-108
33521,26
33522,-18
33523,-210
33524,16
33525,-88
33526,-1
33527,385
33528,192
33529,-194
33530,108
33531,-178
33532,18
33533,111
33534,-104
33535,192
33536,-51
33537,-396
33538,45
33539,380
33540,-280
33541,-174
33542,-9
33543,8
33544,-63
33545,-384
33546,-294
33547,-145
33548,-43
33549,-240
33550,352
33551,-174
33552,11
33553,0
33554,104
33555,-664
33556,35
33557,352
33558,162
33559,-36
33560,288
33561,32
33562,-48
33563,-174
33564,50
33565,-24
33566,-200
33567,-112
33568,50
33569,10
33570,8
33571,8
33572,204
33573,-54
33574,-158
33575,330
33576,156
33577,-23
33578,16
33579,135
33580,-64
33581,228
33582,-80
33583,-252
33584,50
33585,0
33586,72
33587,116
33588,128
33589,-48
33590,168
33591,-184
33592,180
33593,90
33594,192
33595,-60
33596,33
33597,89
33598,-192
33599,-89
33600,-462
33601,40
33602,-100
33603,-448
33604,-72
33605,-720
33606,8
33607,-30
33608,330
33609,-54
33610,-64
33611,64
33612,-106
33613,149
33614,-72
33615,396
33616,0
33617,8
33618,60
33619,-218
33620,160
33621,-72
33622,56
33623,121
33624,108
33625,-456
33626,168
33627,96
33628,123
33629,-61
33630,-256
33631,120
33632,25
33633,-6
33634,-63
33635,-600
33636,-210
33637,121
33638,80
33639,-216
33640,-300
33641,-194
33642,0
33643,-108
33644,-5
33645,-48
33646,-74
33647,-240
33648,-36
33649,-384
33650,-44
33651,20
33652,-36
33653,-44
33654,-180
33655,160
33656,252
33657,460
33658,60
33659,12
33660,48
33661,-216
33662,91
33663,-8
33664,63
33665,-464
33666,36
33667,6
33668,36
33669,-56
33670,180
33671,248
33672,-384
33673,24
33674,-16
33675,-572
33676,-52
33677,-144
33678,-46
33679,20
33680,-28
33681,-544
33682,-172
33683,300
33684,162
33685,132
33686,72
33687,36
33688,-297
33689,168
33690,-352
33691,333
33692,-36
33693,24
33694,75
33695,-288
33696,275
33697,-234
33698,54
33699,432
33700,-253
33701,-42
33702,54
33703,48
33704,-120
33705,144
33706,-60
33707,159
33708,-56
33709,-40
33710,96
33711,-12
33712,14
33713,-160
33714,-64
33715,-64
33716,106
33717,416
33718,-104
33719,-21
33720,-720
33721,62
33722,-205
33723,-236
33724,-116
33725,396
33726,-48
33727,-88
33728,-189
33729,-150
33730,-128
33731,0
33732,-12
33733,240
33734,-16
33735,-160
33736,-72
33737,-248
33738,100
33739,140
33740,120
33741,8
33742,94
33743,-72
33744,24
33745,-264
33746,-216
33747,-90
33748,-160
33749,-175
33750,164
33751,352
33752,348
33753,-26
33754,150
33755,448
33756,-48
33757,-106
33758,-50
33759,-45
33760,480
33761,50
33762,156
33763,-64
33764,16
33765,-40
33766,-138
33767,27
33768,-63
33769,-274
33770,-512
33771,166
33772,-162
33773,270
33774,10
33775,660
33776,-18
33777,160
33778,-203
33779,-48
33780,72
33781,108
33782,96
33783,170
33784,-432
33785,88
33786,-22
33787,80
33788,-48
33789,438
33790,-612
33791,-208
33792,-184
33793,-162
33794,-112
33795,48
33796,-81
33797,-132
33798,42
33799,32
33800,-396
33801,-160
33802,-54
33803,96
33804,32
33805,-180
33806,-46
33807,0
33808,-23
33809,269
33810,-128
33811,170
33812,120
33813,40
33814,-40
33815,-492
33816,120
33817,30
33818,-75
33819,252
33820,0
33821,-216
33822,10
33823,88
33824,45
33825,792
33826,-135
33827,184
33828,-120
33829,350
33830,-120
33831,-48
33832,-324
33833,-456
33834,-30
33835,56
33836,176
33837,342
33838,186
33839,-60
33840,-36
33841,126
33842,-203
33843,-100
33844,-43
33845,-480
33846,210
33847,24
33848,-78
33849,13
33850,132
33851,-19
33852,270
33853,-48
33854,133
33855,192
33856,287
33857,340
33858,-176
33859,-80
33860,-36
33861,-86
33862,252
33863,53
33864,162
33865,-340
33866,216
33867,-45
33868,-91
33869,-240
33870,-48
33871,19
33872,-4
33873,-108
33874,165
33875,192
33876,-45
33877,264
33878,-40
33879,320
33880,180
33881,72
33882,-56
33883,-90
33884,63
33885,144
33886,-177
33887,432
33888,120
33889,83
33890,-100
33891,400
33892,-6
33893,144
33894,57
33895,336
33896,-96
33897,-320
33898,-186
33899,544
33900,44
33901,48
33902,-224
33903,-63
33904,-5
33905,212
33906,0
33907,-252
33908,-8
33909,0
33910,160
33911,-20
33912,-192
33913,-48
33914,-243
33915,288
33916,-128
33917,225
33918,-38
33919,-240
33920,-60
33921,-101
33922,-57
33923,27
33924,16
33925,704
33926,-167
33927,-294
33928,234
33929,27
33930,40
33931,-132
33932,-84
33933,-100
33934,27
33935,64
33936,-12
33937,114
33938,216
33939,297
33940,-156
33941,-337
33942,208
33943,30
33944,156
33945,-144
33946,176
33947,-45
33948,-72
33949,-78
33950,-396
33951,-364
33952,-150
33953,48
33954,-50
33955,32
33956,110
33957,-60
33958,121
33959,-64
33960,384
33961,-43
33962,-30
33963,80
33964,168
33965,208
33966,36
33967,-203
33968,-80
33969,-168
33970,280
33971,576
33972,-64
33973,-45
33974,-22
33975,33
33976,81
33977,16
33978,264
33979,336
33980,-56
33981,180
33982,-90
33983,-57
33984,-56
33985,-456
33986,-226
33987,276
33988,18
33989,342
33990,-512
33991,264
33992,-252
33993,48
33994,144
33995,-100
33996,-46
33997,-61
33998,0
33999,342
34000,72
34001,150
34002,60
34003,54
34004,-45
34005,64
34006,-2
34007,-540
34008,510
34009,-81
34010,64
34011,-44
34012,-88
34013,-42
34014,252
34015,4
34016,-10
34017,96
34018,-22
34019,-195
34020,120
34021,-270
34022,131
34023,216
34024,-162
34025,-110
34026,-120
34027,9
34028,18
34029,40
34030,324
34031,186
34032,8
34033,40
34034,-180
34035,600
34036,-56
34037,-46
34038,-72
34039,-187
34040,-288
34041,396
34042,-170
34043,112
34044,168
34045,112
34046,-72
34047,240
34048,-204
34049,60
34050,242
34051,228
34052,-151
34053,34
34054,114
34055,-128
34056,84
34057,-243
34058,-204
34059,-236
34060,-60
34061,50
34062,-270
34063,-256
34064,6
34065,56
34066,16
34067,-16
34068,48
34069,-432
34070,368
34071,-252
34072,96
34073,420
34074,72
34075,-198
34076,126
34077,-192
34078,-152
34079,130
34080,360
34081,36
34082,6
34083,3
34084,170
34085,-324
34086,-320
34087,0
34088,-360
34089,8
34090,336
34091,-72
34092,56
34093,416
34094,9
34095,632
34096,-84
34097,36
34098,-172
34099,280
34100,396
34101,77
34102,64
34103,-168
34104,24
34105,-384
34106,-82
34107,236
34108,-56
34109,-72
34110,-16
34111,-108
34112,315
34113,-54
34114,-66
34115,424
34116,-200
34117,136
34118,-207
34119,24
34120,300
34121,-16
34122,90
34123,-207
34124,-104
34125,-720
34126,6
34127,197
34128,-40
34129,-31
34130,-216
34131,36
34132,-120
34133,-96
34134,-80
34135,188
34136,81
34137,-91
34138,-24
34139,-126
34140,8
34141,-151
34142,-154
34143,-56
34144,-240
34145,-504
34146,-24
34147,83
34148,162
34149,198
34150,-396
34151,-135
34152,-288
34153,-54
34154,19
34155,512
34156,120
34157,177
34158,-150
34159,-46
34160,96
34161,320
34162,-72
34163,152
34164,10
34165,-584
34166,-164
34167,-312
34168,246
34169,72
34170,168
34171,-238
34172,-4
34173,-42
34174,132
34175,-594
34176,0
34177,-480
34178,-80
34179,-168
34180,-264
34181,24
34182,264
34183,-224
34184,264
34185,280
34186,-44
34187,192
34188,72
34189,0
34190,-420
34191,6
34192,26
34193,-414
34194,288
34195,-648
34196,144
34197,-48
34198,102
34199,204
34200,-132
34201,-72
34202,8
34203,-170
34204,18
34205,-280
34206,68
34207,10
34208,-245
34209,24
34210,512
34211,-192
34212,-142
34213,-2
34214,-52
34215,-640
34216,-405
34217,-54
34218,-66
34219,-296
34220,-64
34221,-192
34222,90
34223,90
34224,144
34225,-308
34226,-272
34227,108
34228,70
34229,90
34230,-24
34231,-340
34232,-300
34233,264
34234,-234
34235,288
34236,-80
34237,42
34238,-60
34239,8
34240,336
34241,144
34242,80
34243,-80
34244,-117
34245,24
34246,122
34247,216
34248,324
34249,130
34250,-72
34251,44
34252,-9
34253,124
34254,16
34255,-540
34256,-59
34257,224
34258,243
34259,-30
34260,168
34261,110
34262,48
34263,-117
34264,-99
34265,0
34266,252
34267,172
34268,45
34269,370
34270,-256
34271,84
34272,45
34273,-178
34274,168
34275,550
34276,144
34277,-33
34278,-36
34279,-216
34280,684
34281,45
34282,240
34283,229
34284,4
34285,-96
34286,-270
34287,-360
34288,-46
34289,-21
34290,-128
34291,5
34292,118
34293,432
34294,0
34295,352
34296,-228
34297,32
34298,-32
34299,-48
34300,165
34301,48
34302,270
34303,-266
34304,-77
34305,456
34306,162
34307,72
34308,-18
34309,-96
34310,72
34311,186
34312,21
34313,-31
34314,168
34315,-532
34316,-16
34317,324
34318,88
34319,141
34320,160
34321,-312
34322,-122
34323,24
34324,23
34325,-693
34326,-1
34327,-160
34328,-36
34329,394
34330,-112
34331,40
34332,-36
34333,-320
34334,-32
34335,204
34336,30
34337,-198
34338,-192
34339,80
34340,-24
34341,-24
34342,96
34343,-72
34344,-165
34345,-292
34346,250
34347,-74
34348,-126
34349,-36
34350,-44
34351,248
34352,-8
34353,-4
34354,0
34355,-32
34356,-30
34357,189
34358,243
34359,-180
34360,-540
34361,70
34362,-72
34363,-414
34364,-45
34365,160
34366,-218
34367,71
34368,56
34369,197
34370,-240
34371,112
34372,10
34373,0
34374,-138
34375,-176
34376,-150
34377,198
34378,114
34379,486
34380,0
34381,192
34382,-93
34383,-64
34384,-96
34385,820
34386,136
34387,-27
34388,-146
34389,-48
34390,-32
34391,-225
34392,288
34393,24
34394,40
34395,-312
34396,39
34397,160
34398,-40
34399,-216
34400,-385
34401,226
34402,-128
34403,178
34404,-144
34405,-336
34406,-94
34407,26
34408,288
34409,-256
34410,-216
34411,110
34412,-138
34413,-310
34414,-208
34415,656
34416,-24
34417,-64
34418,-175
34419,192
34420,20
34421,-114
34422,154
34423,-8
34424,-390
34425,-363
34426,144
34427,40
34428,24
34429,69
34430,128
34431,448
34432,-57
34433,-294
34434,-72
34435,432
34436,-26
34437,260
34438,14
34439,-61
34440,648
34441,72
34442,57
34443,0
34444,170
34445,8
34446,132
34447,24
34448,-33
34449,288
34450,275
34451,-117
34452,-32
34453,-63
34454,288
34455,456
34456,48
34457,-292
34458,74
34459,111
34460,-296
34461,81
34462,24
34463,-200
34464,-240
34465,-64
34466,-48
34467,-64
34468,96
34469,38
34470,-40
34471,128
34472,432
34473,-384
34474,-140
34475,297
34476,72
34477,0
34478,4
34479,-180
34480,24
34481,225
34482,-144
34483,-184
34484,33
34485,160
34486,-189
34487,42
34488,27
34489,-60
34490,-376
34491,-408
34492,-182
34493,-3
34494,-164
34495,452
34496,56
34497,-31
34498,-18
34499,171
34500,384
34501,343
34502,-260
34503,-270
34504,132
34505,448
34506,90
34507,-168
34508,-42
34509,-74
34510,-72
34511,-211
34512,36
34513,-261
34514,28
34515,-160
34516,-4
34517,-171
34518,40
34519,164
34520,552
34521,192
34522,63
34523,-320
34524,-9
34525,-319
34526,-128
34527,-72
34528,-225
34529,-56
34530,-416
34531,-6
34532,0
34533,52
34534,-18
34535,-452
34536,-204
34537,112
34538,-111
34539,-88
34540,256
34541,-435
34542,-8
34543,32
34544,-24
34545,-144
34546,96
34547,-80
34548,-70
34549,-236
34550,-440
34551,16
34552,36
34553,-340
34554,-90
34555,-72
34556,-5
34557,-336
34558,-108
34559,324
34560,272
34561,-144
34562,72
34563,540
34564,-14
34565,288
34566,-48
34567,-65
34568,48
34569,-64
34570,136
34571,0
34572,-98
34573,312
34574,72
34575,484
34576,-15
34577,-252
34578,6
34579,6
34580,-240
34581,324
34582,203
34583,163
34584,72
34585,-36
34586,-221
34587,-264
34588,164
34589,-50
34590,208
34591,338
34592,360
34593,-150
34594,-24
34595,-144
34596,-50
34597,-42
34598,47
34599,-224
34600,-132
34601,-171
34602,-40
34603,-226
34604,-216
34605,176
34606,120
34607,50
34608,-96
34609,-110
34610,232
34611,-288
34612,72
34613,-183
34614,36
34615,-672
34616,-72
34617,-80
34618,212
34619,-65
34620,112
34621,0
34622,72
34623,-12
34624,7
34625,336
34626,-40
34627,72
34628,72
34629,216
34630,-32
34631,0
34632,45
34633,288
34634,-235
34635,-360
34636,-96
34637,-36
34638,-144
34639,-252
34640,4
34641,-104
34642,85
34643,30
34644,192
34645,432
34646,-36
34647,-8
34648,-216
34649,-46
34650,132
34651,-140
34652,32
34653,344
34654,-192
34655,-192
34656,30
34657,108
34658,-315
34659,29
34660,104
34661,-96
34662,-170
34663,-21
34664,63
34665,352
34666,-222
34667,72
34668,-132
34669,36
34670,184
34671,240
34672,-36
34673,218
34674,64
34675,88
34676,-75
34677,-117
34678,21
34679,-44
34680,192
34681,80
34682,-14
34683,-40
34684,-80
34685,-300
34686,81
34687,56
34688,24
34689,-36
34690,64
34691,64
34692,-32
34693,93
34694,144
34695,-32
34696,294
34697,-240
34698,-98
34699,138
34700,11
34701,266
34702,-49
34703,51
34704,-10
34705,-288
34706,63
34707,-96
34708,127
34709,-8
34710,0
34711,-368
34712,-372
34713,24
34714,-9
34715,60
34716,-168
34717,88
34718,36
34719,18
34720,540
34721,159
34722,-104
34723,-195
34724,86
34725,-352
34726,48
34727,-135
34728,-288
34729,280
34730,96
34731,-33
34732,100
34733,162
34734,-168
34735,236
34736,40
34737,336
34738,-8
34739,-118
34740,80
34741,8
34742,14
34743,48
34744,-42
34745,0
34746,60
34747,-168
34748,-18
34749,-200
34750,-384
34751,288
34752,-28
34753,176
34754,-196
34755,-624
34756,34
34757,-33
34758,38
34759,-21
34760,480
34761,-272
34762,0
34763,178
34764,100
34765,60
34766,53
34767,-56
34768,-45
34769,204
34770,256
34771,-136
34772,-78
34773,-56
34774,156
34775,660
34776,288
34777,-243
34778,90
34779,-278
34780,-108
34781,344
34782,216
34783,-168
34784,130
34785,-88
34786,-228
34787,308
34788,-80
34789,-72
34790,-72
34791,348
34792,-90
34793,160
34794,-72
34795,508
34796,174
34797,78
34798,24
34799,0
34800,44
34801,-305
34802,245
34803,160
34804,-24
34805,420
34806,-24
34807,-200
34808,-24
34809,-288
34810,-20
34811,-225
34812,-40
34813,396
34814,-192
34815,-768
34816,135
34817,135
34818,228
34819,-334
34820,8
34821,-10
34822,112
34823,-288
34824,-138
34825,330
34826,-220
34827,-360
34828,51
34829,-82
34830,-308
34831,-168
34832,96
34833,216
34834,-122
34835,40
34836,208
34837,-184
34838,-76
34839,20
34840,-420
34841,-36
34842,26
34843,142
34844,270
34845,128
34846,36
34847,255
34848,25
34849,330
34850,-297
34851,412
34852,73
34853,-150
34854,-96
34855,588
34856,234
34857,160
34858,-56
34859,80
34860,-216
34861,180
34862,190
34863,172
34864,52
34865,-32
34866,40
34867,-81
34868,32
34869,144
34870,-320
34871,-69
34872,36
34873,-315
34874,135
34875,216
34876,-102
34877,-343
34878,-132
34879,345
34880,476
34881,-72
34882,12
34883,-84
34884,-48
34885,8
34886,130
34887,-108
34888,0
34889,-144
34890,-352
34891,216
34892,160
34893,88
34894,48
34895,744
34896,-16
34897,-263
34898,-220
34899,-184
34900,-44
34901,48
34902,-42
34903,128
34904,162
34905,160
34906,81
34907,-119
34908,-164
34909,-171
34910,-312
34911,-66
34912,120
34913,-200
34914,-328
34915,-612
34916,42
34917,64
34918,-150
34919,-207
34920,-144
34921,-90
34922,72
34923,-210
34924,-167
34925,352
34926,270
34927,-45
34928,24
34929,-59
34930,-336
34931,-145
34932,-162
34933,40
34934,92
34935,72
34936,-264
34937,144
34938,-4
34939,-171
34940,-164
34941,-32
34942,103
34943,-63
34944,-90
34945,-80
34946,-8
34947,-48
34948,-66
34949,230
34950,242
34951,3
34952,-18
34953,0
34954,-6
34955,-112
34956,-38
34957,440
34958,-132
34959,-112
34960,-128
34961,32
34962,224
34963,-172
34964,-83
34965,-144
34966,147
34967,-18
34968,486
34969,-40
34970,380
34971,-42
34972,177
34973,-225
34974,14
34975,286
34976,50
34977,0
34978,-7
34979,-252
34980,160
34981,68
34982,148
34983,-96
34984,-252
34985,72
34986,90
34987,-160
34988,33
34989,-408
34990,-152
34991,-168
34992,56
34993,-348
34994,-33
34995,480
34996,-20
34997,-90
34998,-256
34999,54
35000,-369
35001,27
35002,-84
35003,54
35004,72
35005,-264
35006,48
35007,-342
35008,189
35009,-270
35010,-100
35011,128
35012,56
35013,240
35014,-216
35015,-288
35016,-264
35017,36
35018,110
35019,164
35020,-192
35021,-207
35022,260
35023,6
35024,-40
35025,792
35026,-216
35027,-84
35028,-48
35029,-32
35030,72
35031,-260
35032,-18
35033,-10
35034,220
35035,160
35036,88
35037,6
35038,158
35039,-168
35040,80
35041,-35
35042,210
35043,-48
35044,138
35045,-28
35046,-128
35047,2
35048,345
35049,-240
35050,-198
35051,32
35052,-128
35053,114
35054,-81
35055,144
35056,24
35057,256
35058,-280
35059,268
35060,248
35061,-180
35062,18
35063,-21
35064,84
35065,-568
35066,0
35067,68
35068,48
35069,253
35070,192
35071,-102
35072,-51
35073,-11
35074,-180
35075,-704
35076,60
35077,339
35078,-249
35079,16
35080,-204
35081,-317
35082,-6
35083,105
35084,8
35085,-408
35086,130
35087,345
35088,-42
35089,106
35090,-40
35091,6
35092,-144
35093,32
35094,-80
35095,60
35096,-324
35097,180
35098,408
35099,166
35100,220
35101,-252
35102,55
35103,-320
35104,300
35105,288
35106,80
35107,258
35108,-21
35109,-81
35110,-16
35111,141
35112,288
35113,-30
35114,-24
35115,280
35116,29
35117,-285
35118,-64
35119,24
35120,32
35121,-384
35122,-3
35123,576
35124,-164
35125,-720
35126,-300
35127,108
35128,201
35129,-150
35130,-256
35131,24
35132,78
35133,-96
35134,264
35135,-16
35136,56
35137,-513
35138,58
35139,-150
35140,-108
35141,-6
35142,-80
35143,-64
35144,0
35145,-144
35146,-154
35147,192
35148,-8
35149,6
35150,132
35151,14
35152,-5
35153,266
35154,297
35155,0
35156,108
35157,-80
35158,52
35159,189
35160,216
35161,237
35162,-232
35163,-16
35164,-64
35165,20
35166,-240
35167,-512
35168,240
35169,32
35170,-204
35171,102
35172,-54
35173,39
35174,35
35175,-462
35176,264
35177,-112
35178,-360
35179,-112
35180,-112
35181,32
35182,48
35183,-33
35184,26
35185,-396
35186,20
35187,-120
35188,-64
35189,-300
35190,96
35191,460
35192,135
35193,-322
35194,-174
35195,16
35196,-162
35197,-112
35198,-131
35199,81
35200,-132
35201,273
35202,32
35203,324
35204,60
35205,376
35206,56
35207,-204
35208,12
35209,6
35210,72
35211,120
35212,-40
35213,344
35214,-108
35215,-24
35216,81
35217,105
35218,-37
35219,405
35220,288
35221,-146
35222,48
35223,160
35224,-81
35225,220
35226,-64
35227,308
35228,32
35229,-332
35230,-160
35231,36
35232,-20
35233,-144
35234,80
35235,-80
35236,80
35237,-192
35238,-144
35239,57
35240,-216
35241,240
35242,-147
35243,320
35244,0
35245,240
35246,-119
35247,72
35248,-71
35249,-8
35250,-432
35251,-299
35252,-36
35253,-38
35254,-113
35255,-144
35256,-60
35257,278
35258,-64
35259,96
35260,252
35261,54
35262,88
35263,-36
35264,56
35265,256
35266,24
35267,369
35268,-22
35269,485
35270,96
35271,-36
35272,-57
35273,204
35274,114
35275,297
35276,80
35277,392
35278,9
35279,96
35280,8
35281,238
35282,-320
35283,56
35284,-131
35285,-344
35286,-108
35287,30
35288,-324
35289,72
35290,184
35291,84
35292,24
35293,-84
35294,-24
35295,-80
35296,230
35297,108
35298,-15
35299,96
35300,132
35301,-240
35302,0
35303,-168
35304,342
35305,1024
35306,128
35307,-58
35308,-180
35309,-189
35310,-384
35311,347
35312,-15
35313,160
35314,247
35315,-648
35316,-187
35317,-128
35318,-115
35319,-320
35320,312
35321,192
35322,150
35323,236
35324,31
35325,176
35326,135
35327,-128
35328,-176
35329,240
35330,-192
35331,-168
35332,-10
35333,0
35334,-15
35335,0
35336,-162
35337,-308
35338,54
35339,234
35340,288
35341,-56
35342,-54
35343,144
35344,-34
35345,-48
35346,42
35347,240
35348,3
35349,194
35350,-66
35351,80
35352,-60
35353,-181
35354,60
35355,112
35356,-46
35357,6
35358,-162
35359,-112
35360,300
35361,-55
35362,114
35363,154
35364,-42
35365,416
35366,-204
35367,218
35368,90
35369,-16
35370,-48
35371,27
35372,-72
35373,-120
35374,352
35375,384
35376,56
35377,-240
35378,-6
35379,-60
35380,64
35381,200
35382,160
35383,-414
35384,159
35385,552
35386,50
35387,-352
35388,-28
35389,-56
35390,208
35391,-162
35392,210
35393,82
35394,6
35395,-76
35396,6
35397,352
35398,-292
35399,-375
35400,-528
35401,-123
35402,189
35403,64
35404,40
35405,96
35406,90
35407,88
35408,-6
35409,-48
35410,-80
35411,42
35412,110
35413,-192
35414,92
35415,72
35416,132
35417,312
35418,-276
35419,161
35420,-384
35421,-138
35422,0
35423,-305
35424,-180
35425,935
35426,-4
35427,-40
35428,51
35429,252
35430,520
35431,-220
35432,-336
35433,-72
35434,-141
35435,32
35436,58
35437,196
35438,90
35439,-8
35440,-36
35441,216
35442,-16
35443,287
35444,90
35445,384
35446,-27
35447,-138
35448,-432
35449,-144
35450,44
35451,40
35452,-182
35453,-45
35454,256
35455,-228
35456,42
35457,80
35458,-237
35459,224
35460,36
35461,292
35462,-72
35463,-88
35464,-540
35465,144
35466,32
35467,78
35468,-19
35469,-27
35470,272
35471,260
35472,-36
35473,32
35474,-170
35475,616
35476,-4
35477,-430
35478,20
35479,-126
35480,-180
35481,108
35482,32
35483,27
35484,20
35485,108
35486,72
35487,37
35488,-270
35489,-352
35490,288
35491,-155
35492,144
35493,-276
35494,-166
35495,72
35496,-18
35497,-264
35498,149
35499,-364
35500,216
35501,-24
35502,192
35503,290
35504,-60
35505,336
35506,-9
35507,-180
35508,152
35509,-245
35510,140
35511,0
35512,480
35513,168
35514,-58
35515,0
35516,-180
35517,208
35518,168
35519,-52
35520,168
35521,196
35522,23
35523,-28
35524,108
35525,44
35526,0
35527,-125
35528,-135
35529,530
35530,-192
35531,192
35532,108
35533,-43
35534,17
35535,1024
35536,32
35537,-228
35538,156
35539,-330
35540,-64
35541,96
35542,270
35543,146
35544,192
35545,576
35546,120
35547,-144
35548,-12
35549,-184
35550,110
35551,-56
35552,-40
35553,54
35554,8
35555,540
35556,180
35557,150
35558,-176
35559,-88
35560,288
35561,-196
35562,-222
35563,-160
35564,15
35565,-664
35566,24
35567,-141
35568,20
35569,-160
35570,-384
35571,-144
35572,61
35573,-142
35574,-20
35575,-528
35576,12
35577,-56
35578,69
35579,126
35580,-160
35581,360
35582,223
35583,20
35584,-272
35585,16
35586,36
35587,-256
35588,-243
35589,-18
35590,104
35591,-144
35592,54
35593,26
35594,140
35595,-24
35596,176
35597,114
35598,-24
35599,-24
35600,0
35601,-256
35602,243
35603,-51
35604,-56
35605,48
35606,48
35607,360
35608,-306
35609,294
35610,-32
35611,-192
35612,-64
35613,0
35614,-102
35615,324
35616,150
35617,182
35618,-228
35619,180
35620,-60
35621,-40
35622,-36
35623,-16
35624,-48
35625,-328
35626,-36
35627,304
35628,-60
35629,-360
35630,288
35631,-36
35632,-9
35633,255
35634,-216
35635,-48
35636,24
35637,234
35638,-64
35639,-176
35640,-528
35641,92
35642,-81
35643,-360
35644,-84
35645,-176
35646,-250
35647,266
35648,14
35649,-33
35650,792
35651,192
35652,-182
35653,24
35654,-106
35655,184
35656,129
35657,18
35658,-48
35659,-288
35660,264
35661,-164
35662,-264
35663,-88
35664,20
35665,144
35666,30
35667,-200
35668,-30
35669,20
35670,-144
35671,-49
35672,-225
35673,-576
35674,-42
35675,594
35676,-25
35677,190
35678,219
35679,84
35680,-160
35681,468
35682,64
35683,-150
35684,-180
35685,160
35686,-90
35687,240
35688,54
35689,0
35690,252
35691,104
35692,-69
35693,-12
35694,8
35695,160
35696,-96
35697,4
35698,315
35699,-64
35700,198
35701,40
35702,154
35703,-24
35704,42
35705,-240
35706,-8
35707,3
35708,-20
35709,-160
35710,-52
35711,315
35712,27
35713,-54
35714,3
35715,-24
35716,55
35717,0
35718,-82
35719,328
35720,-432
35721,26
35722,-115
35723,32
35724,-20
35725,-418
35726,-67
35727,212
35728,-24
35729,185
35730,-88
35731,-230
35732,6
35733,-196
35734,15
35735,36
35736,-162
35737,50
35738,-96
35739,-12
35740,48
35741,16
35742,144
35743,-234
35744,-40
35745,-288
35746,-72
35747,-28
35748,104
35749,195
35750,480
35751,108
35752,-459
35753,308
35754,-32
35755,624
35756,135
35757,6
35758,180
35759,-56
35760,64
35761,84
35762,-190
35763,90
35764,-34
35765,-1024
35766,-16
35767,54
35768,189
35769,-254
35770,-16
35771,-151
35772,-64
35773,54
35774,126
35775,-220
35776,245
35777,228
35778,0
35779,120
35780,264
35781,-16
35782,-159
35783,8
35784,-81
35785,84
35786,-8
35787,-60
35788,200
35789,-155
35790,-168
35791,-210
35792,83
35793,108
35794,208
35795,-164
35796,128
35797,310
35798,243
35799,-132
35800,132
35801,228
35802,165
35803,-350
35804,-53
35805,-864
35806,-132
35807,-288
35808,20
35809,244
35810,392
35811,-32
35812,-39
35813,-224
35814,144
35815,160
35816,-45
35817,200
35818,69
35819,-42
35820,40
35821,40
35822,-78
35823,280
35824,0
35825,528
35826,-150
35827,368
35828,60
35829,208
35830,-332
35831,-198
35832,-60
35833,360
35834,288
35835,272
35836,-72
35837,189
35838,8
35839,114
35840,-276
35841,180
35842,18
35843,40
35844,-64
35845,336
35846,-161
35847,-3
35848,-24
35849,-148
35850,-528
35851,166
35852,-21
35853,-72
35854,-135
35855,72
35856,-36
35857,64
35858,-170
35859,-36
35860,-16
35861,459
35862,224
35863,43
35864,348
35865,48
35866,-110
35867,0
35868,32
35869,197
35870,288
35871,-208
35872,-160
35873,64
35874,24
35875,648
35876,-158
35877,22
35878,-12
35879,-136
35880,-960
35881,-60
35882,-132
35883,99
35884,-77
35885,592
35886,46
35887,54
35888,6
35889,396
35890,144
35891,240
35892,62
35893,180
35894,9
35895,-464
35896,-81
35897,-286
35898,360
35899,-143
35900,-264
35901,68
35902,-14
35903,-192
35904,-168
35905,224
35906,145
35907,36
35908,0
35909,-80
35910,-192
35911,16
35912,54
35913,-364
35914,46
35915,-352
35916,-36
35917,26
35918,-71
35919,-160
35920,104
35921,69
35922,-224
35923,-72
35924,78
35925,198
35926,-288
35927,114
35928,-84
35929,-288
35930,336
35931,96
35932,-200
35933,125
35934,20
35935,252
35936,-220
35937,-96
35938,27
35939,9
35940,-56
35941,-128
35942,-8
35943,-196
35944,-132
35945,600
35946,-26
35947,-64
35948,112
35949,-272
35950,198
35951,-298
35952,-72
35953,32
35954,176
35955,108
35956,0
35957,153
35958,-220
35959,-432
35960,-216
35961,-228
35962,46
35963,366
35964,-30
35965,-272
35966,4
35967,-144
35968,-90
35969,150
35970,-544
35971,-230
35972,-123
35973,-63
35974,-52
35975,-374
35976,0
35977,-72
35978,58
35979,56
35980,24
35981,324
35982,-19
35983,-166
35984,20
35985,192
35986,-224
35987,180
35988,64
35989,12
35990,256
35991,252
35992,60
35993,86
35994,-342
35995,-256
35996,-99
35997,-216
35998,-72
35999,296
36000,-120
36001,144
36002,-90
36003,-192
36004,-110
36005,-64
36006,72
36007,58
36008,234
36009,-2
36010,-280
36011,-128
36012,-164
36013,-139
36014,-132
36015,-472
36016,5
36017,-165
36018,-64
36019,20
36020,-296
36021,-316
36022,-243
36023,15
36024,240
36025,132
36026,86
36027,64
36028,127
36029,-54
36030,-328
36031,-63
36032,-63
36033,350
36034,189
36035,44
36036,60
36037,38
36038,-84
36039,-162
36040,-180
36041,280
36042,-298
36043,-96
36044,70
36045,0
36046,133
36047,16
36048,-24
36049,-360
36050,-528
36051,-144
36052,94
36053,396
36054,76
36055,-120
36056,-258
36057,36
36058,-40
36059,-276
36060,224
36061,-136
36062,-40
36063,-57
36064,-80
36065,-68
36066,-252
36067,-44
36068,-72
36069,-80
36070,-224
36071,-84
36072,-96
36073,-24
36074,-90
36075,330
36076,64
36077,-168
36078,270
36079,442
36080,-144
36081,-96
36082,105
36083,-176
36084,216
36085,324
36086,82
36087,-80
36088,-15
36089,72
36090,-108
36091,240
36092,-120
36093,-110
36094,-180
36095,-276
36096,-306
36097,258
36098,-103
36099,0
36100,33
36101,45
36102,-216
36103,-250
36104,246
36105,144
36106,-231
36107,-292
36108,24
36109,-110
36110,512
36111,4
36112,-24
36113,56
36114,160
36115,-396
36116,66
36117,66
36118,12
36119,-264
36120,504
36121,162
36122,-242
36123,236
36124,-96
36125,192
36126,-88
36127,-330
36128,-30
36129,-244
36130,-8
36131,200
36132,74
36133,-144
36134,0
36135,-32
36136,-27
36137,-362
36138,-160
36139,-216
36140,-320
36141,-30
36142,-6
36143,396
36144,9
36145,252
36146,180
36147,90
36148,-120
36149,162
36150,-220
36151,-142
36152,111
36153,320
36154,2
36155,12
36156,-48
36157,64
36158,8
36159,-24
36160,-56
36161,-42
36162,-18
36163,175
36164,87
36165,400
36166,-144
36167,-32
36168,72
36169,-249
36170,52
36171,72
36172,170
36173,160
36174,-150
36175,-528
36176,-36
36177,450
36178,132
36179,200
36180,112
36181,24
36182,20
36183,444
36184,-351
36185,472
36186,6
36187,212
36188,153
36189,-82
36190,432
36191,369
36192,100
36193,-18
36194,-16
36195,256
36196,95
36197,120
36198,64
36199,180
36200,-66
36201,-480
36202,144
36203,-234
36204,36
36205,40
36206,49
36207,-80
36208,18
36209,-248
36210,216
36211,-36
36212,-32
36213,-160
36214,72
36215,320
36216,18
36217,39
36218,-150
36219,110
36220,-256
36221,-118
36222,194
36223,0
36224,48
36225,-264
36226,-256
36227,252
36228,-140
36229,310
36230,176
36231,0
36232,9
36233,-4
36234,128
36235,-128
36236,122
36237,36
36238,144
36239,-216
36240,-24
36241,-70
36242,128
36243,12
36244,-135
36245,-144
36246,-276
36247,7
36248,216
36249,420
36250,82
36251,26
36252,20
36253,-12
36254,102
36255,496
36256,-320
36257,-170
36258,-8
36259,-48
36260,24
36261,120
36262,-20
36263,-86
36264,-132
36265,-104
36266,1
36267,-384
36268,160
36269,-180
36270,-180
36271,-288
36272,-8
36273,48
36274,-180
36275,-253
36276,-64
36277,-43
36278,-144
36279,32
36280,-144
36281,54
36282,-144
36283,-100
36284,180
36285,576
36286,85
36287,-42
36288,-231
36289,-176
36290,0
36291,76
36292,-168
36293,117
36294,-336
36295,-288
36296,60
36297,-51
36298,-82
36299,245
36300,110
36301,288
36302,24
36303,-200
36304,-75
36305,60
36306,-7
36307,23
36308,16
36309,80
36310,-248
36311,-64
36312,0
36313,329
36314,-56
36315,-304
36316,-123
36317,16
36318,-18
36319,226
36320,220
36321,36
36322,-160
36323,72
36324,-54
36325,66
36326,81
36327,52
36328,-288
36329,-78
36330,96
36331,-198
36332,-81
36333,8
36334,60
36335,336
36336,-28
36337,-24
36338,-53
36339,-202
36340,-320
36341,90
36342,-16
36343,137
36344,288
36345,-152
36346,-147
36347,-288
36348,110
36349,-8
36350,-88
36351,-42
36352,-99
36353,128
36354,-36
36355,-32
36356,64
36357,-122
36358,75
36359,192
36360,-24
36361,-125
36362,-4
36363,-432
36364,-130
36365,-540
36366,-64
36367,135
36368,-79
36369,-286
36370,208
36371,84
36372,6
36373,166
36374,-130
36375,-576
36376,-198
36377,336
36378,63
36379,207
36380,-144
36381,-28
36382,35
36383,324
36384,-40
36385,-160
36386,-48
36387,160
36388,-112
36389,-295
36390,-448
36391,30
36392,-60
36393,-156
36394,324
36395,72
36396,-92
36397,177
36398,60
36399,-368
36400,165
36401,0
36402,6
36403,32
36404,36
36405,176
36406,-136
36407,20
36408,-162
36409,440
36410,416
36411,20
36412,25
36413,265
36414,-24
36415,-576
36416,-7
36417,-160
36418,48
36419,-220
36420,-224
36421,-105
36422,148
36423,144
36424,-96
36425,891
36426,-360
36427,56
36428,-81
36429,162
36430,144
36431,138
36432,32
36433,4
36434,110
36435,-24
36436,97
36437,72
36438,-230
36439,525
36440,636
36441,-102
36442,36
36443,8
36444,50
36445,-108
36446,124
36447,18
36448,105
36449,-216
36450,143
36451,178
36452,-90
36453,108
36454,-52
36455,640
36456,-108
36457,258
36458,-104
36459,-85
36460,-36
36461,6
36462,-256
36463,-27
36464,-35
36465,-480
36466,108
36467,72
36468,-19
36469,274
36470,204
36471,-230
36472,-324
36473,112
36474,-192
36475,-484
36476,152
36477,240
36478,320
36479,104
36480,-96
36481,-191
36482,18
36483,-102
36484,-24
36485,104
36486,37
36487,432
36488,144
36489,-296
36490,0
36491,-405
36492,156
36493,109
36494,18
36495,-180
36496,80
36497,90
36498,-240
36499,24
36500,48
36501,288
36502,-33
36503,-96
36504,-144
36505,64
36506,-74
36507,-224
36508,-110
36509,-80
36510,-336
36511,24
36512,-15
36513,-64
36514,186
36515,476
36516,-24
36517,140
36518,200
36519,162
36520,432
36521,56
36522,-1
36523,36
36524,176
36525,616
36526,-135
36527,-22
36528,-12
36529,-104
36530,600
36531,396
36532,-174
36533,288
36534,-196
36535,264
36536,-96
36537,-72
36538,6
36539,56
36540,24
36541,285
36542,15
36543,120
36544,-147
36545,-68
36546,200
36547,264
36548,158
36549,-27
36550,-231
36551,-132
36552,24
36553,-324
36554,-4
36555,-552
36556,60
36557,-336
36558,48
36559,286
36560,-100
36561,-12
36562,-4
36563,240
36564,-112
36565,576
36566,-225
36567,72
36568,-198
36569,120
36570,320
36571,118
36572,72
36573,-32
36574,-145
36575,528
36576,40
36577,160
36578,-194
36579,0
36580,288
36581,-176
36582,210
36583,-30
36584,-171
36585,128
36586,140
36587,154
36588,190
36589,195
36590,-12
36591,260
36592,-57
36593,168
36594,-48
36595,-180
36596,-54
36597,432
36598,36
36599,216
36600,528
36601,99
36602,21
36603,18
36604,-187
36605,-152
36606,-94
36607,-98
36608,340
36609,-240
36610,60
36611,-585
36612,22
36613,324
36614,64
36615,352
36616,240
36617,-270
36618,-144
36619,-8
36620,-72
36621,40
36622,-204
36623,200
36624,-102
36625,216
36626,-53
36627,28
36628,-11
36629,-10
36630,-48
36631,-333
36632,-120
36633,138
36634,-100
36635,-72
36636,-126
36637,12
36638,162
36639,256
36640,-40
36641,240
36642,162
36643,-6
36644,49
36645,96
36646,-18
36647,300
36648,72
36649,189
36650,143
36651,208
36652,-24
36653,-360
36654,-144
36655,-68
36656,-20
36657,-73
36658,166
36659,135
36660,-360
36661,-224
36662,96
36663,20
36664,288
36665,472
36666,-144
36667,75
36668,0
36669,-108
36670,-320
36671,93
36672,0
36673,-324
36674,228
36675,-11
36676,20
36677,287
36678,-102
36679,-175
36680,108
36681,58
36682,-161
36683,-99
36684,12
36685,256
36686,-135
36687,246
36688,39
36689,152
36690,312
36691,-79
36692,-88
36693,30
36694,-252
36695,-144
36696,384
36697,-103
36698,256
36699,450
36700,-22
36701,180
36702,-7
36703,-64
36704,-135
36705,648
36706,43
36707,-324
36708,-192
36709,-134
36710,-308
36711,5
36712,-180
36713,-78
36714,96
36715,-120
36716,-21
36717,-132
36718,160
36719,-12
36720,48
36721,218
36722,-168
36723,-194
36724,17
36725,-110
36726,114
36727,-288
36728,231
36729,-60
36730,8
36731,-528
36732,124
36733,-391
36734,-97
36735,-720
36736,81
36737,45
36738,-80
36739,80
36740,128
36741,156
36742,115
36743,12
36744,-258
36745,636
36746,160
36747,-40
36748,133
36749,2
36750,96
36751,-40
36752,-57
36753,-12
36754,216
36755,-436
36756,3
36757,0
36758,-88
36759,196
36760,216
36761,-33
36762,-16
36763,-48
36764,-30
36765,112
36766,-180
36767,0
36768,-100
36769,-81
36770,-320
36771,288
36772,-40
36773,208
36774,121
36775,627
36776,120
36777,720
36778,81
36779,52
36780,-32
36781,181
36782,5
36783,56
36784,-20
36785,-60
36786,-96
36787,-158
36788,-3
36789,-332
36790,-320
36791,-5
36792,-18
36793,99
36794,-226
36795,256
36796,88
36797,36
36798,-192
36799,-24
36800,-616
36801,-72
36802,-183
36803,160
36804,-124
36805,-12
36806,288
36807,-164
36808,-252
36809,-98
36810,20
36811,90
36812,0
36813,-372
36814,-110
36815,-120
36816,80
36817,96
36818,-234
36819,-7
36820,-252
36821,-297
36822,18
36823,-96
36824,-183
36825,-440
36826,186
36827,378
36828,144
36829,115
36830,-64
36831,114
36832,-260
36833,184
36834,102
36835,320
36836,-84
36837,18
36838,-2
36839,108
36840,-768
36841,-168
36842,-204
36843,-192
36844,-24
36845,-344
36846,0
36847,53
36848,18
36849,-72
36850,308
36851,-399
36852,54
36853,57
36854,-136
36855,-660
36856,72
36857,138
36858,144
36859,162
36860,-192
36861,64
36862,-54
36863,0
36864,-1
36865,16
36866,28
36867,96
36868,20
36869,-48
36870,368
36871,220
36872,324
36873,30
36874,64
36875,-328
36876,48
36877,-157
36878,163
36879,8
36880,-88
36881,-420
36882,-144
36883,-108
36884,-123
36885,384
36886,174
36887,344
36888,-60
36889,-186
36890,324
36891,-60
36892,216
36893,-360
36894,-280
36895,576
36896,130
36897,36
36898,152
36899,172
36900,99
36901,266
36902,255
36903,-146
36904,-81
36905,-160
36906,40
36907,-120
36908,28
36909,-216
36910,240
36911,-72
36912,-88
36913,326
36914,154
36915,768
36916,-96
36917,56
36918,-27
36919,277
36920,-540
36921,396
36922,246
36923,-48
36924,12
36925,-792
36926,84
36927,-8
36928,-98
36929,-4
36930,-256
36931,17
36932,0
36933,-560
36934,64
36935,0
36936,-120
36937,315
36938,-64
36939,168
36940,32
36941,135
36942,54
36943,167
36944,45
36945,-96
36946,-20
36947,9
36948,-120
36949,-168
36950,-198
36951,68
36952,-216
36953,-189
36954,16
36955,-400
36956,-103
36957,192
36958,78
36959,500
36960,480
36961,-120
36962,62
36963,-112
36964,-169
36965,-4
36966,32
36967,174
36968,246
36969,288
36970,388
36971,64
36972,50
36973,138
36974,192
36975,-132
36976,-44
36977,-384
36978,-258
36979,176
36980,24
36981,-108
36982,160
36983,189
36984,-336
36985,-20
36986,102
36987,-168
36988,150
36989,162
36990,-48
36991,-153
36992,24
36993,256
36994,-20
36995,-24
36996,-24
36997,-227
36998,240
36999,79
37000,216
37001,11
37002,108
37003,-110
37004,100
37005,-296
37006,-104
37007,584
37008,-2
37009,-288
37010,452
37011,-48
37012,112
37013,21
37014,180
37015,64
37016,-18
37017,275
37018,72
37019,-51
37020,32
37021,-162
37022,-48
37023,-378
37024,0
37025,352
37026,15
37027,224
37028,-3
37029,262
37030,-492
37031,-24
37032,264
37033,-90
37034,15
37035,-32
37036,81
37037,-180
37038,244
37039,46
37040,64
37041,-136
37042,145
37043,-156
37044,60
37045,864
37046,120
37047,-110
37048,84
37049,-156
37050,440
37051,210
37052,128
37053,32
37054,0
37055,264
37056,-280
37057,22
37058,-66
37059,352
37060,-204
37061,-170
37062,18
37063,355
37064,54
37065,-288
37066,-42
37067,-4
37068,168
37069,-256
37070,-368
37071,-252
37072,78
37073,-48
37074,-48
37075,99
37076,360
37077,48
37078,8
37079,-36
37080,-192
37081,-96
37082,-119
37083,-378
37084,-16
37085,440
37086,-156
37087,211
37088,160
37089,-100
37090,264
37091,26
37092,240
37093,-28
37094,72
37095,192
37096,-78
37097,-2
37098,-22
37099,-144
37100,165
37101,144
37102,-270
37103,128
37104,44
37105,72
37106,23
37107,-108
37108,88
37109,-322
37110,256
37111,-72
37112,261
37113,0
37114,120
37115,-420
37116,27
37117,145
37118,-98
37119,-84
37120,136
37121,153
37122,304
37123,78
37124,-124
37125,-384
37126,216
37127,-24
37128,-270
37129,12
37130,360
37131,-156
37132,-142
37133,-45
37134,-34
37135,360
37136,96
37137,-376
37138,-63
37139,-262
37140,56
37141,-10
37142,8
37143,-66
37144,-273
37145,384
37146,54
37147,160
37148,27
37149,-96
37150,110
37151,-120
37152,-140
37153,90
37154,190
37155,56
37156,-156
37157,-48
37158,72
37159,-224
37160,0
37161,26
37162,30
37163,216
37164,-8
37165,-396
37166,-116
37167,180
37168,-16
37169,612
37170,96
37171,-275
37172,99
37173,374
37174,-108
37175,99
37176,-228
37177,-54
37178,18
37179,-168
37180,192
37181,84
37182,-24
37183,48
37184,189
37185,168
37186,97
37187,108
37188,1
37189,-230
37190,196
37191,128
37192,186
37193,90
37194,-52
37195,112
37196,-81
37197,-54
37198,261
37199,4
37200,-198
37201,22
37202,0
37203,278
37204,-27
37205,24
37206,100
37207,-52
37208,327
37209,-320
37210,-12
37211,-72
37212,-54
37213,120
37214,352
37215,-112
37216,-220
37217,-188
37218,-94
37219,75
37220,-112
37221,-176
37222,-18
37223,221
37224,108
37225,-297
37226,39
37227,-402
37228,-99
37229,-144
37230,48
37231,369
37232,-20
37233,108
37234,127
37235,-192
37236,-48
37237,456
37238,-7
37239,-102
37240,96
37241,64
37242,13
37243,59
37244,12
37245,0
37246,-36
37247,-72
37248,-72
37249,207
37250,192
37251,2
37252,-112
37253,254
37254,90
37255,-108
37256,213
37257,48
37258,-240
37259,-60
37260,352
37261,-42
37262,252
37263,38
37264,-9
37265,-16
37266,-282
37267,234
37268,72
37269,18
37270,-32
37271,360
37272,-246
37273,-138
37274,-45
37275,-594
37276,-9
37277,69
37278,-68
37279,100
37280,220
37281,-112
37282,39
37283,528
37284,-240
37285,-184
37286,-32
37287,-116
37288,240
37289,-12
37290,64
37291,0
37292,166
37293,486
37294,-52
37295,-8
37296,-9
37297,-60
37298,180
37299,-132
37300,22
37301,-160
37302,86
37303,-207
37304,-30
37305,152
37306,-360
37307,156
37308,102
37309,-380
37310,-540
37311,-100
37312,-140
37313,-1
37314,-160
37315,-96
37316,-80
37317,96
37318,-198
37319,14
37320,768
37321,238
37322,-50
37323,-40
37324,-189
37325,-110
37326,204
37327,-2
37328,-60
37329,16
37330,-356
37331,162
37332,-24
37333,162
37334,-156
37335,96
37336,360
37337,-202
37338,-32
37339,-36
37340,32
37341,242
37342,-228
37343,-48
37344,-250
37345,576
37346,-189
37347,-384
37348,-108
37349,15
37350,99
37351,-477
37352,144
37353,356
37354,112
37355,360
37356,-128
37357,14
37358,1
37359,60
37360,-144
37361,111
37362,-90
37363,180
37364,140
37365,360
37366,144
37367,-280
37368,-48
37369,30
37370,24
37371,-258
37372,-131
37373,360
37374,42
37375,-960
37376,-22
37377,-106
37378,-56
37379,-292
37380,0
37381,80
37382,-114
37383,-78
37384,-12
37385,488
37386,-63
37387,255
37388,90
37389,160
37390,-80
37391,304
37392,-72
37393,32
37394,117
37395,224
37396,185
37397,-5
37398,-128
37399,72
37400,-396
37401,90
37402,-9
37403,-52
37404,-45
37405,24
37406,-160
37407,-138
37408,120
37409,372
37410,-112
37411,-64
37412,90
37413,84
37414,170
37415,588
37416,-48
37417,-243
37418,60
37419,-276
37420,-184
37421,-416
37422,120
37423,-367
37424,51
37425,-616
37426,140
37427,175
37428,-48
37429,-9
37430,-144
37431,32
37432,-171
37433,-324
37434,-12
37435,276
37436,0
37437,380
37438,-166
37439,80
37440,140
37441,-83
37442,-240
37443,-396
37444,96
37445,-568
37446,-42
37447,256
37448,81
37449,32
37450,-396
37451,213
37452,20
37453,245
37454,256
37455,-352
37456,-35
37457,126
37458,-80
37459,108
37460,-256
37461,-4
37462,-252
37463,-252
37464,144
37465,256
37466,-60
37467,-16
37468,-24
37469,0
37470,-472
37471,30
37472,-160
37473,120
37474,225
37475,0
37476,4
37477,-368
37478,183
37479,500
37480,144
37481,57
37482,-34
37483,-27
37484,-118
37485,-24
37486,-9
37487,-232
37488,72
37489,128
37490,-32
37491,-208
37492,-240
37493,-72
37494,14
37495,-332
37496,-357
37497,-24
37498,-192
37499,-336
37500,-88
37501,152
37502,138
37503,-176
37504,27
37505,-280
37506,216
37507,-156
37508,-28
37509,-240
37510,180
37511,-125
37512,51
37513,264
37514,-26
37515,-576
37516,-18
37517,234
37518,-72
37519,45
37520,84
37521,16
37522,4
37523,384
37524,80
37525,440
37526,-2
37527,-72
37528,-354
37529,-12
37530,-256
37531,-480
37532,-100
37533,26
37534,20
37535,-656
37536,240
37537,-332
37538,-128
37539,84
37540,-88
37541,-108
37542,-248
37543,216
37544,-45
37545,560
37546,-124
37547,57
37548,24
37549,-32
37550,-132
37551,-164
37552,-47
37553,102
37554,8
37555,-72
37556,18
37557,240
37558,0
37559,369
37560,192
37561,230
37562,-207
37563,-72
37564,33
37565,576
37566,-42
37567,258
37568,-252
37569,-396
37570,-160
37571,-10
37572,36
37573,-166
37574,153
37575,88
37576,-288
37577,-20
37578,-2
37579,221
37580,40
37581,48
37582,224
37583,80
37584,22
37585,92
37586,36
37587,-168
37588,-86
37589,329
37590,-96
37591,-40
37592,-72
37593,22
37594,-104
37595,128
37596,-100
37597,-81
37598,-264
37599,-54
37600,-495
37601,-144
37602,56
37603,504
37604,-90
37605,1088
37606,213
37607,136
37608,-210
37609,420
37610,-52
37611,120
37612,-14
37613,82
37614,96
37615,96
37616,-32
37617,124
37618,87
37619,50
37620,64
37621,18
37622,240
37623,4
37624,-192
37625,504
37626,198
37627,0
37628,-40
37629,6
37630,180
37631,-160
37632,68
37633,184
37634,-252
37635,-800
37636,-47
37637,-32
37638,-108
37639,-192
37640,540
37641,-40
37642,-64
37643,-55
37644,-84
37645,624
37646,-264
37647,0
37648,10
37649,95
37650,198
37651,264
37652,-24
37653,24
37654,210
37655,108
37656,15
37657,-280
37658,100
37659,308
37660,228
37661,-250
37662,154
37663,-366
37664,-240
37665,360
37666,-72
37667,132
37668,-28
37669,-128
37670,252
37671,-4
37672,126
37673,4
37674,120
37675,132
37676,-84
37677,-16
37678,-29
37679,-162
37680,-128
37681,-88
37682,-99
37683,-50
37684,-117
37685,632
37686,168
37687,96
37688,36
37689,108
37690,404
37691,-309
37692,-16
37693,102
37694,-243
37695,576
37696,-252
37697,256
37698,256
37699,261
37700,110
37701,-72
37702,162
37703,-36
37704,108
37705,512
37706,-162
37707,-150
37708,-228
37709,-384
37710,108
37711,119
37712,-14
37713,400
37714,-68
37715,-352
37716,156
37717,290
37718,-29
37719,128
37720,864
37721,-63
37722,24
37723,180
37724,96
37725,132
37726,115
37727,378
37728,15
37729,54
37730,240
37731,-332
37732,-46
37733,-300
37734,208
37735,324
37736,0
37737,21
37738,108
37739,-520
37740,-72
37741,-72
37742,16
37743,432
37744,-69
37745,608
37746,121
37747,92
37748,72
37749,-40
37750,-72
37751,222
37752,-150
37753,-64
37754,-56
37755,-96
37756,-91
37757,-96
37758,108
37759,-56
37760,-96
37761,576
37762,240
37763,112
37764,-10
37765,540
37766,-192
37767,-236
37768,-324
37769,96
37770,96
37771,144
37772,-108
37773,104
37774,-24
37775,-242
37776,-36
37777,-9
37778,-30
37779,-8
37780,240
37781,-300
37782,-50
37783,387
37784,135
37785,64
37786,-207
37787,16
37788,-126
37789,-360
37790,176
37791,-60
37792,325
37793,90
37794,-132
37795,496
37796,180
37797,-126
37798,180
37799,-114
37800,-396
37801,-32
37802,198
37803,34
37804,-40
37805,-244
37806,-16
37807,240
37808,-48
37809,-110
37810,-160
37811,336
37812,-48
37813,252
37814,18
37815,-64
37816,6
37817,410
37818,0
37819,-72
37820,-288
37821,444
37822,-124
37823,17
37824,-126
37825,0
37826,139
37827,396
37828,-40
37829,32
37830,480
37831,-361
37832,-294
37833,-60
37834,-96
37835,-864
37836,-5
37837,160
37838,-260
37839,60
37840,-112
37841,-90
37842,90
37843,405
37844,-114
37845,100
37846,-64
37847,-212
37848,216
37849,336
37850,-154
37851,216
37852,-35
37853,344
37854,-72
37855,-56
37856,180
37857,74
37858,-64
37859,-24
37860,-144
37861,-145
37862,20
37863,-84
37864,-108
37865,252
37866,18
37867,96
37868,-60
37869,380
37870,-12
37871,-48
37872,21
37873,-40
37874,44
37875,-96
37876,-6
37877,44
37878,-192
37879,198
37880,-672
37881,-256
37882,-405
37883,126
37884,-216
37885,372
37886,-248
37887,-16
37888,69
37889,150
37890,28
37891,-114
37892,-129
37893,-60
37894,132
37895,-400
37896,-12
37897,-28
37898,-276
37899,99
37900,-44
37901,-27
37902,-96
37903,36
37904,-128
37905,-72
37906,-296
37907,132
37908,65
37909,-88
37910,-96
37911,-68
37912,-108
37913,-351
37914,0
37915,-128
37916,-29
37917,40
37918,-159
37919,78
37920,400
37921,-180
37922,-112
37923,-124
37924,-112
37925,-297
37926,-14
37927,288
37928,-72
37929,342
37930,364
37931,-225
37932,-68
37933,-36
37934,220
37935,-480
37936,83
37937,208
37938,194
37939,376
37940,-96
37941,40
37942,-256
37943,-104
37944,81
37945,440
37946,61
37947,480
37948,-20
37949,-42
37950,704
37951,-234
37952,140
37953,24
37954,-192
37955,432
37956,80
37957,221
37958,28
37959,34
37960,-120
37961,72
37962,48
37963,-335
37964,96
37965,-376
37966,-144
37967,-124
37968,12
37969,-182
37970,168
37971,-116
37972,-184
37973,320
37974,112
37975,-198
37976,-54
37977,-168
37978,-24
37979,11
37980,-96
37981,-76
37982,-291
37983,416
37984,-20
37985,432
37986,-280
37987,-246
37988,162
37989,-231
37990,-24
37991,139
37992,-330
37993,-14
37994,80
37995,-192
37996,-192
37997,142
37998,18
37999,-150
38000,96
38001,240
38002,19
38003,0
38004,-92
38005,640
38006,-36
38007,144
38008,-354
38009,0
38010,48
38011,-148
38012,-105
38013,0
38014,18
38015,24
38016,-48
38017,30
38018,-124
38019,128
38020,-264
38021,180
38022,-4
38023,396
38024,72
38025,132
38026,129
38027,-136
38028,40
38029,-249
38030,-432
38031,384
38032,-23
38033,-34
38034,23
38035,192
38036,-6
38037,-90
38038,-240
38039,47
38040,-480
38041,-68
38042,-224
38043,80
38044,-9
38045,-312
38046,12
38047,45
38048,-90
38049,-208
38050,-66
38051,410
38052,-9
38053,-281
38054,-120
38055,448
38056,-189
38057,304
38058,-50
38059,-342
38060,64
38061,108
38062,53
38063,0
38064,-80
38065,-832
38066,-144
38067,-102
38068,288
38069,-14
38070,-396
38071,-232
38072,0
38073,90
38074,238
38075,44
38076,64
38077,20
38078,100
38079,26
38080,-252
38081,46
38082,112
38083,-92
38084,-26
38085,320
38086,48
38087,324
38088,-123
38089,0
38090,-180
38091,38
38092,0
38093,32
38094,72
38095,-432
38096,3
38097,108
38098,63
38099,-414
38100,176
38101,-75
38102,10
38103,540
38104,-12
38105,-232
38106,4
38107,-90
38108,30
38109,238
38110,192
38111,104
38112,-220
38113,-115
38114,-96
38115,-60
38116,65
38117,-405
38118,104
38119,257
38120,216
38121,72
38122,50
38123,-7
38124,48
38125,328
38126,104
38127,72
38128,36
38129,405
38130,648
38131,-18
38132,-86
38133,32
38134,304
38135,168
38136,-198
38137,-184
38138,-202
38139,-342
38140,-4
38141,105
38142,5
38143,-78
38144,136
38145,648
38146,72
38147,-81
38148,-64
38149,302
38150,-561
38151,160
38152,108
38153,305
38154,172
38155,-720
38156,56
38157,480
38158,-122
38159,-64
38160,-20
38161,288
38162,-112
38163,-124
38164,54
38165,-312
38166,-208
38167,-53
38168,30
38169,-78
38170,16
38171,-72
38172,-84
38173,8
38174,220
38175,528
38176,-105
38177,66
38178,-24
38179,-10
38180,-288
38181,0
38182,-132
38183,-238
38184,-126
38185,-288
38186,-64
38187,-52
38188,37
38189,-126
38190,224
38191,-48
38192,108
38193,-32
38194,24
38195,-64
38196,30
38197,16
38198,171
38199,216
38200,0
38201,-76
38202,-116
38203,-96
38204,170
38205,256
38206,258
38207,55
38208,-140
38209,256
38210,192
38211,-144
38212,-99
38213,240
38214,80
38215,-564
38216,-270
38217,-168
38218,-108
38219,232
38220,80
38221,-3
38222,18
38223,-27
38224,-34
38225,704
38226,-224
38227,-168
38228,24
38229,288
38230,-104
38231,326
38232,-264
38233,-60
38234,-174
38235,-240
38236,-50
38237,-35
38238,248
38239,64
38240,-480
38241,84
38242,-150
38243,16
38244,128
38245,428
38246,-285
38247,-256
38248,324
38249,-280
38250,-72
38251,0
38252,-6
38253,-576
38254,36
38255,-120
38256,-24
38257,-147
38258,-108
38259,340
38260,-288
38261,334
38262,-318
38263,-198
38264,-135
38265,8
38266,15
38267,-15
38268,2
38269,72
38270,0
38271,-172
38272,-120
38273,-333
38274,-206
38275,-473
38276,162
38277,54
38278,17
38279,-8
38280,-192
38281,175
38282,-194
38283,54
38284,27
38285,-720
38286,16
38287,-351
38288,58
38289,104
38290,-324
38291,20
38292,-126
38293,-16
38294,324
38295,96
38296,-24
38297,-264
38298,200
38299,-205
38300,-110
38301,72
38302,8
38303,14
38304,60
38305,-36
38306,48
38307,218
38308,-128
38309,-100
38310,-360
38311,105
38312,210
38313,308
38314,93
38315,480
38316,288
38317,240
38318,-48
38319,100
38320,-36
38321,318
38322,-6
38323,-28
38324,140
38325,-132
38326,-132
38327,-252
38328,396
38329,50
38330,124
38331,-32
38332,84
38333,-171
38334,38
38335,432
38336,49
38337,280
38338,4
38339,198
38340,144
38341,-456
38342,216
38343,176
38344,174
38345,160
38346,-216
38347,-288
38348,-45
38349,120
38350,440
38351,-71
38352,-54
38353,-366
38354,24
38355,648
38356,56
38357,100
38358,84
38359,0
38360,108
38361,32
38362,-200
38363,-132
38364,-256
38365,184
38366,88
38367,16
38368,-340
38369,72
38370,104
38371,25
38372,10
38373,-84
38374,-153
38375,-768
38376,-135
38377,-134
38378,63
38379,352
38380,-32
38381,309
38382,140
38383,-27
38384,-24
38385,-100
38386,-18
38387,-320
38388,-150
38389,-145
38390,-64
38391,0
38392,-90
38393,243
38394,100
38395,-720
38396,52
38397,-232
38398,-42
38399,252
38400,242
38401,312
38402,360
38403,-27
38404,70
38405,-280
38406,-24
38407,200
38408,30
38409,-432
38410,256
38411,9
38412,48
38413,-288
38414,26
38415,-360
38416,59
38417,-108
38418,-184
38419,32
38420,24
38421,-192
38422,50
38423,336
38424,72
38425,-110
38426,-271
38427,-144
38428,-90
38429,144
38430,-96
38431,68
38432,-205
38433,32
38434,-164
38435,20
38436,-72
38437,-96
38438,-86
38439,-82
38440,600
38441,-50
38442,-112
38443,135
38444,189
38445,-352
38446,45
38447,45
38448,0
38449,162
38450,-484
38451,108
38452,-38
38453,50
38454,60
38455,484
38456,384
38457,-88
38458,-189
38459,-264
38460,-72
38461,-106
38462,-4
38463,-154
38464,-196
38465,-128
38466,-26
38467,-380
38468,-8
38469,272
38470,48
38471,-54
38472,36
38473,-280
38474,-40
38475,-484
38476,-100
38477,204
38478,50
38479,-576
38480,-60
38481,32
38482,-72
38483,104
38484,49
38485,-112
38486,-30
38487,-206
38488,144
38489,152
38490,-208
38491,144
38492,72
38493,135
38494,76
38495,-480
38496,-270
38497,90
38498,142
38499,-144
38500,288
38501,-303
38502,288
38503,-224
38504,-333
38505,72
38506,-160
38507,-405
38508,48
38509,-264
38510,-116
38511,100
38512,-18
38513,148
38514,-12
38515,-352
38516,14
38517,6
38518,196
38519,-450
38520,-144
38521,363
38522,-192
38523,-32
38524,58
38525,-616
38526,210
38527,-176
38528,63
38529,216
38530,468
38531,40
38532,96
38533,-72
38534,-210
38535,48
38536,21
38537,0
38538,59
38539,24
38540,324
38541,36
38542,93
38543,-288
38544,16
38545,400
38546,-242
38547,33
38548,-216
38549,-405
38550,-44
38551,-4
38552,-240
38553,-36
38554,-51
38555,288
38556,99
38557,92
38558,-45
38559,-28
38560,-200
38561,273
38562,-176
38563,-36
38564,-288
38565,-228
38566,248
38567,216
38568,90
38569,-113
38570,-96
38571,560
38572,2
38573,225
38574,46
38575,484
38576,-50
38577,-192
38578,-138
38579,32
38580,208
38581,-405
38582,0
38583,-152
38584,-225
38585,-8
38586,-272
38587,-216
38588,68
38589,-96
38590,132
38591,-72
38592,49
38593,-48
38594,-192
38595,-648
38596,14
38597,150
38598,-108
38599,-48
38600,-660
38601,-7
38602,-270
38603,-184
38604,-176
38605,-552
38606,-120
38607,84
38608,-32
38609,-279
38610,320
38611,218
38612,-18
38613,384
38614,-182
38615,432
38616,-438
38617,82
38618,14
38619,12
38620,152
38621,16
38622,288
38623,455
38624,135
38625,-768
38626,0
38627,36
38628,-6
38629,164
38630,224
38631,20
38632,-96
38633,-216
38634,54
38635,-484
38636,50
38637,-65
38638,-8
38639,-114
38640,192
38641,237
38642,117
38643,256
38644,26
38645,96
38646,8
38647,-186
38648,-30
38649,250
38650,242
38651,-25
38652,-110
38653,-114
38654,-108
38655,180
38656,-51
38657,126
38658,-24
38659,-98
38660,-288
38661,84
38662,-45
38663,-320
38664,48
38665,-192
38666,-178
38667,236
38668,87
38669,246
38670,320
38671,201
38672,-62
38673,50
38674,160
38675,-495
38676,-72
38677,-23
38678,-99
38679,-216
38680,480
38681,-72
38682,96
38683,-20
38684,96
38685,-616
38686,200
38687,204
38688,-450
38689,366
38690,40
38691,192
38692,3
38693,118
38694,28
38695,612
38696,360
38697,-248
38698,-112
38699,6
38700,77
38701,24
38702,-15
38703,288
38704,-72
38705,-392
38706,-196
38707,269
38708,28
38709,-96
38710,-80
38711,357
38712,108
38713,35
38714,135
38715,0
38716,110
38717,120
38718,-264
38719,531
38720,-140
38721,-146
38722,-48
38723,-161
38724,-132
38725,-418
38726,-56
38727,130
38728,-432
38729,-187
38730,320
38731,-72
38732,-56
38733,-168
38734,-24
38735,-256
38736,-19
38737,218
38738,138
38739,-24
38740,160
38741,-28
38742,288
38743,105
38744,-48
38745,432
38746,144
38747,-98
38748,-26
38749,-261
38750,-369
38751,116
38752,60
38753,160
38754,33
38755,736
38756,-18
38757,-30
38758,24
38759,-30
38760,-288
38761,-324
38762,-119
38763,-16
38764,72
38765,-132
38766,270
38767,356
38768,19
38769,104
38770,-352
38771,-48
38772,-96
38773,0
38774,-160
38775,792
38776,-27
38777,-240
38778,480
38779,-320
38780,-168
38781,-144
38782,-48
38783,-202
38784,-12
38785,-276
38786,252
38787,-48
38788,-26
38789,200
38790,-24
38791,98
38792,-30
38793,-280
38794,-9
38795,272
38796,-80
38797,-96
38798,-12
38799,99
38800,132
38801,-240
38802,-32
38803,-248
38804,0
38805,-400
38806,-206
38807,6
38808,-24
38809,-116
38810,236
38811,36
38812,-72
38813,30
38814,-186
38815,648
38816,-280
38817,-44
38818,50
38819,-184
38820,8
38821,158
38822,216
38823,220
38824,-576
38825,-451
38826,72
38827,504
38828,63
38829,-36
38830,192
38831,160
38832,-88
38833,-238
38834,-103
38835,-184
38836,-24
38837,243
38838,238
38839,167
38840,456
38841,120
38842,-14
38843,108
38844,45
38845,300
38846,16
38847,-144
38848,196
38849,-65
38850,-198
38851,124
38852,-104
38853,-136
38854,196
38855,80
38856,-342
38857,-80
38858,-64
38859,30
38860,56
38861,215
38862,24
38863,192
38864,3
38865,-480
38866,-226
38867,115
38868,-180
38869,-252
38870,384
38871,-12
38872,42
38873,-258
38874,288
38875,768
38876,-89
38877,138
38878,-27
38879,171
38880,-200
38881,-72
38882,-209
38883,-620
38884,-20
38885,96
38886,200
38887,15
38888,-9
38889,-16
38890,-108
38891,212
38892,96
38893,0
38894,167
38895,64
38896,60
38897,-324
38898,15
38899,378
38900,-275
38901,-214
38902,-10
38903,159
38904,-396
38905,-324
38906,44
38907,48
38908,-27
38909,90
38910,328
38911,-88
38912,180
38913,306
38914,150
38915,56
38916,-72
38917,66
38918,64
38919,330
38920,576
38921,177
38922,280
38923,-100
38924,63
38925,44
38926,-202
38927,189
38928,90
38929,-208
38930,-24
38931,288
38932,160
38933,-103
38934,-192
38935,140
38936,432
38937,-208
38938,-27
38939,72
38940,256
38941,-318
38942,-257
38943,24
38944,-210
38945,-384
38946,4
38947,60
38948,-180
38949,-90
38950,-396
38951,80
38952,-3
38953,118
38954,130
38955,-80
38956,-136
38957,-24
38958,42
38959,200
38960,-112
38961,165
38962,-120
38963,342
38964,0
38965,232
38966,258
38967,-486
38968,-36
38969,-108
38970,-4
38971,262
38972,-22
38973,-520
38974,0
38975,-88
38976,-84
38977,-220
38978,-57
38979,72
38980,-24
38981,-117
38982,0
38983,360
38984,108
38985,-128
38986,-40
38987,-160
38988,12
38989,256
38990,-24
38991,360
38992,69
38993,330
38994,168
38995,-64
38996,27
38997,-21
38998,-81
38999,-16
39000,720
39001,84
39002,-181
39003,-98
39004,-20
39005,-152
39006,36
39007,64
39008,200
39009,-424
39010,324
39011,-60
39012,42
39013,410
39014,50
39015,128
39016,126
39017,-272
39018,0
39019,-346
39020,-256
39021,-64
39022,68
39023,180
39024,8
39025,264
39026,-200
39027,-404
39028,60
39029,-108
39030,216
39031,312
39032,243
39033,-98
39034,-8
39035,288
39036,4
39037,-64
39038,-24
39039,-288
39040,96
39041,50
39042,-110
39043,-35
39044,-77
39045,96
39046,102
39047,-283
39048,312
39049,171
39050,396
39051,124
39052,-60
39053,-24
39054,-256
39055,96
39056,-44
39057,-252
39058,208
39059,480
39060,-108
39061,-140
39062,119
39063,-104
39064,-24
39065,-560
39066,-60
39067,273
39068,-174
39069,-192
39070,64
39071,0
39072,-120
39073,-162
39074,60
39075,374
39076,47
39077,112
39078,-40
39079,246
39080,648
39081,168
39082,270
39083,60
39084,184
39085,568
39086,-1
39087,14
39088,-12
39089,-182
39090,64
39091,-540
39092,-46
39093,-288
39094,-64
39095,96
39096,-24
39097,-65
39098,8
39099,116
39100,264
39101,72
39102,120
39103,20
39104,315
39105,-160
39106,-183
39107,58
39108,-74
39109,27
39110,-324
39111,232
39112,-90
39113,99
39114,45
39115,-516
39116,-96
39117,-240
39118,-30
39119,257
39120,8
39121,72
39122,-162
39123,-240
39124,24
39125,192
39126,90
39127,384
39128,-42
39129,-164
39130,-420
39131,-408
39132,-26
39133,212
39134,-156
39135,-360
39136,195
39137,441
39138,-160
39139,186
39140,-256
39141,30
39142,225
39143,-185
39144,-198
39145,-24
39146,123
39147,20
39148,37
39149,-104
39150,88
39151,-54
39152,-81
39153,-126
39154,-104
39155,0
39156,90
39157,314
39158,75
39159,8
39160,0
39161,-78
39162,192
39163,191
39164,-133
39165,-48
39166,66
39167,90
39168,-51
39169,120
39170,152
39171,32
39172,-78
39173,-371
39174,-10
39175,-385
39176,216
39177,-92
39178,-108
39179,120
39180,-176
39181,189
39182,-60
39183,72
39184,90
39185,264
39186,-96
39187,168
39188,-24
39189,174
39190,144
39191,-340
39192,-432
39193,-288
39194,96
39195,140
39196,216
39197,-136
39198,288
39199,70
39200,110
39201,16
39202,78
39203,90
39204,55
39205,-328
39206,6
39207,-48
39208,-72
39209,-182
39210,144
39211,-2
39212,-150
39213,-78
39214,-159
39215,-1152
39216,-56
39217,-26
39218,62
39219,264
39220,-60
39221,-90
39222,-52
39223,-208
39224,312
39225,110
39226,264
39227,192
39228,-216
39229,-290
39230,232
39231,24
39232,28
39233,-28
39234,-60
39235,384
39236,42
39237,144
39238,-200
39239,-78
39240,-204
39241,-2
39242,-315
39243,256
39244,-82
39245,288
39246,-432
39247,350
39248,-32
39249,0
39250,-384
39251,9
39252,162
39253,-135
39254,-4
39255,432
39256,162
39257,-90
39258,-32
39259,-252
39260,-60
39261,-16
39262,-63
39263,270
39264,50
39265,196
39266,24
39267,-54
39268,-62
39269,-24
39270,288
39271,-44
39272,414
39273,-200
39274,38
39275,198
39276,-24
39277,-54
39278,81
39279,-56
39280,80
39281,52
39282,-196
39283,-10
39284,192
39285,-528
39286,110
39287,132
39288,-198
39289,-50
39290,220
39291,276
39292,144
39293,338
39294,-24
39295,64
39296,-96
39297,-400
39298,54
39299,160
39300,66
39301,257
39302,175
39303,88
39304,225
39305,528
39306,-176
39307,528
39308,180
39309,18
39310,240
39311,52
39312,60
39313,44
39314,48
39315,-672
39316,-114
39317,-132
39318,-184
39319,-81
39320,336
39321,6
39322,86
39323,73
39324,8
39325,-275
39326,-84
39327,-212
39328,230
39329,-252
39330,128
39331,-6
39332,68
39333,384
39334,-126
39335,-656
39336,-192
39337,-256
39338,0
39339,324
39340,360
39341,58
39342,-180
39343,-285
39344,-48
39345,-448
39346,0
39347,16
39348,-10
39349,51
39350,-198
39351,540
39352,294
39353,128
39354,-72
39355,-192
39356,168
39357,84
39358,264
39359,30
39360,-504
39361,-150
39362,-31
39363,-252
39364,-70
39365,-564
39366,22
39367,-64
39368,-108
39369,168
39370,288
39371,-42
39372,120
39373,260
39374,32
39375,123
39376,-96
39377,-132
39378,20
39379,-50
39380,-64
39381,216
39382,-72
39383,57
39384,-81
39385,552
39386,243
39387,320
39388,14
39389,-234
39390,80
39391,-392
39392,-160
39393,-176
39394,-262
39395,-480
39396,28
39397,209
39398,49
39399,-336
39400,-297
39401,-450
39402,40
39403,-15
39404,6
39405,216
39406,96
39407,-144
39408,48
39409,-213
39410,108
39411,6
39412,64
39413,332
39414,110
39415,412
39416,60
39417,132
39418,-56
39419,132
39420,32
39421,280
39422,-456
39423,-132
39424,-132
39425,396
39426,274
39427,0
39428,-17
39429,-115
39430,-148
39431,-63
39432,270
39433,-216
39434,-208
39435,768
39436,-164
39437,8
39438,-24
39439,268
39440,24
39441,296
39442,135
39443,217
39444,32
39445,-480
39446,-5
39447,308
39448,171
39449,-160
39450,462
39451,42
39452,-60
39453,12
39454,174
39455,560
39456,15
39457,-288
39458,-34
39459,-60
39460,-232
39461,112
39462,-154
39463,-252
39464,6
39465,68
39466,-180
39467,-8
39468,320
39469,-20
39470,112
39471,128
39472,37
39473,45
39474,-84
39475,-22
39476,-144
39477,-364
39478,96
39479,-144
39480,648
39481,-125
39482,180
39483,108
39484,-16
39485,-160
39486,60
39487,-315
39488,-28
39489,-234
39490,-384
39491,48
39492,-60
39493,2
39494,90
39495,-144
39496,-324
39497,-256
39498,44
39499,90
39500,240
39501,192
39502,-256
39503,348
39504,16
39505,520
39506,-42
39507,190
39508,-81
39509,175
39510,-32
39511,-124
39512,-312
39513,296
39514,360
39515,72
39516,0
39517,-126
39518,70
39519,-67
39520,400
39521,-199
39522,-270
39523,-336
39524,90
39525,594
39526,118
39527,225
39528,264
39529,84
39530,224
39531,212
39532,-11
39533,-390
39534,-56
39535,300
39536,36
39537,0
39538,10
39539,-320
39540,-72
39541,-374
39542,-132
39543,-76
39544,171
39545,-288
39546,5
39547,18
39548,-4
39549,-182
39550,66
39551,-90
39552,-96
39553,-147
39554,88
39555,144
39556,72
39557,0
39558,8
39559,60
39560,672
39561,240
39562,9
39563,-124
39564,-48
39565,720
39566,-16
39567,170
39568,-24
39569,96
39570,0
39571,57
39572,-30
39573,-88
39574,63
39575,-605
39576,-216
39577,56
39578,24
39579,-160
39580,-144
39581,-118
39582,52
39583,-40
39584,160
39585,-240
39586,190
39587,405
39588,-88
39589,-256
39590,144
39591,-45
39592,12
39593,-24
39594,-60
39595,128
39596,68
39597,-126
39598,-20
39599,-312
39600,-44
39601,-99
39602,135
39603,448
39604,-152
39605,356
39606,-432
39607,0
39608,-108
39609,-10
39610,132
39611,280
39612,-32
39613,75
39614,-72
39615,512
39616,-49
39617,8
39618,-81
39619,-332
39620,-192
39621,540
39622,-296
39623,56
39624,-240
39625,-480
39626,182
39627,27
39628,-32
39629,592
39630,-400
39631,267
39632,-7
39633,328
39634,-96
39635,584
39636,-8
39637,-475
39638,-176
39639,-8
39640,300
39641,-88
39642,-18
39643,-108
39644,60
39645,72
39646,154
39647,-360
39648,240
39649,-117
39650,-440
39651,380
39652,48
39653,-168
39654,71
39655,768
39656,-138
39657,180
39658,-90
39659,-128
39660,-16
39661,180
39662,-69
39663,-40
39664,-21
39665,-456
39666,224
39667,-10
39668,-216
39669,-360
39670,96
39671,312
39672,-24
39673,60
39674,216
39675,-902
39676,-255
39677,224
39678,-150
39679,16
39680,-612
39681,19
39682,0
39683,-378
39684,168
39685,300
39686,212
39687,112
39688,135
39689,315
39690,88
39691,224
39692,-122
39693,12
39694,0
39695,432
39696,56
39697,180
39698,-368
39699,108
39700,-242
39701,-56
39702,-240
39703,-262
39704,-36
39705,-176
39706,-6
39707,32
39708,-46
39709,178
39710,48
39711,432
39712,30
39713,-63
39714,-118
39715,432
39716,-70
39717,228
39718,252
39719,60
39720,624
39721,-512
39722,-154
39723,44
39724,140
39725,-363
39726,15
39727,-174
39728,0
39729,216
39730,-24
39731,140
39732,-168
39733,-6
39734,22
39735,-104
39736,-204
39737,-60
39738,24
39739,90
39740,-64
39741,-120
39742,-81
39743,8
39744,-224
39745,572
39746,72
39747,-280
39748,20
39749,-62
39750,-240
39751,-64
39752,168
39753,54
39754,-320
39755,-260
39756,4
39757,-81
39758,-320
39759,100
39760,108
39761,194
39762,34
39763,-153
39764,75
39765,320
39766,-184
39767,480
39768,-78
39769,-158
39770,-432
39771,-220
39772,8
39773,234
39774,336
39775,-231
39776,40
39777,12
39778,-134
39779,100
39780,-60
39781,258
39782,-58
39783,0
39784,225
39785,136
39786,-32
39787,-52
39788,30
39789,-30
39790,128
39791,-60
39792,-76
39793,-310
39794,-18
39795,96
39796,10
39797,105
39798,112
39799,-138
39800,-330
39801,-192
39802,-300
39803,60
39804,216
39805,432
39806,215
39807,-53
39808,96
39809,-135
39810,416
39811,-342
39812,-57
39813,-224
39814,-96
39815,368
39816,-90
39817,-126
39818,-112
39819,-30
39820,32
39821,200
39822,-36
39823,120
39824,-12
39825,-352
39826,-216
39827,64
39828,-40
39829,-14
39830,12
39831,-216
39832,150
39833,176
39834,6
39835,72
39836,8
39837,32
39838,12
39839,-208
39840,360
39841,-160
39842,-256
39843,-44
39844,144
39845,80
39846,-8
39847,-322
39848,81
39849,-144
39850,-132
39851,225
39852,90
39853,-176
39854,148
39855,696
39856,-45
39857,162
39858,60
39859,-208
39860,96
39861,112
39862,40
39863,258
39864,72
39865,-252
39866,234
39867,72
39868,16
39869,-270
39870,36
39871,310
39872,0
39873,16
39874,-92
39875,-192
39876,-162
39877,-257
39878,128
39879,-288
39880,-744
39881,-200
39882,-128
39883,212
39884,96
39885,104
39886,24
39887,-368
39888,14
39889,-24
39890,-272
39891,-72
39892,28
39893,-432
39894,272
39895,80
39896,171
39897,180
39898,-10
39899,141
39900,264
39901,-192
39902,270
39903,-288
39904,-70
39905,-32
39906,-72
39907,-102
39908,48
39909,-90
39910,640
39911,24
39912,210
39913,192
39914,-213
39915,60
39916,108
39917,-32
39918,116
39919,0
39920,112
39921,396
39922,184
39923,-135
39924,54
39925,726
39926,-93
39927,-168
39928,-648
39929,-176
39930,-192
39931,54
39932,56
39933,-66
39934,252
39935,8
39936,230
39937,24
39938,20
39939,-236
39940,-104
39941,248
39942,60
39943,-96
39944,-3
39945,104
39946,-186
39947,0
39948,-4
39949,-120
39950,-297
39951,-160
39952,44
39953,225
39954,0
39955,-96
39956,-162
39957,144
39958,-24
39959,-360
39960,144
39961,0
39962,50
39963,-96
39964,-192
39965,152
39966,-200
39967,96
39968,-295
39969,45
39970,252
39971,231
39972,120
39973,-81
39974,-320
39975,-990
39976,252
39977,-378
39978,-32
39979,-74
39980,-76
39981,16
39982,131
39983,126
39984,12
39985,128
39986,-46
39987,128
39988,-220
39989,145
39990,504
39991,54
39992,348
39993,-24
39994,117
39995,112
39996,8
39997,216
39998,6
39999,-140
40000,287
40001,-30
40002,32
40003,-34
40004,-6
40005,-96
40006,90
40007,-208
40008,342
40009,190
40010,8
40011,-112
40012,114
40013,-33
40014,220
40015,60
40016,72
40017,-78
40018,-144
40019,-405
40020,128
40021,-360
40022,28
40023,-4
40024,207
40025,132
40026,-108
40027,300
40028,114
40029,448
40030,-256
40031,-63
40032,80
40033,-56
40034,3
40035,384
40036,59
40037,-300
40038,-8
40039,56
40040,-720
40041,36
40042,-130
40043,-16
40044,-162
40045,-388
40046,66
40047,6
40048,-70
40049,-58
40050,0
40051,-130
40052,108
40053,-240
40054,-54
40055,400
40056,240
40057,-486
40058,-193
40059,102
40060,304
40061,288
40062,-224
40063,-37
40064,24
40065,312
40066,280
40067,-400
40068,60
40069,42
40070,228
40071,18
40072,21
40073,-144
40074,160
40075,66
40076,-77
40077,16
40078,-80
40079,60
40080,-64
40081,-152
40082,-10
40083,108
40084,-212
40085,-136
40086,9
40087,287
40088,-339
40089,432
40090,384
40091,-225
40092,-20
40093,-179
40094,72
40095,-208
40096,-60
40097,-44
40098,-18
40099,392
40100,-297
40101,354
40102,-12
40103,207
40104,-6
40105,-80
40106,-36
40107,88
40108,24
40109,72
40110,0
40111,348
40112,-136
40113,-43
40114,9
40115,-72
40116,104
40117,-204
40118,-220
40119,-448
40120,-288
40121,70
40122,40
40123,89
40124,-144
40125,-576
40126,-150
40127,-135
40128,-224
40129,-149
40130,-264
40131,75
40132,-80
40133,49
40134,-184
40135,128
40136,-24
40137,108
40138,-216
40139,0
40140,32
40141,-27
40142,78
40143,200
40144,100
40145,324
40146,-196
40147,92
40148,78
40149,36
40150,88
40151,-196
40152,432
40153,-66
40154,195
40155,488
40156,-17
40157,-420
40158,96
40159,-231
40160,180
40161,336
40162,252
40163,174
40164,48
40165,112
40166,36
40167,-14
40168,-192
40169,163
40170,640
40171,-128
40172,-45
40173,432
40174,-20
40175,165
40176,-99
40177,-112
40178,174
40179,-176
40180,-72
40181,328
40182,-12
40183,-600
40184,-237
40185,144
40186,-144
40187,-198
40188,54
40189,298
40190,-288
40191,-126
40192,-272
40193,82
40194,24
40195,356
40196,110
40197,4
40198,-20
40199,72
40200,462
40201,-111
40202,6
40203,-108
40204,-164
40205,336
40206,324
40207,-369
40208,-72
40209,-270
40210,328
40211,-240
40212,8
40213,218
40214,33
40215,240
40216,300
40217,96
40218,-292
40219,78
40220,256
40221,153
40222,108
40223,16
40224,270
40225,-803
40226,190
40227,-320
40228,0
40229,48
40230,128
40231,-180
40232,-324
40233,20
40234,47
40235,-140
40236,-54
40237,142
40238,288
40239,-63
40240,-24
40241,-314
40242,96
40243,246
40244,-49
40245,-552
40246,91
40247,80
40248,-105
40249,12
40250,576
40251,18
40252,2
40253,159
40254,-192
40255,432
40256,63
40257,-297
40258,-75
40259,160
40260,-256
40261,20
40262,-180
40263,300
40264,-162
40265,-344
40266,-83
40267,-196
40268,-24
40269,18
40270,-48
40271,-60
40272,48
40273,384
40274,190
40275,-44
40276,-106
40277,-161
40278,-12
40279,-513
40280,-240
40281,-64
40282,-72
40283,121
40284,8
40285,624
40286,-56
40287,-10
40288,60
40289,38
40290,240
40291,-84
40292,102
40293,15
40294,-174
40295,-224
40296,-96
40297,288
40298,112
40299,48
40300,-495
40301,0
40302,0
40303,-252
40304,-8
40305,232
40306,-105
40307,-249
40308,-84
40309,-44
40310,-128
40311,-40
40312,-204
40313,135
40314,-30
40315,-208
40316,93
40317,0
40318,-120
40319,-496
40320,36
40321,16
40322,-17
40323,50
40324,-60
40325,198
40326,-360
40327,16
40328,-30
40329,8
40330,204
40331,-243
40332,32
40333,30
40334,-147
40335,-704
40336,8
40337,320
40338,90
40339,120
40340,-28
40341,-36
40342,136
40343,40
40344,240
40345,236
40346,-2
40347,-116
40348,-36
40349,32
40350,-418
40351,-158
40352,300
40353,312
40354,-96
40355,-312
40356,32
40357,339
40358,-12
40359,-312
40360,648
40361,270
40362,-300
40363,16
40364,8
40365,-640
40366,-31
40367,72
40368,-50
40369,60
40370,-32
40371,54
40372,-16
40373,405
40374,-6
40375,-288
40376,96
40377,-112
40378,205
40379,64
40380,32
40381,308
40382,-208
40383,27
40384,126
40385,324
40386,80
40387,-312
40388,64
40389,-112
40390,168
40391,288
40392,-144
40393,-72
40394,-8
40395,432
40396,56
40397,60
40398,-232
40399,-9
40400,22
40401,-18
40402,-178
40403,-8
40404,-90
40405,-448
40406,0
40407,-264
40408,-6
40409,69
40410,-104
40411,216
40412,164
40413,-32
40414,40
40415,96
40416,70
40417,-255
40418,288
40419,-308
40420,252
40421,-252
40422,66
40423,-216
40424,-27
40425,-176
40426,-54
40427,74
40428,44
40429,-238
40430,-640
40431,-228
40432,9
40433,174
40434,-144
40435,160
40436,-72
40437,44
40438,216
40439,255
40440,-552
40441,30
40442,-28
40443,240
40444,40
40445,64
40446,-144
40447,320
40448,-110
40449,384
40450,-484
40451,-24
40452,-48
40453,-96
40454,-8
40455,72
40456,375
40457,224
40458,-32
40459,-294
40460,-96
40461,-368
40462,-211
40463,-315
40464,-30
40465,-48
40466,-47
40467,-486
40468,-21
40469,320
40470,288
40471,-280
40472,192
40473,0
40474,120
40475,-627
40476,64
40477,-9
40478,81
40479,96
40480,640
40481,147
40482,-20
40483,300
40484,-8
40485,-552
40486,-198
40487,-82
40488,180
40489,336
40490,408
40491,-20
40492,0
40493,-300
40494,-132
40495,0
40496,47
40497,-18
40498,-147
40499,-144
40500,-264
40501,-54
40502,-252
40503,-576
40504,-216
40505,-128
40506,224
40507,-216
40508,-180
40509,-78
40510,340
40511,-108
40512,336
40513,64
40514,-54
40515,48
40516,144
40517,-162
40518,-5
40519,329
40520,228
40521,450
40522,-48
40523,56
40524,256
40525,-726
40526,144
40527,160
40528,24
40529,-372
40530,480
40531,-233
40532,2
40533,32
40534,40
40535,-140
40536,27
40537,-90
40538,98
40539,376
40540,148
40541,-189
40542,44
40543,-120
40544,30
40545,60
40546,-192
40547,120
40548,306
40549,-504
40550,495
40551,-228
40552,-27
40553,-48
40554,-48
40555,236
40556,71
40557,-368
40558,150
40559,-214
40560,-96
40561,-414
40562,-63
40563,86
40564,-78
40565,-384
40566,-90
40567,48
40568,264
40569,-248
40570,256
40571,52
40572,16
40573,-50
40574,28
40575,-22
40576,-60
40577,-116
40578,-246
40579,-324
40580,-4
40581,80
40582,-144
40583,369
40584,0
40585,552
40586,-120
40587,18
40588,-32
40589,180
40590,144
40591,188
40592,-56
40593,432
40594,-9
40595,-384
40596,60
40597,-229
40598,-50
40599,5
40600,-198
40601,-240
40602,28
40603,-104
40604,36
40605,-736
40606,20
40607,36
40608,-180
40609,-106
40610,108
40611,464
40612,180
40613,102
40614,-240
40615,264
40616,330
40617,-82
40618,-208
40619,57
40620,-96
40621,-76
40622,-196
40623,256
40624,-40
40625,220
40626,24
40627,182
40628,69
40629,144
40630,-288
40631,-225
40632,-54
40633,44
40634,32
40635,336
40636,-62
40637,108
40638,-170
40639,373
40640,-224
40641,-576
40642,312
40643,324
40644,6
40645,288
40646,-71
40647,72
40648,141
40649,-39
40650,176
40651,-200
40652,40
40653,9
40654,-28
40655,144
40656,30
40657,34
40658,-36
40659,404
40660,-192
40661,4
40662,99
40663,144
40664,-360
40665,-512
40666,-171
40667,-388
40668,50
40669,196
40670,-72
40671,-37
40672,405
40673,0
40674,168
40675,572
40676,125
40677,-240
40678,24
40679,236
40680,24
40681,-174
40682,-214
40683,0
40684,-18
40685,640
40686,106
40687,-128
40688,-81
40689,48
40690,-160
40691,198
40692,-80
40693,-269
40694,-162
40695,-776
40696,-294
40697,-382
40698,36
40699,130
40700,-132
40701,-108
40702,-9
40703,-90
40704,-170
40705,528
40706,31
40707,117
40708,18
40709,-144
40710,512
40711,-452
40712,72
40713,-468
40714,267
40715,108
40716,40
40717,184
40718,108
40719,56
40720,-96
40721,392
40722,32
40723,-480
40724,5
40725,22
40726,-246
40727,-144
40728,-234
40729,120
40730,292
40731,-272
40732,-21
40733,492
40734,-18
40735,-384
40736,140
40737,-12
40738,27
40739,-84
40740,288
40741,-96
40742,175
40743,66
40744,-192
40745,-240
40746,16
40747,-405
40748,-64
40749,-144
40750,24
40751,-112
40752,16
40753,180
40754,-243
40755,-640
40756,-72
40757,220
40758,104
40759,-176
40760,-144
40761,-3
40762,0
40763,-129
40764,-140
40765,-756
40766,-204
40767,192
40768,-70
40769,320
40770,-48
40771,-124
40772,-119
40773,170
40774,24
40775,-363
40776,-84
40777,115
40778,-20
40779,-72
40780,-28
40781,210
40782,-228
40783,72
40784,30
40785,-384
40786,-96
40787,373
40788,64
40789,-336
40790,-20
40791,-184
40792,12
40793,-6
40794,-50
40795,360
40796,-243
40797,-88
40798,-98
40799,-264
40800,-330
40801,-67
40802,120
40803,-84
40804,97
40805,364
40806,8
40807,70
40808,-3
40809,-128
40810,240
40811,138
40812,-32
40813,-351
40814,17
40815,48
40816,-1
40817,-177
40818,2
40819,64
40820,-320
40821,-256
40822,125
40823,54
40824,-117
40825,-792
40826,-24
40827,144
40828,32
40829,30
40830,-80
40831,384
40832,-24
40833,-20
40834,-123
40835,-192
40836,-162
40837,84
40838,108
40839,-36
40840,-36
40841,303
40842,75
40843,-360
40844,148
40845,600
40846,-90
40847,-286
40848,-48
40849,-338
40850,-308
40851,0
40852,132
40853,-248
40854,56
40855,276
40856,-195
40857,-340
40858,-81
40859,-390
40860,-44
40861,40
40862,-224
40863,20
40864,-225
40865,-160
40866,-64
40867,111
40868,84
40869,96
40870,-224
40871,128
40872,-90
40873,-330
40874,0
40875,-816
40876,0
40877,558
40878,-56
40879,280
40880,24
40881,268
40882,-174
40883,175
40884,-184
40885,180
40886,17
40887,-96
40888,-228
40889,0
40890,-144
40891,-352
40892,-48
40893,280
40894,-192
40895,-48
40896,63
40897,258
40898,60
40899,182
40900,55
40901,420
40902,-162
40903,236
40904,210
40905,-88
40906,4
40907,132
40908,-168
40909,-196
40910,28
40911,100
40912,-81
40913,9
40914,79
40915,-64
40916,100
40917,320
40918,-252
40919,54
40920,864
40921,-24
40922,90
40923,66
40924,-90
40925,-363
40926,-192
40927,162
40928,65
40929,36
40930,-72
40931,12
40932,-16
40933,286
40934,288
40935,688
40936,189
40937,315
40938,212
40939,-28
40940,0
40941,20
40942,-112
40943,120
40944,50
40945,-96
40946,8
40947,280
40948,24
40949,-86
40950,-165
40951,450
40952,-360
40953,-48
40954,168
40955,-272
40956,108
40957,-120
40958,-2
40959,-108
40960,364
40961,-24
40962,94
40963,120
40964,-32
40965,-464
40966,258
40967,-126
40968,3
40969,-110
40970,-120
40971,384
40972,33
40973,-3
40974,-252
40975,-352
40976,45
40977,32
40978,-246
40979,-126
40980,288
40981,-120
40982,-18
40983,-144
40984,-459
40985,384
40986,352
40987,150
40988,84
40989,50
40990,240
40991,-8
40992,-240
40993,-230
40994,-160
40995,-212
40996,42
40997,32
40998,-292
40999,120
41000,-648
41001,-80
41002,-180
41003,-24
41004,-21
41005,512
41006,-12
41007,182
41008,44
41009,-528
41010,-432
41011,-343
41012,-53
41013,-72
41014,222
41015,360
41016,-396
41017,187
41018,249
41019,-20
41020,-108
41021,96
41022,35
41023,-304
41024,63
41025,-594
41026,60
41027,360
41028,210
41029,0
41030,32
41031,108
41032,192
41033,-162
41034,-324
41035,128
41036,-120
41037,-384
41038,-72
41039,-380
41040,64
41041,540
41042,-38
41043,-464
41044,-234
41045,-244
41046,-140
41047,-334
41048,-117
41049,-48
41050,264
41051,-231
41052,-256
41053,-32
41054,10
41055,-576
41056,-130
41057,-142
41058,-80
41059,60
41060,64
41061,-200
41062,-54
41063,356
41064,-96
41065,0
41066,-128
41067,120
41068,180
41069,-48
41070,-224
41071,28
41072,-9
41073,-210
41074,32
41075,495
41076,3
41077,-28
41078,288
41079,-444
41080,-600
41081,70
41082,144
41083,162
41084,158
41085,-144
41086,-72
41087,-22
41088,-72
41089,186
41090,432
41091,-226
41092,94
41093,170
41094,-24
41095,-56
41096,432
41097,384
41098,-146
41099,-18
41100,66
41101,-96
41102,-20
41103,32
41104,-6
41105,-340
41106,-270
41107,-24
41108,168
41109,-360
41110,-316
41111,48
41112,63
41113,-118
41114,184
41115,-408
41116,-4
41117,-369
41118,0
41119,-200
41120,-40
41121,16
41122,8
41123,216
41124,128
41125,648
41126,-80
41127,-210
41128,-180
41129,80
41130,100
41131,278
41132,30
41133,-328
41134,48
41135,-16
41136,114
41137,-468
41138,224
41139,66
41140,60
41141,85
41142,-48
41143,-22
41144,-144
41145,960
41146,-33
41147,-528
41148,88
41149,42
41150,88
41151,112
41152,-182
41153,-171
41154,176
41155,440
41156,80
41157,57
41158,275
41159,-170
41160,360
41161,-222
41162,-184
41163,-84
41164,-81
41165,-316
41166,57
41167,162
41168,81
41169,-272
41170,-128
41171,230
41172,-36
41173,144
41174,36
41175,352
41176,54
41177,332
41178,-266
41179,-4
41180,72
41181,90
41182,-32
41183,-12
41184,-100
41185,352
41186,251
41187,260
41188,-171
41189,-207
41190,-504
41191,-57
41192,96
41193,-80
41194,63
41195,576
41196,56
41197,-100
41198,188
41199,-162
41200,176
41201,63
41202,-204
41203,4
41204,80
41205,-504
41206,-256
41207,0
41208,-36
41209,-50
41210,400
41211,40
41212,96
41213,75
41214,-146
41215,40
41216,408
41217,472
41218,6
41219,153
41220,8
41221,306
41222,105
41223,90
41224,84
41225,-396
41226,-16
41227,55
41228,-48
41229,264
41230,432
41231,174
41232,-90
41233,-199
41234,-125
41235,-80
41236,-96
41237,-63
41238,20
41239,32
41240,-324
41241,-176
41242,-168
41243,284
41244,120
41245,-16
41246,54
41247,-96
41248,200
41249,-160
41250,-328
41251,243
41252,-130
41253,-360
41254,132
41255,-96
41256,0
41257,-212
41258,-14
41259,264
41260,-136
41261,216
41262,410
41263,-290
41264,77
41265,-36
41266,-72
41267,-96
41268,16
41269,244
41270,264
41271,186
41272,-252
41273,112
41274,-39
41275,-440
41276,-84
41277,-46
41278,66
41279,-240
41280,-392
41281,-332
41282,-203
41283,256
41284,-108
41285,768
41286,-168
41287,180
41288,330
41289,-78
41290,-104
41291,-336
41292,27
41293,-9
41294,-88
41295,248
41296,0
41297,96
41298,328
41299,-236
41300,264
41301,60
41302,-240
41303,-432
41304,30
41305,192
41306,104
41307,-120
41308,208
41309,10
41310,-120
41311,-68
41312,200
41313,-162
41314,165
41315,640
41316,-64
41317,-50
41318,-32
41319,-77
41320,-12
41321,414
41322,216
41323,-350
41324,-101
41325,-176
41326,-24
41327,160
41328,27
41329,-24
41330,216
41331,112
41332,33
41333,346
41334,4
41335,-780
41336,249
41337,-172
41338,40
41339,-28
41340,-200
41341,-6
41342,87
41343,-90
41344,-36
41345,464
41346,57
41347,96
41348,-168
41349,96
41350,308
41351,148
41352,-444
41353,210
41354,144
41355,-72
41356,48
41357,371
41358,-32
41359,144
41360,-144
41361,-270
41362,-130
41363,-384
41364,-40
41365,-296
41366,105
41367,24
41368,-120
41369,-486
41370,216
41371,52
41372,40
41373,-40
41374,9
41375,624
41376,-60
41377,-48
41378,-126
41379,-300
41380,52
41381,250
41382,20
41383,108
41384,162
41385,0
41386,-116
41387,0
41388,188
41389,-105
41390,-8
41391,-66
41392,50
41393,-180
41394,226
41395,336
41396,-30
41397,272
41398,30
41399,-226
41400,264
41401,-208
41402,-8
41403,12
41404,-180
41405,-96
41406,224
41407,162
41408,-7
41409,84
41410,-72
41411,-137
41412,36
41413,-59
41414,143
41415,-288
41416,216
41417,252
41418,160
41419,-288
41420,-272
41421,-188
41422,-128
41423,592
41424,92
41425,-143
41426,228
41427,61
41428,-153
41429,-207
41430,-232
41431,-320
41432,12
41433,348
41434,108
41435,-544
41436,52
41437,-252
41438,-87
41439,64
41440,-180
41441,-76
41442,-226
41443,39
41444,-60
41445,-512
41446,120
41447,0
41448,384
41449,4
41450,-418
41451,414
41452,70
41453,-159
41454,-18
41455,96
41456,60
41457,-20
41458,96
41459,-404
41460,320
41461,-234
41462,118
41463,-24
41464,-54
41465,56
41466,-36
41467,-79
41468,-96
41469,-448
41470,160
41471,4
41472,121
41473,-49
41474,0
41475,-660
41476,-104
41477,-96
41478,144
41479,-31
41480,288
41481,-108
41482,270
41483,315
41484,-68
41485,-504
41486,-12
41487,-60
41488,-8
41489,333
41490,88
41491,-45
41492,-288
41493,148
41494,48
41495,560
41496,-360
41497,132
41498,279
41499,-40
41500,216
41501,-234
41502,-18
41503,-75
41504,205
41505,368
41506,-38
41507,-113
41508,-26
41509,-720
41510,-240
41511,12
41512,-72
41513,-124
41514,-72
41515,-96
41516,-144
41517,27
41518,166
41519,-118
41520,-32
41521,-316
41522,-330
41523,120
41524,-27
41525,132
41526,-176
41527,60
41528,24
41529,272
41530,424
41531,36
41532,-116
41533,-171
41534,40
41535,180
41536,-224
41537,-2
41538,-336
41539,-117
41540,-252
41541,176
41542,180
41543,-378
41544,42
41545,48
41546,243
41547,-96
41548,-135
41549,362
41550,308
41551,-132
41552,10
41553,-224
41554,-210
41555,-236
41556,16
41557,96
41558,240
41559,216
41560,540
41561,640
41562,-45
41563,0
41564,10
41565,-24
41566,-90
41567,-216
41568,-10
41569,-176
41570,-336
41571,72
41572,-108
41573,324
41574,216
41575,385
41576,-207
41577,444
41578,98
41579,132
41580,192
41581,-280
41582,117
41583,-144
41584,16
41585,-384
41586,-96
41587,375
41588,-90
41589,-82
41590,-128
41591,160
41592,156
41593,-178
41594,-273
41595,576
41596,-173
41597,96
41598,44
41599,243
41600,165
41601,64
41602,-288
41603,-214
41604,-92
41605,320
41606,-81
41607,-224
41608,-90
41609,294
41610,64
41611,-156
41612,-32
41613,-480
41614,0
41615,216
41616,8
41617,-31
41618,125
41619,322
41620,-320
41621,-291
41622,-150
41623,-300
41624,105
41625,-72
41626,-60
41627,-22
41628,-32
41629,-96
41630,64
41631,412
41632,135
41633,-270
41634,-22
41635,224
41636,-27
41637,294
41638,0
41639,180
41640,24
41641,134
41642,81
41643,6
41644,-48
41645,164
41646,-144
41647,158
41648,-12
41649,264
41650,66
41651,159
41652,0
41653,512
41654,96
41655,-72
41656,216
41657,12
41658,30
41659,-341
41660,56
41661,176
41662,-27
41663,-288
41664,378
41665,180
41666,-81
41667,168
41668,224
41669,0
41670,-64
41671,123
41672,27
41673,36
41674,-224
41675,627
41676,-48
41677,-324
41678,-30
41679,-28
41680,-68
41681,56
41682,118
41683,-42
41684,-12
41685,528
41686,240
41687,388
41688,-240
41689,135
41690,-64
41691,-490
41692,81
41693,40
41694,0
41695,684
41696,40
41697,-18
41698,-214
41699,-48
41700,352
41701,96
41702,36
41703,168
41704,405
41705,-128
41706,-78
41707,44
41708,-78
41709,-182
41710,-336
41711,90
41712,80
41713,48
41714,230
41715,-704
41716,117
41717,-120
41718,30
41719,-253
41720,-288
41721,220
41722,96
41723,-364
41724,-32
41725,440
41726,36
41727,96
41728,17
41729,-161
41730,480
41731,-68
41732,150
41733,26
41734,-96
41735,-240
41736,-162
41737,-17
41738,216
41739,-132
41740,-168
41741,0
41742,88
41743,20
41744,45
41745,-320
41746,-6
41747,-170
41748,36
41749,-54
41750,-192
41751,-87
41752,-288
41753,-266
41754,254
41755,252
41756,40
41757,468
41758,-6
41759,164
41760,-40
41761,-66
41762,192
41763,-100
41764,45
41765,-296
41766,210
41767,-168
41768,-264
41769,-180
41770,-88
41771,-258
41772,10
41773,-18
41774,167
41775,-44
41776,6
41777,94
41778,-96
41779,108
41780,224
41781,-104
41782,-75
41783,-216
41784,12
41785,-96
41786,138
41787,91
41788,207
41789,24
41790,240
41791,410
41792,154
41793,-384
41794,-104
41795,-520
41796,70
41797,50
41798,190
41799,-244
41800,-528
41801,-306
41802,20
41803,144
41804,30
41805,0
41806,64
41807,-72
41808,-70
41809,145
41810,-24
41811,-48
41812,66
41813,-152
41814,16
41815,-336
41816,-195
41817,-210
41818,-96
41819,-324
41820,216
41821,440
41822,-264
41823,-152
41824,90
41825,792
41826,294
41827,-42
41828,180
41829,0
41830,0
41831,-32
41832,-81
41833,432
41834,365
41835,272
41836,201
41837,288
41838,-16
41839,-336
41840,-20
41841,-62
41842,147
41843,-174
41844,160
41845,104
41846,-120
41847,60
41848,270
41849,54
41850,-396
41851,42
41852,21
41853,-144
41854,-96
41855,96
41856,-102
41857,284
41858,247
41859,-109
41860,480
41861,27
41862,4
41863,-304
41864,333
41865,160
41866,20
41867,-69
41868,44
41869,-240
41870,200
41871,-144
41872,-54
41873,275
41874,372
41875,287
41876,6
41877,396
41878,214
41879,229
41880,-96
41881,-540
41882,196
41883,448
41884,48
41885,408
41886,20
41887,376
41888,180
41889,-112
41890,288
41891,-2
41892,156
41893,-314
41894,231
41895,-32
41896,-135
41897,-218
41898,-306
41899,180
41900,297
41901,384
41902,-54
41903,-96
41904,48
41905,64
41906,-424
41907,-32
41908,34
41909,336
41910,256
41911,-215
41912,324
41913,-71
41914,184
41915,72
41916,168
41917,-72
41918,-37
41919,0
41920,-84
41921,-192
41922,9
41923,-30
41924,72
41925,-770
41926,-6
41927,216
41928,-246
41929,72
41930,-84
41931,-164
41932,-72
41933,60
41934,-40
41935,-172
41936,84
41937,156
41938,-90
41939,-111
41940,-44
41941,34
41942,-56
41943,-648
41944,72
41945,140
41946,-56
41947,-152
41948,168
41949,-80
41950,264
41951,330
41952,320
41953,126
41954,-4
41955,200
41956,12
41957,26
41958,-99
41959,29
41960,120
41961,-162
41962,-18
41963,-96
41964,-190
41965,816
41966,34
41967,10
41968,56
41969,181
41970,208
41971,136
41972,0
41973,-48
41974,-108
41975,-176
41976,60
41977,65
41978,48
41979,114
41980,-200
41981,-166
41982,36
41983,-64
41984,-207
41985,512
41986,96
41987,-5
41988,76
41989,-240
41990,240
41991,468
41992,-12
41993,114
41994,60
41995,132
41996,-147
41997,-280
41998,-288
41999,192
42000,-144
42001,-12
42002,-245
42003,-120
42004,143
42005,-288
42006,-132
42007,-108
42008,0
42009,-224
42010,440
42011,-378
42012,-100
42013,245
42014,-246
42015,-424
42016,50
42017,189
42018,-144
42019,-148
42020,0
42021,-48
42022,135
42023,-324
42024,-288
42025,440
42026,191
42027,58
42028,-120
42029,200
42030,144
42031,-192
42032,-27
42033,176
42034,167
42035,492
42036,-36
42037,-208
42038,78
42039,40
42040,60
42041,72
42042,80
42043,119
42044,-200
42045,-840
42046,-119
42047,24
42048,14
42049,447
42050,-275
42051,72
42052,158
42053,104
42054,-14
42055,-20
42056,108
42057,4
42058,96
42059,96
42060,144
42061,-112
42062,-160
42063,-456
42064,-96
42065,-144
42066,-144
42067,-576
42068,-220
42069,-24
42070,336
42071,-72
42072,372
42073,395
42074,-340
42075,132
42076,-112
42077,378
42078,-284
42079,-46
42080,420
42081,-216
42082,-110
42083,-336
42084,-24
42085,144
42086,-288
42087,-280
42088,-378
42089,59
42090,-512
42091,-90
42092,21
42093,-32
42094,285
42095,-208
42096,-34
42097,0
42098,324
42099,-174
42100,77
42101,330
42102,-51
42103,180
42104,168
42105,648
42106,-3
42107,450
42108,20
42109,21
42110,-396
42111,57
42112,81
42113,144
42114,30
42115,-144
42116,-146
42117,64
42118,-156
42119,324
42120,660
42121,-28
42122,197
42123,144
42124,-14
42125,-552
42126,144
42127,80
42128,18
42129,-27
42130,-160
42131,267
42132,8
42133,-240
42134,-112
42135,-224
42136,48
42137,12
42138,35
42139,-155
42140,-56
42141,360
42142,-216
42143,63
42144,-80
42145,424
42146,330
42147,96
42148,18
42149,-4
42150,-660
42151,-320
42152,108
42153,46
42154,111
42155,-464
42156,32
42157,326
42158,-108
42159,720
42160,-108
42161,240
42162,-8
42163,-124
42164,-72
42165,-48
42166,-16
42167,128
42168,-162
42169,-120
42170,-96
42171,-284
42172,225
42173,-22
42174,144
42175,330
42176,63
42177,-168
42178,-142
42179,-132
42180,-96
42181,-166
42182,-72
42183,119
42184,72
42185,-640
42186,0
42187,-311
42188,50
42189,-270
42190,464
42191,90
42192,9
42193,145
42194,-16
42195,-192
42196,-36
42197,53
42198,10
42199,-128
42200,792
42201,187
42202,-100
42203,225
42204,102
42205,64
42206,-234
42207,-104
42208,0
42209,-93
42210,-84
42211,0
42212,-32
42213,-256
42214,212
42215,-648
42216,-168
42217,-9
42218,-32
42219,118
42220,72
42221,152
42222,-198
42223,-326
42224,30
42225,198
42226,-140
42227,-25
42228,96
42229,20
42230,-576
42231,-384
42232,189
42233,304
42234,8
42235,-192
42236,-66
42237,15
42238,12
42239,4
42240,-544
42241,60
42242,134
42243,-18
42244,-32
42245,-324
42246,47
42247,-216
42248,-174
42249,-382
42250,-288
42251,-256
42252,-36
42253,162
42254,-63
42255,128
42256,-64
42257,-81
42258,-12
42259,-291
42260,92
42261,256
42262,24
42263,-105
42264,108
42265,480
42266,-210
42267,-80
42268,23
42269,-196
42270,160
42271,243
42272,-250
42273,96
42274,-144
42275,0
42276,80
42277,126
42278,-270
42279,228
42280,108
42281,93
42282,26
42283,-45
42284,-200
42285,-480
42286,72
42287,92
42288,-36
42289,-10
42290,-432
42291,24
42292,-204
42293,54
42294,120
42295,704
42296,288
42297,64
42298,90
42299,-19
42300,99
42301,12
42302,-260
42303,384
42304,14
42305,-172
42306,-72
42307,-280
42308,66
42309,-140
42310,-104
42311,-88
42312,378
42313,36
42314,186
42315,1080
42316,72
42317,-48
42318,32
42319,54
42320,164
42321,138
42322,-96
42323,242
42324,-48
42325,-99
42326,-114
42327,64
42328,180
42329,216
42330,216
42331,-193
42332,-8
42333,96
42334,-8
42335,-364
42336,40
42337,-24
42338,194
42339,208
42340,16
42341,-460
42342,-172
42343,504
42344,-210
42345,-180
42346,324
42347,135
42348,-92
42349,-52
42350,165
42351,-80
42352,22
42353,9
42354,-10
42355,252
42356,129
42357,42
42358,147
42359,2
42360,288
42361,116
42362,-192
42363,55
42364,0
42365,-24
42366,512
42367,185
42368,78
42369,112
42370,-128
42371,27
42372,48
42373,-74
42374,176
42375,96
42376,36
42377,486
42378,-324
42379,11
42380,20
42381,-42
42382,234
42383,-468
42384,52
42385,-32
42386,139
42387,-180
42388,-32
42389,384
42390,-256
42391,88
42392,126
42393,260
42394,324
42395,-512
42396,96
42397,301
42398,-42
42399,-12
42400,-275
42401,-425
42402,0
42403,308
42404,-160
42405,64
42406,165
42407,-78
42408,108
42409,263
42410,312
42411,336
42412,-176
42413,54
42414,-24
42415,-336
42416,-40
42417,72
42418,64
42419,-108
42420,48
42421,-144
42422,-40
42423,80
42424,-153
42425,-429
42426,14
42427,96
42428,-150
42429,-98
42430,208
42431,90
42432,210
42433,323
42434,2
42435,-288
42436,-153
42437,177
42438,208
42439,252
42440,-360
42441,-378
42442,-38
42443,-86
42444,33
42445,440
42446,-32
42447,-94
42448,-12
42449,-132
42450,352
42451,100
42452,-74
42453,0
42454,-69
42455,672
42456,96
42457,-100
42458,360
42459,-116
42460,320
42461,-195
42462,69
42463,-184
42464,260
42465,-256
42466,-177
42467,266
42468,-104
42469,-9
42470,108
42471,-100
42472,-216
42473,-381
42474,-38
42475,-154
42476,81
42477,-288
42478,140
42479,-264
42480,-32
42481,-64
42482,152
42483,32
42484,-140
42485,72
42486,48
42487,-282
42488,54
42489,108
42490,-336
42491,-285
42492,40
42493,-224
42494,-51
42495,-184
42496,-99
42497,540
42498,-72
42499,281
42500,-123
42501,-450
42502,190
42503,-332
42504,-576
42505,-180
42506,-135
42507,-45
42508,14
42509,318
42510,680
42511,345
42512,-87
42513,-60
42514,26
42515,-352
42516,-65
42517,-216
42518,75
42519,-340
42520,-24
42521,14
42522,16
42523,-405
42524,85
42525,330
42526,-288
42527,-48
42528,90
42529,63
42530,-216
42531,84
42532,-135
42533,-174
42534,48
42535,72
42536,-75
42537,-320
42538,79
42539,384
42540,-32
42541,0
42542,0
42543,-2
42544,-13
42545,-224
42546,-114
42547,-128
42548,-160
42549,240
42550,-264
42551,210
42552,-108
42553,288
42554,-136
42555,672
42556,101
42557,42
42558,72
42559,-40
42560,-336
42561,98
42562,165
42563,567
42564,-136
42565,-604
42566,46
42567,-222
42568,72
42569,300
42570,112
42571,200
42572,-4
42573,-64
42574,234
42575,-165
42576,-30
42577,-150
42578,32
42579,144
42580,-24
42581,80
42582,54
42583,-96
42584,42
42585,192
42586,-120
42587,-156
42588,-36
42589,-97
42590,128
42591,-220
42592,-120
42593,0
42594,36
42595,504
42596,128
42597,36
42598,24
42599,-405
42600,594
42601,-20
42602,-36
42603,-320
42604,-49
42605,680
42606,231
42607,-96
42608,-13
42609,6
42610,-480
42611,50
42612,-70
42613,-175
42614,160
42615,224
42616,54
42617,-24
42618,0
42619,408
42620,336
42621,396
42622,48
42623,294
42624,-9
42625,864
42626,-203
42627,100
42628,-182
42629,108
42630,32
42631,0
42632,207
42633,-8
42634,122
42635,-224
42636,96
42637,-300
42638,-94
42639,176
42640,180
42641,138
42642,128
42643,143
42644,-12
42645,-800
42646,-96
42647,352
42648,-96
42649,106
42650,275
42651,36
42652,-18
42653,-300
42654,288
42655,-416
42656,315
42657,160
42658,-168
42659,114
42660,160
42661,78
42662,18
42663,284
42664,-162
42665,-480
42666,270
42667,-98
42668,0
42669,24
42670,108
42671,-252
42672,48
42673,512
42674,-176
42675,22
42676,-99
42677,278
42678,-83
42679,-70
42680,-576
42681,-18
42682,78
42683,-111
42684,192
42685,648
42686,285
42687,297
42688,-112
42689,166
42690,-384
42691,-236
42692,120
42693,288
42694,275
42695,480
42696,-60
42697,-290
42698,-42
42699,-364
42700,-264
42701,48
42702,8
42703,-358
42704,-48
42705,40
42706,-3
42707,141
42708,-52
42709,-275
42710,328
42711,-112
42712,-360
42713,-60
42714,24
42715,-16
42716,16
42717,-80
42718,-225
42719,258
42720,0
42721,216
42722,153
42723,18
42724,-152
42725,-726
42726,24
42727,112
42728,102
42729,-306
42730,352
42731,-80
42732,4
42733,-48
42734,0
42735,288
42736,-39
42737,-390
42738,162
42739,10
42740,-104
42741,-220
42742,-189
42743,-79
42744,-90
42745,576
42746,56
42747,-28
42748,96
42749,-243
42750,-96
42751,-67
42752,-136
42753,-136
42754,266
42755,72
42756,-144
42757,-384
42758,-36
42759,118
42760,-588
42761,-144
42762,-24
42763,216
42764,-60
42765,-568
42766,224
42767,-8
42768,-40
42769,-20
42770,-540
42771,190
42772,24
42773,194
42774,-88
42775,-176
42776,9
42777,-24
42778,-18
42779,108
42780,-576
42781,-96
42782,-93
42783,600
42784,0
42785,280
42786,23
42787,-67
42788,36
42789,-144
42790,-400
42791,153
42792,396
42793,389
42794,226
42795,-320
42796,40
42797,207
42798,72
42799,184
42800,132
42801,-328
42802,-30
42803,224
42804,18
42805,-468
42806,36
42807,96
42808,-126
42809,0
42810,432
42811,261
42812,-192
42813,63
42814,98
42815,-36
42816,-112
42817,-477
42818,-80
42819,42
42820,236
42821,-80
42822,-160
42823,24
42824,-30
42825,462
42826,-64
42827,8
42828,-126
42829,52
42830,-132
42831,0
42832,-61
42833,-144
42834,80
42835,180
42836,146
42837,102
42838,-25
42839,163
42840,108
42841,42
42842,360
42843,-70
42844,137
42845,576
42846,-120
42847,-171
42848,400
42849,-451
42850,627
42851,-72
42852,26
42853,194
42854,186
42855,16
42856,336
42857,-24
42858,-3
42859,-42
42860,184
42861,480
42862,-36
42863,374
42864,-72
42865,472
42866,166
42867,4
42868,129
42869,21
42870,-304
42871,434
42872,-264
42873,-396
42874,180
42875,360
42876,-88
42877,220
42878,-24
42879,410
42880,84
42881,-24
42882,18
42883,96
42884,-27
42885,-72
42886,45
42887,220
42888,72
42889,24
42890,28
42891,150
42892,96
42893,64
42894,-36
42895,-64
42896,-30
42897,-40
42898,0
42899,-260
42900,-440
42901,215
42902,-24
42903,-132
42904,108
42905,92
42906,312
42907,-324
42908,-54
42909,274
42910,-48
42911,-324
42912,-40
42913,80
42914,-196
42915,-144
42916,50
42917,144
42918,-512
42919,16
42920,72
42921,-36
42922,-256
42923,-124
42924,8
42925,-66
42926,96
42927,72
42928,69
42929,222
42930,-220
42931,288
42932,26
42933,-216
42934,-272
42935,-504
42936,396
42937,7
42938,-186
42939,-10
42940,32
42941,-64
42942,42
42943,-137
42944,224
42945,-120
42946,-153
42947,63
42948,21
42949,64
42950,-495
42951,512
42952,-360
42953,-52
42954,-82
42955,-180
42956,13
42957,-84
42958,225
42959,-27
42960,32
42961,-238
42962,-217
42963,-18
42964,-288
42965,40
42966,-108
42967,216
42968,81
42969,68
42970,-200
42971,108
42972,-196
42973,-34
42974,196
42975,0
42976,150
42977,-64
42978,80
42979,-221
42980,384
42981,-30
42982,114
42983,-225
42984,-120
42985,-584
42986,236
42987,0
42988,-216
42989,-42
42990,384
42991,-420
42992,-29
42993,90
42994,81
42995,156
42996,166
42997,-72
42998,-259
42999,-64
43000,-504
43001,-216
43002,34
43003,-182
43004,140
43005,-576
43006,-96
43007,18
43008,-270
43009,-90
43010,384
43011,-104
43012,34
43013,-34
43014,168
43015,-552
43016,192
43017,460
43018,48
43019,-284
43020,96
43021,324
43022,16
43023,-210
43024,88
43025,55
43026,36
43027,-141
43028,-9
43029,-108
43030,-520
43031,-132
43032,-24
43033,368
43034,-210
43035,96
43036,30
43037,292
43038,-48
43039,160
43040,-380
43041,24
43042,208
43043,420
43044,-144
43045,-104
43046,-136
43047,45
43048,-132
43049,376
43050,594
43051,307
43052,18
43053,-32
43054,-256
43055,680
43056,-40
43057,-60
43058,-25
43059,288
43060,132
43061,64
43062,296
43063,212
43064,396
43065,-128
43066,-96
43067,78
43068,-72
43069,-10
43070,64
43071,36
43072,-28
43073,32
43074,-58
43075,-814
43076,0
43077,-72
43078,18
43079,512
43080,-576
43081,-182
43082,65
43083,8
43084,70
43085,384
43086,112
43087,-152
43088,-54
43089,-80
43090,576
43091,-45
43092,132
43093,-404
43094,20
43095,288
43096,384
43097,252
43098,-176
43099,-81
43100,-66
43101,-70
43102,-96
43103,146
43104,-260
43105,132
43106,-180
43107,-168
43108,-190
43109,-144
43110,36
43111,300
43112,-180
43113,-96
43114,-152
43115,-728
43116,-168
43117,66
43118,105
43119,264
43120,32
43121,-540
43122,126
43123,18
43124,131
43125,656
43126,-36
43127,-48
43128,-21
43129,168
43130,176
43131,-144
43132,-189
43133,-194
43134,300
43135,-168
43136,-69
43137,-58
43138,-198
43139,-40
43140,-144
43141,387
43142,-60
43143,-36
43144,-222
43145,-16
43146,-108
43147,100
43148,168
43149,112
43150,506
43151,48
43152,-36
43153,-232
43154,184
43155,-36
43156,-82
43157,432
43158,-136
43159,77
43160,-540
43161,-268
43162,-36
43163,120
43164,68
43165,0
43166,0
43167,394
43168,180
43169,-36
43170,-272
43171,176
43172,-63
43173,-495
43174,-48
43175,704
43176,36
43177,141
43178,168
43179,-150
43180,96
43181,-54
43182,24
43183,-270
43184,69
43185,-280
43186,-60
43187,316
43188,-128
43189,205
43190,48
43191,30
43192,-90
43193,-162
43194,-128
43195,-20
43196,-98
43197,-90
43198,30
43199,405
43200,308
43201,182
43202,-243
43203,-152
43204,-132
43205,-56
43206,-32
43207,84
43208,-240
43209,-10
43210,64
43211,-366
43212,140
43213,270
43214,243
43215,-392
43216,-6
43217,-80
43218,-59
43219,-220
43220,60
43221,-344
43222,-270
43223,84
43224,-444
43225,-660
43226,-30
43227,48
43228,-24
43229,-512
43230,96
43231,243
43232,300
43233,-6
43234,-174
43235,656
43236,41
43237,-184
43238,-175
43239,-108
43240,864
43241,-240
43242,22
43243,-153
43244,4
43245,-200
43246,252
43247,-104
43248,-30
43249,32
43250,-96
43251,-540
43252,-112
43253,72
43254,0
43255,-864
43256,-336
43257,-230
43258,42
43259,48
43260,384
43261,245
43262,-96
43263,-128
43264,-204
43265,288
43266,-60
43267,52
43268,4
43269,-270
43270,-96
43271,-109
43272,84
43273,-374
43274,360
43275,308
43276,36
43277,10
43278,-34
43279,20
43280,4
43281,24
43282,84
43283,-206
43284,112
43285,288
43286,-360
43287,576
43288,-198
43289,40
43290,60
43291,-116
43292,-30
43293,190
43294,114
43295,-384
43296,360
43297,-20
43298,203
43299,-48
43300,-11
43301,140
43302,162
43303,-300
43304,114
43305,768
43306,-16
43307,-288
43308,-108
43309,-456
43310,-288
43311,82
43312,92
43313,337
43314,-138
43315,128
43316,30
43317,111
43318,-20
43319,-87
43320,72
43321,-240
43322,-111
43323,204
43324,160
43325,286
43326,18
43327,-96
43328,84
43329,-80
43330,84
43331,-337
43332,-256
43333,-90
43334,198
43335,-528
43336,-78
43337,-81
43338,-198
43339,-320
43340,144
43341,132
43342,-285
43343,0
43344,21
43345,-300
43346,-6
43347,476
43348,-162
43349,-7
43350,176
43351,-108
43352,36
43353,-7
43354,25
43355,-320
43356,4
43357,0
43358,-12
43359,-192
43360,160
43361,-78
43362,32
43363,112
43364,27
43365,-128
43366,-44
43367,3
43368,-480
43369,-234
43370,392
43371,80
43372,114
43373,148
43374,126
43375,24
43376,64
43377,48
43378,-369
43379,36
43380,40
43381,405
43382,-170
43383,-356
43384,-72
43385,508
43386,6
43387,-378
43388,68
43389,60
43390,-496
43391,-64
43392,12
43393,78
43394,-200
43395,-672
43396,84
43397,156
43398,50
43399,-22
43400,891
43401,144
43402,-78
43403,-357
43404,-26
43405,344
43406,-232
43407,75
43408,97
43409,-45
43410,-384
43411,-74
43412,-150
43413,-112
43414,-18
43415,400
43416,231
43417,-112
43418,-135
43419,-216
43420,-160
43421,141
43422,236
43423,-36
43424,320
43425,220
43426,-162
43427,364
43428,-216
43429,60
43430,-56
43431,-648
43432,0
43433,24
43434,32
43435,-72
43436,118
43437,-232
43438,-108
43439,120
43440,-16
43441,-134
43442,-72
43443,-292
43444,-170
43445,136
43446,20
43447,-480
43448,-30
43449,-78
43450,440
43451,105
43452,-27
43453,228
43454,73
43455,400
43456,-252
43457,-378
43458,160
43459,-260
43460,180
43461,32
43462,162
43463,-30
43464,-384
43465,-312
43466,384
43467,138
43468,-165
43469,243
43470,384
43471,0
43472,80
43473,322
43474,118
43475,-297
43476,-88
43477,423
43478,-111
43479,10
43480,312
43481,-340
43482,-64
43483,-224
43484,123
43485,-320
43486,39
43487,-176
43488,15
43489,-224
43490,-120
43491,408
43492,-27
43493,576
43494,-72
43495,696
43496,342
43497,-40
43498,-360
43499,-56
43500,-96
43501,270
43502,-256
43503,-150
43504,48
43505,-96
43506,62
43507,-128
43508,16
43509,-254
43510,-32
43511,-120
43512,36
43513,-120
43514,-186
43515,-160
43516,-224
43517,17
43518,-52
43519,-129
43520,132
43521,0
43522,-144
43523,36
43524,-180
43525,22
43526,153
43527,0
43528,-324
43529,80
43530,-184
43531,-12
43532,127
43533,-120
43534,12
43535,204
43536,-24
43537,-135
43538,-144
43539,288
43540,-384
43541,-135
43542,72
43543,276
43544,75
43545,832
43546,-89
43547,-306
43548,0
43549,-144
43550,-385
43551,72
43552,-50
43553,-312
43554,-144
43555,1080
43556,-18
43557,-228
43558,-24
43559,-133
43560,60
43561,-120
43562,448
43563,-80
43564,12
43565,292
43566,30
43567,-156
43568,-75
43569,144
43570,312
43571,-132
43572,124
43573,-400
43574,2
43575,-594
43576,-405
43577,-147
43578,-209
43579,399
43580,-208
43581,-40
43582,-192
43583,18
43584,154
43585,128
43586,-108
43587,16
43588,-27
43589,135
43590,48
43591,31
43592,78
43593,400
43594,288
43595,-408
43596,-12
43597,109
43598,-4
43599,124
43600,187
43601,144
43602,168
43603,-63
43604,-100
43605,-192
43606,2
43607,-8
43608,-480
43609,-36
43610,0
43611,-24
43612,-58
43613,264
43614,-19
43615,640
43616,-90
43617,378
43618,40
43619,-40
43620,64
43621,20
43622,-78
43623,9
43624,324
43625,-96
43626,-16
43627,292
43628,120
43629,-280
43630,216
43631,192
43632,8
43633,346
43634,245
43635,-656
43636,2
43637,-96
43638,-270
43639,-24
43640,288
43641,10
43642,-238
43643,228
43644,-104
43645,168
43646,256
43647,-272
43648,108
43649,0
43650,-132
43651,212
43652,24
43653,106
43654,80
43655,-668
43656,-216
43657,72
43658,-189
43659,-88
43660,-96
43661,-150
43662,-80
43663,0
43664,-86
43665,-648
43666,-72
43667,210
43668,56
43669,182
43670,-352
43671,-364
43672,-240
43673,18
43674,36
43675,-451
43676,32
43677,192
43678,-63
43679,-180
43680,-600
43681,-15
43682,-17
43683,282
43684,7
43685,-264
43686,-176
43687,63
43688,168
43689,328
43690,-24
43691,300
43692,-208
43693,-80
43694,30
43695,-152
43696,58
43697,195
43698,-288
43699,0
43700,352
43701,480
43702,-184
43703,24
43704,-84
43705,-332
43706,-200
43707,-342
43708,-16
43709,-459
43710,648
43711,140
43712,-252
43713,-228
43714,-64
43715,708
43716,-72
43717,298
43718,76
43719,-320
43720,120
43721,-63
43722,-3
43723,528
43724,78
43725,440
43726,117
43727,14
43728,106
43729,51
43730,-336
43731,-14
43732,-125
43733,-2
43734,-54
43735,132
43736,-324
43737,-384
43738,-208
43739,0
43740,-224
43741,-243
43742,242
43743,-84
43744,-270
43745,-80
43746,320
43747,432
43748,-136
43749,3
43750,-132
43751,154
43752,-54
43753,-50
43754,24
43755,288
43756,-60
43757,-72
43758,-60
43759,124
43760,108
43761,24
43762,150
43763,60
43764,-102
43765,224
43766,-140
43767,-264
43768,264
43769,-128
43770,-352
43771,108
43772,-108
43773,114
43774,168
43775,-528
43776,-68
43777,166
43778,120
43779,-44
43780,160
43781,-75
43782,52
43783,338
43784,-105
43785,-192
43786,-82
43787,174
43788,0
43789,-16
43790,-24
43791,-416
43792,72
43793,-204
43794,180
43795,352
43796,166
43797,-440
43798,192
43799,372
43800,132
43801,-143
43802,10
43803,-144
43804,-99
43805,552
43806,32
43807,-36
43808,-140
43809,270
43810,460
43811,-220
43812,42
43813,-12
43814,104
43815,-512
43816,-198
43817,84
43818,238
43819,-44
43820,-96
43821,-11
43822,120
43823,120
43824,72
43825,682
43826,120
43827,252
43828,-67
43829,441
43830,112
43831,-140
43832,366
43833,352
43834,54
43835,192
43836,-300
43837,-80
43838,-144
43839,12
43840,-84
43841,3
43842,132
43843,-231
43844,24
43845,240
43846,96
43847,-19
43848,-72
43849,-160
43850,-187
43851,-576
43852,56
43853,-360
43854,-34
43855,32
43856,51
43857,-36
43858,-196
43859,144
43860,168
43861,8
43862,-150
43863,-356
43864,-309
43865,-576
43866,-69
43867,119
43868,248
43869,-336
43870,-432
43871,-180
43872,250
43873,-56
43874,12
43875,480
43876,105
43877,0
43878,288
43879,272
43880,720
43881,28
43882,60
43883,-144
43884,-40
43885,-84
43886,52
43887,-292
43888,-120
43889,241
43890,384
43891,-182
43892,-18
43893,-42
43894,120
43895,116
43896,432
43897,-297
43898,324
43899,340
43900,-88
43901,-640
43902,88
43903,21
43904,45
43905,-656
43906,-28
43907,369
43908,6
43909,176
43910,268
43911,-81
43912,-336
43913,-144
43914,-90
43915,312
43916,156
43917,206
43918,-126
43919,-12
43920,32
43921,-168
43922,198
43923,302
43924,-160
43925,-297
43926,-76
43927,-765
43928,96
43929,208
43930,0
43931,72
43932,-30
43933,-143
43934,-104
43935,-32
43936,-315
43937,190
43938,44
43939,-231
43940,20
43941,72
43942,32
43943,-12
43944,-108
43945,432
43946,-42
43947,8
43948,104
43949,-63
43950,198
43951,216
43952,63
43953,-160
43954,-31
43955,-256
43956,-48
43957,50
43958,-36
43959,-116
43960,576
43961,-198
43962,-36
43963,-122
43964,-8
43965,-216
43966,0
43967,-252
43968,-28
43969,-317
43970,352
43971,324
43972,-136
43973,324
43974,12
43975,-308
43976,576
43977,72
43978,-76
43979,-150
43980,-104
43981,-384
43982,-265
43983,20
43984,10
43985,-256
43986,-34
43987,370
43988,-54
43989,-504
43990,180
43991,24
43992,-135
43993,-54
43994,-18
43995,-648
43996,3
43997,307
43998,236
43999,576
44000,-480
44001,30
44002,52
44003,20
44004,160
44005,240
44006,-188
44007,76
44008,405
44009,-36
44010,16
44011,-8
44012,205
44013,-276
44014,16
44015,-160
44016,18
44017,124
44018,45
44019,14
44020,-324
44021,-37
44022,128
44023,-312
44024,-363
44025,792
44026,51
44027,-142
44028,-39
44029,-190
44030,-108
44031,-60
44032,-161
44033,256
44034,-72
44035,128
44036,-34
44037,-132
44038,132
44039,-108
44040,-48
44041,58
44042,-24
44043,-140
44044,75
44045,320
44046,81
44047,-180
44048,-31
44049,392
44050,-198
44051,-36
44052,154
44053,-76
44054,-267
44055,0
44056,405
44057,-125
44058,-60
44059,-49
44060,284
44061,-176
44062,-198
44063,320
44064,-165
44065,-144
44066,304
44067,-132
44068,-72
44069,-8
44070,-80
44071,152
44072,162
44073,-72
44074,142
44075,693
44076,-4
44077,-228
44078,136
44079,300
44080,32
44081,24
44082,-90
44083,200
44084,-192
44085,-88
44086,-189
44087,-222
44088,192
44089,-310
44090,-76
44091,-288
44092,-6
44093,198
44094,318
44095,320
44096,175
44097,136
44098,123
44099,-384
44100,-22
44101,-8
44102,56
44103,-160
44104,72
44105,-524
44106,-218
44107,24
44108,9
44109,24
44110,-432
44111,-12
44112,36
44113,432
44114,-72
44115,96
44116,171
44117,480
44118,-112
44119,15
44120,552
44121,0
44122,195
44123,36
44124,160
44125,288
44126,-11
44127,-104
44128,135
44129,83
44130,456
44131,166
44132,96
44133,-144
44134,-34
44135,-720
44136,-12
44137,64
44138,-12
44139,-212
44140,60
44141,-63
44142,-30
44143,264
44144,0
44145,-748
44146,102
44147,69
44148,160
44149,-30
44150,286
44151,-168
44152,216
44153,63
44154,32
44155,124
44156,-108
44157,432
44158,102
44159,15
44160,192
44161,350
44162,-288
44163,-54
44164,-16
44165,-40
44166,-6
44167,8
44168,186
44169,-204
44170,-216
44171,-72
44172,20
44173,8
44174,70
44175,792
44176,36
44177,-27
44178,-60
44179,226
44180,136
44181,-138
44182,108
44183,-48
44184,-378
44185,12
44186,8
44187,-640
44188,114
44189,-296
44190,-80
44191,288
44192,-145
44193,-312
44194,-176
44195,-184
44196,32
44197,40
44198,-72
44199,-132
44200,495
44201,135
44202,160
44203,40
44204,14
44205,-168
44206,-400
44207,-158
44208,-32
44209,288
44210,120
44211,-84
44212,6
44213,80
44214,-172
44215,-288
44216,-366
44217,-75
44218,37
44219,144
44220,-224
44221,-220
44222,-136
44223,372
44224,-280
44225,176
44226,-150
44227,-405
44228,122
44229,144
44230,212
44231,-328
44232,-288
44233,0
44234,81
44235,-112
44236,94
44237,-486
44238,8
44239,405
44240,120
44241,84
44242,256
44243,-27
44244,-46
44245,24
44246,16
44247,-210
44248,-120
44249,378
44250,-384
44251,36
44252,-120
44253,-128
44254,-102
44255,160
44256,220
44257,-204
44258,96
44259,368
44260,24
44261,-291
44262,48
44263,-129
44264,72
44265,440
44266,-69
44267,129
44268,-162
44269,-258
44270,176
44271,-98
44272,-46
44273,44
44274,288
44275,-1056
44276,170
44277,-384
44278,36
44279,-199
44280,-432
44281,-233
44282,120
44283,96
44284,-86
44285,204
44286,-80
44287,14
44288,-68
44289,36
44290,-448
44291,460
44292,-120
44293,-311
44294,152
44295,232
44296,-12
44297,48
44298,96
44299,342
44300,99
44301,-16
44302,24
44303,-168
44304,-90
44305,360
44306,-121
44307,-297
44308,80
44309,96
44310,-576
44311,56
44312,0
44313,328
44314,-126
44315,-728
44316,32
44317,420
44318,-25
44319,-240
44320,280
44321,-648
44322,0
44323,32
44324,165
44325,99
44326,21
44327,240
44328,48
44329,300
44330,-720
44331,-108
44332,4
44333,189
44334,96
44335,-76
44336,3
44337,198
44338,-138
44339,-16
44340,144
44341,128
44342,178
44343,-20
44344,240
44345,-16
44346,-200
44347,-64
44348,-87
44349,192
44350,-165
44351,381
44352,84
44353,-135
44354,-182
44355,80
44356,125
44357,11
44358,-2
44359,6
44360,-648
44361,180
44362,-9
44363,-204
44364,-194
44365,576
44366,60
44367,-416
44368,-72
44369,-270
44370,-24
44371,412
44372,-66
44373,-138
44374,-28
44375,369
44376,36
44377,80
44378,-91
44379,-57
44380,240
44381,295
44382,-10
44383,80
44384,40
44385,608
44386,-114
44387,-18
44388,33
44389,214
44390,640
44391,356
44392,-108
44393,-96
44394,-12
44395,-720
44396,-216
44397,-2
44398,300
44399,-86
44400,66
44401,75
44402,-85
44403,-54
44404,-66
44405,432
44406,-37
44407,10
44408,360
44409,-12
44410,-180
44411,0
44412,-226
44413,-304
44414,135
44415,432
44416,3
44417,-116
44418,32
44419,7
44420,-128
44421,210
44422,96
44423,-432
44424,12
44425,-176
44426,-24
44427,-144
44428,-20
44429,-168
44430,256
44431,-256
44432,9
44433,108
44434,330
44435,-48
44436,246
44437,-123
44438,54
44439,-268
44440,-96
44441,-204
44442,32
44443,-24
44444,-72
44445,720
44446,-72
44447,-252
44448,-160
44449,209
44450,264
44451,104
44452,63
44453,-68
44454,432
44455,60
44456,-378
44457,-24
44458,216
44459,576
44460,-80
44461,8
44462,252
44463,-186
44464,-66
44465,244
44466,132
44467,-120
44468,98
44469,104
44470,16
44471,-156
44472,-306
44473,640
44474,-84
44475,-440
44476,124
44477,-90
44478,-36
44479,140
44480,-448
44481,-188
44482,-320
44483,-132
44484,184
44485,-972
44486,80
44487,-57
44488,-189
44489,162
44490,72
44491,-112
44492,22
44493,-140
44494,-192
44495,704
44496,64
44497,-11
44498,-128
44499,-30
44500,0
44501,225
44502,220
44503,0
44504,318
44505,-224
44506,-96
44507,293
44508,-132
44509,504
44510,-408
44511,-162
44512,300
44513,-258
44514,24
44515,-256
44516,216
44517,-288
44518,64
44519,359
44520,360
44521,365
44522,18
44523,-144
44524,26
44525,-165
44526,36
44527,312
44528,40
44529,-52
44530,-64
44531,348
44532,-32
44533,146
44534,-126
44535,-240
44536,108
44537,-244
44538,-210
44539,-408
44540,36
44541,-4
44542,47
44543,-67
44544,44
44545,96
44546,-131
44547,-162
44548,63
44549,139
44550,-484
44551,-320
44552,-360
44553,424
44554,136
44555,-336
44556,-180
44557,-252
44558,272
44559,36
44560,8
44561,-340
44562,180
44563,-214
44564,285
44565,-728
44566,-6
44567,-234
44568,21
44569,174
44570,172
44571,72
44572,-76
44573,125
44574,192
44575,726
44576,150
44577,-160
44578,-162
44579,203
44580,-80
44581,85
44582,214
44583,-480
44584,60
44585,-120
44586,7
44587,-112
44588,-144
44589,0
44590,-300
44591,-168
44592,0
44593,188
44594,148
44595,-100
44596,-50
44597,336
44598,-198
44599,-16
44600,-264
44601,-316
44602,-88
44603,90
44604,96
44605,-720
44606,-191
44607,-190
44608,-189
44609,306
44610,72
44611,-372
44612,144
44613,46
44614,21
44615,-276
44616,288
44617,-297
44618,192
44619,384
44620,384
44621,-23
44622,21
44623,-216
44624,-34
44625,432
44626,35
44627,-256
44628,-98
44629,-140
44630,56
44631,-88
44632,108
44633,191
44634,56
44635,-80
44636,-76
44637,162
44638,-4
44639,106
44640,180
44641,-188
44642,30
44643,-16
44644,34
44645,220
44646,12
44647,188
44648,-273
44649,-45
44650,-396
44651,198
44652,6
44653,309
44654,171
44655,-80
44656,-20
44657,-380
44658,112
44659,81
44660,96
44661,-6
44662,-3
44663,112
44664,-168
44665,24
44666,-304
44667,12
44668,-225
44669,128
44670,-216
44671,-108
44672,-12
44673,188
44674,-189
44675,132
44676,-6
44677,-315
44678,0
44679,300
44680,-96
44681,-300
44682,-96
44683,-64
44684,-107
44685,416
44686,255
44687,-330
44688,16
44689,-112
44690,-612
44691,-416
44692,-106
44693,288
44694,0
44695,540
44696,-27
44697,360
44698,-249
44699,-370
44700,-176
44701,62
44702,432
44703,68
44704,160
44705,-136
44706,-54
44707,-40
44708,-89
44709,36
44710,252
44711,281
44712,240
44713,104
44714,-160
44715,-256
44716,-198
44717,264
44718,-8
44719,-99
44720,140
44721,-56
44722,-32
44723,-57
44724,16
44725,726
44726,-192
44727,102
44728,-441
44729,-168
44730,-108
44731,-216
44732,-120
44733,-270
44734,163
44735,800
44736,154
44737,72
44738,19
44739,-52
44740,-332
44741,136
44742,-92
44743,18
44744,243
44745,512
44746,-25
44747,88
44748,-8
44749,8
44750,96
44751,-504
44752,-25
44753,-142
44754,-4
44755,-212
44756,-56
44757,-75
44758,-384
44759,160
44760,48
44761,-54
44762,110
44763,-14
44764,-27
44765,-156
44766,-152
44767,0
44768,130
44769,-2
44770,-60
44771,-75
44772,270
44773,-76
44774,16
44775,110
44776,-120
44777,208
44778,-48
44779,-210
44780,0
44781,-512
44782,27
44783,56
44784,32
44785,240
44786,-50
44787,-4
44788,-92
44789,-297
44790,-80
44791,-162
44792,288
44793,-330
44794,248
44795,-288
44796,178
44797,57
44798,370
44799,102
44800,-561
44801,162
44802,12
44803,-292
44804,-224
44805,-256
44806,119
44807,36
44808,48
44809,-99
44810,-32
44811,-50
44812,-27
44813,-90
44814,288
44815,-84
44816,53
44817,-456
44818,90
44819,111
44820,144
44821,276
44822,64
44823,-112
44824,90
44825,-44
44826,180
44827,48
44828,-36
44829,-27
44830,464
44831,-96
44832,360
44833,324
44834,44
44835,128
44836,48
44837,-470
44838,45
44839,-169
44840,-384
44841,156
44842,-108
44843,237
44844,-12
44845,-632
44846,0
44847,48
44848,105
44849,168
44850,-880
44851,-140
44852,-108
44853,408
44854,-243
44855,-308
44856,0
44857,432
44858,-28
44859,144
44860,-24
44861,44
44862,244
44863,-90
44864,-126
44865,248
44866,98
44867,-99
44868,40
44869,20
44870,-108
44871,-156
44872,-270
44873,512
44874,154
44875,-576
44876,230
44877,156
44878,260
44879,244
44880,-96
44881,-168
44882,-261
44883,-57
44884,-4
44885,0
44886,12
44887,232
44888,54
44889,-520
44890,72
44891,-75
44892,14
44893,-58
44894,267
44895,-144
44896,-320
44897,192
44898,294
44899,48
44900,-286
44901,140
44902,-320
44903,9
44904,-276
44905,312
44906,-166
44907,-12
44908,-272
44909,-66
44910,-112
44911,-192
44912,-81
44913,80
44914,-150
44915,-800
44916,72
44917,-22
44918,84
44919,216
44920,-528
44921,-76
44922,138
44923,152
44924,12
44925,-154
44926,72
44927,-230
44928,60
44929,36
44930,-176
44931,108
44932,216
44933,-45
44934,-284
44935,448
44936,81
44937,1
44938,-74
44939,-205
44940,288
44941,170
44942,-432
44943,432
44944,28
44945,0
44946,-44
44947,-315
44948,-6
44949,-288
44950,-198
44951,-10
44952,-384
44953,82
44954,144
44955,-120
44956,208
44957,224
44958,128
44959,-43
44960,-600
44961,-354
44962,135
44963,177
44964,59
44965,-492
44966,200
44967,260
44968,-72
44969,-220
44970,0
44971,231
44972,-75
44973,-84
44974,20
44975,66
44976,24
44977,-540
44978,35
44979,144
44980,-80
44981,207
44982,24
44983,92
44984,150
44985,256
44986,-72
44987,273
44988,16
44989,264
44990,80
44991,-116
44992,84
44993,290
44994,-166
44995,-396
44996,-45
44997,-160
44998,-24
44999,-66
45000,-123
45001,-28
45002,-56
45003,-276
45004,-13
45005,-440
45006,-140
45007,-46
45008,24
45009,228
45010,312
45011,512
45012,-90
45013,26
45014,180
45015,-656
45016,234
45017,408
45018,-72
45019,-40
45020,-20
45021,56
45022,1
45023,72
45024,-210
45025,-814
45026,81
45027,-69
45028,83
45029,-126
45030,320
45031,36
45032,15
45033,-156
45034,0
45035,508
45036,176
45037,-82
45038,-264
45039,-340
45040,-36
45041,-8
45042,-328
45043,-54
45044,85
45045,240
45046,-16
45047,84
45048,-132
45049,-332
45050,-165
45051,-36
45052,219
45053,100
45054,70
45055,280
45056,-4
45057,352
45058,-130
45059,-432
45060,96
45061,-318
45062,163
45063,160
45064,63
45065,376
45066,-36
45067,120
45068,-80
45069,-36
45070,-344
45071,230
45072,8
45073,-81
45074,72
45075,616
45076,0
45077,28
45078,288
45079,-144
45080,-192
45081,-7
45082,117
45083,66
45084,80
45085,-288
45086,162
45087,-48
45088,100
45089,-240
45090,-128
45091,-28
45092,126
45093,-144
45094,-165
45095,256
45096,60
45097,80
45098,-181
45099,113
45100,396
45101,36
45102,46
45103,120
45104,60
45105,864
45106,-16
45107,-70
45108,12
45109,-210
45110,-20
45111,432
45112,-45
45113,18
45114,64
45115,-480
45116,171
45117,-22
45118,156
45119,40
45120,-504
45121,-124
45122,-108
45123,0
45124,-50
45125,72
45126,136
45127,356
45128,315
45129,-128
45130,328
45131,-20
45132,26
45133,-10
45134,-8
45135,96
45136,-135
45137,-17
45138,48
45139,159
45140,96
45141,36
45142,-199
45143,-42
45144,-192
45145,264
45146,-244
45147,-32
45148,-43
45149,120
45150,462
45151,14
45152,135
45153,8
45154,288
45155,-384
45156,-90
45157,294
45158,161
45159,442
45160,-72
45161,-214
45162,-100
45163,92
45164,-54
45165,296
45166,64
45167,-450
45168,90
45169,261
45170,-36
45171,288
45172,160
45173,-110
45174,312
45175,-880
45176,-84
45177,224
45178,-44
45179,-162
45180,-36
45181,-164
45182,-72
45183,-404
45184,36
45185,-480
45186,54
45187,-14
45188,200
45189,64
45190,148
45191,172
45192,342
45193,-35
45194,-80
45195,-192
45196,-160
45197,134
45198,-117
45199,-432
45200,-22
45201,320
45202,132
45203,39
45204,-126
45205,348
45206,-39
45207,79
45208,0
45209,-125
45210,96
45211,-16
45212,0
45213,-198
45214,135
45215,680
45216,80
45217,-128
45218,-224
45219,-108
45220,144
45221,316
45222,316
45223,-414
45224,-57
45225,308
45226,2
45227,-90
45228,-202
45229,396
45230,-468
45231,-34
45232,-8
45233,-376
45234,72
45235,612
45236,-147
45237,90
45238,60
45239,-12
45240,240
45241,-720
45242,-178
45243,-100
45244,-50
45245,380
45246,256
45247,332
45248,-42
45249,-316
45250,-48
45251,117
45252,108
45253,-25
45254,-72
45255,144
45256,312
45257,-64
45258,-176
45259,-83
45260,-72
45261,108
45262,-120
45263,-95
45264,144
45265,-128
45266,-10
45267,0
45268,-182
45269,48
45270,24
45271,39
45272,-75
45273,220
45274,-162
45275,-704
45276,-120
45277,-144
45278,-268
45279,-385
45280,320
45281,96
45282,162
45283,279
45284,40
45285,-560
45286,-14
45287,128
45288,-27
45289,31
45290,12
45291,-504
45292,-84
45293,238
45294,304
45295,488
45296,32
45297,54
45298,72
45299,432
45300,66
45301,0
45302,-113
45303,-458
45304,396
45305,-540
45306,96
45307,-112
45308,90
45309,504
45310,288
45311,-357
45312,-272
45313,54
45314,-16
45315,80
45316,138
45317,133
45318,270
45319,304
45320,-768
45321,276
45322,189
45323,80
45324,-12
45325,66
45326,12
45327,68
45328,23
45329,-387
45330,-176
45331,-400
45332,171
45333,-64
45334,-84
45335,640
45336,360
45337,357
45338,-91
45339,-144
45340,32
45341,-294
45342,8
45343,205
45344,425
45345,-256
45346,-270
45347,-78
45348,-88
45349,-52
45350,-132
45351,68
45352,378
45353,-432
45354,248
45355,720
45356,48
45357,-440
45358,-193
45359,84
45360,-132
45361,-291
45362,12
45363,332
45364,108
45365,-672
45366,-122
45367,-300
45368,-180
45369,10
45370,80
45371,352
45372,80
45373,-128
45374,32
45375,240
45376,28
45377,66
45378,-8
45379,464
45380,300
45381,-90
45382,135
45383,-390
45384,-432
45385,64
45386,-136
45387,160
45388,198
45389,212
45390,0
45391,136
45392,-84
45393,-204
45394,220
45395,-492
45396,-60
45397,-264
45398,-92
45399,30
45400,363
45401,243
45402,-432
45403,387
45404,17
45405,-216
45406,-64
45407,117
45408,280
45409,-420
45410,-384
45411,42
45412,-118
45413,-42
45414,-100
45415,-324
45416,-405
45417,436
45418,-26
45419,104
45420,112
45421,-285
45422,205
45423,-32
45424,-24
45425,-880
45426,-28
45427,9
45428,-126
45429,96
45430,384
45431,-18
45432,-54
45433,-142
45434,-124
45435,440
45436,-96
45437,-6
45438,126
45439,-2
45440,108
45441,120
45442,-126
45443,-70
45444,6
45445,256
45446,-117
45447,-218
45448,-480
45449,-360
45450,-22
45451,-63
45452,4
45453,544
45454,-28
45455,-520
45456,-112
45457,-3
45458,0
45459,2
45460,316
45461,228
45462,186
45463,-216
45464,-258
45465,24
45466,-32
45467,-232
45468,28
45469,486
45470,-264
45471,144
45472,20
45473,138
45474,-200
45475,-396
45476,118
45477,9
45478,48
45479,0
45480,-96
45481,171
45482,-237
45483,-238
45484,-27
45485,-448
45486,-9
45487,-190
45488,100
45489,32
45490,-80
45491,340
45492,48
45493,-252
45494,-287
45495,-368
45496,135
45497,187
45498,-64
45499,-84
45500,-360
45501,20
45502,-86
45503,-400
45504,70
45505,144
45506,-16
45507,-216
45508,18
45509,183
45510,-216
45511,81
45512,-120
45513,-125
45514,63
45515,100
45516,-182
45517,288
45518,52
45519,-390
45520,-4
45521,0
45522,-330
45523,-48
45524,-28
45525,-616
45526,240
45527,225
45528,-144
45529,8
45530,-128
45531,-64
45532,99
45533,57
45534,220
45535,-324
45536,-240
45537,-168
45538,-228
45539,90
45540,-128
45541,-170
45542,6
45543,216
45544,-225
45545,388
45546,216
45547,-96
45548,160
45549,120
45550,583
45551,72
45552,-20
45553,-22
45554,30
45555,200
45556,-156
45557,106
45558,-47
45559,36
45560,252
45561,-220
45562,-272
45563,384
45564,-84
45565,-360
45566,-179
45567,72
45568,0
45569,-161
45570,-144
45571,20
45572,-84
45573,232
45574,-242
45575,-99
45576,288
45577,90
45578,-310
45579,-176
45580,140
45581,96
45582,216
45583,-140
45584,-36
45585,-76
45586,-200
45587,140
45588,12
45589,-228
45590,-432
45591,240
45592,432
45593,192
45594,-24
45595,608
45596,-24
45597,-60
45598,276
45599,385
45600,-440
45601,-513
45602,-142
45603,99
45604,-85
45605,-96
45606,320
45607,-176
45608,102
45609,32
45610,192
45611,-207
45612,-6
45613,-305
45614,-32
45615,624
45616,71
45617,-50
45618,12
45619,-236
45620,-320
45621,9
45622,209
45623,210
45624,-396
45625,82
45626,-111
45627,154
45628,-96
45629,144
45630,-192
45631,205
45632,504
45633,-270
45634,-82
45635,-440
45636,216
45637,-342
45638,-164
45639,-88
45640,-36
45641,-231
45642,96
45643,-20
45644,132
45645,-96
45646,-36
45647,-135
45648,-20
45649,0
45650,396
45651,-344
45652,4
45653,-234
45654,-156
45655,704
45656,120
45657,0
45658,-12
45659,119
45660,48
45661,240
45662,-80
45663,360
45664,270
45665,-696
45666,56
45667,309
45668,22
45669,-320
45670,-128
45671,459
45672,96
45673,19
45674,-18
45675,66
45676,112
45677,357
45678,-416
45679,87
45680,-84
45681,208
45682,135
45683,-424
45684,90
45685,632
45686,-30
45687,384
45688,378
45689,-288
45690,32
45691,-415
45692,185
45693,-110
45694,-252
45695,240
45696,54
45697,-284
45698,-16
45699,252
45700,275
45701,128
45702,40
45703,15
45704,-54
45705,-448
45706,195
45707,-148
45708,90
45709,14
45710,-264
45711,-36
45712,-2
45713,-264
45714,-216
45715,288
45716,-180
45717,128
45718,28
45719,12
45720,96
45721,-255
45722,267
45723,76
45724,216
45725,792
45726,-116
45727,336
45728,-190
45729,-47
45730,-228
45731,-432
45732,-96
45733,72
45734,140
45735,760
45736,405
45737,-242
45738,60
45739,-230
45740,228
45741,-400
45742,-140
45743,-256
45744,36
45745,-216
45746,0
45747,120
45748,93
45749,128
45750,384
45751,-122
45752,252
45753,12
45754,147
45755,-748
45756,-81
45757,134
45758,24
45759,312
45760,560
45761,-252
45762,84
45763,-61
45764,12
45765,88
45766,-72
45767,-107
45768,-6
45769,96
45770,320
45771,-64
45772,197
45773,90
45774,81
45775,-198
45776,18
45777,-216
45778,252
45779,304
45780,408
45781,162
45782,-320
45783,98
45784,-288
45785,-44
45786,-360
45787,648
45788,-12
45789,168
45790,-160
45791,-4
45792,-100
45793,-64
45794,243
45795,-504
45796,-37
45797,72
45798,-156
45799,-96
45800,-66
45801,-24
45802,166
45803,-30
45804,-8
45805,196
45806,-21
45807,12
45808,15
45809,200
45810,96
45811,-96
45812,-90
45813,226
45814,77
45815,-96
45816,-432
45817,-77
45818,162
45819,-156
45820,80
45821,216
45822,-144
45823,290
45824,68
45825,-990
45826,56
45827,-393
45828,-28
45829,294
45830,384
45831,120
45832,-207
45833,58
45834,-32
45835,0
45836,99
45837,64
45838,-315
45839,-192
45840,0
45841,-70
45842,4
45843,144
45844,-32
45845,80
45846,176
45847,-24
45848,204
45849,108
45850,99
45851,120
45852,-96
45853,-56
45854,22
45855,48
45856,240
45857,264
45858,-282
45859,20
45860,-156
45861,252
45862,496
45863,52
45864,30
45865,-352
45866,108
45867,64
45868,113
45869,48
45870,512
45871,276
45872,72
45873,-56
45874,135
45875,-48
45876,52
45877,230
45878,12
45879,-36
45880,-324
45881,336
45882,-30
45883,-207
45884,-155
45885,-768
45886,-194
45887,156
45888,-336
45889,119
45890,-240
45891,-4
45892,96
45893,190
45894,214
45895,-84
45896,231
45897,-112
45898,-5
45899,270
45900,-132
45901,-99
45902,-200
45903,-480
45904,-12
45905,68
45906,-60
45907,-110
45908,224
45909,1
45910,308
45911,-288
45912,-432
45913,24
45914,-168
45915,496
45916,130
45917,18
45918,1
45919,-486
45920,540
45921,250
45922,-118
45923,248
45924,0
45925,352
45926,-73
45927,219
45928,198
45929,-240
45930,-344
45931,208
45932,144
45933,144
45934,180
45935,532
45936,-8
45937,-9
45938,-128
45939,-188
45940,228
45941,-30
45942,-360
45943,217
45944,111
45945,12
45946,189
45947,88
45948,162
45949,-113
45950,198
45951,-80
45952,-72
45953,234
45954,-96
45955,-120
45956,-32
45957,-248
45958,224
45959,192
45960,-240
45961,288
45962,-105
45963,65
45964,-192
45965,-160
45966,-18
45967,343
45968,-36
45969,-240
45970,160
45971,321
45972,45
45973,-81
45974,16
45975,-88
45976,-216
45977,152
45978,240
45979,-310
45980,80
45981,-60
45982,-126
45983,-165
45984,90
45985,-12
45986,139
45987,240
45988,-204
45989,-396
45990,-24
45991,24
45992,-246
45993,-136
45994,-80
45995,352
45996,-62
45997,-411
45998,408
45999,76
46000,-192
46001,-144
46002,216
46003,-8
46004,-135
46005,-496
46006,-112
46007,260
46008,297
46009,-416
46010,-336
46011,32
46012,-37
46013,0
46014,80
46015,0
46016,126
46017,-70
46018,48
46019,-276
46020,-320
46021,37
46022,-125
46023,-164
46024,60
46025,-693
46026,81
46027,189
46028,96
46029,-28
46030,-244
46031,0
46032,18
46033,-100
46034,-255
46035,576
46036,-36
46037,-76
46038,92
46039,231
46040,-624
46041,-256
46042,-175
46043,396
46044,-13
46045,-336
46046,480
46047,148
46048,-170
46049,124
46050,-704
46051,62
46052,-44
46053,-63
46054,-150
46055,-96
46056,-48
46057,-200
46058,90
46059,650
46060,-72
46061,156
46062,100
46063,36
46064,35
46065,216
46066,-90
46067,-90
46068,32
46069,-608
46070,96
46071,120
46072,-135
46073,96
46074,-360
46075,-528
46076,-168
46077,132
46078,45
46079,-288
46080,-92
46081,-66
46082,-52
46083,-20
46084,270
46085,80
46086,-140
46087,-192
46088,-72
46089,11
46090,432
46091,213
46092,-128
46093,122
46094,-224
46095,192
46096,49
46097,-81
46098,-45
46099,127
46100,242
46101,-80
46102,0
46103,-168
46104,36
46105,-492
46106,-29
46107,153
46108,162
46109,90
46110,-80
46111,340
46112,60
46113,352
46114,-50
46115,864
46116,-96
46117,-72
46118,180
46119,86
46120,312
46121,-291
46122,10
46123,84
46124,-75
46125,216
46126,99
46127,480
46128,100
46129,16
46130,-108
46131,-234
46132,-112
46133,307
46134,-44
46135,112
46136,-60
46137,-30
46138,192
46139,-42
46140,352
46141,-163
46142,123
46143,-264
46144,-336
46145,-384
46146,242
46147,92
46148,-144
46149,-122
46150,-495
46151,-12
46152,-27
46153,122
46154,-180
46155,48
46156,-40
46157,50
46158,-64
46159,243
46160,-56
46161,-64
46162,-21
46163,175
46164,-24
46165,0
46166,81
46167,-208
46168,-60
46169,69
46170,-160
46171,107
46172,108
46173,-128
46174,-24
46175,88
46176,150
46177,-112
46178,-200
46179,39
46180,-180
46181,110
46182,-56
46183,-254
46184,-216
46185,-480
46186,-132
46187,170
46188,26
46189,-240
46190,-288
46191,0
46192,-96
46193,90
46194,-240
46195,-412
46196,-4
46197,-64
46198,-74
46199,110
46200,792
46201,-252
46202,80
46203,-130
46204,172
46205,-676
46206,9
46207,144
46208,9
46209,96
46210,328
46211,-440
46212,58
46213,-177
46214,-48
46215,200
46216,-255
46217,-10
46218,-176
46219,-35
46220,176
46221,486
46222,0
46223,-144
46224,48
46225,66
46226,-24
46227,-360
46228,120
46229,-150
46230,-448
46231,18
46232,96
46233,-144
46234,18
46235,600
46236,-234
46237,358
46238,32
46239,84
46240,160
46241,-480
46242,6
46243,-36
46244,-20
46245,-96
46246,-168
46247,-416
46248,486
46249,27
46250,123
46251,231
46252,-18
46253,-512
46254,200
46255,400
46256,16
46257,72
46258,-4
46259,-112
46260,8
46261,-175
46262,199
46263,-426
46264,-147
46265,448
46266,144
46267,130
46268,133
46269,60
46270,-24
46271,99
46272,-140
46273,-388
46274,-30
46275,88
46276,-48
46277,-336
46278,228
46279,-188
46280,0
46281,-80
46282,40
46283,90
46284,48
46285,-12
46286,53
46287,48
46288,84
46289,54
46290,352
46291,225
46292,9
46293,-40
46294,-90
46295,324
46296,78
46297,-280
46298,252
46299,512
46300,-176
46301,-258
46302,-4
46303,-276
46304,-240
46305,240
46306,36
46307,174
46308,-66
46309,230
46310,112
46311,336
46312,-252
46313,132
46314,-81
46315,512
46316,168
46317,-32
46318,-40
46319,360
46320,-160
46321,396
46322,160
46323,-18
46324,24
46325,-561
46326,-276
46327,-310
46328,90
46329,156
46330,72
46331,-12
46332,-220
46333,177
46334,252
46335,672
46336,-34
46337,-23
46338,216
46339,256
46340,-312
46341,-32
46342,-54
46343,50
46344,228
46345,1440
46346,-218
46347,-90
46348,-136
46349,-93
46350,-176
46351,144
46352,-50
46353,-28
46354,-56
46355,-64
46356,-112
46357,96
46358,-330
46359,-24
46360,384
46361,-36
46362,-242
46363,198
46364,-28
46365,960
46366,-288
46367,-110
46368,-120
46369,0
46370,-104
46371,-180
46372,-139
46373,-360
46374,48
46375,360
46376,324
46377,-28
46378,294
46379,176
46380,-176
46381,111
46382,6
46383,-222
46384,40
46385,352
46386,-180
46387,96
46388,174
46389,-204
46390,348
46391,56
46392,-432
46393,258
46394,266
46395,108
46396,39
46397,315
46398,-96
46399,20
46400,154
46401,288
46402,70
46403,-112
46404,-40
46405,-496
46406,26
46407,504
46408,-36
46409,-464
46410,-360
46411,-225
46412,-144
46413,0
46414,-432
46415,-568
46416,80
46417,48
46418,-72
46419,-6
46420,-384
46421,-48
46422,-77
46423,-65
46424,342
46425,154
46426,128
46427,-174
46428,-20
46429,24
46430,-364
46431,84
46432,-115
46433,144
46434,306
46435,108
46436,-180
46437,-64
46438,324
46439,98
46440,-336
46441,-264
46442,72
46443,-12
46444,108
46445,-624
46446,-196
46447,261
46448,-104
46449,-110
46450,0
46451,33
46452,40
46453,576
46454,-78
46455,-32
46456,39
46457,322
46458,0
46459,54
46460,64
46461,-318
46462,-60
46463,108
46464,30
46465,396
46466,-60
46467,20
46468,206
46469,0
46470,-304
46471,376
46472,-144
46473,-36
46474,156
46475,528
46476,-40
46477,-288
46478,-162
46479,94
46480,108
46481,85
46482,-128
46483,-504
46484,86
46485,4
46486,92
46487,12
46488,240
46489,-219
46490,248
46491,236
46492,72
46493,324
46494,297
46495,-324
46496,30
46497,-160
46498,-7
46499,111
46500,432
46501,-20
46502,-92
46503,-83
46504,-198
46505,-108
46506,368
46507,-86
46508,-36
46509,162
46510,436
46511,228
46512,-12
46513,200
46514,-330
46515,-216
46516,-54
46517,4
46518,-66
46519,432
46520,-528
46521,-296
46522,-243
46523,98
46524,176
46525,-308
46526,-7
46527,-210
46528,-56
46529,192
46530,144
46531,-360
46532,-92
46533,346
46534,-40
46535,-396
46536,-252
46537,76
46538,184
46539,40
46540,80
46541,104
46542,-138
46543,-408
46544,82
46545,-192
46546,-84
46547,0
46548,-24
46549,226
46550,88
46551,-336
46552,-492
46553,490
46554,136
46555,48
46556,32
46557,-54
46558,101
46559,-319
46560,-480
46561,44
46562,108
46563,-216
46564,-105
46565,-448
46566,-50
46567,290
46568,405
46569,-42
46570,284
46571,-174
46572,-118
46573,167
46574,16
46575,968
46576,81
46577,-225
46578,324
46579,-415
46580,36
46581,194
46582,-33
46583,36
46584,3
46585,288
46586,-116
46587,-90
46588,-16
46589,-108
46590,-328
46591,-109
46592,165
46593,-72
46594,34
46595,-36
46596,-96
46597,-153
46598,-152
46599,-80
46600,363
46601,-138
46602,184
46603,30
46604,0
46605,-960
46606,-6
46607,128
46608,76
46609,16
46610,320
46611,-4
46612,-56
46613,0
46614,150
46615,664
46616,336
46617,72
46618,20
46619,92
46620,36
46621,-296
46622,-197
46623,276
46624,405
46625,48
46626,40
46627,300
46628,-21
46629,256
46630,-40
46631,360
46632,84
46633,-374
46634,180
46635,408
46636,0
46637,64
46638,-60
46639,299
46640,-80
46641,192
46642,228
46643,26
46644,-192
46645,-320
46646,270
46647,18
46648,135
46649,-278
46650,704
46651,-312
46652,-204
46653,476
46654,-297
46655,-756
46656,91
46657,180
46658,9
46659,96
46660,240
46661,-146
46662,48
46663,209
46664,-384
46665,-96
46666,26
46667,8
46668,54
46669,-48
46670,480
46671,-468
46672,-36
46673,-208
46674,8
46675,88
46676,-171
46677,-416
46678,20
46679,264
46680,-600
46681,74
46682,-189
46683,-240
46684,120
46685,-432
46686,-162
46687,-348
46688,-220
46689,-180
46690,192
46691,236
46692,-41
46693,90
46694,54
46695,-512
46696,390
46697,36
46698,28
46699,-189
46700,396
46701,24
46702,184
46703,-401
46704,96
46705,560
46706,100
46707,-220
46708,-130
46709,420
46710,-64
46711,12
46712,330
46713,192
46714,-21
46715,-524
46716,12
46717,-108
46718,-243
46719,-8
46720,24
46721,192
46722,70
46723,-70
46724,-24
46725,0
46726,80
46727,-304
46728,96
46729,-81
46730,-16
46731,42
46732,-120
46733,-30
46734,-192
46735,360
46736,64
46737,154
46738,78
46739,336
46740,288
46741,-182
46742,-118
46743,-24
46744,-420
46745,740
46746,-10
46747,-202
46748,-90
46749,-238
46750,-288
46751,-102
46752,280
46753,-240
46754,-120
46755,-180
46756,34
46757,-72
46758,116
46759,384
46760,288
46761,-680
46762,176
46763,-32
46764,-4
46765,360
46766,28
46767,-54
46768,-30
46769,-182
46770,-64
46771,392
46772,8
46773,69
46774,-30
46775,-506
46776,-36
46777,36
46778,-128
46779,-108
46780,-204
46781,27
46782,-16
46783,216
46784,-147
46785,-192
46786,-128
46787,320
46788,12
46789,81
46790,-228
46791,104
46792,-120
46793,18
46794,-32
46795,0
46796,90
46797,-192
46798,6
46799,-130
46800,55
46801,93
46802,156
46803,-46
46804,-160
46805,384
46806,-76
46807,-329
46808,120
46809,30
46810,108
46811,49
46812,-162
46813,-168
46814,0
46815,80
46816,240
46817,18
46818,88
46819,323
46820,140
46821,-160
46822,189
46823,276
46824,-384
46825,-704
46826,370
46827,-35
46828,-192
46829,-256
46830,192
46831,-151
46832,82
46833,154
46834,-143
46835,-96
46836,-27
46837,294
46838,-24
46839,-410
46840,-384
46841,198
46842,144
46843,368
46844,-48
46845,16
46846,-176
46847,200
46848,272
46849,-128
46850,132
46851,-576
46852,-75
46853,-6
46854,12
46855,-472
46856,-120
46857,-222
46858,72
46859,558
46860,-288
46861,58
46862,76
46863,-72
46864,4
46865,-960
46866,48
46867,-93
46868,7
46869,-108
46870,-476
46871,480
46872,324
46873,-148
46874,96
46875,58
46876,-40
46877,-354
46878,-280
46879,18
46880,180
46881,-9
46882,336
46883,-32
46884,-32
46885,-112
46886,81
46887,18
46888,-360
46889,162
46890,68
46891,-280
46892,16
46893,-32
46894,156
46895,-72
46896,108
46897,56
46898,-12
46899,200
46900,-231
46901,281
46902,284
46903,0
46904,-540
46905,320
46906,-252
46907,-486
46908,-8
46909,-352
46910,-472
46911,-64
46912,91
46913,-168
46914,48
46915,-400
46916,-60
46917,-135
46918,79
46919,134
46920,576
46921,438
46922,-88
46923,-214
46924,-161
46925,-242
46926,160
46927,240
46928,81
46929,-392
46930,-60
46931,18
46932,162
46933,-105
46934,126
46935,96
46936,48
46937,-108
46938,-258
46939,-52
46940,188
46941,376
46942,-18
46943,640
46944,-5
46945,72
46946,304
46947,-284
46948,60
46949,-144
46950,176
46951,-114
46952,-162
46953,-108
46954,-87
46955,132
46956,210
46957,230
46958,45
46959,384
46960,-144
46961,-96
46962,-45
46963,288
46964,80
46965,144
46966,24
46967,-126
46968,-384
46969,-10
46970,-384
46971,96
46972,-166
46973,-96
46974,-12
46975,110
46976,-6
46977,498
46978,-144
46979,-102
46980,-88
46981,-328
46982,192
46983,-40
46984,-216
46985,-344
46986,0
46987,96
46988,120
46989,88
46990,-96
46991,-45
46992,0
46993,-25
46994,62
46995,-400
46996,36
46997,-291
46998,-6
46999,-70
47000,-648
47001,-68
47002,-234
47003,-352
47004,-76
47005,-360
47006,128
47007,8
47008,-50
47009,-132
47010,-280
47011,75
47012,48
47013,-72
47014,-104
47015,-56
47016,-66
47017,146
47018,-154
47019,0
47020,128
47021,65
47022,132
47023,96
47024,11
47025,176
47026,-126
47027,243
47028,-72
47029,72
47030,-256
47031,-32
47032,171
47033,45
47034,-140
47035,-160
47036,196
47037,-80
47038,90
47039,138
47040,112
47041,289
47042,-189
47043,65
47044,28
47045,-188
47046,-164
47047,540
47048,-162
47049,344
47050,495
47051,-37
47052,-18
47053,-192
47054,48
47055,-336
47056,-12
47057,207
47058,-576
47059,-101
47060,-40
47061,-297
47062,-156
47063,28
47064,-90
47065,-96
47066,22
47067,-4
47068,-120
47069,125
47070,20
47071,400
47072,285
47073,270
47074,294
47075,627
47076,-116
47077,84
47078,-149
47079,-90
47080,-576
47081,0
47082,192
47083,216
47084,80
47085,-112
47086,320
47087,153
47088,68
47089,100
47090,168
47091,-432
47092,-160
47093,51
47094,144
47095,-336
47096,225
47097,-111
47098,-105
47099,220
47100,352
47101,84
47102,236
47103,36
47104,-360
47105,-468
47106,54
47107,8
47108,-84
47109,180
47110,48
47111,-143
47112,-90
47113,132
47114,84
47115,-64
47116,-154
47117,-120
47118,98
47119,192
47120,-144
47121,-64
47122,-89
47123,-352
47124,-36
47125,240
47126,-173
47127,-576
47128,63
47129,-185
47130,144
47131,348
47132,97
47133,45
47134,-49
47135,-912
47136,-200
47137,236
47138,-30
47139,-224
47140,56
47141,216
47142,-120
47143,174
47144,-243
47145,624
47146,184
47147,-150
47148,-110
47149,125
47150,792
47151,-108
47152,21
47153,176
47154,32
47155,384
47156,109
47157,304
47158,24
47159,-99
47160,36
47161,330
47162,123
47163,-200
47164,-60
47165,-184
47166,264
47167,72
47168,196
47169,-164
47170,0
47171,-420
47172,-120
47173,216
47174,-32
47175,-198
47176,240
47177,0
47178,-84
47179,-28
47180,276
47181,-264
47182,54
47183,104
47184,56
47185,288
47186,69
47187,-24
47188,-81
47189,-285
47190,-200
47191,468
47192,9
47193,220
47194,-72
47195,-364
47196,128
47197,-17
47198,136
47199,-382
47200,-440
47201,48
47202,-328
47203,-310
47204,32
47205,-40
47206,256
47207,-205
47208,540
47209,-27
47210,-432
47211,-100
47212,-24
47213,-36
47214,-56
47215,-432
47216,-55
47217,-158
47218,24
47219,-128
47220,144
47221,-281
47222,96
47223,220
47224,-414
47225,660
47226,-96
47227,-9
47228,-69
47229,120
47230,180
47231,-2
47232,27
47233,-160
47234,32
47235,-504
47236,-20
47237,32
47238,-282
47239,336
47240,780
47241,4
47242,400
47243,198
47244,-144
47245,720
47246,-76
47247,102
47248,-29
47249,-135
47250,-288
47251,100
47252,-4
47253,304
47254,-108
47255,-160
47256,-96
47257,-336
47258,134
47259,0
47260,192
47261,-128
47262,276
47263,-24
47264,-360
47265,-192
47266,124
47267,200
47268,-10
47269,-218
47270,8
47271,30
47272,384
47273,-234
47274,-240
47275,-792
47276,40
47277,-192
47278,384
47279,-272
47280,-72
47281,260
47282,54
47283,-72
47284,-44
47285,-160
47286,27
47287,153
47288,48
47289,-384
47290,-392
47291,-9
47292,-54
47293,-293
47294,180
47295,-20
47296,-126
47297,-383
47298,206
47299,-66
47300,308
47301,-396
47302,-84
47303,352
47304,66
47305,-456
47306,459
47307,-560
47308,54
47309,98
47310,288
47311,-120
47312,-10
47313,-36
47314,126
47315,-140
47316,74
47317,-70
47318,-216
47319,432
47320,432
47321,70
47322,96
47323,39
47324,-138
47325,-396
47326,213
47327,135
47328,-60
47329,180
47330,-144
47331,248
47332,-182
47333,520
47334,-240
47335,-240
47336,288
47337,-432
47338,-24
47339,373
47340,-84
47341,369
47342,250
47343,28
47344,-76
47345,-24
47346,280
47347,-54
47348,0
47349,126
47350,-616
47351,275
47352,-348
47353,-115
47354,-28
47355,-864
47356,104
47357,-144
47358,-68
47359,180
47360,204
47361,132
47362,90
47363,-295
47364,-56
47365,-516
47366,132
47367,-56
47368,0
47369,-42
47370,-16
47371,-16
47372,265
47373,16
47374,-282
47375,-96
47376,27
47377,-64
47378,32
47379,0
47380,512
47381,318
47382,-80
47383,80
47384,234
47385,260
47386,-56
47387,130
47388,192
47389,21
47390,-144
47391,-156
47392,160
47393,-189
47394,-18
47395,-116
47396,-72
47397,-144
47398,45
47399,-576
47400,660
47401,108
47402,12
47403,-16
47404,27
47405,-448
47406,260
47407,322
47408,-90
47409,-392
47410,-96
47411,255
47412,-32
47413,102
47414,48
47415,-272
47416,-333
47417,-24
47418,36
47419,-48
47420,-332
47421,-36
47422,6
47423,-486
47424,280
47425,-264
47426,216
47427,348
47428,-72
47429,-322
47430,108
47431,308
47432,-30
47433,-24
47434,27
47435,-80
47436,-112
47437,0
47438,138
47439,-108
47440,80
47441,298
47442,150
47443,-176
47444,10
47445,320
47446,75
47447,60
47448,-27
47449,272
47450,-110
47451,402
47452,-9
47453,-252
47454,-144
47455,384
47456,45
47457,-24
47458,200
47459,-356
47460,-48
47461,387
47462,-236
47463,-420
47464,-36
47465,-736
47466,99
47467,-159
47468,-128
47469,-120
47470,-72
47471,-78
47472,112
47473,-66
47474,-120
47475,-264
47476,180
47477,90
47478,360
47479,-280
47480,-48
47481,-48
47482,133
47483,352
47484,0
47485,648
47486,-236
47487,272
47488,45
47489,360
47490,-440
47491,-150
47492,90
47493,-112
47494,-68
47495,-768
47496,-216
47497,207
47498,96
47499,-144
47500,-164
47501,240
47502,-30
47503,28
47504,30
47505,-368
47506,-66
47507,162
47508,-72
47509,-48
47510,-472
47511,-63
47512,-324
47513,259
47514,64
47515,-420
47516,117
47517,414
47518,8
47519,-288
47520,-320
47521,-175
47522,2
47523,108
47524,-180
47525,-726
47526,178
47527,-369
47528,-375
47529,58
47530,96
47531,-64
47532,-66
47533,-154
47534,260
47535,160
47536,91
47537,-24
47538,64
47539,-3
47540,92
47541,400
47542,60
47543,428
47544,-288
47545,-24
47546,-58
47547,396
47548,-82
47549,75
47550,-440
47551,-156
47552,70
47553,-30
47554,-360
47555,-36
47556,50
47557,280
47558,-210
47559,0
47560,-216
47561,240
47562,292
47563,236
47564,-288
47565,-36
47566,78
47567,-15
47568,50
47569,80
47570,-252
47571,64
47572,42
47573,-14
47574,-72
47575,176
47576,96
47577,368
47578,82
47579,76
47580,320
47581,-59
47582,-78
47583,-96
47584,45
47585,1152
47586,384
47587,-104
47588,52
47589,-108
47590,0
47591,-34
47592,-6
47593,75
47594,-130
47595,256
47596,2
47597,96
47598,-228
47599,292
47600,-99
47601,252
47602,248
47603,-42
47604,-48
47605,-104
47606,90
47607,-48
47608,-12
47609,240
47610,-164
47611,-171
47612,-80
47613,304
47614,-48
47615,0
47616,-198
47617,-159
47618,48
47619,-60
47620,-12
47621,-3
47622,150
47623,-276
47624,-123
47625,384
47626,-81
47627,-240
47628,-20
47629,-50
47630,-16
47631,292
47632,10
47633,544
47634,216
47635,120
47636,106
47637,70
47638,-76
47639,370
47640,-528
47641,288
47642,-243
47643,-228
47644,-98
47645,260
47646,-22
47647,90
47648,-135
47649,-450
47650,198
47651,-315
47652,-24
47653,96
47654,212
47655,192
47656,216
47657,423
47658,216
47659,-179
47660,-144
47661,410
47662,84
47663,-84
47664,26
47665,-344
47666,295
47667,374
47668,54
47669,44
47670,-264
47671,-400
47672,-48
47673,-12
47674,45
47675,-11
47676,12
47677,-240
47678,396
47679,-640
47680,224
47681,-107
47682,104
47683,396
47684,45
47685,-256
47686,-48
47687,378
47688,-96
47689,-256
47690,144
47691,-42
47692,-127
47693,120
47694,286
47695,224
47696,32
47697,390
47698,-276
47699,113
47700,55
47701,-170
47702,-192
47703,296
47704,0
47705,216
47706,-130
47707,-392
47708,-8
47709,396
47710,40
47711,90
47712,-270
47713,-210
47714,116
47715,-336
47716,-30
47717,18
47718,40
47719,243
47720,-252
47721,-106
47722,-96
47723,-385
47724,216
47725,-792
47726,-56
47727,51
47728,-64
47729,496
47730,-168
47731,352
47732,-66
47733,-474
47734,16
47735,148
47736,180
47737,18
47738,26
47739,-212
47740,-432
47741,193
47742,68
47743,-415
47744,6
47745,120
47746,-236
47747,288
47748,-64
47749,10
47750,0
47751,384
47752,216
47753,-84
47754,12
47755,680
47756,100
47757,176
47758,-122
47759,9
47760,-80
47761,-318
47762,-160
47763,64
47764,140
47765,-396
47766,216
47767,120
47768,-225
47769,132
47770,-360
47771,504
47772,-52
47773,56
47774,124
47775,220
47776,-50
47777,-311
47778,184
47779,40
47780,136
47781,72
47782,162
47783,-36
47784,48
47785,96
47786,242
47787,-72
47788,90
47789,-141
47790,-352
47791,150
47792,32
47793,0
47794,-360
47795,-200
47796,-6
47797,-377
47798,-15
47799,-18
47800,-792
47801,-400
47802,36
47803,378
47804,-36
47805,512
47806,180
47807,-216
47808,63
47809,179
47810,432
47811,-324
47812,-18
47813,12
47814,40
47815,-24
47816,336
47817,-384
47818,44
47819,-71
47820,96
47821,-72
47822,206
47823,-192
47824,-16
47825,-792
47826,87
47827,-192
47828,-104
47829,-192
47830,-180
47831,438
47832,144
47833,-396
47834,-267
47835,8
47836,11
47837,78
47838,-126
47839,120
47840,-800
47841,-36
47842,48
47843,307
47844,36
47845,648
47846,216
47847,450
47848,69
47849,-360
47850,-176
47851,-136
47852,198
47853,25
47854,207
47855,108
47856,-124
47857,122
47858,-248
47859,-210
47860,-232
47861,32
47862,13
47863,640
47864,540
47865,-504
47866,315
47867,60
47868,136
47869,110
47870,-32
47871,90
47872,-204
47873,108
47874,40
47875,-240
47876,18
47877,56
47878,-3
47879,-80
47880,144
47881,-88
47882,0
47883,184
47884,-182
47885,-512
47886,-16
47887,210
47888,18
47889,-24
47890,280
47891,-126
47892,-320
47893,108
47894,-384
47895,1152
47896,-336
47897,264
47898,-60
47899,-32
47900,99
47901,480
47902,-14
47903,249
47904,-280
47905,560
47906,60
47907,-14
47908,48
47909,-112
47910,528
47911,-149
47912,30
47913,-168
47914,228
47915,336
47916,24
47917,-238
47918,240
47919,-70
47920,28
47921,-56
47922,4
47923,-180
47924,-98
47925,396
47926,-198
47927,-312
47928,-156
47929,-216
47930,232
47931,460
47932,-136
47933,130
47934,13
47935,-180
47936,-252
47937,200
47938,-208
47939,-84
47940,216
47941,0
47942,-8
47943,-18
47944,-330
47945,224
47946,-48
47947,149
47948,-114
47949,-48
47950,99
47951,387
47952,33
47953,280
47954,207
47955,-1024
47956,-72
47957,405
47958,76
47959,100
47960,-816
47961,-69
47962,186
47963,42
47964,-126
47965,40
47966,56
47967,-128
47968,0
47969,170
47970,-180
47971,0
47972,28
47973,2
47974,-72
47975,-88
47976,-114
47977,78
47978,192
47979,-64
47980,96
47981,-269
47982,64
47983,300
47984,-32
47985,-600
47986,178
47987,27
47988,-63
47989,123
47990,-120
47991,-270
47992,-513
47993,-216
47994,56
47995,208
47996,-108
47997,54
47998,176
47999,72
48000,-144
48001,336
48002,-48
48003,-100
48004,-96
48005,280
48006,96
48007,-144
48008,108
48009,-320
48010,40
48011,288
48012,-4
48013,-264
48014,-156
48015,192
48016,82
48017,386
48018,30
48019,342
48020,-236
48021,-320
48022,-40
48023,273
48024,48
48025,66
48026,-96
48027,-342
48028,-158
48029,91
48030,96
48031,56
48032,200
48033,-220
48034,-54
48035,-360
48036,128
48037,110
48038,50
48039,-336
48040,-492
48041,399
48042,48
48043,-312
48044,175
48045,-288
48046,112
48047,-448
48048,-120
48049,-80
48050,550
48051,120
48052,-81
48053,-26
48054,-194
48055,756
48056,-447
48057,-360
48058,294
48059,24
48060,0
48061,485
48062,84
48063,-6
48064,-84
48065,-152
48066,200
48067,108
48068,-72
48069,-34
48070,512
48071,60
48072,456
48073,156
48074,-30
48075,-198
48076,18
48077,6
48078,39
48079,-250
48080,-112
48081,-648
48082,-76
48083,219
48084,-114
48085,-32
48086,-144
48087,-60
48088,-378
48089,-188
48090,48
48091,-187
48092,-40
48093,-432
48094,64
48095,-400
48096,40
48097,24
48098,37
48099,426
48100,165
48101,576
48102,-68
48103,336
48104,405
48105,196
48106,168
48107,18
48108,-192
48109,-266
48110,192
48111,-120
48112,-108
48113,565
48114,-224
48115,288
48116,-40
48117,-28
48118,40
48119,-321
48120,-648
48121,-358
48122,-22
48123,-3
48124,-55
48125,492
48126,-40
48127,-96
48128,-207
48129,336
48130,-444
48131,124
48132,0
48133,32
48134,324
48135,192
48136,-324
48137,81
48138,-36
48139,-615
48140,72
48141,264
48142,98
48143,369
48144,-48
48145,56
48146,24
48147,352
48148,2
48149,0
48150,-132
48151,-76
48152,240
48153,234
48154,0
48155,232
48156,132
48157,4
48158,50
48159,42
48160,420
48161,-69
48162,64
48163,216
48164,118
48165,384
48166,160
48167,56
48168,-96
48169,24
48170,28
48171,482
48172,-122
48173,126
48174,162
48175,891
48176,-37
48177,10
48178,255
48179,416
48180,-64
48181,-492
48182,224
48183,336
48184,-240
48185,-864
48186,61
48187,128
48188,-15
48189,16
48190,-320
48191,-460
48192,126
48193,-164
48194,252
48195,396
48196,45
48197,78
48198,56
48199,512
48200,-330
48201,154
48202,-96
48203,224
48204,-80
48205,-1152
48206,182
48207,34
48208,24
48209,-324
48210,120
48211,24
48212,-12
48213,-112
48214,-84
48215,8
48216,-108
48217,330
48218,-63
48219,110
48220,200
48221,179
48222,-144
48223,-6
48224,60
48225,572
48226,96
48227,70
48228,144
48229,252
48230,-300
48231,88
48232,-225
48233,-16
48234,178
48235,272
48236,225
48237,-342
48238,0
48239,236
48240,28
48241,160
48242,-9
48243,320
48244,222
48245,56
48246,168
48247,8
48248,9
48249,48
48250,-480
48251,48
48252,-164
48253,4
48254,-80
48255,-704
48256,30
48257,432
48258,30
48259,-254
48260,128
48261,252
48262,40
48263,-64
48264,384
48265,-72
48266,38
48267,-36
48268,-240
48269,450
48270,-584
48271,28
48272,-18
48273,160
48274,-27
48275,418
48276,-88
48277,400
48278,-48
48279,-120
48280,324
48281,17
48282,-70
48283,-265
48284,-80
48285,-24
48286,282
48287,153
48288,60
48289,308
48290,-128
48291,232
48292,55
48293,-339
48294,-69
48295,200
48296,291
48297,336
48298,324
48299,-170
48300,-528
48301,-268
48302,52
48303,264
48304,70
48305,104
48306,216
48307,-336
48308,0
48309,228
48310,-40
48311,136
48312,-96
48313,-154
48314,12
48315,-440
48316,18
48317,324
48318,-172
48319,-48
48320,-84
48321,120
48322,66
48323,0
48324,24
48325,-792
48326,-52
48327,0
48328,-414
48329,72
48330,64
48331,-300
48332,210
48333,416
48334,20
48335,348
48336,-40
48337,146
48338,173
48339,-27
48340,248
48341,-54
48342,312
48343,114
48344,-12
48345,-288
48346,-40
48347,245
48348,-30
48349,339
48350,440
48351,198
48352,-110
48353,-107
48354,-112
48355,384
48356,-192
48357,100
48358,115
48359,54
48360,-1080
48361,-36
48362,62
48363,-270
48364,24
48365,12
48366,29
48367,-352
48368,32
48369,-288
48370,480
48371,72
48372,64
48373,-15
48374,-21
48375,168
48376,-216
48377,54
48378,-104
48379,18
48380,288
48381,224
48382,-144
48383,-121
48384,-204
48385,112
48386,140
48387,126
48388,38
48389,-180
48390,144
48391,-216
48392,-504
48393,-64
48394,-18
48395,440
48396,-102
48397,-17
48398,-102
48399,60
48400,-55
48401,80
48402,-88
48403,-336
48404,-100
48405,-528
48406,96
48407,17
48408,-42
48409,-210
48410,-576
48411,-16
48412,40
48413,-84
48414,118
48415,-224
48416,0
48417,28
48418,63
48419,27
48420,76
48421,-585
48422,-324
48423,56
48424,-27
48425,440
48426,-156
48427,40
48428,18
48429,44
48430,-64
48431,-120
48432,108
48433,108
48434,176
48435,-104
48436,26
48437,-237
48438,-440
48439,-192
48440,144
48441,-140
48442,125
48443,-180
48444,16
48445,-72
48446,80
48447,-132
48448,-98
48449,-276
48450,-264
48451,-40
48452,-101
48453,-306
48454,-174
48455,288
48456,12
48457,243
48458,32
48459,-8
48460,-76
48461,112
48462,162
48463,-322
48464,-55
48465,-384
48466,284
48467,-213
48468,-84
48469,4
48470,-36
48471,72
48472,-54
48473,-150
48474,54
48475,-462
48476,-61
48477,80
48478,-78
48479,-116
48480,-80
48481,-162
48482,24
48483,-128
48484,-216
48485,-104
48486,-224
48487,-342
48488,-96
48489,270
48490,-40
48491,53
48492,-104
48493,-324
48494,-78
48495,-320
48496,-3
48497,-87
48498,48
48499,76
48500,-288
48501,60
48502,222
48503,-324
48504,378
48505,0
48506,320
48507,192
48508,-14
48509,32
48510,-32
48511,64
48512,-12
48513,512
48514,0
48515,-288
48516,320
48517,144
48518,162
48519,-77
48520,-672
48521,135
48522,80
48523,198
48524,-78
48525,22
48526,-180
48527,173
48528,-23
48529,-445
48530,-768
48531,-264
48532,-184
48533,-291
48534,32
48535,252
48536,9
48537,74
48538,-138
48539,232
48540,352
48541,-10
48542,-40
48543,-456
48544,-135
48545,-96
48546,-72
48547,42
48548,10
48549,20
48550,418
48551,9
48552,-144
48553,-144
48554,60
48555,180
48556,-80
48557,-64
48558,-24
48559,50
48560,112
48561,-184
48562,90
48563,435
48564,-36
48565,-416
48566,-48
48567,-136
48568,-540
48569,6
48570,-456
48571,-4
48572,81
48573,24
48574,8
48575,154
48576,448
48577,315
48578,132
48579,-72
48580,-12
48581,30
48582,-69
48583,324
48584,-345
48585,-720
48586,-114
48587,216
48588,-204
48589,-424
48590,56
48591,30
48592,-25
48593,-6
48594,0
48595,-356
48596,9
48597,192
48598,136
48599,-184
48600,-330
48601,-45
48602,52
48603,-108
48604,54
48605,-80
48606,-64
48607,-100
48608,-90
48609,80
48610,-12
48611,416
48612,-170
48613,120
48614,-136
48615,384
48616,-384
48617,-96
48618,6
48619,58
48620,-240
48621,-200
48622,-72
48623,342
48624,38
48625,-600
48626,-180
48627,-296
48628,-115
48629,-177
48630,-528
48631,-120
48632,-288
48633,-140
48634,158
48635,-108
48636,-60
48637,-54
48638,-81
48639,-90
48640,176
48641,80
48642,-70
48643,0
48644,-51
48645,-288
48646,230
48647,-239
48648,222
48649,161
48650,528
48651,84
48652,-148
48653,-212
48654,-60
48655,252
48656,-78
48657,104
48658,-159
48659,-180
48660,-360
48661,-366
48662,48
48663,112
48664,-360
48665,640
48666,118
48667,36
48668,144
48669,-134
48670,576
48671,-45
48672,60
48673,81
48674,222
48675,704
48676,-112
48677,386
48678,-192
48679,-181
48680,-504
48681,308
48682,-20
48683,0
48684,-128
48685,-720
48686,24
48687,180
48688,12
48689,38
48690,-4
48691,-32
48692,81
48693,316
48694,108
48695,-544
48696,-6
48697,-176
48698,320
48699,66
48700,308
48701,-162
48702,276
48703,12
48704,-42
48705,0
48706,-135
48707,-90
48708,144
48709,-56
48710,-48
48711,-590
48712,-294
48713,-381
48714,-192
48715,-88
48716,-36
48717,-38
48718,66
48719,448
48720,-48
48721,-324
48722,144
48723,-272
48724,60
48725,-66
48726,-92
48727,-315
48728,300
48729,-48
48730,144
48731,46
48732,-54
48733,193
48734,15
48735,48
48736,20
48737,-40
48738,132
48739,-216
48740,-276
48741,576
48742,168
48743,-40
48744,-36
48745,108
48746,-136
48747,-100
48748,-6
48749,80
48750,410
48751,29
48752,56
48753,26
48754,-104
48755,-80
48756,144
48757,226
48758,-115
48759,148
48760,480
48761,-284
48762,231
48763,225
48764,-16
48765,168
48766,27
48767,144
48768,48
48769,-30
48770,168
48771,-12
48772,0
48773,36
48774,144
48775,-704
48776,315
48777,-36
48778,-108
48779,-314
48780,-32
48781,223
48782,-238
48783,-96
48784,-95
48785,240
48786,72
48787,-184
48788,130
48789,-320
48790,324
48791,72
48792,-288
48793,-224
48794,162
48795,16
48796,216
48797,-441
48798,-64
48799,-124
48800,440
48801,372
48802,110
48803,0
48804,36
48805,-308
48806,240
48807,24
48808,-141
48809,184
48810,416
48811,24
48812,-120
48813,320
48814,-258
48815,-240
48816,-8
48817,326
48818,240
48819,152
48820,176
48821,190
48822,320
48823,-8
48824,-216
48825,-297
48826,-66
48827,-512
48828,80
48829,-640
48830,-32
48831,396
48832,-357
48833,-405
48834,-97
48835,-696
48836,14
48837,-32
48838,-133
48839,-6
48840,-288
48841,-96
48842,52
48843,91
48844,69
48845,188
48846,264
48847,164
48848,63
48849,-456
48850,594
48851,180
48852,-64
48853,-124
48854,-50
48855,736
48856,243
48857,-126
48858,54
48859,40
48860,48
48861,0
48862,-128
48863,-6
48864,240
48865,-184
48866,110
48867,-120
48868,104
48869,-414
48870,-32
48871,200
48872,-216
48873,-256
48874,234
48875,576
48876,-146
48877,-150
48878,-44
48879,10
48880,180
48881,459
48882,-192
48883,319
48884,10
48885,-296
48886,52
48887,-324
48888,108
48889,212
48890,-120
48891,56
48892,-54
48893,-65
48894,-120
48895,-384
48896,0
48897,-256
48898,16
48899,300
48900,-22
48901,-70
48902,56
48903,436
48904,-153
48905,96
48906,-80
48907,164
48908,29
48909,-54
48910,-56
48911,304
48912,-24
48913,189
48914,6
48915,-104
48916,123
48917,-16
48918,-378
48919,225
48920,468
48921,64
48922,216
48923,60
48924,33
48925,-704
48926,-102
48927,-18
48928,320
48929,2
48930,-264
48931,-72
48932,225
48933,-114
48934,7
48935,148
48936,-42
48937,84
48938,171
48939,-72
48940,324
48941,-442
48942,-48
48943,-105
48944,96
48945,360
48946,69
48947,-270
48948,10
48949,18
48950,0
48951,24
48952,144
48953,90
48954,180
48955,-532
48956,-66
48957,208
48958,-285
48959,-64
48960,-84
48961,408
48962,145
48963,360
48964,-97
48965,-312
48966,182
48967,48
48968,171
48969,108
48970,288
48971,315
48972,-120
48973,-110
48974,153
48975,-484
48976,-62
48977,-147
48978,-48
48979,-54
48980,-360
48981,36
48982,160
48983,64
48984,-480
48985,-96
48986,114
48987,-25
48988,78
48989,174
48990,-576
48991,233
48992,-215
48993,-360
48994,36
48995,864
48996,10
48997,505
48998,25
48999,-92
49000,144
49001,-308
49002,-96
49003,176
49004,-6
49005,220
49006,-24
49007,198
49008,-6
49009,-216
49010,-96
49011,-300
49012,98
49013,-672
49014,75
49015,-600
49016,-24
49017,264
49018,96
49019,183
49020,224
49021,216
49022,160
49023,135
49024,-30
49025,-165
49026,138
49027,-172
49028,144
49029,-224
49030,416
49031,-64
49032,132
49033,-77
49034,-25
49035,-864
49036,360
49037,354
49038,-80
49039,0
49040,16
49041,-26
49042,-54
49043,-207
49044,112
49045,168
49046,-12
49047,142
49048,-144
49049,300
49050,-187
49051,-16
49052,-166
49053,-162
49054,123
49055,-328
49056,-60
49057,-47
49058,160
49059,-320
49060,128
49061,-360
49062,90
49063,21
49064,-288
49065,648
49066,234
49067,-192
49068,18
49069,109
49070,216
49071,-72
49072,62
49073,495
49074,-24
49075,-165
49076,-82
49077,-108
49078,-80
49079,288
49080,120
49081,276
49082,384
49083,-496
49084,-186
49085,-248
49086,-20
49087,0
49088,280
49089,86
49090,552
49091,426
49092,-14
49093,-56
49094,47
49095,-96
49096,27
49097,-18
49098,-32
49099,156
49100,-220
49101,120
49102,99
49103,336
49104,36
49105,768
49106,147
49107,-88
49108,57
49109,180
49110,-264
49111,91
49112,153
49113,-144
49114,-300
49115,576
49116,36
49117,130
49118,-63
49119,306
49120,-640
49121,13
49122,86
49123,264
49124,-96
49125,144
49126,30
49127,220
49128,0
49129,-8
49130,300
49131,80
49132,-36
49133,-45
49134,-48
49135,720
49136,-27
49137,216
49138,-320
49139,-104
49140,-240
49141,-128
49142,-189
49143,428
49144,216
49145,-456
49146,-136
49147,-48
49148,32
49149,-56
49150,308
49151,208
49152,178
49153,-200
49154,12
49155,32
49156,48
49157,288
49158,-58
49159,612
49160,552
49161,-210
49162,45
49163,264
49164,60
49165,272
49166,360
49167,-308
49168,-24
49169,284
49170,-256
49171,372
49172,4
49173,54
49174,392
49175,990
49176,108
49177,74
49178,14
49179,288
49180,192
49181,-252
49182,192
49183,72
49184,-50
49185,-40
49186,99
49187,56
49188,-120
49189,12
49190,392
49191,-368
49192,-420
49193,26
49194,212
49195,672
49196,18
49197,738
49198,-144
49199,201
49200,-198
49201,-214
49202,46
49203,108
49204,-73
49205,-280
49206,256
49207,428
49208,60
49209,72
49210,-144
49211,384
49212,54
49213,-78
49214,-332
49215,480
49216,-308
49217,0
49218,180
49219,180
49220,384
49221,-36
49222,76
49223,26
49224,-162
49225,-176
49226,-3
49227,-304
49228,198
49229,-240
49230,-108
49231,-15
49232,-6
49233,14
49234,-384
49235,56
49236,-16
49237,0
49238,153
49239,-88
49240,-384
49241,369
49242,64
49243,-472
49244,-280
49245,112
49246,-136
49247,-72
49248,-220
49249,150
49250,-216
49251,-6
49252,84
49253,111
49254,-122
49255,24
49256,81
49257,35
49258,0
49259,297
49260,-192
49261,44
49262,136
49263,210
49264,60
49265,256
49266,-72
49267,32
49268,34
49269,80
49270,80
49271,-28
49272,96
49273,-12
49274,-9
49275,88
49276,96
49277,-360
49278,0
49279,-63
49280,144
49281,-124
49282,252
49283,-120
49284,28
49285,-68
49286,164
49287,-282
49288,48
49289,-368
49290,360
49291,32
49292,144
49293,66
49294,-12
49295,-656
49296,-100
49297,-162
49298,99
49299,128
49300,-66
49301,18
49302,144
49303,-90
49304,-387
49305,128
49306,0
49307,-215
49308,-216
49309,455
49310,228
49311,-122
49312,-280
49313,-464
49314,-28
49315,-240
49316,-84
49317,-240
49318,-32
49319,208
49320,36
49321,189
49322,120
49323,486
49324,128
49325,-638
49326,-170
49327,264
49328,12
49329,60
49330,8
49331,123
49332,158
49333,292
49334,-69
49335,1280
49336,162
49337,144
49338,-51
49339,99
49340,-148
49341,-448
49342,219
49343,-40
49344,-28
49345,-576
49346,-24
49347,103
49348,-24
49349,-352
49350,594
49351,312
49352,270
49353,-104
49354,-243
49355,-64
49356,100
49357,108
49358,-48
49359,106
49360,-16
49361,210
49362,-8
49363,274
49364,-189
49365,-240
49366,240
49367,89
49368,90
49369,-198
49370,-432
49371,-192
49372,131
49373,288
49374,120
49375,410
49376,220
49377,102
49378,-72
49379,-72
49380,-64
49381,-64
49382,-204
49383,288
49384,366
49385,-324
49386,220
49387,-30
49388,-68
49389,-4
49390,-416
49391,-144
49392,15
49393,-84
49394,-133
49395,0
49396,-55
49397,-45
49398,-158
49399,258
49400,660
49401,112
49402,18
49403,200
49404,64
49405,360
49406,-138
49407,140
49408,-340
49409,-160
49410,352
49411,182
49412,176
49413,60
49414,108
49415,-44
49416,108
49417,144
49418,208
49419,-32
49420,-144
49421,24
49422,176
49423,176
49424,-84
49425,-198
49426,330
49427,-768
49428,63
49429,-84
49430,228
49431,-284
49432,-72
49433,380
49434,288
49435,-16
49436,24
49437,-72
49438,108
49439,-540
49440,-640
49441,108
49442,216
49443,90
49444,-189
49445,288
49446,-63
49447,-81
49448,-234
49449,-320
49450,616
49451,-73
49452,-200
49453,-246
49454,-80
49455,-192
49456,-120
49457,-9
49458,20
49459,307
49460,96
49461,156
49462,144
49463,141
49464,-24
49465,-120
49466,-161
49467,0
49468,72
49469,0
49470,-288
49471,360
49472,154
49473,-192
49474,50
49475,-396
49476,-216
49477,227
49478,-80
49479,-270
49480,384
49481,80
49482,-10
49483,36
49484,0
49485,-352
49486,187
49487,-243
49488,-54
49489,-25
49490,16
49491,-495
49492,-42
49493,364
49494,-8
49495,272
49496,456
49497,-84
49498,-114
49499,210
49500,96
49501,-192
49502,180
49503,4
49504,-225
49505,-608
49506,-48
49507,-594
49508,-78
49509,-135
49510,-144
49511,-312
49512,-204
49513,-126
49514,32
49515,-128
49516,-188
49517,-108
49518,36
49519,-264
49520,-28
49521,-228
49522,-20
49523,258
49524,-132
49525,-528
49526,58
49527,121
49528,81
49529,-82
49530,-320
49531,292
49532,-48
49533,-320
49534,-25
49535,-128
49536,21
49537,154
49538,243
49539,-92
49540,28
49541,-192
49542,384
49543,240
49544,108
49545,-32
49546,-156
49547,-212
49548,52
49549,-302
49550,275
49551,-180
49552,4
49553,57
49554,31
49555,240
49556,90
49557,-438
49558,36
49559,148
49560,576
49561,-132
49562,-203
49563,-135
49564,187
49565,192
49566,96
49567,-72
49568,-190
49569,810
49570,-184
49571,-180
49572,-39
49573,0
49574,60
49575,-44
49576,-36
49577,344
49578,320
49579,-182
49580,84
49581,-54
49582,5
49583,56
49584,-2
49585,-864
49586,-144
49587,418
49588,64
49589,108
49590,-32
49591,-40
49592,-78
49593,128
49594,6
49595,-1020
49596,-108
49597,395
49598,94
49599,128
49600,-693
49601,40
49602,-390
49603,16
49604,139
49605,672
49606,-132
49607,16
49608,-75
49609,-24
49610,180
49611,288
49612,-160
49613,280
49614,232
49615,-488
49616,27
49617,-24
49618,-171
49619,200
49620,-224
49621,20
49622,98
49623,-288
49624,-141
49625,-528
49626,72
49627,-83
49628,-88
49629,198
49630,-48
49631,-108
49632,360
49633,-213
49634,360
49635,-184
49636,-201
49637,38
49638,-148
49639,-26
49640,72
49641,66
49642,13
49643,-328
49644,-27
49645,-280
49646,-160
49647,280
49648,24
49649,12
49650,572
49651,-108
49652,-51
49653,-44
49654,96
49655,560
49656,78
49657,-192
49658,-204
49659,-378
49660,0
49661,-60
49662,0
49663,108
49664,132
49665,-672
49666,72
49667,158
49668,4
49669,-40
49670,-272
49671,-72
49672,135
49673,240
49674,168
49675,-176
49676,24
49677,84
49678,56
49679,-81
49680,-128
49681,-28
49682,14
49683,184
49684,19
49685,80
49686,-48
49687,36
49688,-423
49689,-62
49690,224
49691,90
49692,36
49693,-54
49694,-159
49695,16
49696,-205
49697,-243
49698,-36
49699,-130
49700,-297
49701,454
49702,13
49703,-120
49704,-408
49705,300
49706,114
49707,-252
49708,-56
49709,-148
49710,-104
49711,257
49712,120
49713,44
49714,-105
49715,32
49716,29
49717,63
49718,-64
49719,-188
49720,96
49721,0
49722,-272
49723,216
49724,243
49725,-165
49726,-369
49727,352
49728,-126
49729,-159
49730,300
49731,-30
49732,-66
49733,504
49734,-352
49735,120
49736,129
49737,480
49738,360
49739,177
49740,304
49741,386
49742,144
49743,122
49744,-51
49745,40
49746,48
49747,222
49748,-50
49749,-768
49750,-240
49751,0
49752,120
49753,468
49754,227
49755,864
49756,48
49757,272
49758,28
49759,-246
49760,640
49761,-192
49762,-64
49763,-432
49764,-80
49765,-228
49766,-64
49767,-80
49768,306
49769,320
49770,-120
49771,-162
49772,8
49773,-216
49774,-252
49775,88
49776,48
49777,-405
49778,-106
49779,40
49780,48
49781,70
49782,-252
49783,76
49784,-48
49785,-160
49786,-72
49787,-330
49788,88
49789,-85
49790,200
49791,498
49792,-75
49793,-12
49794,280
49795,32
49796,-192
49797,-24
49798,288
49799,-336
49800,594
49801,-227
49802,-12
49803,-450
49804,178
49805,576
49806,46
49807,60
49808,64
49809,-168
49810,108
49811,112
49812,120
49813,425
49814,188
49815,360
49816,-135
49817,-135
49818,-48
49819,-12
49820,180
49821,-208
49822,-90
49823,-33
49824,20
49825,264
49826,-78
49827,-324
49828,-129
49829,155
49830,96
49831,-110
49832,63
49833,4
49834,37
49835,64
49836,-212
49837,-224
49838,193
49839,-156
49840,0
49841,-288
49842,-180
49843,-112
49844,-39
49845,-648
49846,-110
49847,-36
49848,-378
49849,180
49850,-682
49851,0
49852,80
49853,-48
49854,24
49855,384
49856,-252
49857,230
49858,-24
49859,-72
49860,-56
49861,-243
49862,132
49863,176
49864,-192
49865,112
49866,-118
49867,270
49868,45
49869,32
49870,228
49871,-325
49872,90
49873,-225
49874,32
49875,576
49876,-69
49877,-197
49878,-3
49879,657
49880,-168
49881,130
49882,-48
49883,-252
49884,168
49885,192
49886,-104
49887,-80
49888,-40
49889,36
49890,280
49891,-94
49892,-138
49893,420
49894,40
49895,432
49896,396
49897,378
49898,-40
49899,-194
49900,-308
49901,384
49902,-192
49903,132
49904,24
49905,216
49906,-127
49907,-80
49908,64
49909,10
49910,-864
49911,-48
49912,-18
49913,108
49914,72
49915,224
49916,190
49917,-138
49918,300
49919,-84
49920,680
49921,-24
49922,-34
49923,24
49924,-198
49925,-286
49926,160
49927,410
49928,-63
49929,0
49930,-4
49931,-24
49932,-8
49933,320
49934,-298
49935,-16
49936,-10
49937,236
49938,108
49939,-116
49940,-176
49941,36
49942,18
49943,372
49944,-480
49945,-648
49946,-30
49947,-288
49948,-2
49949,-90
49950,132
49951,384
49952,120
49953,272
49954,85
49955,-768
49956,-32
49957,-246
49958,240
49959,-120
49960,-708
49961,18
49962,112
49963,-33
49964,60
49965,480
49966,-189
49967,-148
49968,1
49969,432
49970,336
49971,290
49972,250
49973,-120
49974,82
49975,-209
49976,-51
49977,44
49978,40
49979,-360
49980,-48
49981,-78
49982,-14
49983,400
49984,252
49985,-880
49986,-9
49987,180
49988,-104
49989,136
49990,464
49991,114
49992,84
49993,-163
49994,39
49995,32
49996,-12
49997,-32
49998,90
49999,354
50000,44
50001,18
50002,-208
50003,-162
50004,-64
50005,-24
50006,316
50007,480
50008,324
50009,308
50010,456
50011,60
50012,-120
50013,126
50014,171
50015,456
50016,170
50017,264
50018,0
50019,232
50020,-288
50021,-164
50022,66
50023,-79
50024,-108
50025,352
50026,-228
50027,-72
50028,32
50029,-6
50030,276
50031,-204
50032,-40
50033,-396
50034,342
50035,456
50036,-36
50037,-260
50038,72
50039,80
50040,192
50041,-32
50042,0
50043,216
50044,13
50045,236
50046,-64
50047,-296
50048,72
50049,63
50050,-660
50051,-210
50052,168
50053,-192
50054,92
50055,-648
50056,-372
50057,-468
50058,-160
50059,-18
50060,280
50061,216
50062,-111
50063,-145
50064,-48
50065,432
50066,41
50067,-106
50068,-82
50069,293
50070,320
50071,768
50072,12
50073,468
50074,-62
50075,836
50076,-60
50077,248
50078,-30
50079,-184
50080,160
50081,192
50082,-120
50083,128
50084,-36
50085,240
50086,200
50087,41
50088,-252
50089,585
50090,28
50091,-256
50092,-198
50093,-30
50094,-40
50095,-308
50096,-18
50097,8
50098,36
50099,-63
50100,176
50101,-13
50102,-405
50103,-36
50104,-3
50105,-848
50106,126
50107,0
50108,24
50109,-440
50110,-452
50111,262
50112,56
50113,123
50114,222
50115,-80
50116,-84
50117,416
50118,-148
50119,86
50120,-144
50121,120
50122,0
50123,294
50124,44
50125,-648
50126,-108
50127,144
50128,50
50129,-395
50130,-8
50131,-259
50132,-27
50133,-168
50134,-294
50135,96
50136,336
50137,-28
50138,140
50139,77
50140,544
50141,-120
50142,-48
50143,-351
50144,-175
50145,416
50146,-33
50147,402
50148,-30
50149,432
50150,-264
50151,-8
50152,144
50153,355
50154,-260
50155,-576
50156,62
50157,-20
50158,396
50159,-300
50160,-128
50161,448
50162,249
50163,-128
50164,2
50165,-320
50166,0
50167,165
50168,297
50169,-204
50170,-32
50171,-192
50172,12
50173,30
50174,-58
50175,88
50176,46
50177,138
50178,-168
50179,-48
50180,-400
50181,350
50182,-320
50183,-252
50184,81
50185,312
50186,-192
50187,292
50188,-20
50189,513
50190,576
50191,280
50192,42
50193,192
50194,-77
50195,-68
50196,0
50197,-54
50198,-200
50199,56
50200,297
50201,87
50202,34
50203,64
50204,12
50205,192
50206,-190
50207,217
50208,50
50209,192
50210,-256
50211,-36
50212,154
50213,-184
50214,52
50215,-180
50216,231
50217,144
50218,-216
50219,280
50220,396
50221,-24
50222,240
50223,248
50224,14
50225,-198
50226,48
50227,8
50228,-2
50229,91
50230,-316
50231,324
50232,720
50233,0
50234,-141
50235,216
50236,-8
50237,128
50238,20
50239,-444
50240,-448
50241,96
50242,202
50243,441
50244,-100
50245,440
50246,-108
50247,-112
50248,252
50249,374
50250,336
50251,594
50252,54
50253,348
50254,110
50255,-656
50256,-4
50257,52
50258,360
50259,-32
50260,288
50261,-333
50262,204
50263,-14
50264,384
50265,32
50266,-36
50267,-168
50268,-144
50269,30
50270,400
50271,400
50272,90
50273,-312
50274,32
50275,704
50276,-75
50277,-68
50278,-80
50279,6
50280,648
50281,264
50282,-405
50283,9
50284,200
50285,0
50286,32
50287,-322
50288,-78
50289,2
50290,-432
50291,-88
50292,-32
50293,-88
50294,174
50295,-216
50296,36
50297,50
50298,36
50299,-120
50300,66
50301,448
50302,-252
50303,228
50304,18
50305,-196
50306,134
50307,-90
50308,-166
50309,-189
50310,-140
50311,-437
50312,312
50313,18
50314,228
50315,8
50316,42
50317,-84
50318,32
50319,147
50320,36
50321,-262
50322,-86
50323,-100
50324,216
50325,-704
50326,282
50327,-200
50328,132
50329,182
50330,-216
50331,-208
50332,-20
50333,-99
50334,70
50335,-96
50336,-125
50337,-81
50338,0
50339,36
50340,-192
50341,-22
50342,148
50343,96
50344,162
50345,-424
50346,25
50347,-320
50348,288
50349,400
50350,-220
50351,204
50352,20
50353,224
50354,96
50355,32
50356,-118
50357,-30
50358,408
50359,-272
50360,144
50361,316
50362,-96
50363,-196
50364,-26
50365,408
50366,-161
50367,-32
50368,-126
50369,160
50370,-128
50371,270
50372,-4
50373,40
50374,0
50375,-1080
50376,-300
50377,36
50378,1
50379,-144
50380,32
50381,252
50382,352
50383,-12
50384,63
50385,-336
50386,-192
50387,314
50388,-120
50389,-414
50390,-272
50391,-96
50392,-198
50393,192
50394,66
50395,372
50396,-63
50397,384
50398,16
50399,-56
50400,165
50401,-440
50402,80
50403,200
50404,17
50405,-240
50406,-144
50407,48
50408,-24
50409,32
50410,-40
50411,156
50412,-220
50413,-384
50414,210
50415,128
50416,24
50417,-402
50418,-53
50419,176
50420,-32
50421,144
50422,27
50423,-361
50424,0
50425,-77
50426,208
50427,-30
50428,222
50429,-576
50430,320
50431,-54
50432,-153
50433,-112
50434,24
50435,-144
50436,144
50437,-468
50438,-166
50439,-336
50440,720
50441,134
50442,246
50443,-80
50444,-30
50445,128
50446,-156
50447,224
50448,10
50449,-33
50450,594
50451,126
50452,30
50453,295
50454,-105
50455,32
50456,135
50457,-160
50458,82
50459,-69
50460,200
50461,214
50462,-480
50463,0
50464,180
50465,-64
50466,-10
50467,-272
50468,108
50469,148
50470,128
50471,288
50472,54
50473,-90
50474,-265
50475,88
50476,37
50477,90
50478,-72
50479,240
50480,72
50481,90
50482,252
50483,348
50484,-168
50485,256
50486,196
50487,-120
50488,27
50489,4
50490,-192
50491,51
50492,190
50493,-182
50494,-60
50495,224
50496,294
50497,359
50498,168
50499,-18
50500,-48
50501,-308
50502,72
50503,-230
50504,-288
50505,-360
50506,-51
50507,-273
50508,64
50509,-90
50510,-8
50511,32
50512,108
50513,94
50514,-104
50515,656
50516,-8
50517,-184
50518,-70
50519,-54
50520,168
50521,52
50522,-229
50523,344
50524,-30
50525,693
50526,81
50527,-88
50528,-10
50529,-144
50530,-36
50531,-40
50532,198
50533,207
50534,228
50535,176
50536,-144
50537,204
50538,-72
50539,281
50540,-36
50541,-150
50542,-108
50543,-40
50544,50
50545,-288
50546,80
50547,-108
50548,-34
50549,384
50550,-506
50551,125
50552,0
50553,-27
50554,-384
50555,160
50556,80
50557,-135
50558,27
50559,120
50560,120
50561,297
50562,-28
50563,-456
50564,-62
50565,-192
50566,60
50567,-160
50568,-84
50569,-304
50570,500
50571,-256
50572,171
50573,-320
50574,212
50575,-264
50576,34
50577,208
50578,-96
50579,-162
50580,120
50581,-124
50582,6
50583,410
50584,291
50585,-84
50586,-232
50587,-332
50588,20
50589,24
50590,256
50591,172
50592,270
50593,-129
50594,36
50595,256
50596,240
50597,52
50598,48
50599,69
50600,1056
50601,32
50602,-147
50603,-189
50604,48
50605,-32
50606,147
50607,-50
50608,-40
50609,-30
50610,240
50611,336
50612,17
50613,-188
50614,105
50615,0
50616,-36
50617,-2
50618,-152
50619,432
50620,-188
50621,-88
50622,-320
50623,648
50624,42
50625,-451
50626,-81
50627,208
50628,-232
50629,18
50630,-288
50631,-300
50632,168
50633,244
50634,-24
50635,-720
50636,-84
50637,100
50638,-39
50639,90
50640,192
50641,0
50642,-154
50643,-78
50644,208
50645,576
50646,32
50647,397
50648,-420
50649,276
50650,209
50651,-333
50652,-84
50653,-195
50654,252
50655,1024
50656,-275
50657,64
50658,-324
50659,-354
50660,-96
50661,-5
50662,-2
50663,-82
50664,108
50665,8
50666,-72
50667,406
50668,120
50669,-568
50670,36
50671,200
50672,46
50673,-192
50674,30
50675,407
50676,288
50677,-96
50678,-152
50679,-88
50680,72
50681,360
50682,-96
50683,-4
50684,0
50685,1224
50686,-216
50687,-30
50688,-44
50689,-36
50690,-36
50691,224
50692,64
50693,32
50694,-162
50695,284
50696,-6
50697,-21
50698,-134
50699,-135
50700,264
50701,-240
50702,18
50703,108
50704,-20
50705,-312
50706,88
50707,164
50708,192
50709,92
50710,352
50711,192
50712,138
50713,405
50714,-273
50715,64
50716,-45
50717,-288
50718,240
50719,-98
50720,-400
50721,80
50722,-132
50723,81
50724,-20
50725,-11
50726,320
50727,150
50728,18
50729,96
50730,0
50731,60
50732,-104
50733,40
50734,73
50735,-128
50736,18
50737,52
50738,-368
50739,270
50740,224
50741,102
50742,-60
50743,108
50744,-75
50745,240
50746,256
50747,297
50748,216
50749,156
50750,-144
50751,15
50752,-280
50753,184
50754,352
50755,144
50756,-51
50757,-372
50758,63
50759,-420
50760,-432
50761,-120
50762,-30
50763,406
50764,45
50765,720
50766,-86
50767,-92
50768,-32
50769,-105
50770,440
50771,78
50772,52
50773,-266
50774,45
50775,-264
50776,168
50777,342
50778,135
50779,-96
50780,160
50781,-266
50782,102
50783,-455
50784,-410
50785,276
50786,28
50787,160
50788,19
50789,-405
50790,-72
50791,80
50792,108
50793,-504
50794,187
50795,-248
50796,-27
50797,-260
50798,-180
50799,-432
50800,-88
50801,-189
50802,-182
50803,12
50804,270
50805,24
50806,0
50807,-272
50808,24
50809,288
50810,188
50811,-330
50812,119
50813,48
50814,180
50815,160
50816,-66
50817,80
50818,192
50819,0
50820,-120
50821,198
50822,-154
50823,28
50824,156
50825,-528
50826,126
50827,-45
50828,36
50829,354
50830,-480
50831,-328
50832,12
50833,376
50834,186
50835,200
50836,36
50837,124
50838,-12
50839,-285
50840,972
50841,228
50842,176
50843,-405
50844,64
50845,500
50846,-101
50847,372
50848,-165
50849,204
50850,22
50851,-240
50852,-171
50853,448
50854,-9
50855,-72
50856,30
50857,-437
50858,-48
50859,0
50860,324
50861,60
50862,-16
50863,244
50864,32
50865,-320
50866,-34
50867,-140
50868,176
50869,-252
50870,-392
50871,486
50872,258
50873,-361
50874,-256
50875,-288
50876,240
50877,19
50878,-186
50879,36
50880,-280
50881,-54
50882,320
50883,114
50884,-62
50885,72
50886,8
50887,69
50888,-312
50889,334
50890,96
50891,42
50892,-156
50893,88
50894,-18
50895,160
50896,42
50897,24
50898,-168
50899,-48
50900,264
50901,-54
50902,-216
50903,612
50904,18
50905,20
50906,132
50907,-432
50908,0
50909,210
50910,-312
50911,90
50912,-105
50913,-104
50914,-106
50915,-84
50916,-104
50917,-368
50918,-156
50919,-352
50920,336
50921,190
50922,288
50923,-223
50924,-16
50925,792
50926,-93
50927,216
50928,-60
50929,-264
50930,-256
50931,25
50932,108
50933,-250
50934,220
50935,-256
50936,-174
50937,-242
50938,201
50939,120
50940,-64
50941,-35
50942,72
50943,60
50944,-170
50945,-288
50946,336
50947,180
50948,-72
50949,-99
50950,-132
50951,-440
50952,480
50953,-54
50954,8
50955,-560
50956,-84
50957,366
50958,-32
50959,75
50960,-40
50961,44
50962,288
50963,-72
50964,-54
50965,-476
50966,0
50967,-132
50968,-336
50969,-204
50970,-112
50971,-50
50972,144
50973,180
50974,-312
50975,-77
50976,-160
50977,-276
50978,216
50979,452
50980,-120
50981,432
50982,36
50983,96
50984,372
50985,256
50986,75
50987,-42
50988,168
50989,201
50990,16
50991,-288
50992,-64
50993,-264
50994,-23
50995,-972
50996,-128
50997,0
50998,-140
50999,290
51000,-432
51001,290
51002,-108
51003,240
51004,-288
51005,388
51006,-90
51007,104
51008,-84
51009,4
51010,-4
51011,-56
51012,-85
51013,32
51014,432
51015,-128
51016,-477
51017,-246
51018,-176
51019,8
51020,4
51021,-126
51022,252
51023,81
51024,-4
51025,-880
51026,-72
51027,44
51028,-86
51029,-348
51030,-156
51031,-88
51032,-309
51033,-262
51034,120
51035,128
51036,108
51037,-480
51038,36
51039,60
51040,-160
51041,28
51042,36
51043,26
51044,27
51045,-648
51046,130
51047,304
51048,-12
51049,162
51050,-33
51051,360
51052,52
51053,116
51054,-112
51055,592
51056,63
51057,-288
51058,-34
51059,-28
51060,192
51061,-110
51062,-120
51063,340
51064,300
51065,528
51066,84
51067,16
51068,36
51069,144
51070,-260
51071,0
51072,72
51073,364
51074,190
51075,-121
51076,109
51077,275
51078,-302
51079,-78
51080,-540
51081,-228
51082,15
51083,256
51084,112
51085,336
51086,0
51087,408
51088,-144
51089,-234
51090,-120
51091,-352
51092,50
51093,135
51094,-8
51095,0
51096,-36
51097,-87
51098,-36
51099,-32
51100,-66
51101,-6
51102,24
51103,300
51104,330
51105,-736
51106,64
51107,120
51108,-64
51109,262
51110,-304
51111,-198
51112,57
51113,-10
51114,252
51115,-192
51116,140
51117,304
51118,-216
51119,324
51120,36
51121,-357
51122,-212
51123,-12
51124,88
51125,120
51126,340
51127,126
51128,-324
51129,160
51130,280
51131,132
51132,240
51133,341
51134,-120
51135,-672
51136,-189
51137,-416
51138,-224
51139,-248
51140,324
51141,-18
51142,-450
51143,20
51144,504
51145,400
51146,-288
51147,86
51148,16
51149,-198
51150,792
51151,-112
51152,128
51153,-128
51154,0
51155,-360
51156,-4
51157,-130
51158,-56
51159,164
51160,156
51161,-436
51162,-112
51163,51
51164,-42
51165,-64
51166,84
51167,216
51168,-450
51169,-137
51170,252
51171,132
51172,176
51173,-36
51174,-100
51175,0
51176,210
51177,414
51178,-24
51179,192
51180,-200
51181,360
51182,-16
51183,-45
51184,75
51185,96
51186,-208
51187,111
51188,0
51189,-12
51190,-480
51191,-432
51192,330
51193,321
51194,80
51195,432
51196,-116
51197,-168
51198,-240
51199,-56
51200,495
51201,40
51202,222
51203,-324
51204,-54
51205,-128
51206,135
51207,48
51208,-36
51209,531
51210,4
51211,-36
51212,-216
51213,308
51214,52
51215,132
51216,-96
51217,319
51218,-174
51219,-96
51220,-180
51221,-72
51222,324
51223,-32
51224,-276
51225,792
51226,9
51227,-284
51228,48
51229,378
51230,-612
51231,-38
51232,60
51233,135
51234,240
51235,336
51236,-72
51237,75
51238,36
51239,-330
51240,-576
51241,-43
51242,-31
51243,144
51244,16
51245,168
51246,-40
51247,114
51248,36
51249,328
51250,-369
51251,-200
51252,-164
51253,108
51254,-10
51255,-84
51256,-168
51257,342
51258,-8
51259,-185
51260,-176
51261,-264
51262,-27
51263,-254
51264,0
51265,-212
51266,-128
51267,160
51268,54
51269,256
51270,-528
51271,-320
51272,90
51273,-240
51274,-252
51275,-297
51276,-176
51277,-216
51278,-185
51279,88
51280,36
51281,-276
51282,36
51283,260
51284,-77
51285,840
51286,72
51287,-104
51288,-156
51289,54
51290,256
51291,-144
51292,136
51293,40
51294,288
51295,-480
51296,30
51297,-204
51298,290
51299,147
51300,-176
51301,-200
51302,-22
51303,-16
51304,75
51305,-936
51306,36
51307,12
51308,16
51309,-34
51310,-156
51311,140
51312,-98
51313,-492
51314,-10
51315,-1024
51316,-103
51317,51
51318,-71
51319,24
51320,-312
51321,104
51322,70
51323,-210
51324,270
51325,176
51326,240
51327,-264
51328,-81
51329,215
51330,-128
51331,-354
51332,-72
51333,-180
51334,203
51335,720
51336,-216
51337,-480
51338,240
51339,544
51340,36
51341,200
51342,140
51343,215
51344,-24
51345,12
51346,58
51347,-177
51348,200
51349,-128
51350,-550
51351,468
51352,-18
51353,0
51354,-220
51355,632
51356,3
51357,120
51358,76
51359,-192
51360,-480
51361,-52
51362,-56
51363,-40
51364,-16
51365,376
51366,-234
51367,117
51368,315
51369,-244
51370,576
51371,-90
51372,-54
51373,108
51374,-66
51375,144
51376,-48
51377,-63
51378,-18
51379,0
51380,24
51381,64
51382,64
51383,-350
51384,354
51385,672
51386,-236
51387,-486
51388,18
51389,280
51390,84
51391,-96
51392,56
51393,-96
51394,231
51395,-16
51396,66
51397,-448
51398,342
51399,-126
51400,-66
51401,20
51402,90
51403,16
51404,-18
51405,512
51406,-58
51407,-265
51408,-36
51409,48
51410,-240
51411,-336
51412,-14
51413,412
51414,288
51415,120
51416,-264
51417,18
51418,-243
51419,-334
51420,-456
51421,110
51422,-6
51423,-480
51424,75
51425,165
51426,2
51427,-18
51428,280
51429,540
51430,-192
51431,-132
51432,276
51433,-368
51434,216
51435,352
51436,-96
51437,-318
51438,236
51439,-274
51440,-104
51441,0
51442,0
51443,-477
51444,38
51445,320
51446,-30
51447,64
51448,-408
51449,6
51450,330
51451,664
51452,-48
51453,-135
51454,180
51455,-324
51456,238
51457,327
51458,-204
51459,-324
51460,-324
51461,-54
51462,72
51463,-190
51464,-162
51465,-144
51466,-54
51467,180
51468,-14
51469,228
51470,72
51471,-84
51472,88
51473,227
51474,-32
51475,198
51476,42
51477,-176
51478,240
51479,-390
51480,-240
51481,444
51482,156
51483,244
51484,192
51485,-684
51486,46
51487,-376
51488,-365
51489,-4
51490,128
51491,-108
51492,24
51493,165
51494,290
51495,224
51496,432
51497,0
51498,-18
51499,10
51500,-384
51501,64
51502,140
51503,-24
51504,12
51505,320
51506,240
51507,96
51508,10
51509,-256
51510,-48
51511,-42
51512,81
51513,-192
51514,-49
51515,384
51516,50
51517,286
51518,184
51519,-500
51520,672
51521,375
51522,-252
51523,-308
51524,128
51525,22
51526,24
51527,9
51528,48
51529,-106
51530,112
51531,0
51532,125
51533,-32
51534,-15
51535,-192
51536,55
51537,-486
51538,-24
51539,-310
51540,360
51541,90
51542,116
51543,-288
51544,-36
51545,-384
51546,-90
51547,-388
51548,42
51549,436
51550,-297
51551,112
51552,-20
51553,-315
51554,-32
51555,480
51556,118
51557,476
51558,20
51559,-540
51560,480
51561,69
51562,48
51563,252
51564,100
51565,-520
51566,256
51567,-228
51568,36
51569,-240
51570,0
51571,120
51572,-108
51573,186
51574,-120
51575,-374
51576,576
51577,195
51578,-81
51579,-68
51580,-308
51581,186
51582,-292
51583,258
51584,-135
51585,64
51586,69
51587,220
51588,-48
51589,48
51590,-336
51591,-80
51592,42
51593,313
51594,78
51595,-336
51596,-124
51597,110
51598,-3
51599,254
51600,-154
51601,472
51602,-134
51603,256
51604,144
51605,-432
51606,-72
51607,76
51608,-294
51609,188
51610,440
51611,-12
51612,-192
51613,-314
51614,27
51615,108
51616,90
51617,-72
51618,-276
51619,-108
51620,0
51621,416
51622,140
51623,60
51624,-288
51625,576
51626,-288
51627,350
51628,-73
51629,75
51630,40
51631,278
51632,66
51633,-77
51634,188
51635,832
51636,260
51637,138
51638,-82
51639,-288
51640,480
51641,-50
51642,12
51643,287
51644,-84
51645,-256
51646,-54
51647,307
51648,-266
51649,-30
51650,-11
51651,-288
51652,-12
51653,-432
51654,-52
51655,-404
51656,432
51657,-28
51658,352
51659,-10
51660,-108
51661,-192
51662,80
51663,-114
51664,13
51665,132
51666,340
51667,120
51668,58
51669,-66
51670,332
51671,-20
51672,198
51673,304
51674,-180
51675,-550
51676,-15
51677,-513
51678,-88
51679,-160
51680,-240
51681,-576
51682,-154
51683,-74
51684,-32
51685,-672
51686,196
51687,-37
51688,405
51689,96
51690,-592
51691,286
51692,52
51693,-48
51694,-78
51695,192
51696,-24
51697,234
51698,190
51699,96
51700,396
51701,-540
51702,192
51703,8
51704,720
51705,-160
51706,144
51707,132
51708,-288
51709,0
51710,-160
51711,280
51712,22
51713,-368
51714,36
51715,160
51716,-24
51717,-8
51718,-40
51719,70
51720,-144
51721,232
51722,128
51723,72
51724,-140
51725,143
51726,66
51727,160
51728,40
51729,378
51730,216
51731,32
51732,36
51733,256
51734,-12
51735,752
51736,-48
51737,300
51738,-364
51739,-360
51740,-200
51741,82
51742,-162
51743,136
51744,-80
51745,-120
51746,34
51747,36
51748,18
51749,269
51750,192
51751,3
51752,-279
51753,520
51754,4
51755,-720
51756,-88
51757,8
51758,-291
51759,117
51760,-4
51761,0
51762,-84
51763,78
51764,110
51765,144
51766,-40
51767,176
51768,-54
51769,-41
51770,288
51771,-56
51772,-18
51773,40
51774,-8
51775,-748
51776,-308
51777,-20
51778,246
51779,15
51780,-368
51781,-270
51782,12
51783,-126
51784,357
51785,-612
51786,36
51787,113
51788,60
51789,256
51790,16
51791,154
51792,-90
51793,-45
51794,-72
51795,208
51796,-72
51797,256
51798,0
51799,-168
51800,-297
51801,36
51802,-64
51803,-111
51804,34
51805,-240
51806,-25
51807,222
51808,-285
51809,96
51810,512
51811,-189
51812,15
51813,-32
51814,-339
51815,280
51816,144
51817,-319
51818,-120
51819,-192
51820,-240
51821,-48
51822,-35
51823,24
51824,90
51825,880
51826,-114
51827,156
51828,-24
51829,-420
51830,-72
51831,45
51832,432
51833,285
51834,-10
51835,-384
51836,69
51837,216
51838,-288
51839,344
51840,-132
51841,-414
51842,82
51843,-144
51844,-310
51845,-416
51846,-28
51847,-32
51848,300
51849,24
51850,264
51851,344
51852,-32
51853,74
51854,56
51855,-272
51856,-48
51857,-340
51858,-49
51859,107
51860,32
51861,-144
51862,-70
51863,-648
51864,90
51865,-1152
51866,178
51867,24
51868,-107
51869,56
51870,-480
51871,148
51872,-330
51873,-406
51874,-54
51875,369
51876,-12
51877,-198
51878,100
51879,442
51880,492
51881,132
51882,328
51883,384
51884,153
51885,-104
51886,-260
51887,0
51888,144
51889,-232
51890,-96
51891,48
51892,165
51893,-72
51894,200
51895,-576
51896,420
51897,-94
51898,276
51899,-272
51900,88
51901,-189
51902,168
51903,20
51904,315
51905,-108
51906,-432
51907,50
51908,144
51909,-240
51910,32
51911,-192
51912,144
51913,-142
51914,-4
51915,-464
51916,-104
51917,380
51918,144
51919,-330
51920,-128
51921,-99
51922,130
51923,12
51924,48
51925,-693
51926,-198
51927,-424
51928,6
51929,-164
51930,56
51931,432
51932,-45
51933,-144
51934,48
51935,-540
51936,-10
51937,-256
51938,233
51939,20
51940,-40
51941,60
51942,144
51943,-40
51944,63
51945,64
51946,-216
51947,-54
51948,60
51949,-98
51950,495
51951,470
51952,0
51953,-180
51954,-192
51955,40
51956,-243
51957,72
51958,-72
51959,-88
51960,-24
51961,315
51962,190
51963,-170
51964,-260
51965,-432
51966,96
51967,-416
51968,-102
51969,72
51970,-276
51971,-360
51972,144
51973,-290
51974,95
51975,528
51976,0
51977,361
51978,64
51979,144
51980,-64
51981,384
51982,-270
51983,-22
51984,3
51985,-360
51986,192
51987,630
51988,180
51989,-60
51990,208
51991,143
51992,252
51993,85
51994,29
51995,-692
51996,-42
51997,-8
51998,-283
51999,444
52000,600
52001,-32
52002,-120
52003,-288
52004,-49
52005,-368
52006,21
52007,66
52008,216
52009,211
52010,-120
52011,-32
52012,-212
52013,10
52014,-150
52015,-128
52016,-21
52017,-42
52018,-216
52019,392
52020,-32
52021,-200
52022,-112
52023,28
52024,0
52025,-880
52026,-160
52027,347
52028,-32
52029,324
52030,140
52031,297
52032,112
52033,200
52034,114
52035,-128
52036,-202
52037,186
52038,-16
52039,-320
52040,324
52041,-288
52042,-51
52043,117
52044,-196
52045,-108
52046,-100
52047,49
52048,-2
52049,144
52050,22
52051,-187
52052,-144
52053,98
52054,-129
52055,-192
52056,-120
52057,170
52058,-205
52059,-126
52060,48
52061,90
52062,254
52063,144
52064,260
52065,0
52066,-147
52067,363
52068,248
52069,186
52070,288
52071,18
52072,-384
52073,-84
52074,-84
52075,154
52076,-126
52077,-72
52078,-380
52079,-204
52080,216
52081,141
52082,-230
52083,286
52084,-52
52085,896
52086,172
52087,-4
52088,-90
52089,-96
52090,36
52091,285
52092,48
52093,-44
52094,9
52095,-192
52096,-36
52097,-208
52098,200
52099,-140
52100,187
52101,84
52102,-408
52103,-264
52104,-240
52105,-48
52106,214
52107,16
52108,84
52109,336
52110,-320
52111,-360
52112,-92
52113,-28
52114,18
52115,324
52116,28
52117,480
52118,512
52119,-30
52120,96
52121,-78
52122,-36
52123,486
52124,-144
52125,768
52126,175
52127,-200
52128,10
52129,144
52130,540
52131,392
52132,58
52133,60
52134,68
52135,-312
52136,180
52137,152
52138,30
52139,-186
52140,-320
52141,-64
52142,225
52143,0
52144,37
52145,468
52146,50
52147,-52
52148,116
52149,-106
52150,-264
52151,30
52152,270
52153,-142
52154,0
52155,-128
52156,-120
52157,81
52158,-156
52159,392
52160,28
52161,-312
52162,-332
52163,414
52164,-264
52165,600
52166,-33
52167,-180
52168,135
52169,-330
52170,-216
52171,12
52172,-82
52173,-108
52174,-252
52175,-462
52176,52
52177,307
52178,24
52179,456
52180,-180
52181,181
52182,-40
52183,342
52184,-240
52185,144
52186,-228
52187,-600
52188,60
52189,95
52190,-384
52191,-288
52192,-165
52193,-252
52194,348
52195,160
52196,10
52197,-48
52198,11
52199,138
52200,-66
52201,-415
52202,-196
52203,-490
52204,-63
52205,180
52206,-48
52207,81
52208,-45
52209,12
52210,-352
52211,153
52212,16
52213,6
52214,276
52215,40
52216,288
52217,72
52218,160
52219,20
52220,-24
52221,384
52222,196
52223,-423
52224,-138
52225,616
52226,63
52227,-114
52228,16
52229,-148
52230,16
52231,-40
52232,-15
52233,-224
52234,90
52235,828
52236,23
52237,-51
52238,-42
52239,440
52240,88
52241,72
52242,102
52243,0
52244,36
52245,280
52246,12
52247,-360
52248,-576
52249,-47
52250,-384
52251,244
52252,87
52253,-6
52254,104
52255,120
52256,-360
52257,152
52258,-30
52259,-215
52260,280
52261,472
52262,267
52263,-13
52264,432
52265,264
52266,540
52267,53
52268,8
52269,-72
52270,-260
52271,-64
52272,-20
52273,410
52274,72
52275,594
52276,-24
52277,456
52278,146
52279,-632
52280,216
52281,48
52282,-49
52283,-96
52284,-156
52285,720
52286,-320
52287,112
52288,-196
52289,153
52290,-108
52291,294
52292,132
52293,-380
52294,92
52295,804
52296,-312
52297,-270
52298,-260
52299,160
52300,55
52301,54
52302,64
52303,-160
52304,108
52305,640
52306,-138
52307,124
52308,-6
52309,-16
52310,360
52311,-270
52312,-90
52313,-52
52314,-204
52315,84
52316,72
52317,66
52318,-18
52319,32
52320,-680
52321,413
52322,92
52323,-24
52324,128
52325,1320
52326,-132
52327,252
52328,-648
52329,-260
52330,444
52331,294
52332,0
52333,120
52334,0
52335,176
52336,-81
52337,-210
52338,320
52339,-366
52340,216
52341,-96
52342,138
52343,-180
52344,24
52345,24
52346,60
52347,440
52348,-8
52349,0
52350,-88
52351,-60
52352,15
52353,-168
52354,-135
52355,192
52356,-108
52357,405
52358,-18
52359,-162
52360,432
52361,-54
52362,-82
52363,281
52364,-100
52365,624
52366,-158
52367,-18
52368,48
52369,-78
52370,-180
52371,164
52372,-28
52373,162
52374,84
52375,648
52376,-294
52377,300
52378,74
52379,65
52380,-192
52381,-98
52382,-12
52383,-144
52384,-165
52385,136
52386,-334
52387,420
52388,138
52389,-135
52390,432
52391,-212
52392,-144
52393,5
52394,-168
52395,672
52396,-200
52397,-3
52398,-81
52399,-360
52400,-33
52401,-184
52402,108
52403,-160
52404,176
52405,288
52406,222
52407,11
52408,-264
52409,-207
52410,-328
52411,-36
52412,9
52413,-206
52414,48
52415,-288
52416,-105
52417,-280
52418,206
52419,16
52420,-336
52421,0
52422,-132
52423,426
52424,-276
52425,-121
52426,-144
52427,384
52428,12
52429,255
52430,96
52431,12
52432,-4
52433,-228
52434,152
52435,672
52436,-106
52437,264
52438,128
52439,-117
52440,768
52441,-225
52442,35
52443,-112
52444,192
52445,48
52446,-166
52447,36
52448,-160
52449,-294
52450,110
52451,-192
52452,-81
52453,190
52454,137
52455,-760
52456,-270
52457,-178
52458,354
52459,-144
52460,-224
52461,56
52462,132
52463,640
52464,20
52465,0
52466,12
52467,14
52468,270
52469,-162
52470,80
52471,30
52472,-108
52473,-296
52474,-30
52475,-550
52476,168
52477,-12
52478,-116
52479,-45
52480,-612
52481,-40
52482,66
52483,81
52484,-126
52485,304
52486,24
52487,36
52488,-219
52489,-97
52490,-16
52491,66
52492,84
52493,249
52494,-40
52495,-588
52496,-60
52497,128
52498,-182
52499,72
52500,246
52501,-91
52502,58
52503,168
52504,30
52505,572
52506,36
52507,210
52508,108
52509,-96
52510,0
52511,208
52512,-270
52513,252
52514,-135
52515,-400
52516,160
52517,176
52518,112
52519,-128
52520,120
52521,432
52522,20
52523,-125
52524,44
52525,0
52526,-218
52527,-220
52528,-14
52529,373
52530,-384
52531,81
52532,-168
52533,-130
52534,-213
52535,-480
52536,240
52537,-240
52538,-170
52539,432
52540,108
52541,-153
52542,192
52543,-144
52544,168
52545,-144
52546,-315
52547,360
52548,12
52549,492
52550,55
52551,-110
52552,165
52553,-294
52554,176
52555,-800
52556,66
52557,-316
52558,136
52559,-384
52560,8
52561,380
52562,-81
52563,-420
52564,-66
52565,632
52566,276
52567,199
52568,411
52569,352
52570,144
52571,353
52572,-230
52573,184
52574,96
52575,396
52576,225
52577,12
52578,-64
52579,144
52580,384
52581,162
52582,48
52583,118
52584,-144
52585,-880
52586,0
52587,140
52588,148
52589,-273
52590,496
52591,-432
52592,-16
52593,-36
52594,2
52595,-448
52596,112
52597,96
52598,120
52599,0
52600,693
52601,-456
52602,96
52603,234
52604,6
52605,-96
52606,-24
52607,351
52608,18
52609,178
52610,-504
52611,360
52612,-30
52613,180
52614,30
52615,84
52616,-231
52617,498
52618,-202
52619,-69
52620,136
52621,34
52622,180
52623,-24
52624,-160
52625,168
52626,16
52627,-192
52628,64
52629,-260
52630,224
52631,224
52632,63
52633,-96
52634,61
52635,80
52636,-182
52637,510
52638,-288
52639,126
52640,540
52641,40
52642,-180
52643,368
52644,216
52645,-584
52646,-232
52647,-816
52648,90
52649,-12
52650,605
52651,-144
52652,-117
52653,-110
52654,39
52655,-56
52656,120
52657,32
52658,-22
52659,-40
52660,-72
52661,-72
52662,-42
52663,425
52664,66
52665,32
52666,-114
52667,-298
52668,-48
52669,126
52670,64
52671,48
52672,56
52673,-62
52674,58
52675,-154
52676,95
52677,-256
52678,-218
52679,-280
52680,-192
52681,64
52682,-135
52683,6
52684,148
52685,72
52686,-82
52687,288
52688,0
52689,600
52690,144
52691,363
52692,-134
52693,-160
52694,-40
52695,128
52696,-405
52697,-292
52698,156
52699,12
52700,297
52701,-528
52702,-185
52703,-468
52704,160
52705,-288
52706,-6
52707,-116
52708,106
52709,270
52710,-216
52711,66
52712,-84
52713,40
52714,-288
52715,900
52716,0
52717,-81
52718,-28
52719,308
52720,36
52721,119
52722,-4
52723,-232
52724,-38
52725,-264
52726,234
52727,90
52728,30
52729,-126
52730,96
52731,-270
52732,-91
52733,266
52734,216
52735,200
52736,176
52737,-104
52738,-189
52739,312
52740,-36
52741,320
52742,-25
52743,464
52744,12
52745,-144
52746,-128
52747,12
52748,120
52749,120
52750,576
52751,-72
52752,96
52753,90
52754,5
52755,408
52756,85
52757,112
52758,216
52759,-474
52760,0
52761,-70
52762,216
52763,-36
52764,-176
52765,-128
52766,-303
52767,180
52768,-180
52769,392
52770,-224
52771,-72
52772,-80
52773,-96
52774,-236
52775,198
52776,-39
52777,0
52778,96
52779,-40
52780,-120
52781,396
52782,-128
52783,-101
52784,44
52785,384
52786,78
52787,-384
52788,-90
52789,120
52790,252
52791,348
52792,-90
52793,135
52794,-81
52795,-264
52796,-63
52797,262
52798,144
52799,162
52800,-616
52801,264
52802,-123
52803,-16
52804,224
52805,-128
52806,120
52807,248
52808,-648
52809,-112
52810,-232
52811,-40
52812,-11
52813,-213
52814,128
52815,-144
52816,16
52817,-271
52818,-80
52819,-360
52820,256
52821,54
52822,-236
52823,10
52824,-486
52825,253
52826,8
52827,74
52828,270
52829,-243
52830,144
52831,-456
52832,-200
52833,-96
52834,150
52835,92
52836,54
52837,-262
52838,106
52839,-256
52840,-600
52841,310
52842,64
52843,-456
52844,164
52845,320
52846,-9
52847,-322
52848,-2
52849,-360
52850,99
52851,-160
52852,-4
52853,153
52854,160
52855,-800
52856,-27
52857,72
52858,240
52859,250
52860,144
52861,-259
52862,140
52863,294
52864,72
52865,-816
52866,0
52867,-18
52868,190
52869,238
52870,384
52871,-90
52872,426
52873,-114
52874,-310
52875,216
52876,90
52877,-160
52878,-72
52879,-242
52880,8
52881,226
52882,60
52883,105
52884,10
52885,264
52886,-225
52887,128
52888,336
52889,-2
52890,504
52891,121
52892,-180
52893,-242
52894,-140
52895,288
52896,-80
52897,-96
52898,303
52899,-48
52900,-451
52901,-122
52902,-11
52903,-51
52904,-225
52905,-192
52906,-132
52907,0
52908,38
52909,368
52910,240
52911,-57
52912,-84
52913,-372
52914,160
52915,-32
52916,56
52917,-18
52918,-147
52919,403
52920,96
52921,-192
52922,81
52923,640
52924,6
52925,44
52926,-262
52927,183
52928,196
52929,54
52930,-280
52931,-360
52932,216
52933,224
52934,120
52935,-368
52936,-360
52937,181
52938,12
52939,160
52940,-88
52941,48
52942,-32
52943,444
52944,92
52945,516
52946,416
52947,-60
52948,216
52949,365
52950,264
52951,112
52952,-177
52953,0
52954,72
52955,0
52956,-57
52957,-304
52958,-130
52959,-256
52960,520
52961,216
52962,-360
52963,78
52964,22
52965,192
52966,-18
52967,311
52968,90
52969,144
52970,48
52971,-494
52972,108
52973,149
52974,-170
52975,55
52976,84
52977,230
52978,-30
52979,594
52980,-208
52981,251
52982,-208
52983,-75
52984,36
52985,-128
52986,62
52987,-28
52988,-60
52989,-270
52990,168
52991,136
52992,136
52993,171
52994,-104
52995,384
52996,-140
52997,42
52998,-20
52999,-196
53000,-360
53001,-60
53002,-63
53003,282
53004,108
53005,-640
53006,-24
53007,-108
53008,-2
53009,320
53010,144
53011,-189
53012,50
53013,108
53014,35
53015,-704
53016,204
53017,-397
53018,2
53019,-21
53020,160
53021,144
53022,6
53023,-72
53024,-65
53025,132
53026,27
53027,-25
53028,-80
53029,80
53030,-204
53031,-120
53032,504
53033,-18
53034,-92
53035,-600
53036,6
53037,81
53038,-208
53039,-279
53040,120
53041,144
53042,200
53043,-228
53044,0
53045,-612
53046,-21
53047,12
53048,-48
53049,408
53050,-330
53051,342
53052,-60
53053,300
53054,9
53055,132
53056,-266
53057,30
53058,-144
53059,-324
53060,48
53061,-704
53062,28
53063,54
53064,-84
53065,-296
53066,192
53067,12
53068,-96
53069,174
53070,128
53071,-16
53072,-108
53073,-80
53074,72
53075,880
53076,-106
53077,350
53078,-267
53079,-100
53080,624
53081,96
53082,112
53083,476
53084,-112
53085,-416
53086,128
53087,-397
53088,-300
53089,-424
53090,-288
53091,-3
53092,-15
53093,-234
53094,12
53095,324
53096,-54
53097,584
53098,0
53099,-36
53100,88
53101,422
53102,-273
53103,-378
53104,20
53105,-560
53106,80
53107,360
53108,-108
53109,360
53110,72
53111,128
53112,36
53113,-116
53114,37
53115,160
53116,16
53117,-336
53118,55
53119,40
53120,108
53121,-184
53122,-94
53123,-330
53124,-88
53125,-132
53126,42
53127,138
53128,-12
53129,198
53130,-768
53131,-280
53132,-72
53133,0
53134,-513
53135,56
53136,-99
53137,-324
53138,-162
53139,8
53140,348
53141,40
53142,102
53143,100
53144,90
53145,-260
53146,90
53147,36
53148,224
53149,-126
53150,-22
53151,282
53152,60
53153,-352
53154,29
53155,340
53156,36
53157,-180
53158,-126
53159,120
53160,216
53161,219
53162,104
53163,-64
53164,8
53165,-540
53166,180
53167,-40
53168,81
53169,54
53170,-100
53171,120
53172,72
53173,-32
53174,248
53175,-88
53176,-192
53177,-369
53178,-364
53179,-324
53180,52
53181,-128
53182,136
53183,35
53184,196
53185,-640
53186,18
53187,474
53188,-36
53189,151
53190,-144
53191,-224
53192,408
53193,144
53194,104
53195,404
53196,360
53197,-98
53198,154
53199,-16
53200,-132
53201,-56
53202,-38
53203,81
53204,-144
53205,-544
53206,54
53207,-480
53208,54
53209,-90
53210,96
53211,340
53212,-45
53213,-216
53214,-8
53215,-16
53216,175
53217,26
53218,288
53219,-212
53220,120
53221,-18
53222,0
53223,-64
53224,174
53225,-66
53226,10
53227,54
53228,198
53229,-144
53230,56
53231,357
53232,-108
53233,-221
53234,49
53235,-144
53236,-84
53237,160
53238,288
53239,193
53240,-288
53241,332
53242,324
53243,-102
53244,-24
53245,512
53246,230
53247,-298
53248,5
53249,-144
53250,432
53251,576
53252,-118
53253,-96
53254,-293
53255,-196
53256,360
53257,-420
53258,405
53259,18
53260,52
53261,-150
53262,76
53263,52
53264,2
53265,-280
53266,274
53267,-276
53268,-320
53269,10
53270,72
53271,-232
53272,0
53273,64
53274,-360
53275,924
53276,72
53277,-336
53278,-105
53279,215
53280,-60
53281,261
53282,-4
53283,-46
53284,-48
53285,-728
53286,216
53287,300
53288,-300
53289,0
53290,276
53291,624
53292,90
53293,75
53294,-40
53295,384
53296,-60
53297,192
53298,297
53299,404
53300,-495
53301,-34
53302,36
53303,-36
53304,-192
53305,-48
53306,-76
53307,-78
53308,8
53309,425
53310,-128
53311,0
53312,42
53313,-540
53314,-256
53315,-72
53316,-32
53317,36
53318,30
53319,-240
53320,756
53321,-108
53322,-24
53323,-106
53324,-12
53325,440
53326,135
53327,-222
53328,-16
53329,-126
53330,-216
53331,-16
53332,-70
53333,324
53334,90
53335,0
53336,48
53337,352
53338,-189
53339,40
53340,-192
53341,-243
53342,32
53343,111
53344,285
53345,-396
53346,30
53347,174
53348,-56
53349,-48
53350,-528
53351,-45
53352,240
53353,326
53354,-144
53355,768
53356,-39
53357,-22
53358,122
53359,270
53360,-64
53361,10
53362,224
53363,-42
53364,-8
53365,480
53366,-41
53367,-138
53368,-162
53369,-234
53370,-80
53371,-112
53372,224
53373,-446
53374,126
53375,-576
53376,96
53377,-109
53378,-80
53379,-99
53380,192
53381,-288
53382,-486
53383,768
53384,-12
53385,-208
53386,214
53387,-72
53388,-9
53389,-126
53390,-480
53391,-280
53392,81
53393,-336
53394,352
53395,64
53396,3
53397,12
53398,184
53399,-84
53400,0
53401,182
53402,90
53403,-486
53404,-120
53405,-608
53406,224
53407,-72
53408,200
53409,-96
53410,136
53411,-357
53412,204
53413,666
53414,54
53415,16
53416,-336
53417,540
53418,-128
53419,-101
53420,156
53421,204
53422,-13
53423,-72
53424,15
53425,-286
53426,265
53427,456
53428,9
53429,-82
53430,-120
53431,234
53432,240
53433,-144
53434,-124
53435,384
53436,32
53437,-210
53438,-12
53439,72
53440,-224
53441,-148
53442,-30
53443,-395
53444,54
53445,-576
53446,24
53447,-96
53448,54
53449,-56
53450,-539
53451,108
53452,216
53453,322
53454,48
53455,-240
53456,10
53457,128
53458,-35
53459,48
53460,160
53461,-280
53462,326
53463,162
53464,-27
53465,96
53466,-168
53467,-56
53468,177
53469,125
53470,12
53471,12
53472,-20
53473,48
53474,83
53475,-1584
53476,44
53477,-270
53478,-91
53479,-1
53480,0
53481,212
53482,-75
53483,120
53484,-86
53485,144
53486,9
53487,-192
53488,-52
53489,0
53490,528
53491,-192
53492,-224
53493,528
53494,-144
53495,160
53496,-30
53497,-136
53498,352
53499,-60
53500,-288
53501,423
53502,-60
53503,187
53504,-272
53505,72
53506,-414
53507,-227
53508,150
53509,26
53510,-168
53511,84
53512,-276
53513,96
53514,100
53515,-768
53516,54
53517,-438
53518,-128
53519,-340
53520,-64
53521,-160
53522,78
53523,-32
53524,100
53525,649
53526,-360
53527,424
53528,-294
53529,180
53530,-40
53531,190
53532,-9
53533,-189
53534,-90
53535,-504
53536,360
53537,-576
53538,-138
53539,-144
53540,244
53541,-22
53542,80
53543,-321
53544,576
53545,584
53546,-198
53547,-630
53548,168
53549,-306
53550,99
53551,40
53552,-24
53553,-308
53554,-38
53555,548
53556,-28
53557,20
53558,64
53559,4
53560,960
53561,-240
53562,-40
53563,16
53564,216
53565,104
53566,-201
53567,-72
53568,-252
53569,386
53570,448
53571,-6
53572,-88
53573,240
53574,110
53575,506
53576,-18
53577,41
53578,0
53579,-15
53580,288
53581,48
53582,4
53583,230
53584,-27
53585,516
53586,-10
53587,-162
53588,-63
53589,134
53590,-352
53591,-49
53592,144
53593,131
53594,-192
53595,-352
53596,2
53597,125
53598,12
53599,540
53600,385
53601,-30
53602,314
53603,-45
53604,27
53605,-108
53606,54
53607,192
53608,486
53609,-376
53610,96
53611,-448
53612,-135
53613,-72
53614,-276
53615,384
53616,-16
53617,46
53618,108
53619,144
53620,120
53621,12
53622,286
53623,-64
53624,-438
53625,-960
53626,210
53627,27
53628,306
53629,146
53630,144
53631,16
53632,81
53633,-294
53634,270
53635,-216
53636,-160
53637,-360
53638,170
53639,216
53640,-96
53641,-360
53642,25
53643,380
53644,10
53645,200
53646,-68
53647,-168
53648,27
53649,-64
53650,66
53651,330
53652,-126
53653,137
53654,320
53655,32
53656,144
53657,53
53658,-32
53659,-480
53660,-276
53661,-252
53662,-93
53663,272
53664,-350
53665,104
53666,-235
53667,0
53668,9
53669,-324
53670,528
53671,0
53672,-288
53673,318
53674,189
53675,88
53676,-108
53677,-130
53678,-105
53679,16
53680,128
53681,-18
53682,400
53683,-120
53684,150
53685,84
53686,-6
53687,-69
53688,-498
53689,-95
53690,-480
53691,-416
53692,9
53693,405
53694,64
53695,52
53696,168
53697,-486
53698,-117
53699,-365
53700,-88
53701,-9
53702,176
53703,-150
53704,-18
53705,-1152
53706,-106
53707,413
53708,-32
53709,264
53710,108
53711,-138
53712,2
53713,32
53714,108
53715,-784
53716,-5
53717,-322
53718,-78
53719,436
53720,360
53721,-72
53722,228
53723,-234
53724,30
53725,1056
53726,166
53727,-138
53728,-80
53729,270
53730,-160
53731,322
53732,24
53733,156
53734,189
53735,-864
53736,0
53737,-102
53738,168
53739,75
53740,116
53741,-144
53742,120
53743,80
53744,42
53745,664
53746,48
53747,-126
53748,10
53749,-424
53750,-287
53751,-576
53752,-45
53753,120
53754,-144
53755,560
53756,0
53757,32
53758,234
53759,344
53760,-264
53761,18
53762,-262
53763,-36
53764,25
53765,136
53766,-32
53767,210
53768,-540
53769,322
53770,256
53771,120
53772,16
53773,-174
53774,-192
53775,264
53776,-16
53777,128
53778,-42
53779,120
53780,-352
53781,270
53782,-115
53783,-231
53784,297
53785,-36
53786,94
53787,340
53788,-18
53789,24
53790,-32
53791,-178
53792,200
53793,-112
53794,-65
53795,120
53796,-232
53797,408
53798,-24
53799,220
53800,-627
53801,56
53802,16
53803,-128
53804,156
53805,-576
53806,180
53807,-10
53808,-64
53809,-15
53810,-176
53811,96
53812,-156
53813,-242
53814,-316
53815,72
53816,-450
53817,24
53818,36
53819,12
53820,160
53821,72
53822,-165
53823,264
53824,-175
53825,363
53826,-154
53827,-92
53828,27
53829,-23
53830,528
53831,130
53832,-36
53833,-90
53834,324
53835,-288
53836,-56
53837,-363
53838,-248
53839,-138
53840,-16
53841,-18
53842,102
53843,-280
53844,54
53845,0
53846,340
53847,-180
53848,120
53849,24
53850,-528
53851,-240
53852,-56
53853,28
53854,266
53855,280
53856,60
53857,-272
53858,-36
53859,-290
53860,216
53861,-297
53862,0
53863,208
53864,-348
53865,528
53866,256
53867,-288
53868,-36
53869,80
53870,512
53871,-92
53872,45
53873,60
53874,-18
53875,-144
53876,-132
53877,142
53878,-360
53879,84
53880,-624
53881,-148
53882,0
53883,112
53884,-16
53885,-760
53886,156
53887,-156
53888,21
53889,576
53890,-240
53891,208
53892,-112
53893,360
53894,-277
53895,-672
53896,99
53897,210
53898,-400
53899,103
53900,-88
53901,-10
53902,-30
53903,336
53904,-88
53905,524
53906,-46
53907,-54
53908,-114
53909,243
53910,-28
53911,96
53912,-216
53913,16
53914,87
53915,-756
53916,88
53917,125
53918,161
53919,-104
53920,-460
53921,264
53922,224
53923,359
53924,120
53925,-396
53926,200
53927,108
53928,108
53929,-80
53930,-296
53931,-352
53932,192
53933,-416
53934,0
53935,672
53936,24
53937,110
53938,-16
53939,165
53940,144
53941,96
53942,-351
53943,-92
53944,-48
53945,-328
53946,39
53947,-36
53948,-184
53949,-8
53950,-495
53951,195
53952,-420
53953,26
53954,120
53955,272
53956,-243
53957,-360
53958,-246
53959,-200
53960,432
53961,104
53962,246
53963,-300
53964,0
53965,-252
53966,40
53967,-116
53968,-32
53969,-56
53970,48
53971,-18
53972,48
53973,-76
53974,-123
53975,264
53976,-120
53977,-216
53978,27
53979,448
53980,-276
53981,-376
53982,32
53983,-132
53984,150
53985,-512
53986,-286
53987,-36
53988,-40
53989,530
53990,-120
53991,171
53992,-198
53993,-462
53994,-198
53995,-392
53996,-9
53997,144
53998,16
53999,-552
54000,96
54001,78
54002,315
54003,180
54004,-288
54005,-528
54006,-220
54007,60
54008,336
54009,-36
54010,-320
54011,247
54012,-156
54013,-302
54014,48
54015,560
54016,408
54017,-400
54018,-82
54019,6
54020,24
54021,264
54022,3
54023,0
54024,-30
54025,165
54026,-99
54027,176
54028,225
54029,-24
54030,-592
54031,-54
54032,-128
54033,486
54034,200
54035,-96
54036,-40
54037,-107
54038,-81
54039,-172
54040,720
54041,-420
54042,254
54043,-300
54044,16
54045,164
54046,-72
54047,92
54048,90
54049,-346
54050,792
54051,-378
54052,188
54053,0
54054,-240
54055,16
54056,66
54057,168
54058,-12
54059,-326
54060,120
54061,-324
54062,-303
54063,149
54064,-153
54065,-448
54066,140
54067,-160
54068,-114
54069,-266
54070,-448
54071,400
54072,36
54073,-256
54074,-192
54075,1056
54076,-184
54077,-126
54078,188
54079,0
54080,-336
54081,304
54082,-168
54083,-217
54084,172
54085,16
54086,168
54087,80
54088,-135
54089,363
54090,112
54091,-250
54092,-124
54093,80
54094,-63
54095,144
54096,-32
54097,468
54098,192
54099,126
54100,-11
54101,329
54102,-144
54103,-72
54104,-369
54105,448
54106,400
54107,-120
54108,88
54109,-392
54110,-264
54111,180
54112,0
54113,15
54114,128
54115,-120
54116,9
54117,-135
54118,-205
54119,80
54120,864
54121,-246
54122,91
54123,-210
54124,216
54125,-24
54126,108
54127,-18
54128,-30
54129,-164
54130,152
54131,144
54132,10
54133,225
54134,202
54135,-432
54136,42
54137,-84
54138,-240
54139,-60
54140,-368
54141,360
54142,384
54143,16
54144,27
54145,120
54146,-124
54147,206
54148,232
54149,-32
54150,66
54151,70
54152,-360
54153,108
54154,-76
54155,640
54156,-164
54157,369
54158,-70
54159,462
54160,48
54161,450
54162,-96
54163,-196
54164,128
54165,-1024
54166,-30
54167,-313
54168,144
54169,-284
54170,-104
54171,-80
54172,72
54173,-459
54174,132
54175,396
54176,-45
54177,-24
54178,336
54179,192
54180,-84
54181,-414
54182,-277
54183,484
54184,-255
54185,-648
54186,-192
54187,294
54188,-288
54189,80
54190,48
54191,-234
54192,-12
54193,-251
54194,-150
54195,16
54196,36
54197,-80
54198,37
54199,198
54200,264
54201,0
54202,-18
54203,-308
54204,18
54205,108
54206,220
54207,80
54208,105
54209,72
54210,-640
54211,-112
54212,202
54213,12
54214,-36
54215,456
54216,108
54217,26
54218,-236
54219,-360
54220,-256
54221,-144
54222,-240
54223,-420
54224,-25
54225,110
54226,216
54227,-48
54228,-74
54229,192
54230,-96
54231,-4
54232,252
54233,600
54234,-24
54235,272
54236,-120
54237,-16
54238,126
54239,20
54240,80
54241,-228
54242,39
54243,-72
54244,0
54245,336
54246,174
54247,-189
54248,159
54249,288
54250,648
54251,124
54252,-12
54253,-264
54254,197
54255,-104
54256,40
54257,-552
54258,340
54259,-92
54260,-388
54261,75
54262,210
54263,-8
54264,216
54265,-600
54266,-126
54267,-264
54268,-54
54269,155
54270,308
54271,99
54272,-115
54273,-40
54274,-148
54275,-440
54276,234
54277,-302
54278,264
54279,-3
54280,768
54281,432
54282,306
54283,8
54284,-234
54285,-864
54286,92
54287,200
54288,10
54289,-112
54290,0
54291,32
54292,28
54293,-366
54294,190
54295,472
54296,48
54297,256
54298,198
54299,207
54300,44
54301,-110
54302,-152
54303,-288
54304,-195
54305,-680
54306,18
54307,432
54308,-136
54309,-98
54310,-40
54311,29
54312,-108
54313,-204
54314,-280
54315,-108
54316,-6
54317,-128
54318,-64
54319,184
54320,-144
54321,-144
54322,64
54323,164
54324,24
54325,495
54326,-520
54327,300
54328,24
54329,130
54330,-512
54331,17
54332,-72
54333,-97
54334,-177
54335,-660
54336,224
54337,315
54338,-38
54339,512
54340,-320
54341,-108
54342,-70
54343,-558
54344,156
54345,-352
54346,24
54347,-100
54348,-6
54349,-384
54350,286
54351,-352
54352,70
54353,-30
54354,244
54355,492
54356,96
54357,-288
54358,220
54359,-72
54360,36
54361,-233
54362,-144
54363,-256
54364,85
54365,-108
54366,-270
54367,-8
54368,-70
54369,138
54370,456
54371,96
54372,-144
54373,-228
54374,153
54375,-164
54376,-342
54377,-36
54378,-80
54379,0
54380,-192
54381,-204
54382,-52
54383,-225
54384,-128
54385,64
54386,90
54387,4
54388,-92
54389,66
54390,48
54391,-476
54392,-75
54393,40
54394,178
54395,-896
54396,22
54397,-60
54398,176
54399,-2
54400,-99
54401,-186
54402,320
54403,174
54404,-42
54405,-720
54406,96
54407,-468
54408,48
54409,-166
54410,-432
54411,360
54412,-64
54413,-209
54414,-32
54415,508
54416,16
54417,288
54418,-288
54419,-418
54420,96
54421,-31
54422,-172
54423,72
54424,3
54425,-1056
54426,360
54427,171
54428,-128
54429,-170
54430,100
54431,250
54432,150
54433,-44
54434,36
54435,0
54436,72
54437,-134
54438,-336
54439,-16
54440,-120
54441,168
54442,-8
54443,-146
54444,-40
54445,-72
54446,81
54447,164
54448,81
54449,218
54450,55
54451,-108
54452,-18
54453,-48
54454,192
54455,48
54456,450
54457,360
54458,-4
54459,-28
54460,300
54461,144
54462,32
54463,288
54464,-168
54465,496
54466,20
54467,243
54468,0
54469,-246
54470,-540
54471,112
54472,84
54473,-288
54474,-246
54475,-572
54476,-170
54477,9
54478,93
54479,-16
54480,88
54481,-42
54482,86
54483,320
54484,10
54485,-108
54486,216
54487,-656
54488,-96
54489,-162
54490,104
54491,20
54492,192
54493,-86
54494,28
54495,-48
54496,-75
54497,-338
54498,-162
54499,-404
54500,-408
54501,-120
54502,18
54503,-409
54504,42
54505,-400
54506,-2
54507,106
54508,134
54509,-105
54510,-640
54511,-9
54512,92
54513,44
54514,-360
54515,-232
54516,-192
54517,85
54518,100
54519,294
54520,-216
54521,309
54522,55
54523,288
54524,140
54525,176
54526,30
54527,184
54528,306
54529,252
54530,432
54531,18
54532,91
54533,664
54534,128
54535,480
54536,-243
54537,-150
54538,84
54539,-372
54540,-32
54541,109
54542,56
54543,8
54544,84
54545,8
54546,-260
54547,-60
54548,50
54549,32
54550,264
54551,-174
54552,474
54553,72
54554,-297
54555,-416
54556,160
54557,0
54558,3
54559,-26
54560,720
54561,260
54562,281
54563,100
54564,132
54565,96
54566,-270
54567,252
54568,-288
54569,-126
54570,-288
54571,216
54572,18
54573,-70
54574,250
54575,-264
54576,-4
54577,120
54578,90
54579,96
54580,344
54581,-300
54582,-224
54583,28
54584,318
54585,224
54586,4
54587,144
54588,40
54589,-400
54590,-320
54591,-648
54592,175
54593,48
54594,-253
54595,128
54596,140
54597,-120
54598,-265
54599,-396
54600,-990
54601,-256
54602,32
54603,-3
54604,-24
54605,28
54606,72
54607,114
54608,-54
54609,272
54610,224
54611,108
54612,27
54613,550
54614,-243
54615,-832
54616,141
54617,199
54618,50
54619,-320
54620,-232
54621,-96
54622,162
54623,204
54624,10
54625,768
54626,0
54627,-96
54628,192
54629,8
54630,-112
54631,-457
54632,-378
54633,-296
54634,-128
54635,-64
54636,64
54637,272
54638,45
54639,180
54640,-144
54641,-2
54642,-162
54643,135
54644,-72
54645,-288
54646,0
54647,120
54648,384
54649,-216
54650,110
54651,-220
54652,25
54653,-567
54654,194
54655,312
54656,-72
54657,115
54658,30
54659,-224
54660,-424
54661,396
54662,6
54663,-72
54664,-438
54665,-500
54666,25
54667,-48
54668,-40
54669,-248
54670,-432
54671,-184
54672,42
54673,-46
54674,-22
54675,-616
54676,91
54677,-72
54678,-180
54679,290
54680,-648
54681,104
54682,-136
54683,-16
54684,18
54685,-544
54686,-54
54687,208
54688,-330
54689,-264
54690,-72
54691,420
54692,-10
54693,128
54694,144
54695,-240
54696,210
54697,81
54698,-48
54699,-216
54700,-297
54701,-140
54702,76
54703,-300
54704,-105
54705,-408
54706,-219
54707,-110
54708,216
54709,294
54710,352
54711,96
54712,-486
54713,-166
54714,304
54715,-432
54716,-192
54717,-640
54718,153
54719,-426
54720,-112
54721,-278
54722,-30
54723,-36
54724,-232
54725,440
54726,-48
54727,-308
54728,-210
54729,148
54730,-140
54731,48
54732,-96
54733,-16
54734,-306
54735,0
54736,128
54737,48
54738,78
54739,-196
54740,-288
54741,-36
54742,16
54743,-495
54744,-480
54745,664
54746,-234
54747,120
54748,-100
54749,5
54750,96
54751,-397
54752,-80
54753,66
54754,243
54755,-396
54756,132
54757,-165
54758,48
54759,148
54760,-336
54761,387
54762,-220
54763,24
54764,-105
54765,168
54766,144
54767,-131
54768,-6
54769,-200
54770,-264
54771,-372
54772,-222
54773,321
54774,-12
54775,-264
54776,216
54777,-400
54778,208
54779,-456
54780,-288
54781,120
54782,70
54783,-4
54784,132
54785,-268
54786,352
54787,-328
54788,-113
54789,270
54790,488
54791,-108
54792,18
54793,64
54794,90
54795,-1200
54796,192
54797,96
54798,-348
54799,-256
54800,-33
54801,98
54802,180
54803,18
54804,64
54805,96
54806,-35
54807,-12
54808,-405
54809,288
54810,-96
54811,0
54812,-180
54813,-30
54814,-256
54815,224
54816,210
54817,0
54818,-184
54819,-100
54820,-204
54821,-120
54822,316
54823,-24
54824,0
54825,462
54826,-10
54827,102
54828,-4
54829,162
54830,-412
54831,8
54832,-64
54833,333
54834,120
54835,992
54836,-105
54837,-132
54838,-114
54839,-144
54840,600
54841,80
54842,54
54843,8
54844,-164
54845,420
54846,-56
54847,580
54848,399
54849,450
54850,660
54851,324
54852,132
54853,384
54854,312
54855,-160
54856,-72
54857,-228
54858,144
54859,-198
54860,480
54861,290
54862,-185
54863,18
54864,-32
54865,-72
54866,-108
54867,388
54868,56
54869,-40
54870,576
54871,27
54872,264
54873,-105
54874,-235
54875,-192
54876,114
54877,194
54878,168
54879,-280
54880,300
54881,-318
54882,95
54883,198
54884,-42
54885,24
54886,-90
54887,246
54888,342
54889,-81
54890,-448
54891,-192
54892,-136
54893,-39
54894,-108
54895,624
54896,18
54897,-72
54898,-50
54899,-720
54900,-88
54901,864
54902,192
54903,-42
54904,-399
54905,-640
54906,-374
54907,-260
54908,45
54909,47
54910,128
54911,315
54912,-120
54913,0
54914,-58
54915,-120
54916,130
54917,-215
54918,20
54919,-170
54920,-756
54921,-128
54922,-174
54923,4
54924,-160
54925,55
54926,-112
54927,72
54928,-28
54929,-64
54930,-144
54931,-23
54932,-81
54933,408
54934,-55
54935,416
54936,153
54937,81
54938,-115
54939,106
54940,-252
54941,375
54942,-22
54943,-216
54944,-30
54945,-192
54946,-234
54947,-272
54948,80
54949,-352
54950,528
54951,200
54952,-219
54953,-128
54954,-63
54955,-32
54956,236
54957,-324
54958,244
54959,34
54960,-16
54961,-120
54962,-222
54963,-81
54964,45
54965,-544
54966,98
54967,-336
54968,-24
54969,36
54970,768
54971,-147
54972,96
54973,414
54974,-238
54975,-286
54976,-315
54977,-540
54978,-48
54979,380
54980,-40
54981,72
54982,30
54983,-78
54984,120
54985,-216
54986,-192
54987,-332
54988,-88
54989,-464
54990,-180
54991,8
54992,-60
54993,-192
54994,135
54995,12
54996,-192
54997,-91
54998,-24
54999,396
55000,-492
55001,-262
55002,0
55003,-130
55004,-180
55005,640
55006,-165
55007,168
55008,0
55009,31
55010,540
55011,-456
55012,132
55013,-48
55014,40
55015,820
55016,615
55017,51
55018,-175
55019,27
55020,-72
55021,-438
55022,-288
55023,322
55024,-8
55025,-891
55026,-48
55027,-88
55028,93
55029,270
55030,-484
55031,-56
55032,-234
55033,-276
55034,-180
55035,-156
55036,-23
55037,288
55038,-176
55039,464
55040,-476
55041,504
55042,-20
55043,200
55044,-64
55045,-136
55046,-171
55047,-512
55048,-252
55049,122
55050,-44
55051,-248
55052,-39
55053,-28
55054,159
55055,300
55056,-54
55057,109
55058,102
55059,-86
55060,124
55061,141
55062,-96
55063,-270
55064,492
55065,616
55066,280
55067,-225
55068,120
55069,492
55070,540
55071,-48
55072,25
55073,50
55074,-42
55075,781
55076,-60
55077,-320
55078,-205
55079,-14
55080,-396
55081,-160
55082,104
55083,336
55084,-81
55085,-288
55086,34
55087,144
55088,32
55089,-57
55090,216
55091,0
55092,-154
55093,-81
55094,-12
55095,-16
55096,324
55097,144
55098,62
55099,-28
55100,-88
55101,194
55102,-264
55103,349
55104,378
55105,-768
55106,288
55107,-320
55108,56
55109,-325
55110,256
55111,423
55112,6
55113,-230
55114,-198
55115,-24
55116,43
55117,-158
55118,-216
55119,-320
55120,100
55121,452
55122,266
55123,-140
55124,-45
55125,-48
55126,-63
55127,30
55128,342
55129,-132
55130,96
55131,-432
55132,48
55133,390
55134,-12
55135,36
55136,-370
55137,176
55138,-92
55139,-414
55140,-144
55141,56
55142,40
55143,8
55144,-48
55145,684
55146,-60
55147,332
55148,-135
55149,360
55150,506
55151,-21
55152,-10
55153,360
55154,544
55155,640
55156,12
55157,416
55158,-80
55159,260
55160,324
55161,-110
55162,-6
55163,-56
55164,-80
55165,384
55166,-229
55167,-162
55168,-18
55169,182
55170,-16
55171,-427
55172,-150
55173,-10
55174,-18
55175,165
55176,120
55177,-192
55178,324
55179,48
55180,0
55181,-309
55182,-6
55183,352
55184,-94
55185,640
55186,36
55187,32
55188,-24
55189,20
55190,288
55191,452
55192,339
55193,12
55194,176
55195,-432
55196,136
55197,96
55198,-400
55199,0
55200,880
55201,-155
55202,111
55203,366
55204,6
55205,-64
55206,-62
55207,-220
55208,336
55209,-576
55210,248
55211,135
55212,168
55213,334
55214,24
55215,80
55216,-18
55217,46
55218,0
55219,-20
55220,-144
55221,220
55222,-140
55223,472
55224,-120
55225,374
55226,85
55227,468
55228,-94
55229,-38
55230,-504
55231,256
55232,322
55233,-9
55234,50
55235,456
55236,122
55237,-420
55238,225
55239,-372
55240,-348
55241,-30
55242,396
55243,301
55244,174
55245,128
55246,328
55247,-54
55248,-104
55249,-74
55250,360
55251,-51
55252,32
55253,316
55254,-168
55255,56
55256,-339
55257,4
55258,-84
55259,345
55260,128
55261,-28
55262,12
55263,408
55264,320
55265,24
55266,-48
55267,63
55268,207
55269,0
55270,-488
55271,-328
55272,-108
55273,-594
55274,36
55275,-616
55276,-10
55277,-208
55278,27
55279,120
55280,-160
55281,272
55282,-72
55283,-96
55284,-48
55285,488
55286,288
55287,-72
55288,-54
55289,-270
55290,-384
55291,-22
55292,-224
55293,108
55294,209
55295,376
55296,180
55297,-125
55298,182
55299,-56
55300,-330
55301,6
55302,40
55303,-2
55304,216
55305,-184
55306,206
55307,-390
55308,-216
55309,-324
55310,-160
55311,-128
55312,34
55313,-49
55314,24
55315,-480
55316,-30
55317,-326
55318,156
55319,432
55320,528
55321,-12
55322,160
55323,396
55324,74
55325,66
55326,-246
55327,-96
55328,-300
55329,-348
55330,96
55331,-309
55332,10
55333,-34
55334,8
55335,-648
55336,-27
55337,-222
55338,432
55339,425
55340,184
55341,140
55342,-168
55343,80
55344,52
55345,680
55346,-306
55347,-304
55348,6
55349,-225
55350,-396
55351,-451
55352,-108
55353,-510
55354,30
55355,-344
55356,54
55357,270
55358,0
55359,-20
55360,-112
55361,-144
55362,56
55363,216
55364,60
55365,-480
55366,324
55367,160
55368,132
55369,276
55370,-16
55371,-308
55372,136
55373,167
55374,-192
55375,216
55376,58
55377,-108
55378,-288
55379,-180
55380,360
55381,186
55382,-315
55383,-492
55384,-504
55385,320
55386,6
55387,252
55388,88
55389,-168
55390,0
55391,-540
55392,140
55393,-600
55394,122
55395,128
55396,-48
55397,-108
55398,0
55399,-98
55400,462
55401,-128
55402,99
55403,-111
55404,-52
55405,660
55406,-420
55407,128
55408,-8
55409,196
55410,64
55411,80
55412,108
55413,-27
55414,-304
55415,16
55416,-270
55417,6
55418,10
55419,40
55420,-12
55421,-192
55422,-60
55423,144
55424,-3
55425,396
55426,-108
55427,-280
55428,144
55429,272
55430,320
55431,64
55432,324
55433,-96
55434,-206
55435,-348
55436,222
55437,-156
55438,25
55439,375
55440,48
55441,421
55442,-176
55443,-124
55444,-72
55445,500
55446,-338
55447,-267
55448,-144
55449,-16
55450,-594
55451,40
55452,-164
55453,-400
55454,-99
55455,-776
55456,130
55457,-87
55458,-200
55459,-594
55460,288
55461,-384
55462,-32
55463,0
55464,264
55465,-264
55466,324
55467,129
55468,32
55469,138
55470,48
55471,135
55472,46
55473,-320
55474,-102
55475,660
55476,56
55477,-144
55478,120
55479,-204
55480,96
55481,408
55482,300
55483,40
55484,-240
55485,132
55486,160
55487,-3
55488,112
55489,-438
55490,-144
55491,40
55492,161
55493,504
55494,-12
55495,-864
55496,-225
55497,-480
55498,-63
55499,-256
55500,-144
55501,-304
55502,62
55503,-54
55504,16
55505,-264
55506,200
55507,-585
55508,206
55509,208
55510,480
55511,-327
55512,-24
55513,-280
55514,-108
55515,-904
55516,147
55517,-128
55518,224
55519,-360
55520,20
55521,-90
55522,-216
55523,410
55524,12
55525,-352
55526,194
55527,-144
55528,-216
55529,-398
55530,16
55531,342
55532,132
55533,96
55534,-213
55535,-80
55536,0
55537,120
55538,-72
55539,60
55540,-36
55541,-289
55542,-6
55543,-266
55544,45
55545,984
55546,252
55547,-84
55548,-44
55549,440
55550,-88
55551,-30
55552,459
55553,-12
55554,162
55555,-288
55556,84
55557,-122
55558,-83
55559,-225
55560,-384
55561,8
55562,130
55563,-290
55564,18
55565,252
55566,165
55567,64
55568,24
55569,-240
55570,-504
55571,424
55572,-56
55573,-324
55574,-36
55575,-220
55576,177
55577,16
55578,256
55579,210
55580,264
55581,0
55582,-24
55583,36
55584,100
55585,392
55586,-238
55587,132
55588,-245
55589,-192
55590,-408
55591,-496
55592,0
55593,72
55594,-36
55595,496
55596,-36
55597,-50
55598,212
55599,84
55600,-176
55601,-324
55602,84
55603,148
55604,84
55605,736
55606,77
55607,243
55608,-468
55609,334
55610,-252
55611,24
55612,-91
55613,-328
55614,720
55615,88
55616,280
55617,-16
55618,170
55619,189
55620,-256
55621,-270
55622,18
55623,238
55624,45
55625,0
55626,-32
55627,-500
55628,110
55629,78
55630,424
55631,113
55632,64
55633,-70
55634,-47
55635,-528
55636,48
55637,-576
55638,120
55639,-114
55640,720
55641,-144
55642,7
55643,-429
55644,52
55645,864
55646,234
55647,20
55648,-135
55649,-256
55650,330
55651,-16
55652,-66
55653,540
55654,104
55655,104
55656,-66
55657,195
55658,-99
55659,-46
55660,-160
55661,30
55662,176
55663,-19
55664,-18
55665,-128
55666,-295
55667,126
55668,-174
55669,128
55670,144
55671,-240
55672,381
55673,326
55674,-108
55675,99
55676,234
55677,196
55678,324
55679,-165
55680,-48
55681,371
55682,-188
55683,-152
55684,-50
55685,252
55686,-248
55687,-264
55688,315
55689,-432
55690,-480
55691,228
55692,45
55693,288
55694,-263
55695,-720
55696,-5
55697,198
55698,-284
55699,-102
55700,-22
55701,-136
55702,22
55703,-25
55704,-576
55705,1140
55706,-96
55707,126
55708,-52
55709,12
55710,28
55711,161
55712,10
55713,-16
55714,0
55715,-304
55716,182
55717,163
55718,-230
55719,-27
55720,360
55721,230
55722,54
55723,-16
55724,-192
55725,-220
55726,-96
55727,-324
55728,-77
55729,152
55730,80
55731,-380
55732,-122
55733,292
55734,-312
55735,-576
55736,30
55737,-36
55738,100
55739,432
55740,0
55741,-276
55742,-180
55743,-60
55744,-245
55745,-200
55746,-4
55747,204
55748,-24
55749,232
55750,-192
55751,-144
55752,96
55753,64
55754,-200
55755,384
55756,-105
55757,35
55758,198
55759,36
55760,-108
55761,216
55762,-2
55763,-205
55764,38
55765,576
55766,-137
55767,-36
55768,441
55769,-54
55770,384
55771,-287
55772,0
55773,12
55774,-120
55775,1056
55776,-270
55777,-160
55778,-103
55779,-194
55780,136
55781,-110
55782,-4
55783,-60
55784,-24
55785,-392
55786,-286
55787,-226
55788,-124
55789,36
55790,144
55791,26
55792,-80
55793,142
55794,-162
55795,-304
55796,30
55797,-522
55798,448
55799,-156
55800,297
55801,90
55802,-8
55803,0
55804,-72
55805,136
55806,-54
55807,302
55808,187
55809,-275
55810,-364
55811,42
55812,-218
55813,314
55814,224
55815,24
55816,6
55817,294
55818,-27
55819,-193
55820,80
55821,-704
55822,-40
55823,-216
55824,-88
55825,264
55826,128
55827,47
55828,-72
55829,-138
55830,-224
55831,666
55832,558
55833,36
55834,152
55835,-900
55836,144
55837,328
55838,28
55839,-78
55840,-80
55841,-44
55842,-198
55843,-188
55844,224
55845,-24
55846,204
55847,-440
55848,120
55849,-73
55850,-88
55851,-254
55852,-56
55853,-60
55854,-24
55855,-428
55856,-78
55857,14
55858,160
55859,-36
55860,-64
55861,-250
55862,135
55863,52
55864,-459
55865,-424
55866,24
55867,24
55868,192
55869,72
55870,-36
55871,384
55872,-84
55873,448
55874,-480
55875,-384
55876,-16
55877,-162
55878,-224
55879,48
55880,384
55881,-45
55882,134
55883,162
55884,-142
55885,-356
55886,136
55887,480
55888,-84
55889,-307
55890,320
55891,-188
55892,0
55893,-504
55894,-262
55895,-792
55896,54
55897,-90
55898,228
55899,141
55900,-385
55901,-114
55902,144
55903,33
55904,-205
55905,64
55906,-178
55907,-66
55908,41
55909,15
55910,-588
55911,90
55912,-60
55913,480
55914,-18
55915,-480
55916,78
55917,-272
55918,20
55919,300
55920,88
55921,-193
55922,-18
55923,-78
55924,-324
55925,-913
55926,-120
55927,8
55928,-84
55929,64
55930,324
55931,238
55932,-160
55933,98
55934,25
55935,-32
55936,96
55937,72
55938,332
55939,-312
55940,100
55941,104
55942,207
55943,-189
55944,-108
55945,-224
55946,324
55947,-360
55948,-81
55949,-294
55950,44
55951,-114
55952,95
55953,-43
55954,28
55955,-108
55956,20
55957,392
55958,-42
55959,720
55960,312
55961,60
55962,51
55963,0
55964,-24
55965,1080
55966,80
55967,288
55968,200
55969,168
55970,-160
55971,440
55972,57
55973,-72
55974,-160
55975,0
55976,54
55977,396
55978,-165
55979,-96
55980,-128
55981,0
55982,336
55983,100
55984,-38
55985,-368
55986,-378
55987,193
55988,234
55989,-102
55990,384
55991,80
55992,360
55993,-84
55994,-277
55995,712
55996,-140
55997,69
55998,96
55999,76
56000,-504
56001,312
56002,78
56003,237
56004,-240
56005,-896
56006,324
56007,16
56008,-198
56009,-444
56010,64
56011,40
56012,-112
56013,456
56014,-6
56015,-108
56016,-25
56017,720
56018,-42
56019,378
56020,-212
56021,-45
56022,-216
56023,80
56024,-216
56025,396
56026,-34
56027,32
56028,-96
56029,-56
56030,120
56031,-224
56032,-240
56033,-15
56034,-64
56035,-144
56036,29
56037,-2
56038,-76
56039,-247
56040,864
56041,-52
56042,192
56043,45
56044,88
56045,192
56046,280
56047,486
56048,18
56049,-288
56050,-352
56051,552
56052,44
56053,3
56054,-152
56055,-48
56056,120
56057,-144
56058,-262
56059,144
56060,-420
56061,-21
56062,44
56063,291
56064,68
56065,-432
56066,96
56067,112
56068,36
56069,220
56070,0
56071,189
56072,-21
56073,228
56074,-205
56075,-66
56076,8
56077,-300
56078,-120
56079,-252
56080,-72
56081,364
56082,180
56083,-132
56084,-228
56085,160
56086,80
56087,350
56088,108
56089,-16
56090,-360
56091,-234
56092,-12
56093,207
56094,370
56095,920
56096,310
56097,64
56098,-171
56099,-230
56100,264
56101,340
56102,61
56103,18
56104,-426
56105,-16
56106,180
56107,116
56108,-108
56109,320
56110,72
56111,4
56112,48
56113,147
56114,202
56115,56
56116,-140
56117,-48
56118,180
56119,102
56120,-768
56121,-340
56122,4
56123,-294
56124,8
56125,-624
56126,-288
56127,-120
56128,-119
56129,252
56130,-368
56131,44
56132,-87
56133,156
56134,-120
56135,-1088
56136,-306
56137,-88
56138,268
56139,-280
56140,324
56141,576
56142,-24
56143,-352
56144,-10
56145,288
56146,-189
56147,60
56148,114
56149,10
56150,-484
56151,6
56152,45
56153,-110
56154,0
56155,48
56156,32
56157,332
56158,-154
56159,0
56160,400
56161,54
56162,-143
56163,480
56164,72
56165,864
56166,192
56167,142
56168,216
56169,21
56170,108
56171,-441
56172,-54
56173,80
56174,185
56175,792
56176,-4
56177,260
56178,10
56179,26
56180,-112
56181,-512
56182,198
56183,40
56184,210
56185,-24
56186,-75
56187,-320
56188,180
56189,-96
56190,-512
56191,108
56192,-24
56193,504
56194,110
56195,832
56196,-24
56197,252
56198,-12
56199,120
56200,-990
56201,-126
56202,-48
56203,-54
56204,23
56205,236
56206,-64
56207,383
56208,-64
56209,-250
56210,-96
56211,-450
56212,360
56213,168
56214,11
56215,-300
56216,-12
56217,-366
56218,-155
56219,252
56220,-96
56221,304
56222,-236
56223,17
56224,-135
56225,-220
56226,-236
56227,-144
56228,-142
56229,18
56230,200
56231,-84
56232,-108
56233,150
56234,108
56235,64
56236,-84
56237,-270
56238,-480
56239,412
56240,48
56241,56
56242,-176
56243,-280
56244,238
56245,-180
56246,-90
56247,384
56248,0
56249,-345
56250,-44
56251,-120
56252,-135
56253,-276
56254,324
56255,-52
56256,126
56257,-4
56258,-312
56259,-108
56260,-96
56261,-72
56262,-56
56263,36
56264,15
56265,-360
56266,216
56267,-368
56268,68
56269,194
56270,312
56271,52
56272,-51
56273,-267
56274,-36
56275,-55
56276,-52
56277,36
56278,128
56279,184
56280,-504
56281,-648
56282,252
56283,-8
56284,-128
56285,332
56286,40
56287,-252
56288,-140
56289,4
56290,20
56291,-64
56292,236
56293,567
56294,-246
56295,704
56296,-297
56297,360
56298,-200
56299,-10
56300,99
56301,-40
56302,204
56303,-360
56304,24
56305,340
56306,-63
56307,256
56308,-192
56309,480
56310,-176
56311,-8
56312,12
56313,124
56314,-18
56315,876
56316,30
56317,-160
56318,76
56319,248
56320,-368
56321,6
56322,-96
56323,-6
56324,-9
56325,264
56326,-330
56327,720
56328,282
56329,105
56330,84
56331,-4
56332,-191
56333,-4
56334,36
56335,-320
56336,18
56337,0
56338,-39
56339,10
56340,-32
56341,-432
56342,-180
56343,414
56344,-18
56345,0
56346,66
56347,-175
56348,128
56349,-168
56350,-176
56351,12
56352,360
56353,612
56354,36
56355,320
56356,-40
56357,-324
56358,18
56359,-263
56360,240
56361,-306
56362,-246
56363,384
56364,192
56365,504
56366,-281
56367,1
56368,-40
56369,-299
56370,80
56371,258
56372,114
56373,-448
56374,198
56375,864
56376,-60
56377,280
56378,36
56379,-72
56380,-240
56381,490
56382,-172
56383,-53
56384,-126
56385,48
56386,-55
56387,56
56388,48
56389,324
56390,-60
56391,208
56392,180
56393,-154
56394,-50
56395,684
56396,32
56397,528
56398,-4
56399,-104
56400,-198
56401,-409
56402,-14
56403,224
56404,192
56405,-200
56406,-180
56407,-620
56408,-108
56409,-426
56410,420
56411,-120
56412,35
56413,168
56414,-49
56415,104
56416,315
56417,-411
56418,-28
56419,-256
56420,540
56421,-48
56422,96
56423,-60
56424,192
56425,264
56426,0
56427,-174
56428,69
56429,44
56430,-256
56431,56
56432,24
56433,-480
56434,96
56435,-172
56436,128
56437,-37
56438,6
56439,-99
56440,324
56441,156
56442,-80
56443,-206
56444,48
56445,-360
56446,96
56447,369
56448,-6
56449,-364
56450,-66
56451,504
56452,104
56453,-140
56454,-94
56455,-216
56456,-258
56457,297
56458,0
56459,-70
56460,-360
56461,18
56462,-153
56463,128
56464,46
56465,640
56466,-42
56467,-56
56468,-40
56469,528
56470,-112
56471,-32
56472,-60
56473,-188
56474,36
56475,-99
56476,21
56477,-51
56478,-48
56479,-80
56480,240
56481,-420
56482,-477
56483,-177
56484,20
56485,800
56486,128
56487,-200
56488,768
56489,42
56490,456
56491,-243
56492,56
56493,-77
56494,252
56495,-640
56496,-96
56497,52
56498,-225
56499,144
56500,48
56501,15
56502,-14
56503,-157
56504,-486
56505,-504
56506,36
56507,-180
56508,-84
56509,-460
56510,0
56511,480
56512,182
56513,81
56514,-168
56515,0
56516,-90
56517,58
56518,24
56519,374
56520,192
56521,-12
56522,72
56523,198
56524,130
56525,396
56526,-234
56527,-200
56528,-48
56529,-84
56530,-76
56531,86
56532,-24
56533,-307
56534,-368
56535,-808
56536,0
56537,-150
56538,-44
56539,-243
56540,32
56541,486
56542,105
56543,-357
56544,360
56545,-588
56546,-28
56547,-128
56548,168
56549,-180
56550,220
56551,240
56552,-36
56553,-324
56554,223
56555,-200
56556,-18
56557,-384
56558,268
56559,324
56560,-24
56561,1
56562,-456
56563,-40
56564,40
56565,432
56566,81
56567,336
56568,84
56569,306
56570,416
56571,136
56572,-49
56573,192
56574,78
56575,-198
56576,255
56577,58
56578,-171
56579,-128
56580,-576
56581,-72
56582,-108
56583,-12
56584,312
56585,-728
56586,192
56587,-108
56588,-189
56589,-230
56590,-100
56591,108
56592,-12
56593,-6
56594,-142
56595,-480
56596,-47
56597,382
56598,-92
56599,208
56600,528
56601,-104
56602,480
56603,-492
56604,0
56605,160
56606,-324
56607,-216
56608,80
56609,-120
56610,-36
56611,169
56612,-58
56613,-32
56614,12
56615,-336
56616,414
56617,-72
56618,-250
56619,-110
56620,-128
56621,261
56622,144
56623,-48
56624,52
56625,144
56626,256
56627,180
56628,25
56629,156
56630,528
56631,112
56632,-57
56633,-380
56634,-182
56635,360
56636,-144
56637,-54
56638,-251
56639,-128
56640,-448
56641,390
56642,64
56643,-480
56644,16
56645,552
56646,40
56647,-129
56648,72
56649,384
56650,-704
56651,36
56652,216
56653,-16
56654,260
56655,-48
56656,-20
56657,245
56658,-216
56659,120
56660,-92
56661,48
56662,360
56663,-197
56664,54
56665,684
56666,108
56667,60
56668,-225
56669,0
56670,480
56671,-48
56672,-480
56673,-200
56674,-63
56675,88
56676,-90
56677,-48
56678,171
56679,414
56680,1020
56681,74
56682,-63
56683,-112
56684,-30
56685,-352
56686,-306
56687,-252
56688,130
56689,-324
56690,504
56691,66
56692,-170
56693,0
56694,360
56695,192
56696,24
56697,-360
56698,219
56699,-400
56700,363
56701,-338
56702,-159
56703,-396
56704,27
56705,432
56706,-80
56707,96
56708,42
56709,8
56710,-240
56711,438
56712,288
56713,236
56714,-255
56715,320
56716,-160
56717,0
56718,-24
56719,270
56720,16
56721,-36
56722,240
56723,3
56724,-4
56725,825
56726,-18
56727,0
56728,-171
56729,-243
56730,-576
56731,-254
56732,120
56733,248
56734,-40
56735,792
56736,45
56737,-156
56738,-308
56739,-278
56740,336
56741,296
56742,-80
56743,-80
56744,108
56745,-240
56746,120
56747,-30
56748,196
56749,105
56750,264
56751,192
56752,68
56753,-128
56754,20
56755,68
56756,-111
56757,520
56758,120
56759,-456
56760,672
56761,162
56762,-60
56763,-45
56764,-32
56765,-472
56766,-228
56767,-130
56768,-105
56769,128
56770,-540
56771,-440
56772,-36
56773,-105
56774,36
56775,308
56776,81
56777,-177
56778,-70
56779,-127
56780,96
56781,198
56782,0
56783,96
56784,72
56785,-504
56786,-270
56787,128
56788,-110
56789,289
56790,-72
56791,64
56792,54
56793,-40
56794,50
56795,-384
56796,72
56797,-30
56798,-192
56799,-9
56800,495
56801,180
56802,-120
56803,350
56804,-160
56805,24
56806,87
56807,321
56808,252
56809,-94
56810,-640
56811,-88
56812,3
56813,-210
56814,-12
56815,16
56816,35
56817,96
56818,-129
56819,-414
56820,448
56821,103
56822,-54
56823,810
56824,0
56825,869
56826,-108
56827,-124
56828,198
56829,496
56830,-344
56831,156
56832,66
56833,288
56834,32
56835,112
56836,50
56837,-332
56838,-258
56839,-12
56840,48
56841,-264
56842,108
56843,249
56844,2
56845,472
56846,-14
56847,552
56848,-48
56849,-420
56850,-88
56851,-80
56852,88
56853,48
56854,-81
56855,-108
56856,768
56857,-428
56858,-96
56859,592
56860,-400
56861,-198
56862,280
56863,18
56864,-80
56865,192
56866,167
56867,-72
56868,72
56869,-30
56870,180
56871,0
56872,432
56873,231
56874,-58
56875,-615
56876,80
56877,318
56878,172
56879,-192
56880,40
56881,160
56882,216
56883,224
56884,142
56885,72
56886,-224
56887,-4
56888,405
56889,-56
56890,-160
56891,4
56892,48
56893,0
56894,-76
56895,-728
56896,168
56897,-42
56898,-34
56899,72
56900,11
56901,-440
56902,-256
56903,-216
56904,-498
56905,-112
56906,-132
56907,-97
56908,-9
56909,468
56910,-192
56911,71
56912,-96
56913,512
56914,-200
56915,396
56916,108
56917,-108
56918,0
56919,-122
56920,-576
56921,53
56922,-40
56923,-334
56924,144
56925,-352
56926,-200
56927,-30
56928,-200
56929,-62
56930,-300
56931,384
56932,-182
56933,-72
56934,40
56935,640
56936,12
56937,-56
56938,-135
56939,432
56940,80
56941,-37
56942,243
56943,-132
56944,26
56945,-624
56946,192
56947,-288
56948,-56
56949,288
56950,231
56951,-192
56952,-18
56953,276
56954,218
56955,-336
56956,-40
56957,42
56958,-368
56959,-480
56960,0
56961,-56
56962,0
56963,-256
56964,36
56965,-336
56966,120
56967,48
56968,36
56969,-16
56970,384
56971,-56
56972,-153
56973,582
56974,-288
56975,385
56976,-8
56977,99
56978,-162
56979,140
56980,144
56981,128
56982,324
56983,268
56984,243
56985,48
56986,-186
56987,-88
56988,55
56989,418
56990,576
56991,-160
56992,-75
56993,226
56994,-384
56995,-96
56996,-14
56997,72
56998,-210
56999,-261
57000,-576
57001,-81
57002,-240
57003,-38
57004,-68
57005,-340
57006,-46
57007,85
57008,72
57009,72
57010,136
57011,504
57012,236
57013,72
57014,56
57015,-24
57016,-36
57017,-168
57018,-210
57019,-328
57020,-284
57021,-36
57022,-219
57023,208
57024,-308
57025,-880
57026,174
57027,248
57028,95
57029,288
57030,-528
57031,-540
57032,-132
57033,2
57034,-288
57035,-384
57036,-48
57037,290
57038,-30
57039,-258
57040,288
57041,-153
57042,20
57043,180
57044,300
57045,864
57046,32
57047,470
57048,138
57049,0
57050,-33
57051,92
57052,-72
57053,-320
57054,-12
57055,528
57056,330
57057,480
57058,-252
57059,-416
57060,80
57061,-364
57062,224
57063,448
57064,108
57065,16
57066,-18
57067,-80
57068,-164
57069,-6
57070,160
57071,567
57072,-36
57073,120
57074,-2
57075,132
57076,48
57077,54
57078,36
57079,96
57080,648
57081,240
57082,153
57083,335
57084,126
57085,88
57086,-48
57087,25
57088,-136
57089,-414
57090,128
57091,132
57092,21
57093,-106
57094,-292
57095,448
57096,120
57097,-223
57098,-10
57099,288
57100,231
57101,-32
57102,576
57103,-126
57104,63
57105,360
57106,15
57107,-80
57108,0
57109,0
57110,504
57111,-476
57112,120
57113,-270
57114,32
57115,740
57116,51
57117,-200
57118,87
57119,-370
57120,360
57121,337
57122,-181
57123,-56
57124,-35
57125,600
57126,-52
57127,-273
57128,-180
57129,-96
57130,-72
57131,-208
57132,-164
57133,432
57134,-40
57135,360
57136,-13
57137,48
57138,0
57139,-330
57140,8
57141,-36
57142,-132
57143,256
57144,-18
57145,-720
57146,-26
57147,-126
57148,240
57149,-128
57150,88
57151,175
57152,-252
57153,-20
57154,120
57155,864
57156,8
57157,96
57158,-78
57159,16
57160,-456
57161,440
57162,60
57163,-212
57164,-198
57165,-384
57166,32
57167,276
57168,-22
57169,144
57170,540
57171,192
57172,205
57173,189
57174,130
57175,627
57176,27
57177,-52
57178,-64
57179,-305
57180,-144
57181,192
57182,46
57183,-100
57184,60
57185,372
57186,132
57187,225
57188,75
57189,-208
57190,336
57191,192
57192,-216
57193,-42
57194,168
57195,-324
57196,-20
57197,-207
57198,-172
57199,378
57200,220
57201,-608
57202,66
57203,-221
57204,33
57205,48
57206,-158
57207,404
57208,468
57209,148
57210,-8
57211,120
57212,137
57213,20
57214,-323
57215,788
57216,-48
57217,-116
57218,168
57219,-144
57220,-72
57221,76
57222,-32
57223,-339
57224,-768
57225,1122
57226,405
57227,0
57228,-72
57229,12
57230,-384
57231,-86
57232,-4
57233,168
57234,112
57235,-48
57236,36
57237,244
57238,310
57239,-135
57240,-240
57241,-156
57242,-56
57243,224
57244,-108
57245,-148
57246,108
57247,-96
57248,330
57249,104
57250,-48
57251,368
57252,-20
57253,36
57254,194
57255,-32
57256,63
57257,-72
57258,-42
57259,191
57260,-60
57261,-440
57262,-164
57263,-104
57264,-42
57265,-360
57266,48
57267,66
57268,256
57269,164
57270,-576
57271,448
57272,-123
57273,264
57274,-21
57275,220
57276,21
57277,-288
57278,-355
57279,128
57280,112
57281,-120
57282,74
57283,36
57284,-9
57285,-112
57286,8
57287,348
57288,-648
57289,-304
57290,-276
57291,-48
57292,34
57293,-360
57294,-120
57295,396
57296,98
57297,-342
57298,294
57299,-36
57300,0
57301,-399
57302,54
57303,58
57304,120
57305,-128
57306,340
57307,-72
57308,-15
57309,-516
57310,272
57311,16
57312,50
57313,-114
57314,46
57315,-384
57316,0
57317,-95
57318,-198
57319,-54
57320,576
57321,320
57322,92
57323,72
57324,180
57325,-429
57326,307
57327,216
57328,-83
57329,-136
57330,40
57331,20
57332,-32
57333,-36
57334,357
57335,452
57336,204
57337,204
57338,-266
57339,112
57340,-288
57341,96
57342,48
57343,-540
57344,-273
57345,208
57346,-5
57347,98
57348,80
57349,322
57350,-297
57351,348
57352,252
57353,-360
57354,-100
57355,-620
57356,230
57357,-124
57358,90
57359,-234
57360,-192
57361,-280
57362,112
57363,300
57364,-105
57365,384
57366,64
57367,118
57368,54
57369,570
57370,308
57371,-32
57372,-216
57373,149
57374,-62
57375,-288
57376,-20
57377,40
57378,-12
57379,-64
57380,48
57381,-72
57382,-75
57383,-228
57384,36
57385,896
57386,-180
57387,216
57388,12
57389,5
57390,-576
57391,-72
57392,72
57393,159
57394,-28
57395,520
57396,90
57397,121
57398,-180
57399,-30
57400,891
57401,360
57402,-8
57403,-81
57404,-16
57405,0
57406,-129
57407,-384
57408,-560
57409,384
57410,264
57411,103
57412,144
57413,221
57414,324
57415,576
57416,444
57417,-34
57418,-88
57419,399
57420,32
57421,-270
57422,-46
57423,388
57424,36
57425,627
57426,54
57427,-56
57428,18
57429,-44
57430,148
57431,352
57432,-348
57433,-80
57434,-170
57435,648
57436,-36
57437,-128
57438,-63
57439,-396
57440,-480
57441,-648
57442,-24
57443,459
57444,16
57445,-128
57446,212
57447,-100
57448,168
57449,-96
57450,-220
57451,-36
57452,-40
57453,-16
57454,472
57455,-768
57456,-48
57457,-321
57458,200
57459,-96
57460,144
57461,-123
57462,-256
57463,183
57464,-264
57465,180
57466,224
57467,-123
57468,-140
57469,2
57470,-288
57471,-186
57472,-78
57473,150
57474,144
57475,220
57476,-84
57477,96
57478,50
57479,-18
57480,216
57481,-351
57482,162
57483,-24
57484,-48
57485,-816
57486,280
57487,96
57488,84
57489,264
57490,-328
57491,0
57492,-66
57493,87
57494,0
57495,-248
57496,189
57497,260
57498,168
57499,265
57500,328
57501,-19
57502,-143
57503,-99
57504,-70
57505,-540
57506,-224
57507,-8
57508,-72
57509,24
57510,396
57511,-80
57512,450
57513,-432
57514,-160
57515,-148
57516,-116
57517,-48
57518,-81
57519,108
57520,72
57521,-240
57522,-90
57523,576
57524,-18
57525,-880
57526,-72
57527,53
57528,81
57529,-256
57530,80
57531,-48
57532,56
57533,42
57534,112
57535,384
57536,-126
57537,336
57538,-30
57539,12
57540,-72
57541,-360
57542,28
57543,400
57544,-204
57545,-144
57546,-128
57547,255
57548,-134
57549,-176
57550,-572
57551,220
57552,-136
57553,-315
57554,237
57555,-52
57556,197
57557,390
57558,20
57559,-360
57560,-408
57561,306
57562,-27
57563,-444
57564,-180
57565,-176
57566,-228
57567,-126
57568,30
57569,-560
57570,-64
57571,210
57572,-75
57573,-70
57574,216
57575,-198
57576,144
57577,-560
57578,67
57579,36
57580,-140
57581,405
57582,-75
57583,0
57584,64
57585,128
57586,267
57587,-258
57588,60
57589,12
57590,-180
57591,130
57592,-192
57593,201
57594,104
57595,-672
57596,-45
57597,84
57598,0
57599,240
57600,-187
57601,-250
57602,-9
57603,-720
57604,-76
57605,1080
57606,140
57607,180
57608,-48
57609,12
57610,-96
57611,-130
57612,-20
57613,75
57614,170
57615,-512
57616,-70
57617,-330
57618,-192
57619,32
57620,-196
57621,-52
57622,-36
57623,-32
57624,-354
57625,528
57626,146
57627,92
57628,-172
57629,-432
57630,48
57631,237
57632,-370
57633,-100
57634,-126
57635,648
57636,-12
57637,-247
57638,96
57639,542
57640,144
57641,-266
57642,-180
57643,-432
57644,-3
57645,-384
57646,-108
57647,-120
57648,-82
57649,34
57650,286
57651,328
57652,-54
57653,237
57654,-36
57655,-300
57656,33
57657,172
57658,-88
57659,-264
57660,-400
57661,-697
57662,-336
57663,56
57664,-105
57665,-448
57666,378
57667,408
57668,-270
57669,-90
57670,-80
57671,42
57672,0
57673,-96
57674,-16
57675,968
57676,-115
57677,-21
57678,-76
57679,-119
57680,-192
57681,-30
57682,0
57683,-24
57684,-256
57685,-576
57686,-121
57687,378
57688,-90
57689,-191
57690,-36
57691,252
57692,-135
57693,8
57694,-300
57695,-160
57696,280
57697,-162
57698,-117
57699,-104
57700,154
57701,-30
57702,-16
57703,100
57704,-51
57705,-96
57706,-224
57707,800
57708,-6
57709,-382
57710,-80
57711,80
57712,-56
57713,30
57714,-200
57715,432
57716,288
57717,-25
57718,220
57719,-400
57720,360
57721,-81
57722,-72
57723,144
57724,95
57725,-495
57726,-196
57727,349
57728,108
57729,60
57730,-288
57731,-456
57732,-96
57733,-225
57734,-256
57735,104
57736,243
57737,-215
57738,144
57739,16
57740,384
57741,-152
57742,72
57743,12
57744,-27
57745,-16
57746,160
57747,-284
57748,41
57749,-210
57750,576
57751,-104
57752,-207
57753,-792
57754,42
57755,688
57756,222
57757,72
57758,38
57759,320
57760,60
57761,0
57762,24
57763,-414
57764,102
57765,232
57766,-42
57767,-448
57768,108
57769,-180
57770,-340
57771,6
57772,-40
57773,396
57774,28
57775,484
57776,128
57777,-392
57778,-198
57779,312
57780,-192
57781,205
57782,32
57783,384
57784,-297
57785,480
57786,116
57787,-352
57788,66
57789,-105
57790,128
57791,-336
57792,294
57793,-309
57794,108
57795,-936
57796,238
57797,48
57798,48
57799,-576
57800,264
57801,420
57802,38
57803,-1
57804,-14
57805,-80
57806,78
57807,236
57808,-2
57809,-300
57810,648
57811,20
57812,-96
57813,-186
57814,-72
57815,-72
57816,-24
57817,-48
57818,-7
57819,484
57820,-64
57821,322
57822,-432
57823,-120
57824,-400
57825,22
57826,-124
57827,-144
57828,160
57829,-54
57830,-196
57831,102
57832,189
57833,30
57834,90
57835,532
57836,24
57837,90
57838,120
57839,-176
57840,-80
57841,-480
57842,-276
57843,88
57844,-178
57845,-192
57846,-576
57847,-401
57848,9
57849,-496
57850,0
57851,-243
57852,-15
57853,-369
57854,317
57855,192
57856,-22
57857,288
57858,4
57859,69
57860,-336
57861,184
57862,-162
57863,-510
57864,300
57865,36
57866,-79
57867,276
57868,72
57869,130
57870,104
57871,504
57872,13
57873,0
57874,16
57875,-384
57876,150
57877,-72
57878,28
57879,136
57880,-576
57881,28
57882,136
57883,-348
57884,-56
57885,-264
57886,-480
57887,-12
57888,140
57889,-80
57890,-336
57891,384
57892,-108
57893,-224
57894,28
57895,672
57896,354
57897,54
57898,-180
57899,460
57900,440
57901,262
57902,-45
57903,540
57904,108
57905,96
57906,-88
57907,130
57908,-324
57909,240
57910,120
57911,222
57912,192
57913,-52
57914,-96
57915,-880
57916,-116
57917,189
57918,-36
57919,-276
57920,-56
57921,364
57922,138
57923,-48
57924,73
57925,-858
57926,-72
57927,-28
57928,30
57929,-50
57930,304
57931,380
57932,-39
57933,-144
57934,36
57935,-544
57936,54
57937,-64
57938,-160
57939,0
57940,200
57941,215
57942,24
57943,398
57944,240
57945,-448
57946,6
57947,6
57948,64
57949,-8
57950,352
57951,-27
57952,-320
57953,-252
57954,100
57955,-112
57956,69
57957,16
57958,20
57959,-45
57960,-288
57961,-200
57962,44
57963,-234
57964,161
57965,-556
57966,52
57967,-180
57968,44
57969,32
57970,432
57971,-38
57972,20
57973,-269
57974,54
57975,-484
57976,-96
57977,326
57978,-55
57979,-105
57980,-160
57981,216
57982,-135
57983,64
57984,18
57985,696
57986,20
57987,12
57988,204
57989,144
57990,-576
57991,203
57992,-108
57993,90
57994,96
57995,156
57996,-44
57997,-224
57998,36
57999,356
58000,48
58001,414
58002,174
58003,-96
58004,-75
58005,-160
58006,-480
58007,-252
58008,372
58009,408
58010,-48
58011,-320
58012,-127
58013,-462
58014,-36
58015,-576
58016,30
58017,198
58018,-254
58019,70
58020,-320
58021,162
58022,7
58023,384
58024,-78
58025,-1056
58026,192
58027,-249
58028,0
58029,-400
58030,456
58031,78
58032,-45
58033,-27
58034,-277
58035,-80
58036,0
58037,-72
58038,6
58039,-200
58040,-276
58041,-14
58042,-106
58043,324
58044,-240
58045,-720
58046,-26
58047,224
58048,-84
58049,-127
58050,-308
58051,-42
58052,144
58053,30
58054,42
58055,432
58056,432
58057,9
58058,-120
58059,98
58060,416
58061,378
58062,56
58063,576
58064,0
58065,160
58066,-17
58067,-197
58068,-18
58069,-252
58070,52
58071,-270
58072,-216
58073,99
58074,220
58075,176
58076,-114
58077,240
58078,-45
58079,378
58080,200
58081,-141
58082,4
58083,96
58084,-40
58085,824
58086,-66
58087,152
58088,45
58089,112
58090,-192
58091,232
58092,288
58093,-420
58094,-108
58095,-160
58096,-62
58097,-765
58098,-112
58099,-155
58100,-297
58101,48
58102,256
58103,-84
58104,-228
58105,344
58106,-198
58107,-276
58108,-20
58109,198
58110,320
58111,432
58112,187
58113,-144
58114,40
58115,288
58116,32
58117,0
58118,-100
58119,-288
58120,72
58121,72
58122,-13
58123,315
58124,200
58125,738
58126,20
58127,54
58128,24
58129,-218
58130,-264
58131,132
58132,62
58133,144
58134,-36
58135,-144
58136,252
58137,-48
58138,-36
58139,-288
58140,48
58141,-300
58142,-318
58143,238
58144,-400
58145,-216
58146,144
58147,308
58148,-12
58149,-135
58150,-484
58151,192
58152,-114
58153,350
58154,31
58155,704
58156,189
58157,-384
58158,-264
58159,248
58160,-32
58161,320
58162,415
58163,-8
58164,18
58165,-368
58166,16
58167,-240
58168,-24
58169,90
58170,-336
58171,-97
58172,-140
58173,96
58174,-48
58175,220
58176,-14
58177,177
58178,-172
58179,-504
58180,-328
58181,-24
58182,-52
58183,-162
58184,-405
58185,-96
58186,63
58187,198
58188,20
58189,1
58190,-656
58191,18
58192,52
58193,-234
58194,-40
58195,128
58196,-136
58197,24
58198,252
58199,76
58200,-792
58201,-75
58202,290
58203,16
58204,53
58205,-420
58206,0
58207,-7
58208,-180
58209,412
58210,540
58211,-449
58212,-32
58213,376
58214,0
58215,-472
58216,-120
58217,392
58218,-144
58219,288
58220,-324
58221,93
58222,-84
58223,280
58224,-112
58225,99
58226,96
58227,-100
58228,-182
58229,158
58230,4
58231,193
58232,54
58233,-432
58234,-88
58235,-64
58236,384
58237,-13
58238,-54
58239,-198
58240,-180
58241,-432
58242,126
58243,80
58244,141
58245,-384
58246,132
58247,-240
58248,132
58249,-90
58250,264
58251,206
58252,164
58253,-40
58254,-48
58255,0
58256,104
58257,-119
58258,-54
58259,192
58260,-304
58261,-36
58262,-307
58263,28
58264,-432
58265,-224
58266,-180
58267,-48
58268,240
58269,-32
58270,448
58271,168
58272,-280
58273,-248
58274,-58
58275,99
58276,-171
58277,28
58278,-208
58279,580
58280,972
58281,-392
58282,-48
58283,32
58284,57
58285,-84
58286,60
58287,128
58288,36
58289,-168
58290,112
58291,216
58292,-160
58293,96
58294,162
58295,0
58296,-18
58297,336
58298,256
58299,452
58300,220
58301,92
58302,-90
58303,-123
58304,371
58305,-768
58306,216
58307,-90
58308,-28
58309,296
58310,180
58311,-144
58312,-81
58313,256
58314,-178
58315,-816
58316,-192
58317,54
58318,30
58319,128
58320,52
58321,-80
58322,50
58323,418
58324,-42
58325,660
58326,-40
58327,-54
58328,480
58329,-100
58330,-512
58331,-135
58332,6
58333,204
58334,70
58335,216
58336,-45
58337,50
58338,48
58339,-22
58340,144
58341,-334
58342,-405
58343,432
58344,-360
58345,-684
58346,19
58347,60
58348,12
58349,108
58350,-550
58351,-448
58352,51
58353,20
58354,4
58355,480
58356,66
58357,90
58358,-316
58359,-88
58360,-528
58361,84
58362,-54
58363,23
58364,57
58365,-164
58366,48
58367,-316
58368,-184
58369,312
58370,520
58371,-300
58372,-22
58373,-513
58374,288
58375,864
58376,78
58377,-128
58378,16
58379,204
58380,-384
58381,-180
58382,3
58383,-140
58384,0
58385,-520
58386,126
58387,96
58388,-208
58389,404
58390,440
58391,162
58392,-135
58393,24
58394,252
58395,48
58396,-220
58397,-320
58398,320
58399,288
58400,110
58401,528
58402,293
58403,-438
58404,-288
58405,-96
58406,-40
58407,54
58408,48
58409,-220
58410,128
58411,-236
58412,135
58413,514
58414,200
58415,-480
58416,-84
58417,474
58418,-245
58419,-2
58420,-256
58421,-72
58422,-360
58423,-6
58424,357
58425,792
58426,24
58427,-51
58428,-4
58429,180
58430,-560
58431,-260
58432,252
58433,72
58434,-272
58435,-360
58436,126
58437,-21
58438,-72
58439,384
58440,672
58441,-252
58442,-189
58443,240
58444,176
58445,136
58446,0
58447,336
58448,150
58449,-516
58450,264
58451,-416
58452,24
58453,313
58454,348
58455,-16
58456,198
58457,-42
58458,-44
58459,-230
58460,120
58461,0
58462,-8
58463,24
58464,30
58465,32
58466,-648
58467,114
58468,-288
58469,-200
58470,-48
58471,222
58472,-51
58473,0
58474,48
58475,-561
58476,-72
58477,-242
58478,66
58479,80
58480,-84
58481,-147
58482,33
58483,99
58484,-178
58485,48
58486,-300
58487,100
58488,-414
58489,-648
58490,-160
58491,-84
58492,-168
58493,-14
58494,54
58495,360
58496,75
58497,162
58498,52
58499,72
58500,-120
58501,-240
58502,-92
58503,362
58504,432
58505,-640
58506,-40
58507,-486
58508,14
58509,144
58510,160
58511,-155
58512,80
58513,390
58514,15
58515,-648
58516,-146
58517,-24
58518,21
58519,-112
58520,576
58521,-100
58522,108
58523,70
58524,-84
58525,385
58526,25
58527,0
58528,360
58529,-324
58530,-512
58531,-96
58532,170
58533,-136
58534,18
58535,-768
58536,96
58537,-129
58538,-210
58539,400
58540,-328
58541,252
58542,120
58543,-50
58544,-3
58545,-108
58546,54
58547,-176
58548,-162
58549,-170
58550,-352
58551,16
58552,-135
58553,-56
58554,2
58555,-192
58556,103
58557,48
58558,-224
58559,-540
58560,448
58561,-32
58562,0
58563,100
58564,151
58565,-300
58566,-154
58567,73
58568,-114
58569,-204
58570,-160
58571,-165
58572,-52
58573,-229
58574,181
58575,-792
58576,15
58577,-48
58578,-120
58579,141
58580,-16
58581,128
58582,-222
58583,-78
58584,264
58585,28
58586,52
58587,-416
58588,36
58589,342
58590,432
58591,-430
58592,-90
58593,-238
58594,-205
58595,-160
58596,16
58597,-72
58598,-108
58599,30
58600,297
58601,102
58602,-348
58603,-208
58604,-80
58605,-128
58606,216
58607,16
58608,-12
58609,126
58610,-480
58611,-120
58612,-58
58613,-15
58614,94
58615,64
58616,-54
58617,-160
58618,-150
58619,-276
58620,-432
58621,400
58622,-98
58623,-540
58624,-34
58625,-504
58626,92
58627,240
58628,162
58629,2
58630,-720
58631,-36
58632,72
58633,282
58634,176
58635,-32
58636,36
58637,0
58638,-92
58639,-306
58640,52
58641,128
58642,-323
58643,-12
58644,22
58645,-240
58646,-216
58647,-16
58648,-51
58649,-168
58650,528
58651,0
58652,-252
58653,-60
58654,144
58655,-644
58656,-450
58657,-308
58658,-384
58659,366
58660,-324
58661,160
58662,-37
58663,216
58664,354
58665,648
58666,-266
58667,-48
58668,60
58669,410
58670,64
58671,180
58672,-80
58673,-8
58674,-192
58675,517
58676,38
58677,60
58678,-266
58679,-292
58680,-12
58681,-54
58682,-120
58683,324
58684,-138
58685,240
58686,48
58687,217
58688,63
58689,-45
58690,-216
58691,336
58692,28
58693,-266
58694,-84
58695,840
58696,192
58697,100
58698,104
58699,-16
58700,396
58701,312
58702,14
58703,531
58704,78
58705,320
58706,-72
58707,80
58708,-30
58709,129
58710,-512
58711,-88
58712,-108
58713,-450
58714,504
58715,-664
58716,33
58717,252
58718,192
58719,-246
58720,-40
58721,-45
58722,74
58723,-105
58724,-70
58725,-242
58726,-42
58727,-22
58728,486
58729,480
58730,-288
58731,208
58732,196
58733,-262
58734,45
58735,480
58736,-77
58737,-150
58738,252
58739,75
58740,0
58741,-399
58742,360
58743,-96
58744,-90
58745,144
58746,-266
58747,185
58748,-88
58749,-132
58750,-369
58751,-136
58752,-36
58753,-432
58754,38
58755,-304
58756,-66
58757,-452
58758,-156
58759,-119
58760,-120
58761,5
58762,156
58763,-216
58764,-144
58765,192
58766,-181
58767,216
58768,2
58769,-102
58770,-88
58771,-278
58772,150
58773,120
58774,161
58775,352
58776,-540
58777,270
58778,-250
58779,-384
58780,-44
58781,378
58782,-48
58783,74
58784,160
58785,-288
58786,-180
58787,-48
58788,72
58789,-234
58790,228
58791,-192
58792,477
58793,-99
58794,432
58795,784
58796,68
58797,-144
58798,217
58799,-585
58800,44
58801,128
58802,-308
58803,-156
58804,-80
58805,112
58806,50
58807,216
58808,-327
58809,-12
58810,-216
58811,-648
58812,48
58813,336
58814,-330
58815,-72
58816,126
58817,-12
58818,-300
58819,78
58820,48
58821,318
58822,-164
58823,496
58824,84
58825,-110
58826,56
58827,-124
58828,0
58829,0
58830,-120
58831,97
58832,-80
58833,-208
58834,-104
58835,-480
58836,-208
58837,-174
58838,90
58839,-528
58840,684
58841,-2
58842,-108
58843,3
58844,-72
58845,-464
58846,-149
58847,36
58848,-40
58849,-82
58850,-528
58851,30
58852,-106
58853,4
58854,84
58855,320
58856,-45
58857,400
58858,230
58859,-342
58860,-272
58861,168
58862,-152
58863,630
58864,-80
58865,-640
58866,-164
58867,196
58868,-84
58869,216
58870,300
58871,24
58872,192
58873,-34
58874,86
58875,768
58876,216
58877,15
58878,81
58879,-336
58880,-352
58881,8
58882,-224
58883,40
58884,-108
58885,-336
58886,96
58887,88
58888,-9
58889,363
58890,-120
58891,108
58892,-102
58893,126
58894,244
58895,-616
58896,5
58897,-229
58898,-56
58899,-48
58900,396
58901,-407
58902,-124
58903,360
58904,-90
58905,-144
58906,81
58907,-55
58908,-276
58909,-34
58910,84
58911,-76
58912,-315
58913,-181
58914,96
58915,388
58916,-320
58917,-162
58918,0
58919,-108
58920,-480
58921,395
58922,78
58923,98
58924,-156
58925,154
58926,384
58927,-140
58928,-16
58929,-220
58930,-324
58931,594
58932,33
58933,156
58934,-20
58935,-440
58936,240
58937,-6
58938,288
58939,-138
58940,-84
58941,-96
58942,-40
58943,-176
58944,-448
58945,436
58946,-62
58947,-108
58948,-42
58949,352
58950,33
58951,-96
58952,-258
58953,-350
58954,297
58955,-240
58956,-150
58957,-96
58958,-162
58959,88
58960,112
58961,108
58962,360
58963,-12
58964,186
58965,-480
58966,126
58967,-92
58968,-495
58969,-17
58970,320
58971,-96
58972,72
58973,-48
58974,-228
58975,759
58976,-240
58977,92
58978,-36
58979,-115
58980,-224
58981,48
58982,120
58983,-172
58984,12
58985,-324
58986,4
58987,320
58988,42
58989,168
58990,12
58991,141
58992,92
58993,-144
58994,-375
58995,512
58996,-105
58997,342
58998,136
58999,306
59000,-576
59001,252
59002,46
59003,-318
59004,32
59005,128
59006,-2
59007,0
59008,66
59009,421
59010,720
59011,-262
59012,184
59013,90
59014,-164
59015,-96
59016,288
59017,348
59018,208
59019,0
59020,220
59021,-393
59022,40
59023,-4
59024,81
59025,396
59026,-276
59027,-126
59028,-196
59029,-444
59030,-552
59031,36
59032,432
59033,-480
59034,336
59035,-276
59036,-192
59037,-528
59038,72
59039,441
59040,180
59041,-72
59042,-10
59043,62
59044,48
59045,-80
59046,-140
59047,18
59048,-120
59049,-263
59050,715
59051,-287
59052,72
59053,-308
59054,63
59055,-576
59056,60
59057,-88
59058,60
59059,480
59060,116
59061,-64
59062,-252
59063,-27
59064,576
59065,-16
59066,-348
59067,-10
59068,-8
59069,-384
59070,-128
59071,204
59072,-315
59073,144
59074,-32
59075,528
59076,-108
59077,202
59078,136
59079,-486
59080,-864
59081,-108
59082,28
59083,188
59084,164
59085,-40
59086,-162
59087,-48
59088,-64
59089,198
59090,512
59091,524
59092,-120
59093,-378
59094,14
59095,160
59096,0
59097,-98
59098,-395
59099,-10
59100,198
59101,486
59102,-24
59103,160
59104,40
59105,-176
59106,12
59107,175
59108,-54
59109,-192
59110,64
59111,-330
59112,-72
59113,275
59114,116
59115,-216
59116,99
59117,9
59118,128
59119,-304
59120,-72
59121,-55
59122,432
59123,450
59124,-40
59125,672
59126,-81
59127,112
59128,-300
59129,144
59130,88
59131,-14
59132,96
59133,912
59134,-184
59135,216
59136,408
59137,-100
59138,194
59139,-137
59140,40
59141,-102
59142,-34
59143,54
59144,-3
59145,296
59146,-228
59147,-256
59148,-45
59149,-352
59150,396
59151,416
59152,97
59153,-176
59154,-328
59155,-552
59156,-208
59157,-96
59158,-352
59159,-126
59160,-144
59161,182
59162,-65
59163,-270
59164,-69
59165,-728
59166,16
59167,-457
59168,30
59169,10
59170,384
59171,-360
59172,-114
59173,-108
59174,180
59175,-231
59176,-15
59177,15
59178,-120
59179,648
59180,304
59181,-348
59182,-88
59183,403
59184,-12
59185,0
59186,18
59187,68
59188,178
59189,-160
59190,-464
59191,176
59192,-18
59193,77
59194,6
59195,416
59196,-4
59197,-160
59198,-74
59199,360
59200,231
59201,40
59202,160
59203,90
59204,-27
59205,-224
59206,324
59207,-47
59208,-222
59209,-160
59210,0
59211,231
59212,-6
59213,-528
59214,-288
59215,1060
59216,113
59217,-192
59218,-6
59219,-194
59220,-108
59221,94
59222,-42
59223,-360
59224,48
59225,1408
59226,-32
59227,129
59228,105
59229,-30
59230,312
59231,304
59232,40
59233,379
59234,78
59235,768
59236,-72
59237,36
59238,240
59239,-322
59240,384
59241,-180
59242,-32
59243,428
59244,216
59245,-288
59246,216
59247,-22
59248,-123
59249,104
59250,480
59251,640
59252,-134
59253,512
59254,-175
59255,108
59256,-24
59257,-512
59258,-274
59259,84
59260,360
59261,-96
59262,-162
59263,413
59264,-48
59265,-128
59266,276
59267,-540
59268,208
59269,273
59270,-444
59271,-720
59272,648
59273,410
59274,0
59275,-913
59276,-12
59277,-140
59278,168
59279,240
59280,160
59281,54
59282,158
59283,135
59284,-93
59285,-288
59286,180
59287,72
59288,198
59289,-236
59290,-40
59291,-720
59292,-80
59293,240
59294,-320
59295,-448
59296,-255
59297,-189
59298,-22
59299,40
59300,-220
59301,28
59302,-80
59303,648
59304,-216
59305,40
59306,400
59307,-20
59308,-94
59309,-288
59310,-36
59311,18
59312,-92
59313,264
59314,-162
59315,-36
59316,-114
59317,616
59318,96
59319,20
59320,108
59321,3
59322,-8
59323,296
59324,-70
59325,-132
59326,-144
59327,432
59328,-112
59329,-120
59330,-48
59331,-176
59332,-15
59333,-389
59334,144
59335,-512
59336,330
59337,-4
59338,169
59339,-60
59340,-448
59341,52
59342,-49
59343,-18
59344,66
59345,720
59346,192
59347,234
59348,-81
59349,32
59350,-44
59351,237
59352,144
59353,384
59354,48
59355,0
59356,-144
59357,423
59358,-60
59359,-77
59360,300
59361,-126
59362,-63
59363,0
59364,36
59365,360
59366,-104
59367,-48
59368,54
59369,-474
59370,-288
59371,-160
59372,-26
59373,-143
59374,-234
59375,-176
59376,64
59377,356
59378,-276
59379,-380
59380,-120
59381,252
59382,-44
59383,203
59384,-315
59385,-288
59386,-320
59387,-240
59388,-8
59389,120
59390,-432
59391,30
59392,90
59393,349
59394,136
59395,468
59396,-81
59397,40
59398,-123
59399,234
59400,-528
59401,0
59402,-156
59403,-270
59404,212
59405,-720
59406,-304
59407,468
59408,90
59409,216
59410,-500
59411,100
59412,72
59413,160
59414,-224
59415,-264
59416,270
59417,-369
59418,-16
59419,-262
59420,-364
59421,144
59422,24
59423,-330
59424,70
59425,253
59426,280
59427,-324
59428,36
59429,-105
59430,-384
59431,224
59432,288
59433,592
59434,-42
59435,-328
59436,40
59437,-112
59438,-42
59439,-364
59440,40
59441,-426
59442,-64
59443,9
59444,-240
59445,200
59446,89
59447,3
59448,42
59449,-285
59450,-198
59451,192
59452,0
59453,-39
59454,-22
59455,-1152
59456,0
59457,352
59458,-81
59459,45
59460,-200
59461,-48
59462,-285
59463,9
59464,-297
59465,168
59466,120
59467,91
59468,-158
59469,-308
59470,128
59471,-114
59472,24
59473,-14
59474,-33
59475,880
59476,-95
59477,448
59478,96
59479,-54
59480,108
59481,284
59482,110
59483,114
59484,92
59485,208
59486,56
59487,180
59488,240
59489,72
59490,-8
59491,207
59492,192
59493,138
59494,27
59495,8
59496,126
59497,235
59498,-243
59499,-112
59500,216
59501,400
59502,-432
59503,64
59504,49
59505,-192
59506,-10
59507,135
59508,-32
59509,100
59510,-16
59511,-432
59512,84
59513,-31
59514,-510
59515,-320
59516,81
59517,75
59518,-36
59519,220
59520,216
59521,264
59522,226
59523,0
59524,-8
59525,-33
59526,84
59527,-200
59528,18
59529,-424
59530,-164
59531,-432
59532,-90
59533,-219
59534,128
59535,-80
59536,-3
59537,32
59538,-244
59539,-340
59540,-40
59541,0
59542,162
59543,-152
59544,-84
59545,424
59546,-140
59547,736
59548,-3
59549,-54
59550,-484
59551,-54
59552,-140
59553,120
59554,-368
59555,-392
59556,24
59557,-87
59558,-384
59559,12
59560,-324
59561,-286
59562,184
59563,168
59564,94
59565,-96
59566,-100
59567,-74
59568,12
59569,216
59570,288
59571,59
59572,150
59573,-54
59574,-140
59575,-396
59576,-144
59577,-504
59578,225
59579,480
59580,-104
59581,108
59582,-171
59583,308
59584,56
59585,216
59586,280
59587,104
59588,-208
59589,60
59590,-64
59591,453
59592,0
59593,480
59594,216
59595,48
59596,180
59597,432
59598,-84
59599,-24
59600,88
59601,-44
59602,186
59603,-168
59604,136
59605,180
59606,-268
59607,-12
59608,-81
59609,-48
59610,-128
59611,394
59612,18
59613,162
59614,72
59615,-508
59616,440
59617,-37
59618,195
59619,-144
59620,-128
59621,265
59622,40
59623,-459
59624,-12
59625,120
59626,-96
59627,-232
59628,-112
59629,-74
59630,0
59631,640
59632,-8
59633,-84
59634,2
59635,-32
59636,51
59637,640
59638,-196
59639,-64
59640,-648
59641,-56
59642,-256
59643,136
59644,-135
59645,-120
59646,150
59647,-510
59648,187
59649,368
59650,-231
59651,441
59652,13
59653,30
59654,360
59655,864
59656,-138
59657,-144
59658,16
59659,44
59660,256
59661,-168
59662,-328
59663,60
59664,16
59665,-264
59666,150
59667,268
59668,-252
59669,90
59670,240
59671,-428
59672,-6
59673,116
59674,-90
59675,-1188
59676,-150
59677,162
59678,45
59679,16
59680,40
59681,54
59682,60
59683,385
59684,-7
59685,-256
59686,-388
59687,12
59688,114
59689,168
59690,288
59691,36
59692,-1
59693,-42
59694,20
59695,400
59696,-135
59697,-308
59698,72
59699,-163
59700,220
59701,231
59702,-148
59703,600
59704,-72
59705,560
59706,108
59707,-175
59708,-256
59709,-430
59710,-300
59711,-225
59712,448
59713,384
59714,-10
59715,-208
59716,-2
59717,312
59718,-114
59719,0
59720,-120
59721,192
59722,-285
59723,-53
59724,-120
59725,374
59726,209
59727,224
59728,-89
59729,-270
59730,64
59731,80
59732,51
59733,18
59734,73
59735,360
59736,72
59737,-729
59738,-81
59739,432
59740,-128
59741,40
59742,-20
59743,-126
59744,40
59745,-24
59746,137
59747,-297
59748,-100
59749,-216
59750,-576
59751,24
59752,432
59753,-98
59754,16
59755,-144
59756,-228
59757,-24
59758,246
59759,-486
59760,36
59761,200
59762,-229
59763,512
59764,-56
59765,-72
59766,288
59767,-152
59768,270
59769,4
59770,448
59771,470
59772,-54
59773,-360
59774,-100
59775,264
59776,108
59777,82
59778,-117
59779,456
59780,64
59781,-296
59782,-63
59783,0
59784,270
59785,-416
59786,-32
59787,-30
59788,78
59789,153
59790,192
59791,-20
59792,6
59793,-80
59794,-246
59795,44
59796,-12
59797,340
59798,-54
59799,-468
59800,-1320
59801,12
59802,32
59803,-140
59804,204
59805,144
59806,-84
59807,-456
59808,0
59809,148
59810,92
59811,184
59812,72
59813,-420
59814,-81
59815,792
59816,366
59817,-256
59818,-192
59819,396
59820,496
59821,-2
59822,-264
59823,64
59824,-20
59825,-638
59826,192
59827,-68
59828,-78
59829,-48
59830,720
59831,-252
59832,168
59833,-169
59834,202
59835,544
59836,78
59837,30
59838,56
59839,-305
59840,-336
59841,-136
59842,78
59843,-432
59844,-114
59845,72
59846,-216
59847,20
59848,18
59849,48
59850,132
59851,432
59852,-260
59853,-540
59854,58
59855,-728
59856,-28
59857,-54
59858,-157
59859,198
59860,-72
59861,-342
59862,96
59863,80
59864,441
59865,-1280
59866,-132
59867,-75
59868,-35
59869,-96
59870,-448
59871,426
59872,-230
59873,-100
59874,216
59875,216
59876,-6
59877,-58
59878,90
59879,-51
59880,-672
59881,-22
59882,40
59883,-368
59884,40
59885,192
59886,-216
59887,128
59888,-36
59889,186
59890,40
59891,120
59892,432
59893,-40
59894,-52
59895,96
59896,207
59897,0
59898,112
59899,-210
59900,-77
59901,-504
59902,160
59903,-171
59904,55
59905,-392
59906,300
59907,-40
59908,54
59909,96
59910,-208
59911,-52
59912,-426
59913,240
59914,-2
59915,-544
59916,2
59917,540
59918,-206
59919,372
59920,-144
59921,307
59922,-2
59923,648
59924,216
59925,594
59926,-27
59927,78
59928,-264
59929,344
59930,-440
59931,0
59932,-144
59933,48
59934,-324
59935,-456
59936,-320
59937,48
59938,-64
59939,-104
59940,-132
59941,27
59942,189
59943,-100
59944,192
59945,-288
59946,-384
59947,66
59948,-177
59949,100
59950,-748
59951,-114
59952,-118
59953,192
59954,-360
59955,-504
59956,130
59957,375
59958,60
59959,-72
59960,0
59961,640
59962,99
59963,224
59964,-168
59965,112
59966,40
59967,-128
59968,84
59969,-135
59970,-152
59971,-322
59972,72
59973,-262
59974,0
59975,264
59976,-18
59977,-198
59978,152
59979,92
59980,128
59981,-210
59982,-440
59983,-432
59984,-8
59985,-252
59986,0
59987,152
59988,-232
59989,-216
59990,-684
59991,-234
59992,-249
59993,-138
59994,-32
59995,-432
59996,-80
59997,-12
59998,6
59999,-139
60000,-410
60001,26
60002,-8
60003,-16
60004,-138
60005,-384
60006,-12
60007,360
60008,-210
60009,-180
60010,144
60011,-354
60012,-57
60013,-294
60014,135
60015,-16
60016,45
60017,-58
60018,228
60019,405
60020,-328
60021,-200
60022,-17
60023,-640
60024,-432
60025,-649
60026,30
60027,288
60028,28
60029,-379
60030,64
60031,-4
60032,-63
60033,-56
60034,225
60035,-632
60036,-138
60037,230
60038,344
60039,54
60040,480
60041,-50
60042,228
60043,84
60044,-78
60045,512
60046,-21
60047,-360
60048,-64
60049,320
60050,-451
60051,-6
60052,-170
60053,48
60054,118
60055,700
60056,-492
60057,4
60058,4
60059,-136
60060,480
60061,144
60062,192
60063,260
60064,-110
60065,-324
60066,-81
60067,-69
60068,-18
60069,-132
60070,-596
60071,-224
60072,420
60073,410
60074,8
60075,0
60076,176
60077,-326
60078,216
60079,16
60080,-48
60081,108
60082,-232
60083,-174
60084,-40
60085,-288
60086,-220
60087,386
60088,-54
60089,230
60090,608
60091,-328
60092,-18
60093,112
60094,173
60095,72
60096,112
60097,160
60098,30
60099,-560
60100,308
60101,-46
60102,165
60103,177
60104,432
60105,-456
60106,-117
60107,-384
60108,-14
60109,378
60110,-504
60111,-80
60112,-40
60113,-117
60114,-154
60115,-160
60116,-24
60117,160
60118,219
60119,-60
60120,96
60121,96
60122,-144
60123,20
60124,-72
60125,360
60126,-424
60127,-225
60128,50
60129,36
60130,540
60131,160
60132,226
60133,74
60134,-360
60135,-768
60136,69
60137,135
60138,-10
60139,12
60140,432
60141,-144
60142,212
60143,24
60144,-24
60145,-160
60146,48
60147,9
60148,216
60149,-142
60150,-594
60151,-30
60152,96
60153,24
60154,-220
60155,-220
60156,-8
60157,-182
60158,150
60159,72
60160,-612
60161,-387
60162,48
60163,-156
60164,0
60165,0
60166,182
60167,-165
60168,816
60169,47
60170,-432
60171,-18
60172,-64
60173,-184
60174,52
60175,198
60176,-13
60177,440
60178,-201
60179,438
60180,192
60181,-352
60182,53
60183,-110
60184,72
60185,8
60186,-288
60187,16
60188,18
60189,300
60190,320
60191,-432
60192,80
60193,-117
60194,28
60195,528
60196,-16
60197,60
60198,-160
60199,156
60200,693
60201,92
60202,-342
60203,140
60204,16
60205,472
60206,-27
60207,432
60208,45
60209,209
60210,-128
60211,80
60212,221
60213,-156
60214,-288
60215,-488
60216,-600
60217,76
60218,158
60219,98
60220,148
60221,92
60222,156
60223,334
60224,315
60225,-176
60226,-258
60227,-42
60228,-72
60229,90
60230,-320
60231,-390
60232,468
60233,-126
60234,-34
60235,-60
60236,112
60237,384
60238,212
60239,24
60240,72
60241,108
60242,390
60243,-504
60244,-202
60245,180
60246,24
60247,264
60248,81
60249,-72
60250,-240
60251,-298
60252,128
60253,0
60254,-81
60255,-320
60256,285
60257,206
60258,-90
60259,-392
60260,-96
60261,40
60262,90
60263,78
60264,270
60265,-48
60266,-1
60267,-348
60268,160
60269,-488
60270,-144
60271,-56
60272,63
60273,6
60274,132
60275,550
60276,158
60277,-510
60278,-7
60279,288
60280,144
60281,-130
60282,27
60283,672
60284,-99
60285,576
60286,126
60287,-24
60288,96
60289,-166
60290,-300
60291,96
60292,-54
60293,109
60294,220
60295,900
60296,474
60297,40
60298,-48
60299,-204
60300,-77
60301,234
60302,-204
60303,-12
60304,101
60305,888
60306,-328
60307,435
60308,-17
60309,-162
60310,12
60311,-513
60312,432
60313,412
60314,5
60315,-656
60316,45
60317,-48
60318,-32
60319,-64
60320,200
60321,-66
60322,-312
60323,-92
60324,-200
60325,352
60326,-432
60327,146
60328,384
60329,448
60330,512
60331,130
60332,-158
60333,-216
60334,384
60335,-960
60336,27
60337,-311
60338,262
60339,-380
60340,72
60341,-72
60342,0
60343,214
60344,-264
60345,-352
60346,480
60347,-99
60348,216
60349,-160
60350,297
60351,-94
60352,504
60353,420
60354,-27
60355,-320
60356,0
60357,-576
60358,144
60359,-455
60360,144
60361,546
60362,-130
60363,-48
60364,110
60365,220
60366,-98
60367,-105
60368,60
60369,-182
60370,388
60371,56
60372,-140
60373,130
60374,-310
60375,-1152
60376,243
60377,16
60378,4
60379,140
60380,-280
60381,96
60382,-132
60383,276
60384,-90
60385,0
60386,238
60387,150
60388,-252
60389,126
60390,-128
60391,-66
60392,456
60393,360
60394,-202
60395,72
60396,108
60397,-273
60398,-80
60399,-332
60400,-33
60401,-128
60402,-48
60403,12
60404,-229
60405,96
60406,-341
60407,28
60408,-72
60409,-160
60410,-552
60411,-380
60412,252
60413,-346
60414,-212
60415,840
60416,-184
60417,6
60418,-48
60419,54
60420,160
60421,-216
60422,-82
60423,144
60424,405
60425,682
60426,22
60427,307
60428,138
60429,112
60430,-16
60431,0
60432,24
60433,-64
60434,-252
60435,-120
60436,34
60437,310
60438,204
60439,-168
60440,-264
60441,348
60442,234
60443,272
60444,16
60445,-768
60446,205
60447,-224
60448,300
60449,168
60450,-990
60451,200
60452,-72
60453,0
60454,16
60455,96
60456,48
60457,174
60458,-84
60459,210
60460,-128
60461,576
60462,-42
60463,545
60464,44
60465,256
60466,-8
60467,-768
60468,136
60469,288
60470,-288
60471,15
60472,372
60473,15
60474,186
60475,792
60476,-220
60477,240
60478,-40
60479,288
60480,-336
60481,576
60482,-38
60483,34
60484,166
60485,152
60486,-120
60487,42
60488,-183
60489,180
60490,-672
60491,-90
60492,20
60493,-242
60494,-48
60495,-408
60496,-40
60497,-303
60498,16
60499,-14
60500,120
60501,294
60502,-48
60503,-78
60504,-48
60505,-400
60506,316
60507,117
60508,-45
60509,369
60510,-56
60511,-540
60512,-360
60513,-272
60514,100
60515,160
60516,-40
60517,-76
60518,-80
60519,4
60520,0
60521,-99
60522,-72
60523,-84
60524,-102
60525,209
60526,105
60527,-225
60528,120
60529,-492
60530,-36
60531,192
60532,15
60533,484
60534,-128
60535,72
60536,-648
60537,24
60538,-313
60539,-206
60540,-432
60541,355
60542,122
60543,150
60544,84
60545,104
60546,16
60547,0
60548,21
60549,62
60550,132
60551,81
60552,75
60553,256
60554,-45
60555,64
60556,218
60557,648
60558,-32
60559,144
60560,-56
60561,-24
60562,192
60563,225
60564,-64
60565,-404
60566,124
60567,-410
60568,-42
60569,-99
60570,16
60571,-216
60572,48
60573,416
60574,-486
60575,-209
60576,-180
60577,-540
60578,72
60579,-40
60580,220
60581,112
60582,128
60583,-360
60584,189
60585,-336
60586,-2
60587,-140
60588,132
60589,-316
60590,-72
60591,16
60592,-3
60593,400
60594,112
60595,-244
60596,-109
60597,116
60598,162
60599,-216
60600,-132
60601,92
60602,320
60603,356
60604,272
60605,-864
60606,-45
60607,-130
60608,-392
60609,0
60610,-128
60611,384
60612,4
60613,64
60614,-90
60615,-416
60616,279
60617,183
60618,328
60619,-50
60620,12
60621,-80
60622,198
60623,228
60624,7
60625,-492
60626,-102
60627,-576
60628,72
60629,-252
60630,504
60631,34
60632,-300
60633,-33
60634,216
60635,-56
60636,18
60637,-323
60638,-230
60639,108
60640,-80
60641,-96
60642,-176
60643,-96
60644,-119
60645,1280
60646,88
60647,270
60648,-54
60649,476
60650,-616
60651,72
60652,16
60653,48
60654,-144
60655,-312
60656,-24
60657,-432
60658,-300
60659,-270
60660,92
60661,-79
60662,-14
60663,56
60664,-96
60665,-736
60666,80
60667,576
60668,10
60669,396
60670,12
60671,288
60672,340
60673,-189
60674,0
60675,968
60676,-108
60677,-360
60678,-24
60679,160
60680,-324
60681,16
60682,-136
60683,225
60684,-250
60685,40
60686,264
60687,16
60688,91
60689,-182
60690,-192
60691,-27
60692,-195
60693,422
60694,86
60695,-320
60696,-360
60697,240
60698,0
60699,94
60700,-308
60701,56
60702,-42
60703,-205
60704,-120
60705,-144
60706,192
60707,39
60708,-128
60709,-288
60710,-720
60711,-240
60712,330
60713,-34
60714,32
60715,324
60716,-84
60717,-162
60718,-294
60719,-450
60720,256
60721,-288
60722,96
60723,-80
60724,108
60725,-33
60726,-16
60727,52
60728,324
60729,396
60730,-460
60731,-248
60732,-30
60733,-220
60734,79
60735,-816
60736,-70
60737,-125
60738,0
60739,-381
60740,100
60741,66
60742,-45
60743,-512
60744,-282
60745,36
60746,372
60747,294
60748,-110
60749,-20
60750,-240
60751,-440
60752,42
60753,504
60754,72
60755,216
60756,144
60757,89
60758,36
60759,-112
60760,-216
60761,74
60762,-360
60763,-40
60764,116
60765,-680
60766,400
60767,-258
60768,-120
60769,-84
60770,-512
60771,108
60772,-88
60773,-226
60774,288
60775,-660
60776,324
60777,-20
60778,283
60779,-216
60780,-152
60781,-300
60782,-152
60783,96
60784,-6
60785,-460
60786,128
60787,0
60788,120
60789,-288
60790,-384
60791,135
60792,-144
60793,-376
60794,38
60795,-240
60796,-30
60797,488
60798,4
60799,2
60800,-132
60801,-80
60802,42
60803,-81
60804,36
60805,-204
60806,-227
60807,-196
60808,480
60809,12
60810,296
60811,-438
60812,16
60813,-22
60814,255
60815,-592
60816,12
60817,-496
60818,9
60819,384
60820,312
60821,-292
60822,153
60823,-102
60824,18
60825,-990
60826,198
60827,-285
60828,18
60829,216
60830,-480
60831,132
60832,-330
60833,-72
60834,142
60835,576
60836,77
60837,-300
60838,48
60839,117
60840,144
60841,160
60842,20
60843,126
60844,-135
60845,-448
60846,-156
60847,513
60848,-108
60849,45
60850,-462
60851,234
60852,-176
60853,135
60854,178
60855,-512
60856,144
60857,-144
60858,-64
60859,-79
60860,-48
60861,-56
60862,-192
60863,-30
60864,-280
60865,324
60866,-175
60867,123
60868,-172
60869,-366
60870,-8
60871,-100
60872,-234
60873,288
60874,184
60875,672
60876,0
60877,-294
60878,224
60879,240
60880,-24
60881,176
60882,-64
60883,12
60884,180
60885,576
60886,90
60887,211
60888,336
60889,249
60890,-392
60891,18
60892,-160
60893,-522
60894,30
60895,-144
60896,80
60897,100
60898,299
60899,457
60900,132
60901,114
60902,24
60903,-14
60904,-624
60905,240
60906,72
60907,16
60908,104
60909,-40
60910,400
60911,249
60912,-99
60913,-5
60914,24
60915,-216
60916,192
60917,319
60918,360
60919,453
60920,48
60921,120
60922,18
60923,81
60924,-220
60925,-759
60926,-90
60927,416
60928,-99
60929,0
60930,-48
60931,-595
60932,126
60933,392
60934,105
60935,-24
60936,240
60937,18
60938,31
60939,96
60940,-224
60941,40
60942,138
60943,16
60944,-45
60945,576
60946,-252
60947,8
60948,9
60949,-153
60950,440
60951,-64
60952,-324
60953,-39
60954,-124
60955,-64
60956,64
60957,85
60958,10
60959,-369
60960,320
60961,-52
60962,-12
60963,-624
60964,38
60965,0
60966,-24
60967,-81
60968,-174
60969,142
60970,420
60971,96
60972,-94
60973,-320
60974,-28
60975,-88
60976,48
60977,-810
60978,80
60979,192
60980,380
60981,56
60982,252
60983,-590
60984,-45
60985,520
60986,142
60987,72
60988,-200
60989,-405
60990,-384
60991,-219
60992,126
60993,-90
60994,50
60995,864
60996,240
60997,46
60998,-234
60999,342
61000,576
61001,410
61002,25
61003,260
61004,6
61005,144
61006,288
61007,233
61008,162
61009,-36
61010,-188
61011,-84
61012,156
61013,-108
61014,250
61015,-480
61016,126
61017,-48
61018,-166
61019,-96
61020,32
61021,128
61022,-235
61023,428
61024,-5
61025,484
61026,-36
61027,102
61028,-32
61029,-53
61030,-288
61031,-30
61032,486
61033,306
61034,-172
61035,320
61036,-108
61037,371
61038,-40
61039,144
61040,-204
61041,324
61042,-416
61043,404
61044,196
61045,56
61046,-33
61047,144
61048,-540
61049,243
61050,-264
61051,-322
61052,84
61053,18
61054,0
61055,276
61056,15
61057,-123
61058,-136
61059,-62
61060,-252
61061,-480
61062,36
61063,-209
61064,-234
61065,-256
61066,60
61067,220
61068,-48
61069,-48
61070,324
61071,-534
61072,4
61073,400
61074,110
61075,132
61076,6
61077,-216
61078,120
61079,-320
61080,576
61081,-252
61082,-162
61083,-16
61084,113
61085,416
61086,10
61087,-120
61088,-360
61089,492
61090,-288
61091,-167
61092,39
61093,320
61094,-36
61095,-584
61096,-216
61097,252
61098,-42
61099,-159
61100,-495
61101,-72
61102,24
61103,-28
61104,56
61105,40
61106,103
61107,-54
61108,60
61109,-130
61110,144
61111,-696
61112,-48
61113,-350
61114,136
61115,-216
61116,128
61117,501
61118,-205
61119,-8
61120,0
61121,5
61122,-128
61123,-352
61124,72
61125,-48
61126,-160
61127,504
61128,192
61129,292
61130,-204
61131,486
61132,54
61133,2
61134,-144
61135,116
61136,48
61137,-52
61138,264
61139,-320
61140,96
61141,307
61142,-292
61143,0
61144,-423
61145,492
61146,-70
61147,-243
61148,126
61149,408
61150,429
61151,240
61152,100
61153,367
61154,-58
61155,132
61156,32
61157,-104
61158,-238
61159,198
61160,768
61161,-48
61162,70
61163,522
61164,14
61165,900
61166,18
61167,40
61168,-26
61169,176
61170,-56
61171,252
61172,-18
61173,114
61174,-54
61175,891
61176,-180
61177,-108
61178,24
61179,192
61180,-384
61181,400
61182,-256
61183,-192
61184,-408
61185,40
61186,145
61187,249
61188,-8
61189,336
61190,192
61191,25
61192,321
61193,-424
61194,-486
61195,-264
61196,-56
61197,196
61198,84
61199,-220
61200,-33
61201,-118
61202,54
61203,-240
61204,-240
61205,-388
61206,194
61207,-216
61208,-90
61209,32
61210,228
61211,186
61212,2
61213,90
61214,80
61215,-480
61216,-360
61217,210
61218,-16
61219,36
61220,248
61221,-34
61222,252
61223,292
61224,6
61225,-990
61226,192
61227,-1
61228,125
61229,-99
61230,-640
61231,256
61232,0
61233,-250
61234,-222
61235,312
61236,168
61237,-144
61238,-175
61239,48
61240,-516
61241,-72
61242,64
61243,60
61244,72
61245,40
61246,-16
61247,48
61248,-112
61249,-104
61250,82
61251,246
61252,-94
61253,247
61254,-81
61255,-24
61256,-540
61257,-216
61258,-510
61259,480
61260,24
61261,-451
61262,-276
61263,300
61264,-81
61265,392
61266,296
61267,-288
61268,-40
61269,180
61270,-32
61271,-168
61272,72
61273,414
61274,-29
61275,616
61276,-124
61277,46
61278,264
61279,231
61280,-200
61281,-28
61282,-70
61283,152
61284,130
61285,576
61286,-126
61287,162
61288,-27
61289,16
61290,176
61291,235
61292,-120
61293,448
61294,72
61295,1440
61296,-90
61297,122
61298,212
61299,32
61300,-44
61301,-360
61302,168
61303,-80
61304,360
61305,448
61306,18
61307,-56
61308,15
61309,-39
61310,-192
61311,0
61312,27
61313,-264
61314,0
61315,-664
61316,120
61317,154
61318,-504
61319,168
61320,-144
61321,0
61322,-5
61323,348
61324,-68
61325,352
61326,-92
61327,-414
61328,31
61329,-34
61330,-384
61331,300
61332,152
61333,-175
61334,-345
61335,72
61336,324
61337,-162
61338,-96
61339,-398
61340,-248
61341,384
61342,-256
61343,-216
61344,180
61345,-328
61346,-114
61347,-120
61348,16
61349,324
61350,110
61351,-52
61352,120
61353,81
61354,311
61355,-744
61356,-140
61357,-40
61358,136
61359,-8
61360,160
61361,-378
61362,-84
61363,414
61364,-82
61365,-56
61366,-48
61367,153
61368,486
61369,-144
61370,36
61371,316
61372,-14
61373,-540
61374,200
61375,-480
61376,63
61377,504
61378,243
61379,-64
61380,-144
61381,173
61382,-198
61383,-180
61384,138
61385,228
61386,-180
61387,-384
61388,-128
61389,96
61390,204
61391,364
61392,26
61393,-50
61394,-22
61395,144
61396,74
61397,60
61398,-44
61399,225
61400,-1056
61401,-576
61402,80
61403,-13
61404,-126
61405,-384
61406,-191
61407,-106
61408,-40
61409,-132
61410,0
61411,432
61412,325
61413,224
61414,150
61415,-144
61416,-75
61417,-190
61418,324
61419,-16
61420,108
61421,6
61422,48
61423,48
61424,-16
61425,-660
61426,-194
61427,-160
61428,240
61429,-162
61430,288
61431,-336
61432,-540
61433,-312
61434,54
61435,128
61436,66
61437,4
61438,-240
61439,63
61440,-8
61441,-16
61442,-225
61443,-47
61444,-10
61445,192
61446,-64
61447,266
61448,-210
61449,-516
61450,506
61451,10
61452,4
61453,-87
61454,272
61455,240
61456,64
61457,36
61458,66
61459,0
61460,96
61461,126
61462,250
61463,224
61464,-270
61465,16
61466,-14
61467,492
61468,-40
61469,-315
61470,144
61471,167
61472,30
61473,36
61474,-201
61475,528
61476,306
61477,-490
61478,136
61479,-320
61480,-120
61481,-234
61482,168
61483,66
61484,176
61485,-480
61486,9
61487,-342
61488,-24
61489,-39
61490,-560
61491,320
61492,43
61493,256
61494,84
61495,72
61496,15
61497,146
61498,-240
61499,0
61500,432
61501,588
61502,0
61503,360
61504,350
61505,-292
61506,84
61507,-299
61508,-117
61509,24
61510,80
61511,-44
61512,-264
61513,78
61514,152
61515,216
61516,-15
61517,88
61518,-106
61519,252
61520,-176
61521,-444
61522,-228
61523,-324
61524,66
61525,1056
61526,88
61527,-498
61528,363
61529,-180
61530,-216
61531,105
61532,-61
61533,140
61534,100
61535,792
61536,-90
61537,192
61538,-60
61539,-120
61540,24
61541,-360
61542,105
61543,159
61544,-96
61545,-64
61546,-132
61547,12
61548,-128
61549,432
61550,-352
61551,162
61552,12
61553,354
61554,-240
61555,-1120
61556,-104
61557,144
61558,-264
61559,-364
61560,-528
61561,205
61562,-260
61563,76
61564,-64
61565,336
61566,-468
61567,160
61568,45
61569,70
61570,108
61571,-488
61572,78
61573,126
61574,-192
61575,-528
61576,-84
61577,-144
61578,-128
61579,192
61580,-240
61581,-20
61582,108
61583,-393
61584,-52
61585,136
61586,-135
61587,-320
61588,0
61589,-120
61590,128
61591,-132
61592,-360
61593,108
61594,-640
61595,384
61596,16
61597,144
61598,-264
61599,256
61600,660
61601,38
61602,360
61603,-180
61604,-65
61605,112
61606,179
61607,-180
61608,54
61609,-326
61610,64
61611,-64
61612,48
61613,-141
61614,-12
61615,576
61616,-29
61617,-576
61618,-330
61619,-336
61620,400
61621,120
61622,-212
61623,-72
61624,-264
61625,-144
61626,316
61627,-180
61628,243
61629,144
61630,-516
61631,116
61632,-84
61633,-120
61634,65
61635,-864
61636,-180
61637,-48
61638,188
61639,220
61640,-672
61641,66
61642,18
61643,44
61644,-288
61645,-336
61646,415
61647,292
61648,117
61649,-96
61650,33
61651,429
61652,42
61653,40
61654,-4
61655,512
61656,36
61657,-148
61658,80
61659,135
61660,-48
61661,-72
61662,336
61663,-240
61664,405
61665,632
61666,-420
61667,100
61668,84
61669,90
61670,216
61671,-368
61672,300
61673,74
61674,-8
61675,-407
61676,36
61677,0
61678,-44
61679,171
61680,-16
61681,-184
61682,-217
61683,-16
61684,-213
61685,-96
61686,64
61687,331
61688,216
61689,160
61690,360
61691,24
61692,120
61693,0
61694,272
61695,400
61696,-170
61697,-112
61698,60
61699,360
61700,44
61701,-96
61702,256
61703,302
61704,-171
61705,-756
61706,118
61707,-448
61708,-40
61709,552
61710,120
61711,-90
61712,-24
61713,24
61714,40
61715,524
61716,96
61717,188
61718,-325
61719,66
61720,528
61721,-72
61722,80
61723,-154
61724,-20
61725,-176
61726,57
61727,186
61728,260
61729,-131
61730,488
61731,-88
61732,256
61733,-240
61734,160
61735,-272
61736,-6
61737,-550
61738,-98
61739,168
61740,-60
61741,-12
61742,-58
61743,368
61744,33
61745,-220
61746,-162
61747,393
61748,168
61749,228
61750,480
61751,88
61752,-486
61753,120
61754,324
61755,256
61756,-16
61757,78
61758,-18
61759,-15
61760,-560
61761,-72
61762,292
61763,-590
61764,-36
61765,704
61766,0
61767,133
61768,-414
61769,84
61770,144
61771,-112
61772,78
61773,64
61774,-154
61775,-396
61776,80
61777,-4
61778,-240
61779,-502
61780,336
61781,210
61782,-342
61783,-216
61784,324
61785,252
61786,45
61787,-108
61788,-64
61789,120
61790,-96
61791,-126
61792,190
61793,152
61794,28
61795,96
61796,-45
61797,-376
61798,-112
61799,168
61800,-1056
61801,-232
61802,-115
61803,561
61804,-14
61805,-756
61806,160
61807,8
61808,56
61809,512
61810,-312
61811,54
61812,6
61813,-254
61814,558
61815,-800
61816,-363
61817,-93
61818,192
61819,422
61820,480
61821,73
61822,-257
61823,216
61824,-144
61825,264
61826,208
61827,-12
61828,-90
61829,-156
61830,-32
61831,30
61832,72
61833,-210
61834,-126
61835,288
61836,-56
61837,393
61838,36
61839,8
61840,88
61841,-315
61842,-96
61843,212
61844,-111
61845,-864
61846,96
61847,704
61848,135
61849,-224
61850,352
61851,250
61852,-102
61853,-200
61854,-192
61855,0
61856,-360
61857,80
61858,144
61859,-9
61860,216
61861,-36
61862,165
61863,336
61864,-144
61865,-168
61866,60
61867,0
61868,144
61869,-108
61870,608
61871,-80
61872,80
61873,138
61874,-228
61875,164
61876,252
61877,238
61878,-260
61879,-97
61880,-540
61881,-264
61882,-273
61883,368
61884,0
61885,-312
61886,-96
61887,28
61888,280
61889,-320
61890,-272
61891,-80
61892,-3
61893,-205
61894,-90
61895,-752
61896,-462
61897,-312
61898,-70
61899,144
61900,77
61901,216
61902,8
61903,448
61904,10
61905,-528
61906,15
61907,234
61908,168
61909,272
61910,108
61911,-156
61912,459
61913,-8
61914,-168
61915,-192
61916,-32
61917,-132
61918,-18
61919,-20
61920,140
61921,-148
61922,-159
61923,406
61924,-6
61925,77
61926,-216
61927,-4
61928,-294
61929,84
61930,144
61931,-108
61932,-220
61933,248
61934,-16
61935,208
61936,-20
61937,20
61938,-108
61939,-432
61940,-16
61941,176
61942,-91
61943,-18
61944,0
61945,360
61946,-81
61947,-164
61948,-159
61949,400
61950,528
61951,198
61952,-55
61953,480
61954,-81
61955,748
61956,-5
61957,-120
61958,180
61959,-208
61960,-456
61961,282
61962,416
61963,-84
61964,-18
61965,-156
61966,27
61967,-392
61968,80
61969,171
61970,-48
61971,-330
61972,47
61973,-52
61974,-32
61975,231
61976,-192
61977,64
61978,-132
61979,87
61980,8
61981,232
61982,-27
61983,-108
61984,200
61985,256
61986,-202
61987,382
61988,118
61989,48
61990,-104
61991,-48
61992,324
61993,0
61994,128
61995,-432
61996,-80
61997,180
61998,66
61999,-153
62000,-216
62001,-2
62002,-98
62003,-244
62004,-166
62005,556
62006,336
62007,-80
62008,552
62009,-40
62010,-100
62011,-209
62012,81
62013,-174
62014,-64
62015,-640
62016,-168
62017,-223
62018,-240
62019,228
62020,-108
62021,17
62022,-336
62023,24
62024,-99
62025,-616
62026,66
62027,-270
62028,74
62029,60
62030,-188
62031,-288
62032,-88
62033,0
62034,96
62035,-352
62036,-105
62037,16
62038,123
62039,-413
62040,864
62041,546
62042,112
62043,260
62044,173
62045,-804
62046,-110
62047,90
62048,-210
62049,-210
62050,66
62051,-420
62052,80
62053,344
62054,-288
62055,-108
62056,-207
62057,-200
62058,80
62059,-16
62060,-96
62061,-18
62062,540
62063,160
62064,-6
62065,-204
62066,313
62067,252
62068,-168
62069,57
62070,104
62071,221
62072,204
62073,80
62074,126
62075,0
62076,-108
62077,552
62078,-220
62079,232
62080,-144
62081,-195
62082,94
62083,-30
62084,-108
62085,16
62086,72
62087,450
62088,-300
62089,118
62090,180
62091,-113
62092,-21
62093,-684
62094,-60
62095,96
62096,59
62097,-60
62098,-192
62099,-340
62100,352
62101,-450
62102,83
62103,16
62104,486
62105,76
62106,-360
62107,96
62108,97
62109,-112
62110,-564
62111,-432
62112,10
62113,4
62114,-170
62115,144
62116,-45
62117,112
62118,18
62119,-398
62120,-492
62121,-286
62122,0
62123,-48
62124,-144
62125,-648
62126,243
62127,-440
62128,48
62129,-142
62130,-544
62131,-408
62132,-40
62133,256
62134,-18
62135,-224
62136,-138
62137,427
62138,-144
62139,-456
62140,-480
62141,219
62142,-306
62143,-185
62144,266
62145,116
62146,-480
62147,92
62148,-8
62149,324
62150,88
62151,-216
62152,225
62153,540
62154,-208
62155,972
62156,36
62157,174
62158,243
62159,-96
62160,-72
62161,0
62162,-13
62163,113
62164,138
62165,-264
62166,-120
62167,-324
62168,60
62169,-240
62170,172
62171,-289
62172,-64
62173,-180
62174,135
62175,836
62176,70
62177,-108
62178,140
62179,-225
62180,204
62181,-72
62182,44
62183,76
62184,-360
62185,-200
62186,216
62187,-192
62188,96
62189,302
62190,160
62191,460
62192,96
62193,-236
62194,10
62195,192
62196,36
62197,120
62198,-33
62199,18
62200,1056
62201,-450
62202,-192
62203,9
62204,238
62205,-320
62206,-132
62207,-462
62208,-170
62209,36
62210,408
62211,0
62212,48
62213,-191
62214,-208
62215,32
62216,72
62217,-72
62218,290
62219,-94
62220,-192
62221,336
62222,180
62223,-540
62224,-27
62225,132
62226,-34
62227,-416
62228,-234
62229,24
62230,-64
62231,-40
62232,48
62233,188
62234,-75
62235,352
62236,-208
62237,-45
62238,-576
62239,357
62240,-500
62241,-96
62242,-228
62243,0
62244,60
62245,-768
62246,-246
62247,-558
62248,-243
62249,100
62250,432
62251,-183
62252,-90
62253,9
62254,-54
62255,712
62256,82
62257,350
62258,-12
62259,76
62260,-256
62261,736
62262,104
62263,16
62264,42
62265,480
62266,0
62267,-153
62268,48
62269,50
62270,-180
62271,36
62272,336
62273,85
62274,-288
62275,495
62276,-110
62277,-332
62278,140
62279,162
62280,48
62281,-24
62282,-128
62283,660
62284,96
62285,-516
62286,-54
62287,-80
62288,-6
62289,484
62290,84
62291,-16
62292,-16
62293,-528
62294,-4
62295,-848
62296,105
62297,-376
62298,-58
62299,-488
62300,0
62301,-80
62302,-62
62303,-412
62304,320
62305,-156
62306,294
62307,168
62308,21
62309,290
62310,-504
62311,-74
62312,-288
62313,-360
62314,306
62315,320
62316,56
62317,8
62318,-108
62319,-486
62320,-144
62321,192
62322,-270
62323,-277
62324,-12
62325,-154
62326,-92
62327,-216
62328,-60
62329,352
62330,-256
62331,420
62332,-119
62333,-108
62334,8
62335,180
62336,84
62337,-480
62338,72
62339,240
62340,-360
62341,-576
62342,48
62343,-180
62344,174
62345,-276
62346,20
62347,59
62348,-340
62349,180
62350,-154
62351,4
62352,-1
62353,512
62354,90
62355,672
62356,-27
62357,160
62358,-216
62359,-504
62360,-96
62361,-108
62362,-144
62363,-72
62364,138
62365,-552
62366,-251
62367,-196
62368,-30
62369,-468
62370,528
62371,312
62372,-54
62373,-234
62374,-120
62375,-672
62376,-96
62377,56
62378,-101
62379,48
62380,-96
62381,240
62382,-180
62383,-45
62384,-6
62385,256
62386,-270
62387,-150
62388,-26
62389,0
62390,-24
62391,546
62392,-48
62393,161
62394,-346
62395,760
62396,-96
62397,176
62398,-129
62399,776
62400,770
62401,302
62402,54
62403,576
62404,-23
62405,-792
62406,-46
62407,231
62408,-114
62409,162
62410,-84
62411,416
62412,60
62413,50
62414,336
62415,-32
62416,81
62417,52
62418,-64
62419,90
62420,40
62421,0
62422,-328
62423,288
62424,96
62425,-484
62426,295
62427,-250
62428,-80
62429,-10
62430,-640
62431,216
62432,-320
62433,75
62434,180
62435,-8
62436,-70
62437,66
62438,348
62439,120
62440,288
62441,-6
62442,-16
62443,-36
62444,77
62445,-128
62446,0
62447,540
62448,54
62449,180
62450,-649
62451,20
62452,-205
62453,-12
62454,-54
62455,240
62456,216
62457,0
62458,96
62459,117
62460,-4
62461,207
62462,-71
62463,-162
62464,184
62465,1000
62466,-96
62467,-140
62468,-288
62469,72
62470,-68
62471,-16
62472,72
62473,-106
62474,302
62475,-132
62476,-111
62477,32
62478,0
62479,-42
62480,144
62481,-192
62482,-42
62483,379
62484,-144
62485,-416
62486,160
62487,-15
62488,72
62489,60
62490,112
62491,640
62492,-54
62493,54
62494,57
62495,-48
62496,-135
62497,327
62498,18
62499,162
62500,29
62501,-298
62502,448
62503,-165
62504,-420
62505,-256
62506,86
62507,202
62508,-18
62509,240
62510,432
62511,448
62512,16
62513,344
62514,-24
62515,-480
62516,9
62517,60
62518,95
62519,14
62520,408
62521,-448
62522,56
62523,-59
62524,-16
62525,-792
62526,-24
62527,63
62528,378
62529,-480
62530,-144
62531,-18
62532,220
62533,74
62534,252
62535,128
62536,426
62537,384
62538,162
62539,-214
62540,160
62541,0
62542,116
62543,240
62544,16
62545,-144
62546,-400
62547,428
62548,-32
62549,-225
62550,176
62551,-162
62552,72
62553,-72
62554,186
62555,52
62556,-270
62557,216
62558,-486
62559,-312
62560,480
62561,114
62562,-156
62563,276
62564,-107
62565,672
62566,459
62567,0
62568,-120
62569,-555
62570,-496
62571,-460
62572,-196
62573,-90
62574,234
62575,770
62576,-81
62577,-15
62578,-252
62579,160
62580,192
62581,-58
62582,-90
62583,-192
62584,-387
62585,-328
62586,128
62587,102
62588,188
62589,-72
62590,16
62591,247
62592,-6
62593,-325
62594,-189
62595,-240
62596,-142
62597,412
62598,300
62599,240
62600,264
62601,192
62602,-28
62603,200
62604,27
62605,-144
62606,80
62607,-432
62608,-105
62609,-75
62610,-336
62611,48
62612,192
62613,-242
62614,89
62615,-792
62616,-270
62617,378
62618,72
62619,12
62620,72
62621,35
62622,18
62623,300
62624,-320
62625,384
62626,8
62627,102
62628,192
62629,-600
62630,-4
62631,-127
62632,-18
62633,154
62634,80
62635,96
62636,249
62637,12
62638,-288
62639,-145
62640,32
62641,-27
62642,-323
62643,-384
62644,-20
62645,-336
62646,90
62647,-400
62648,0
62649,-105
62650,-132
62651,-567
62652,176
62653,450
62654,-136
62655,176
62656,0
62657,159
62658,5
62659,-411
62660,-200
62661,-334
62662,-144
62663,240
62664,-36
62665,-108
62666,64
62667,-384
62668,-34
62669,30
62670,448
62671,26
62672,38
62673,150
62674,-305
62675,1496
62676,-2
62677,-209
62678,45
62679,-276
62680,-420
62681,-176
62682,414
62683,88
62684,-36
62685,-120
62686,-250
62687,482
62688,-220
62689,-576
62690,192
62691,208
62692,0
62693,234
62694,-91
62695,248
62696,198
62697,-380
62698,144
62699,-180
62700,352
62701,-388
62702,108
62703,-10
62704,36
62705,8
62706,60
62707,-90
62708,-16
62709,-128
62710,396
62711,-136
62712,105
62713,216
62714,198
62715,48
62716,-40
62717,16
62718,132
62719,-64
62720,136
62721,64
62722,-284
62723,283
62724,130
62725,-1100
62726,220
62727,192
62728,-246
62729,56
62730,108
62731,76
62732,172
62733,528
62734,24
62735,-80
62736,36
62737,308
62738,-160
62739,-147
62740,-168
62741,63
62742,360
62743,31
62744,-864
62745,0
62746,6
62747,-180
62748,-108
62749,-27
62750,216
62751,-730
62752,-75
62753,-99
62754,402
62755,48
62756,-2
62757,8
62758,126
62759,12
62760,120
62761,-131
62762,-348
62763,-294
62764,135
62765,616
62766,80
62767,-688
62768,58
62769,240
62770,308
62771,387
62772,-180
62773,38
62774,-54
62775,1089
62776,288
62777,-160
62778,42
62779,84
62780,-56
62781,192
62782,-132
62783,474
62784,-119
62785,-8
62786,29
62787,-494
62788,-216
62789,-117
62790,960
62791,178
62792,216
62793,-2
62794,-177
62795,-32
62796,-222
62797,231
62798,24
62799,-40
62800,-176
62801,49
62802,-176
62803,-50
62804,18
62805,-400
62806,-171
62807,-2
62808,324
62809,432
62810,336
62811,-186
62812,90
62813,464
62814,12
62815,216
62816,-75
62817,-428
62818,18
62819,-62
62820,16
62821,-504
62822,64
62823,-392
62824,147
62825,792
62826,96
62827,303
62828,-32
62829,80
62830,512
62831,-126
62832,72
62833,336
62834,0
62835,-576
62836,-288
62837,-333
62838,78
62839,0
62840,216
62841,-462
62842,-310
62843,72
62844,90
62845,-300
62846,-54
62847,153
62848,-60
62849,-291
62850,594
62851,-396
62852,-112
62853,108
62854,8
62855,800
62856,-396
62857,-504
62858,-100
62859,848
62860,312
62861,-348
62862,68
62863,-42
62864,55
62865,-128
62866,18
62867,-52
62868,-216
62869,452
62870,48
62871,-368
62872,48
62873,42
62874,84
62875,144
62876,152
62877,74
62878,192
62879,154
62880,120
62881,600
62882,432
62883,36
62884,-100
62885,-664
62886,144
62887,-540
62888,396
62889,12
62890,416
62891,-216
62892,41
62893,238
62894,-360
62895,168
62896,60
62897,-438
62898,-144
62899,9
62900,-99
62901,20
62902,132
62903,-398
62904,-504
62905,864
62906,-81
62907,180
62908,-132
62909,-336
62910,176
62911,20
62912,196
62913,112
62914,36
62915,-80
62916,-48
62917,-339
62918,-20
62919,28
62920,-300
62921,-163
62922,336
62923,0
62924,110
62925,-528
62926,12
62927,103
62928,32
62929,103
62930,216
62931,8
62932,-191
62933,-720
62934,24
62935,1152
62936,-492
62937,90
62938,-101
62939,253
62940,-80
62941,4
62942,-72
62943,36
62944,450
62945,-472
62946,-95
62947,8
62948,-50
62949,-68
62950,132
62951,369
62952,-336
62953,384
62954,301
62955,-104
62956,-79
62957,432
62958,0
62959,-80
62960,-72
62961,216
62962,-42
62963,-120
62964,80
62965,-16
62966,-52
62967,-96
62968,-144
62969,-300
62970,-400
62971,160
62972,60
62973,-18
62974,224
62975,88
62976,-198
62977,-135
62978,300
62979,-192
62980,-252
62981,-377
62982,38
62983,316
62984,-423
62985,-480
62986,-60
62987,132
62988,8
62989,366
62990,-264
62991,240
62992,72
62993,297
62994,-294
62995,-252
62996,51
62997,576
62998,95
62999,92
63000,216
63001,-170
63002,136
63003,490
63004,152
63005,68
63006,286
63007,330
63008,-80
63009,66
63010,-32
63011,-45
63012,0
63013,-8
63014,-52
63015,-880
63016,414
63017,90
63018,-275
63019,276
63020,-96
63021,492
63022,-194
63023,432
63024,20
63025,-88
63026,-293
63027,72
63028,15
63029,-370
63030,0
63031,-268
63032,-360
63033,-270
63034,-12
63035,888
63036,48
63037,-24
63038,-91
63039,-382
63040,-252
63041,-85
63042,-240
63043,408
63044,-36
63045,576
63046,52
63047,315
63048,162
63049,-381
63050,660
63051,-334
63052,-192
63053,-198
63054,-18
63055,-120
63056,27
63057,-156
63058,396
63059,332
63060,-40
63061,-80
63062,-90
63063,-40
63064,309
63065,120
63066,-400
63067,243
63068,-198
63069,238
63070,180
63071,392
63072,40
63073,-399
63074,-288
63075,550
63076,-280
63077,-210
63078,316
63079,204
63080,432
63081,7
63082,-169
63083,200
63084,-72
63085,432
63086,-218
63087,-192
63088,-37
63089,-960
63090,72
63091,-282
63092,216
63093,320
63094,143
63095,148
63096,576
63097,-242
63098,258
63099,396
63100,-198
63101,0
63102,-440
63103,-304
63104,-18
63105,-672
63106,-176
63107,-308
63108,-62
63109,-128
63110,36
63111,680
63112,-360
63113,-162
63114,-224
63115,760
63116,-216
63117,142
63118,48
63119,216
63120,168
63121,-270
63122,75
63123,220
63124,14
63125,-82
63126,96
63127,333
63128,420
63129,576
63130,-384
63131,-152
63132,252
63133,-192
63134,232
63135,256
63136,-290
63137,-324
63138,42
63139,-64
63140,-432
63141,-570
63142,30
63143,88
63144,51
63145,-32
63146,-133
63147,-648
63148,66
63149,106
63150,154
63151,-264
63152,28
63153,-204
63154,15
63155,-120
63156,-112
63157,-66
63158,504
63159,6
63160,-24
63161,80
63162,10
63163,-54
63164,8
63165,792
63166,74
63167,70
63168,378
63169,8
63170,-192
63171,-15
63172,0
63173,-148
63174,-292
63175,-99
63176,-120
63177,312
63178,108
63179,-154
63180,-200
63181,504
63182,-246
63183,-394
63184,-96
63185,-136
63186,-28
63187,48
63188,-78
63189,-72
63190,0
63191,-104
63192,-108
63193,-15
63194,140
63195,320
63196,-72
63197,-230
63198,4
63199,-327
63200,550
63201,224
63202,51
63203,-198
63204,-32
63205,-248
63206,144
63207,140
63208,390
63209,63
63210,-112
63211,175
63212,-196
63213,432
63214,174
63215,684
63216,-8
63217,288
63218,2
63219,-660
63220,-136
63221,0
63222,36
63223,-147
63224,54
63225,330
63226,16
63227,80
63228,-72
63229,105
63230,388
63231,-222
63232,340
63233,-198
63234,-128
63235,80
63236,174
63237,216
63238,27
63239,328
63240,648
63241,-442
63242,-512
63243,4
63244,-12
63245,960
63246,-144
63247,-181
63248,56
63249,32
63250,768
63251,-8
63252,27
63253,-399
63254,238
63255,192
63256,225
63257,9
63258,450
63259,80
63260,160
63261,-396
63262,36
63263,-396
63264,-90
63265,68
63266,-111
63267,284
63268,201
63269,-81
63270,-48
63271,720
63272,-216
63273,144
63274,-84
63275,-517
63276,-48
63277,-13
63278,48
63279,0
63280,24
63281,-200
63282,100
63283,-25
63284,-210
63285,-928
63286,140
63287,-261
63288,108
63289,240
63290,224
63291,32
63292,-60
63293,32
63294,-72
63295,-336
63296,392
63297,-5
63298,30
63299,36
63300,-528
63301,-510
63302,27
63303,200
63304,540
63305,832
63306,51
63307,-48
63308,-24
63309,468
63310,-560
63311,336
63312,0
63313,-266
63314,245
63315,-336
63316,136
63317,-437
63318,-64
63319,-248
63320,-660
63321,-424
63322,351
63323,-60
63324,28
63325,-264
63326,120
63327,64
63328,-180
63329,-459
63330,144
63331,388
63332,-72
63333,99
63334,21
63335,480
63336,-180
63337,268
63338,-140
63339,280
63340,-184
63341,-264
63342,264
63343,-285
63344,36
63345,1152
63346,228
63347,332
63348,-126
63349,180
63350,66
63351,-4
63352,96
63353,4
63354,-132
63355,0
63356,207
63357,-24
63358,270
63359,24
63360,48
63361,277
63362,345
63363,-268
63364,54
63365,256
63366,-64
63367,448
63368,267
63369,188
63370,-8
63371,96
63372,116
63373,224
63374,84
63375,576
63376,33
63377,-145
63378,-18
63379,360
63380,80
63381,126
63382,-196
63383,-210
63384,384
63385,768
63386,-198
63387,6
63388,200
63389,-210
63390,184
63391,35
63392,-240
63393,-48
63394,20
63395,-180
63396,144
63397,-69
63398,95
63399,420
63400,-660
63401,210
63402,46
63403,-324
63404,-15
63405,-80
63406,-2
63407,-25
63408,-100
63409,-354
63410,24
63411,288
63412,0
63413,-366
63414,40
63415,-416
63416,438
63417,540
63418,171
63419,420
63420,-72
63421,474
63422,160
63423,-112
63424,175
63425,616
63426,-400
63427,405
63428,32
63429,-144
63430,-100
63431,48
63432,54
63433,-28
63434,-216
63435,864
63436,184
63437,80
63438,-408
63439,422
63440,-160
63441,-60
63442,-88
63443,-62
63444,-192
63445,-204
63446,300
63447,-180
63448,576
63449,-392
63450,-396
63451,-240
63452,-54
63453,520
63454,-216
63455,180
63456,-20
63457,0
63458,30
63459,36
63460,128
63461,267
63462,132
63463,-256
63464,-342
63465,208
63466,-220
63467,-255
63468,-63
63469,-480
63470,224
63471,-372
63472,24
63473,-14
63474,144
63475,440
63476,-24
63477,128
63478,24
63479,-40
63480,-984
63481,80
63482,-39
63483,192
63484,152
63485,76
63486,-24
63487,-86
63488,-405
63489,228
63490,144
63491,8
63492,-120
63493,-178
63494,-35
63495,-108
63496,225
63497,-540
63498,-16
63499,-60
63500,192
63501,16
63502,161
63503,288
63504,22
63505,1080
63506,60
63507,-388
63508,146
63509,342
63510,32
63511,504
63512,324
63513,86
63514,384
63515,476
63516,140
63517,208
63518,-60
63519,-648
63520,-440
63521,150
63522,-46
63523,-400
63524,-114
63525,-330
63526,232
63527,275
63528,-132
63529,-18
63530,208
63531,-40
63532,-225
63533,311
63534,258
63535,144
63536,12
63537,-294
63538,0
63539,-48
63540,-48
63541,200
63542,-60
63543,384
63544,324
63545,144
63546,0
63547,340
63548,205
63549,-256
63550,891
63551,64
63552,364
63553,82
63554,126
63555,256
63556,187
63557,-150
63558,-192
63559,373
63560,-396
63561,-352
63562,-136
63563,60
63564,-24
63565,-684
63566,-135
63567,162
63568,-6
63569,-128
63570,40
63571,-21
63572,-320
63573,-468
63574,288
63575,891
63576,-78
63577,-70
63578,90
63579,-278
63580,-128
63581,243
63582,-64
63583,-70
63584,-80
63585,704
63586,-240
63587,142
63588,-84
63589,-392
63590,344
63591,-648
63592,429
63593,96
63594,48
63595,960
63596,195
63597,84
63598,208
63599,-146
63600,-110
63601,353
63602,-64
63603,0
63604,148
63605,-248
63606,-320
63607,-120
63608,-195
63609,-330
63610,-416
63611,-297
63612,144
63613,196
63614,-138
63615,-624
63616,-81
63617,97
63618,-352
63619,-18
63620,-168
63621,12
63622,-405
63623,-192
63624,240
63625,576
63626,120
63627,-128
63628,-53
63629,-122
63630,24
63631,108
63632,-108
63633,80
63634,-38
63635,0
63636,102
63637,390
63638,-108
63639,56
63640,-252
63641,-368
63642,-300
63643,-144
63644,-237
63645,-416
63646,-105
63647,198
63648,-75
63649,155
63650,308
63651,-4
63652,-106
63653,205
63654,-306
63655,-64
63656,102
63657,-104
63658,198
63659,56
63660,240
63661,360
63662,32
63663,76
63664,32
63665,432
63666,30
63667,272
63668,192
63669,64
63670,-232
63671,7
63672,72
63673,369
63674,450
63675,-176
63676,88
63677,15
63678,-148
63679,336
63680,-280
63681,138
63682,-192
63683,-224
63684,-16
63685,-288
63686,60
63687,-720
63688,324
63689,34
63690,640
63691,476
63692,66
63693,276
63694,289
63695,-336
63696,104
63697,410
63698,-50
63699,354
63700,110
63701,-120
63702,-52
63703,190
63704,276
63705,-216
63706,140
63707,-108
63708,144
63709,226
63710,-448
63711,19
63712,40
63713,10
63714,162
63715,576
63716,-36
63717,-280
63718,60
63719,-376
63720,-384
63721,-75
63722,-72
63723,-304
63724,0
63725,-330
63726,-280
63727,-217
63728,3
63729,-24
63730,496
63731,-36
63732,-36
63733,24
63734,200
63735,672
63736,54
63737,-198
63738,20
63739,520
63740,256
63741,102
63742,96
63743,-489
63744,306
63745,-512
63746,355
63747,198
63748,-162
63749,54
63750,-246
63751,-222
63752,60
63753,-380
63754,-72
63755,-1152
63756,96
63757,112
63758,234
63759,270
63760,-48
63761,318
63762,28
63763,-291
63764,-96
63765,-340
63766,-226
63767,-135
63768,522
63769,-63
63770,-636
63771,-52
63772,-96
63773,110
63774,260
63775,11
63776,120
63777,-150
63778,-160
63779,-576
63780,16
63781,106
63782,-212
63783,-8
63784,-189
63785,-344
63786,170
63787,-330
63788,-18
63789,576
63790,-412
63791,270
63792,9
63793,352
63794,0
63795,432
63796,225
63797,-84
63798,-270
63799,50
63800,-264
63801,192
63802,-64
63803,77
63804,50
63805,108
63806,-40
63807,-158
63808,-434
63809,215
63810,-16
63811,48
63812,-105
63813,0
63814,-204
63815,208
63816,78
63817,690
63818,-66
63819,57
63820,-252
63821,-168
63822,-320
63823,-99
63824,-68
63825,528
63826,324
63827,-396
63828,99
63829,-162
63830,400
63831,272
63832,60
63833,-456
63834,202
63835,144
63836,28
63837,-36
63838,-8
63839,119
63840,480
63841,361
63842,-33
63843,-330
63844,92
63845,436
63846,-68
63847,16
63848,-24
63849,-92
63850,-495
63851,126
63852,-48
63853,296
63854,-144
63855,448
63856,160
63857,-108
63858,-8
63859,64
63860,576
63861,-468
63862,138
63863,-180
63864,45
63865,200
63866,416
63867,-64
63868,240
63869,375
63870,-48
63871,72
63872,-84
63873,-27
63874,153
63875,-144
63876,-28
63877,-52
63878,160
63879,240
63880,792
63881,-48
63882,144
63883,-520
63884,-84
63885,-256
63886,30
63887,142
63888,-48
63889,330
63890,76
63891,-18
63892,-35
63893,-24
63894,256
63895,560
63896,6
63897,-48
63898,-70
63899,192
63900,-99
63901,94
63902,0
63903,72
63904,-130
63905,352
63906,-98
63907,-142
63908,230
63909,-210
63910,-432
63911,-440
63912,78
63913,-154
63914,-170
63915,960
63916,100
63917,-528
63918,-35
63919,72
63920,-108
63921,-320
63922,243
63923,-108
63924,-36
63925,891
63926,-40
63927,0
63928,-72
63929,-237
63930,672
63931,522
63932,-24
63933,-96
63934,-240
63935,64
63936,84
63937,39
63938,96
63939,406
63940,-512
63941,-63
63942,-364
63943,264
63944,114
63945,-16
63946,180
63947,490
63948,-138
63949,366
63950,143
63951,-244
63952,63
63953,306
63954,48
63955,-168
63956,-64
63957,188
63958,-32
63959,-474
63960,-1080
63961,80
63962,216
63963,512
63964,1
63965,704
63966,-24
63967,90
63968,-95
63969,192
63970,280
63971,-135
63972,16
63973,-180
63974,92
63975,-550
63976,96
63977,-170
63978,-36
63979,-108
63980,-300
63981,-144
63982,-22
63983,612
63984,126
63985,0
63986,-480
63987,336
63988,-135
63989,80
63990,440
63991,0
63992,84
63993,-36
63994,44
63995,-464
63996,108
63997,-88
63998,-328
63999,-135
64000,264
64001,-216
64002,0
64003,30
64004,-50
64005,-216
64006,-84
64007,17
64008,-72
64009,205
64010,-48
64011,352
64012,-160
64013,-76
64014,-198
64015,-864
64016,2
64017,-332
64018,-273
64019,132
64020,384
64021,-34
64022,171
64023,-156
64024,45
64025,-495
64026,96
64027,189
64028,-160
64029,-570
64030,-368
64031,-540
64032,160
64033,38
64034,-40
64035,192
64036,-171
64037,228
64038,240
64039,-189
64040,144
64041,-550
64042,-324
64043,36
64044,-80
64045,-288
64046,9
64047,84
64048,-64
64049,-96
64050,-528
64051,48
64052,-168
64053,-4
64054,-332
64055,64
64056,288
64057,561
64058,219
64059,6
64060,-144
64061,68
64062,-26
64063,168
64064,-420
64065,-656
64066,512
64067,-198
64068,240
64069,450
64070,-224
64071,-66
64072,-291
64073,-303
64074,32
64075,-484
64076,-180
64077,450
64078,-240
64079,-352
64080,0
64081,-290
64082,-163
64083,-306
64084,-3
64085,216
64086,-304
64087,128
64088,300
64089,-12
64090,120
64091,-105
64092,-68
64093,-84
64094,16
64095,-704
64096,380
64097,-448
64098,-16
64099,33
64100,-99
64101,0
64102,98
64103,285
64104,234
64105,-308
64106,120
64107,-81
64108,-324
64109,-101
64110,-208
64111,40
64112,57
64113,378
64114,-210
64115,544
64116,15
64117,-24
64118,-58
64119,-112
64120,72
64121,78
64122,192
64123,-116
64124,-216
64125,-384
64126,-229
64127,-147
64128,48
64129,10
64130,100
64131,-532
64132,213
64133,-208
64134,-72
64135,64
64136,-102
64137,72
64138,11
64139,-117
64140,392
64141,-180
64142,185
64143,12
64144,96
64145,-412
64146,-120
64147,-272
64148,-60
64149,-448
64150,-286
64151,207
64152,-156
64153,-130
64154,-19
64155,1080
64156,-14
64157,60
64158,48
64159,198
64160,-540
64161,44
64162,-288
64163,512
64164,-6
64165,-288
64166,54
64167,36
64168,-60
64169,0
64170,-288
64171,420
64172,168
64173,186
64174,144
64175,99
64176,0
64177,12
64178,-76
64179,92
64180,96
64181,-540
64182,72
64183,-60
64184,-54
64185,800
64186,-63
64187,112
64188,-66
64189,341
64190,-24
64191,-452
64192,-168
64193,-160
64194,80
64195,12
64196,176
64197,-36
64198,-212
64199,70
64200,-792
64201,612
64202,324
64203,60
64204,117
64205,-64
64206,-72
64207,-520
64208,-66
64209,-72
64210,420
64211,264
64212,84
64213,-80
64214,312
64215,-216
64216,96
64217,-117
64218,-384
64219,-48
64220,192
64221,-196
64222,-9
64223,182
64224,40
64225,66
64226,180
64227,160
64228,241
64229,-440
64230,472
64231,368
64232,243
64233,440
64234,-170
64235,72
64236,20
64237,-30
64238,-136
64239,128
64240,32
64241,176
64242,-63
64243,-132
64244,168
64245,264
64246,180
64247,315
64248,366
64249,486
64250,-48
64251,-40
64252,8
64253,63
64254,292
64255,-72
64256,153
64257,50
64258,0
64259,285
64260,144
64261,-96
64262,-256
64263,-720
64264,84
64265,-56
64266,274
64267,-51
64268,77
64269,60
64270,-352
64271,-242
64272,160
64273,560
64274,-231
64275,-1254
64276,17
64277,120
64278,13
64279,441
64280,180
64281,-372
64282,-42
64283,28
64284,-224
64285,1120
64286,-319
64287,-12
64288,-90
64289,280
64290,368
64291,456
64292,55
64293,72
64294,-216
64295,-384
64296,108
64297,-2
64298,-120
64299,-332
64300,286
64301,-375
64302,258
64303,-269
64304,-72
64305,152
64306,120
64307,336
64308,176
64309,-399
64310,-544
64311,-360
64312,267
64313,-36
64314,-242
64315,-192
64316,-171
64317,48
64318,320
64319,240
64320,392
64321,60
64322,-108
64323,-9
64324,160
64325,-891
64326,-54
64327,-12
64328,252
64329,-90
64330,-216
64331,-200
64332,-12
64333,406
64334,-36
64335,-56
64336,82
64337,20
64338,192
64339,160
64340,-352
64341,-144
64342,-140
64343,252
64344,180
64345,168
64346,136
64347,0
64348,126
64349,60
64350,-220
64351,120
64352,320
64353,48
64354,-208
64355,768
64356,-72
64357,256
64358,-120
64359,-156
64360,-876
64361,-160
64362,-108
64363,-180
64364,80
64365,96
64366,-72
64367,0
64368,32
64369,-192
64370,576
64371,392
64372,-60
64373,-279
64374,100
64375,-656
64376,-105
64377,256
64378,-201
64379,9
64380,-48
64381,189
64382,153
64383,512
64384,18
64385,40
64386,4
64387,350
64388,116
64389,-192
64390,108
64391,100
64392,-414
64393,-264
64394,-328
64395,200
64396,168
64397,-108
64398,52
64399,-76
64400,264
64401,544
64402,-35
64403,167
64404,-66
64405,512
64406,-70
64407,372
64408,324
64409,-64
64410,64
64411,-162
64412,114
64413,-21
64414,252
64415,500
64416,-320
64417,6
64418,-405
64419,306
64420,-220
64421,0
64422,-84
64423,424
64424,-258
64425,990
64426,-124
64427,160
64428,240
64429,-160
64430,-48
64431,41
64432,-12
64433,36
64434,26
64435,168
64436,0
64437,-450
64438,-16
64439,-208
64440,-48
64441,-230
64442,183
64443,434
64444,208
64445,472
64446,-576
64447,-64
64448,-140
64449,-432
64450,440
64451,118
64452,-54
64453,31
64454,-105
64455,400
64456,468
64457,0
64458,-98
64459,52
64460,-144
64461,-392
64462,160
64463,252
64464,60
64465,-432
64466,-213
64467,-40
64468,99
64469,840
64470,768
64471,480
64472,-168
64473,-228
64474,56
64475,-847
64476,110
64477,72
64478,128
64479,-472
64480,-900
64481,-273
64482,-432
64483,2
64484,-135
64485,-192
64486,-156
64487,-80
64488,174
64489,-392
64490,56
64491,-162
64492,-144
64493,225
64494,83
64495,-496
64496,-32
64497,518
64498,-72
64499,-170
64500,336
64501,210
64502,264
64503,136
64504,-156
64505,576
64506,280
64507,-18
64508,112
64509,192
64510,-392
64511,720
64512,69
64513,89
64514,181
64515,-768
64516,63
64517,-8
64518,68
64519,-60
64520,216
64521,-84
64522,-52
64523,-42
64524,-128
64525,0
64526,-324
64527,-96
64528,51
64529,-8
64530,-384
64531,567
64532,30
64533,-32
64534,162
64535,-292
64536,-528
64537,-64
64538,328
64539,-18
64540,-264
64541,154
64542,-18
64543,-280
64544,-35
64545,1040
64546,-216
64547,369
64548,4
64549,-126
64550,440
64551,420
64552,177
64553,-202
64554,60
64555,-336
64556,14
64557,132
64558,0
64559,216
64560,-152
64561,-648
64562,-56
64563,-416
64564,28
64565,-48
64566,-72
64567,430
64568,-234
64569,272
64570,576
64571,-340
64572,88
64573,-126
64574,225
64575,-297
64576,378
64577,200
64578,36
64579,-136
64580,-52
64581,512
64582,18
64583,18
64584,-480
64585,232
64586,84
64587,50
64588,-70
64589,-84
64590,264
64591,126
64592,-8
64593,-148
64594,22
64595,-60
64596,-264
64597,280
64598,36
64599,192
64600,-396
64601,202
64602,-36
64603,288
64604,-153
64605,-128
64606,19
64607,224
64608,40
64609,-460
64610,540
64611,-232
64612,-4
64613,-357
64614,0
64615,208
64616,243
64617,-36
64618,246
64619,12
64620,96
64621,-65
64622,-50
64623,-130
64624,42
64625,864
64626,140
64627,-61
64628,36
64629,-56
64630,960
64631,0
64632,324
64633,-428
64634,-198
64635,-1152
64636,40
64637,-340
64638,120
64639,-123
64640,-24
64641,-40
64642,-66
64643,-192
64644,-256
64645,-96
64646,-51
64647,88
64648,-336
64649,375
64650,-132
64651,324
64652,135
64653,192
64654,-242
64655,-560
64656,-26
64657,-324
64658,-44
64659,360
64660,-160
64661,-354
64662,-380
64663,159
64664,72
64665,144
64666,216
64667,398
64668,120
64669,-228
64670,-64
64671,304
64672,315
64673,309
64674,-84
64675,-550
64676,96
64677,-210
64678,-18
64679,-370
64680,-192
64681,477
64682,-176
64683,-63
64684,256
64685,72
64686,262
64687,507
64688,-160
64689,72
64690,-372
64691,216
64692,-28
64693,147
64694,-246
64695,-352
64696,120
64697,378
64698,-378
64699,192
64700,11
64701,-150
64702,48
64703,0
64704,-322
64705,440
64706,-202
64707,396
64708,-132
64709,303
64710,-72
64711,-22
64712,48
64713,120
64714,-60
64715,-72
64716,148
64717,-297
64718,8
64719,297
64720,-176
64721,-240
64722,336
64723,-480
64724,-228
64725,-1012
64726,171
64727,120
64728,54
64729,-100
64730,476
64731,-368
64732,10
64733,-368
64734,-164
64735,240
64736,-120
64737,68
64738,-297
64739,18
64740,360
64741,-18
64742,-140
64743,72
64744,-36
64745,-288
64746,-272
64747,-134
64748,-92
64749,0
64750,-216
64751,-30
64752,72
64753,135
64754,-81
64755,136
64756,-68
64757,-300
64758,-126
64759,-504
64760,-684
64761,96
64762,0
64763,242
64764,-6
64765,60
64766,-225
64767,-336
64768,544
64769,-192
64770,192
64771,-336
64772,-36
64773,96
64774,-176
64775,-660
64776,-414
64777,-768
64778,4
64779,120
64780,-360
64781,-255
64782,-64
64783,-64
64784,102
64785,-96
64786,-16
64787,-144
64788,60
64789,280
64790,576
64791,64
64792,0
64793,-150
64794,-196
64795,276
64796,96
64797,-60
64798,-8
64799,9
64800,-605
64801,-84
64802,179
64803,486
64804,-54
64805,-1240
64806,-264
64807,-32
64808,-96
64809,16
64810,400
64811,428
64812,160
64813,-243
64814,-160
64815,-128
64816,85
64817,11
64818,70
64819,-195
64820,192
64821,-486
64822,90
64823,324
64824,36
64825,88
64826,-226
64827,-236
64828,-100
64829,190
64830,120
64831,285
64832,133
64833,540
64834,-84
64835,-428
64836,74
64837,480
64838,-3
64839,60
64840,-792
64841,-384
64842,-48
64843,-16
64844,-70
64845,-48
64846,24
64847,216
64848,120
64849,-16
64850,451
64851,348
64852,-45
64853,-56
64854,-164
64855,612
64856,-105
64857,350
64858,-196
64859,240
64860,-576
64861,186
64862,-54
64863,-11
64864,185
64865,660
64866,8
64867,-320
64868,42
64869,-504
64870,560
64871,124
64872,45
64873,-166
64874,-10
64875,192
64876,52
64877,-396
64878,-224
64879,245
64880,180
64881,0
64882,-121
64883,-1080
64884,224
64885,576
64886,310
64887,-84
64888,177
64889,-12
64890,192
64891,-282
64892,-67
64893,192
64894,-225
64895,-416
64896,72
64897,48
64898,-51
64899,30
64900,352
64901,-299
64902,8
64903,495
64904,-288
64905,192
64906,-216
64907,261
64908,112
64909,-5
64910,8
64911,-720
64912,64
64913,-576
64914,72
64915,-180
64916,90
64917,17
64918,78
64919,-263
64920,-24
64921,394
64922,220
64923,-168
64924,158
64925,-110
64926,56
64927,-137
64928,-5
64929,720
64930,84
64931,0
64932,132
64933,552
64934,214
64935,240
64936,414
64937,118
64938,-60
64939,-264
64940,0
64941,-228
64942,-264
64943,52
64944,36
64945,-972
64946,-261
64947,-406
64948,-295
64949,-336
64950,-22
64951,388
64952,-288
64953,-81
64954,360
64955,-1040
64956,-76
64957,-144
64958,330
64959,32
64960,-168
64961,420
64962,-297
64963,200
64964,-136
64965,576
64966,116
64967,372
64968,-552
64969,-276
64970,0
64971,69
64972,-24
64973,154
64974,60
64975,-176
64976,27
64977,40
64978,-20
64979,48
64980,-12
64981,426
64982,132
64983,222
64984,198
64985,720
64986,320
64987,580
64988,288
64989,72
64990,336
64991,78
64992,-120
64993,-288
64994,-61
64995,-168
64996,-50
64997,354
64998,-128
64999,-512
65000,615
65001,-396
65002,273
65003,-114
65004,52
65005,-196
65006,117
65007,99
65008,-72
65009,-81
65010,288
65011,144
65012,74
65013,570
65014,18
65015,-848
65016,252
65017,80
65018,-64
65019,12
65020,84
65021,-64
65022,-324
65023,104
65024,-88
65025,-88
65026,360
65027,-228
65028,-24
65029,-109
65030,0
65031,-50
65032,216
65033,-174
65034,2
65035,-128
65036,-18
65037,24
65038,-90
65039,345
65040,64
65041,460
65042,-216
65043,-88
65044,-48
65045,-808
65046,54
65047,-12
65048,108
65049,88
65050,297
65051,-297
65052,80
65053,-254
65054,40
65055,-784
65056,-240
65057,266
65058,228
65059,0
65060,8
65061,-63
65062,-136
65063,296
65064,-384
65065,-576
65066,236
65067,738
65068,186
65069,450
65070,-160
65071,240
65072,-18
65073,340
65074,66
65075,132
65076,48
65077,-368
65078,-350
65079,-3
65080,624
65081,18
65082,136
65083,-84
65084,160
65085,992
65086,-186
65087,-384
65088,14
65089,326
65090,-512
65091,400
65092,76
65093,243
65094,168
65095,-504
65096,480
65097,200
65098,95
65099,-100
65100,-594
65101,104
65102,98
65103,156
65104,-40
65105,-208
65106,-13
65107,81
65108,198
65109,464
65110,-120
65111,-468
65112,-582
65113,256
65114,-327
65115,192
65116,-16
65117,35
65118,-300
65119,-236
65120,-240
65121,36
65122,296
65123,-109
65124,-70
65125,408
65126,-28
65127,270
65128,396
65129,85
65130,-320
65131,0
65132,-228
65133,-118
65134,-88
65135,336
65136,128
65137,-230
65138,-260
65139,324
65140,368
65141,-207
65142,-108
65143,-565
65144,81
65145,112
65146,153
65147,-300
65148,0
65149,297
65150,88
65151,128
65152,72
65153,-312
65154,236
65155,-576
65156,-60
65157,216
65158,-78
65159,184
65160,24
65161,-93
65162,-45
65163,144
65164,-128
65165,232
65166,-340
65167,-202
65168,73
65169,-10
65170,240
65171,-390
65172,20
65173,39
65174,241
65175,-880
65176,-288
65177,-36
65178,108
65179,-50
65180,-148
65181,-146
65182,-680
65183,-260
65184,360
65185,464
65186,360
65187,-80
65188,28
65189,-72
65190,360
65191,336
65192,-180
65193,-324
65194,-54
65195,-480
65196,64
65197,444
65198,-213
65199,-768
65200,11
65201,-28
65202,-330
65203,359
65204,218
65205,-1056
65206,10
65207,-234
65208,-480
65209,-392
65210,180
65211,-236
65212,-27
65213,-122
65214,-44
65215,-328
65216,-84
65217,222
65218,-310
65219,-48
65220,-208
65221,-40
65222,322
65223,32
65224,-567
65225,-495
65226,246
65227,112
65228,32
65229,-78
65230,-320
65231,189
65232,-12
65233,27
65234,240
65235,240
65236,-9
65237,0
65238,-54
65239,28
65240,-396
65241,36
65242,-208
65243,160
65244,-228
65245,40
65246,-24
65247,720
65248,-35
65249,162
65250,-48
65251,-672
65252,-36
65253,512
65254,-240
65255,-252
65256,-288
65257,448
65258,-196
65259,248
65260,180
65261,-498
65262,32
65263,48
65264,-5
65265,64
65266,-155
65267,0
65268,-6
65269,10
65270,384
65271,372
65272,270
65273,-320
65274,-448
65275,-66
65276,104
65277,26
65278,16
65279,-10
65280,-408
65281,48
65282,30
65283,288
65284,180
65285,64
65286,-495
65287,-168
65288,273
65289,-306
65290,-20
65291,-119
65292,216
65293,62
65294,-144
65295,92
65296,60
65297,-192
65298,254
65299,-395
65300,-242
65301,-24
65302,-320
65303,240
65304,36
65305,144
65306,94
65307,288
65308,18
65309,51
65310,-768
65311,-80
65312,-400
65313,288
65314,-16
65315,348
65316,-50
65317,126
65318,-120
65319,178
65320,-864
65321,-162
65322,0
65323,113
65324,-180
65325,770
65326,0
65327,309
65328,-20
65329,432
65330,576
65331,72
65332,-46
65333,280
65334,-36
65335,32
65336,-144
65337,48
65338,-360
65339,-72
65340,80
65341,-6
65342,78
65343,-896
65344,-21
65345,-96
65346,24
65347,2
65348,-150
65349,-15
65350,198
65351,500
65352,450
65353,276
65354,108
65355,-624
65356,132
65357,-21
65358,62
65359,324
65360,-112
65361,-4
65362,-364
65363,-27
65364,270
65365,528
65366,-32
65367,190
65368,207
65369,84
65370,-416
65371,-92
65372,-112
65373,384
65374,180
65375,120
65376,-55
65377,-540
65378,-276
65379,216
65380,-432
65381,186
65382,-54
65383,3
65384,-120
65385,-24
65386,-179
65387,-420
65388,-52
65389,800
65390,-120
65391,-576
65392,-56
65393,224
65394,48
65395,288
65396,71
65397,8
65398,20
65399,-36
65400,-1122
65401,393
65402,20
65403,-84
65404,-81
65405,512
65406,-200
65407,-28
65408,-18
65409,-4
65410,-864
65411,-64
65412,80
65413,446
65414,-188
65415,0
65416,135
65417,-128
65418,-116
65419,-30
65420,324
65421,-76
65422,12
65423,79
65424,-36
65425,594
65426,66
65427,-80
65428,-36
65429,-270
65430,32
65431,432
65432,-36
65433,156
65434,33
65435,-32
65436,-216
65437,-155
65438,213
65439,8
65440,100
65441,-162
65442,240
65443,-555
65444,-248
65445,-432
65446,42
65447,26
65448,-66
65449,69
65450,396
65451,-490
65452,43
65453,48
65454,4
65455,-400
65456,7
65457,135
65458,384
65459,378
65460,-192
65461,5
65462,-198
65463,476
65464,-48
65465,-112
65466,-52
65467,87
65468,60
65469,-512
65470,-392
65471,-270
65472,504
65473,-330
65474,-296
65475,-528
65476,-44
65477,-594
65478,48
65479,-344
65480,-396
65481,-160
65482,-12
65483,164
65484,36
65485,552
65486,72
65487,378
65488,-18
65489,-28
65490,-192
65491,-380
65492,153
65493,40
65494,-40
65495,-800
65496,516
65497,-156
65498,-190
65499,144
65500,72
65501,-351
65502,-224
65503,-207
65504,0
65505,704
65506,171
65507,-340
65508,160
65509,476
65510,-352
65511,-18
65512,-72
65513,0
65514,64
65515,36
65516,108
65517,126
65518,243
65519,142
65520,-60
65521,174
65522,-177
65523,34
65524,214
65525,-924
65526,14
65527,-288
65528,-204
65529,484
65530,-368
65531,376
65532,-112
65533,-50
65534,-81
65535,48
65536,271
65537,408
65538,-104
65539,446
65540,16
65541,-60
65542,-92
65543,208
65544,-348
65545,-424
65546,40
65547,144
65548,-105
65549,64
65550,704
65551,-280
65552,-30
65553,368
65554,52
65555,768
65556,-112
65557,-360
65558,175
65559,400
65560,-384
65561,-160
65562,-32
65563,36
65564,27
65565,-324
65566,315
65567,16
65568,360
65569,72
65570,-360
65571,128
65572,144
65573,568
65574,-36
65575,-616
65576,288
65577,-152
65578,-36
65579,-188
65580,-80
65581,-358
65582,-40
65583,-12
65584,60
65585,1080
65586,156
65587,-182
65588,-184
65589,-234
65590,-144
65591,-48
65592,-159
65593,0
65594,-94
65595,672
65596,369
65597,354
65598,-250
65599,374
65600,-693
65601,27
65602,-86
65603,88
65604,216
65605,-504
65606,334
65607,416
65608,384
65609,76
65610,-292
65611,160
65612,36
65613,-484
65614,35
65615,336
65616,-108
65617,110
65618,357
65619,-160
65620,240
65621,768
65622,-272
65623,-27
65624,270
65625,264
65626,256
65627,-36
65628,9
65629,138
65630,40
65631,-48
65632,-135
65633,420
65634,-120
65635,432
65636,-152
65637,-240
65638,-45
65639,84
65640,-648
65641,-108
65642,-432
65643,-300
65644,7
65645,640
65646,-51
65647,-506
65648,8
65649,280
65650,110
65651,-92
65652,-176
65653,54
65654,114
65655,176
65656,96
65657,-429
65658,-216
65659,-288
65660,56
65661,-336
65662,-281
65663,-10
65664,-48
65665,-672
65666,-138
65667,-240
65668,-3
65669,-144
65670,320
65671,-168
65672,-183
65673,-26
65674,354
65675,297
65676,70
65677,-338
65678,-335
65679,164
65680,96
65681,300
65682,0
65683,-136
65684,105
65685,48
65686,-12
65687,-199
65688,-432
65689,-45
65690,220
65691,-495
65692,40
65693,-8
65694,332
65695,264
65696,80
65697,-384
65698,-384
65699,-160
65700,-22
65701,-101
65702,45
65703,-20
65704,0
65705,-264
65706,-198
65707,-110
65708,-62
65709,-16
65710,548
65711,-16
65712,-56
65713,258
65714,-128
65715,-920
65716,-141
65717,-135
65718,-168
65719,-269
65720,540
65721,-208
65722,-216
65723,-54
65724,132
65725,1056
65726,-16
65727,-119
65728,-350
65729,-152
65730,-192
65731,45
65732,64
65733,-240
65734,304
65735,592
65736,-108
65737,-99
65738,-218
65739,-240
65740,64
65741,300
65742,-134
65743,16
65744,108
65745,448
65746,144
65747,-448
65748,-244
65749,-48
65750,504
65751,-108
65752,-42
65753,-234
65754,-150
65755,24
65756,-120
65757,288
65758,64
65759,-232
65760,120
65761,50
65762,-27
65763,-66
65764,243
65765,-120
65766,48
65767,320
65768,-255
65769,-192
65770,-308
65771,0
65772,66
65773,-30
65774,-233
65775,374
65776,-79
65777,-303
65778,112
65779,258
65780,640
65781,17
65782,270
65783,-432
65784,-306
65785,256
65786,72
65787,392
65788,-224
65789,-27
65790,84
65791,-92
65792,-34
65793,300
65794,140
65795,-728
65796,206
65797,32
65798,72
65799,-276
65800,891
65801,150
65802,496
65803,144
65804,-52
65805,864
65806,235
65807,60
65808,25
65809,-352
65810,120
65811,-24
65812,53
65813,-720
65814,210
65815,-468
65816,-12
65817,-144
65818,-239
65819,-360
65820,-480
65821,42
65822,-160
65823,-120
65824,75
65825,-198
65826,160
65827,-42
65828,-96
65829,-104
65830,88
65831,-267
65832,720
65833,301
65834,239
65835,-192
65836,51
65837,-368
65838,-36
65839,-47
65840,32
65841,-240
65842,192
65843,144
65844,-72
65845,380
65846,-72
65847,-648
65848,330
65849,120
65850,-176
65851,-402
65852,-2
65853,-80
65854,104
65855,592
65856,210
65857,448
65858,120
65859,56
65860,0
65861,196
65862,3
65863,141
65864,-237
65865,-536
65866,165
65867,-36
65868,224
65869,-260
65870,-540
65871,45
65872,-32
65873,-184
65874,312
65875,648
65876,70
65877,252
65878,-76
65879,-40
65880,384
65881,-94
65882,-63
65883,-396
65884,30
65885,424
65886,-320
65887,-135
65888,90
65889,38
65890,-112
65891,72
65892,-64
65893,-18
65894,162
65895,0
65896,264
65897,-45
65898,-15
65899,349
65900,-99
65901,208
65902,198
65903,64
65904,-126
65905,-152
65906,18
65907,176
65908,-142
65909,264
65910,40
65911,-64
65912,432
65913,-64
65914,-139
65915,-364
65916,18
65917,158
65918,-384
65919,84
65920,-192
65921,-339
65922,208
65923,440
65924,45
65925,-99
65926,-126
65927,-412
65928,-378
65929,494
65930,16
65931,62
65932,-160
65933,252
65934,-132
65935,480
65936,100
65937,72
65938,174
65939,176
65940,-384
65941,576
65942,233
65943,18
65944,30
65945,340
65946,-16
65947,351
65948,78
65949,0
65950,0
65951,440
65952,10
65953,-44
65954,-8
65955,-704
65956,0
65957,-246
65958,-272
65959,0
65960,-432
65961,48
65962,-280
65963,66
65964,-384
65965,-320
65966,-148
65967,152
65968,108
65969,657
65970,-52
65971,198
65972,-135
65973,530
65974,168
65975,-330
65976,-60
65977,-177
65978,128
65979,17
65980,-176
65981,-340
65982,-108
65983,-40
65984,-189
65985,-360
65986,128
65987,-96
65988,-180
65989,684
65990,-120
65991,36
65992,-12
65993,121
65994,6
65995,-252
65996,-42
65997,-118
65998,181
65999,54
66000,-192
66001,550
66002,8
66003,-104
66004,2
66005,896
66006,80
66007,72
66008,-72
66009,376
66010,-864
66011,-144
66012,-270
66013,189
66014,-200
66015,-44
66016,-170
66017,-288
66018,410
66019,48
66020,-64
66021,-32
66022,-328
66023,-144
66024,-27
66025,704
66026,231
66027,-90
66028,-114
66029,-128
66030,-648
66031,138
66032,66
66033,-64
66034,30
66035,1080
66036,242
66037,53
66038,0
66039,-102
66040,-480
66041,37
66042,156
66043,192
66044,-160
66045,216
66046,16
66047,-176
66048,-154
66049,-253
66050,-550
66051,36
66052,-46
66053,235
66054,-68
66055,656
66056,576
66057,-264
66058,281
66059,-216
66060,8
66061,-756
66062,42
66063,48
66064,-26
66065,-16
66066,150
66067,185
66068,-90
66069,324
66070,-36
66071,-465
66072,186
66073,273
66074,242
66075,396
66076,-219
66077,596
66078,77
66079,-288
66080,480
66081,534
66082,-108
66083,-495
66084,-270
66085,760
66086,0
66087,30
66088,144
66089,-12
66090,568
66091,70
66092,405
66093,396
66094,324
66095,360
66096,-30
66097,-112
66098,-274
66099,-608
66100,-22
66101,72
66102,-144
66103,363
66104,480
66105,40
66106,35
66107,419
66108,-108
66109,405
66110,448
66111,-284
66112,-7
66113,81
66114,-2
66115,-720
66116,209
66117,-272
66118,-405
66119,36
66120,-192
66121,504
66122,-135
66123,-360
66124,64
66125,-984
66126,-384
66127,0
66128,54
66129,378
66130,-300
66131,-490
66132,-32
66133,-162
66134,308
66135,152
66136,-585
66137,132
66138,-12
66139,20
66140,336
66141,-159
66142,128
66143,-540
66144,-250
66145,224
66146,36
66147,-246
66148,144
66149,-160
66150,88
66151,-108
66152,348
66153,-112
66154,432
66155,24
66156,-48
66157,120
66158,8
66159,109
66160,112
66161,-282
66162,18
66163,-476
66164,-144
66165,864
66166,159
66167,-136
66168,-54
66169,-296
66170,-480
66171,144
66172,99
66173,-86
66174,342
66175,-242
66176,108
66177,308
66178,-6
66179,338
66180,-368
66181,-16
66182,97
66183,-390
66184,-222
66185,864
66186,80
66187,135
66188,33
66189,22
66190,-236
66191,-249
66192,54
66193,198
66194,272
66195,-228
66196,140
66197,295
66198,192
66199,-300
66200,858
66201,68
66202,-270
66203,-336
66204,-16
66205,88
66206,294
66207,24
66208,65
66209,-320
66210,120
66211,-24
66212,-189
66213,15
66214,-114
66215,432
66216,0
66217,280
66218,-18
66219,-204
66220,-336
66221,-8
66222,80
66223,-180
66224,-2
66225,-572
66226,60
66227,342
66228,-144
66229,416
66230,48
66231,128
66232,252
66233,84
66234,-216
66235,-240
66236,42
66237,-204
66238,72
66239,165
66240,224
66241,105
66242,148
66243,576
66244,92
66245,-560
66246,-32
66247,234
66248,-72
66249,3
66250,-205
66251,432
66252,-124
66253,320
66254,-384
66255,432
66256,-18
66257,352
66258,55
66259,40
66260,8
66261,-140
66262,108
66263,392
66264,-216
66265,200
66266,-18
66267,30
66268,227
66269,180
66270,272
66271,-20
66272,-340
66273,-216
66274,150
66275,440
66276,63
66277,0
66278,441
66279,-16
66280,-156
66281,240
66282,228
66283,18
66284,22
66285,-320
66286,-96
66287,20
66288,-58
66289,24
66290,672
66291,352
66292,-94
66293,-65
66294,16
66295,24
66296,-408
66297,144
66298,-5
66299,176
66300,-330
66301,-211
66302,-8
66303,-80
66304,-153
66305,0
66306,28
66307,208
66308,-15
66309,800
66310,-64
66311,387
66312,-384
66313,-5
66314,-324
66315,-240
66316,240
66317,-243
66318,12
66319,300
66320,-152
66321,86
66322,56
66323,114
66324,244
66325,132
66326,-5
66327,-74
66328,72
66329,312
66330,-112
66331,-72
66332,-384
66333,272
66334,-192
66335,-384
66336,400
66337,-427
66338,396
66339,-195
66340,432
66341,-12
66342,244
66343,-173
66344,42
66345,-424
66346,24
66347,-228
66348,48
66349,-308
66350,572
66351,-162
66352,40
66353,87
66354,188
66355,-448
66356,-40
66357,-4
66358,180
66359,-423
66360,-720
66361,114
66362,-42
66363,-512
66364,-108
66365,-60
66366,184
66367,336
66368,168
66369,-32
66370,-72
66371,-531
66372,80
66373,-174
66374,72
66375,192
66376,-378
66377,65
66378,-240
66379,513
66380,-80
66381,204
66382,70
66383,-436
66384,22
66385,-432
66386,-164
66387,-192
66388,249
66389,207
66390,48
66391,-325
66392,420
66393,192
66394,0
66395,64
66396,-48
66397,175
66398,244
66399,138
66400,495
66401,-768
66402,-81
66403,160
66404,-225
66405,-352
66406,-161
66407,-388
66408,276
66409,60
66410,-16
66411,-144
66412,-84
66413,-311
66414,340
66415,-288
66416,-60
66417,-72
66418,-280
66419,-48
66420,396
66421,-40
66422,185
66423,-240
66424,-72
66425,957
66426,-172
66427,4
66428,-104
66429,40
66430,120
66431,201
66432,24
66433,-414
66434,72
66435,896
66436,-162
66437,-288
66438,-60
66439,-250
66440,144
66441,-304
66442,384
66443,-380
66444,8
66445,144
66446,134
66447,384
66448,106
66449,463
66450,198
66451,552
66452,-78
66453,-48
66454,-64
66455,32
66456,135
66457,-3
66458,54
66459,242
66460,-324
66461,594
66462,160
66463,388
66464,-315
66465,288
66466,80
66467,-188
66468,0
66469,350
66470,-256
66471,252
66472,36
66473,16
66474,-128
66475,143
66476,115
66477,50
66478,-154
66479,-486
66480,112
66481,152
66482,-405
66483,0
66484,88
66485,-144
66486,330
66487,243
66488,-177
66489,-42
66490,544
66491,108
66492,-8
66493,128
66494,48
66495,1440
66496,315
66497,-78
66498,8
66499,229
66500,288
66501,-264
66502,-405
66503,106
66504,-18
66505,-576
66506,-128
66507,276
66508,65
66509,-394
66510,72
66511,99
66512,-84
66513,-356
66514,354
66515,-180
66516,-160
66517,288
66518,-70
66519,100
66520,420
66521,315
66522,-174
66523,-490
66524,210
66525,330
66526,-54
66527,108
66528,240
66529,450
66530,232
66531,364
66532,-97
66533,98
66534,250
66535,792
66536,-288
66537,1
66538,-192
66539,672
66540,432
66541,42
66542,180
66543,18
66544,-32
66545,-336
66546,-97
66547,-600
66548,-24
66549,-120
66550,-264
66551,192
66552,432
66553,-46
66554,384
66555,-96
66556,-69
66557,-72
66558,-132
66559,-18
66560,460
66561,56
66562,384
66563,18
66564,-6
66565,-472
66566,243
66567,182
66568,240
66569,-168
66570,480
66571,-458
66572,0
66573,5
66574,94
66575,143
66576,16
66577,27
66578,-53
66579,228
66580,-8
66581,-144
66582,30
66583,36
66584,162
66585,-1280
66586,108
66587,42
66588,72
66589,-114
66590,0
66591,6
66592,-400
66593,-158
66594,-432
66595,288
66596,-144
66597,-600
66598,189
66599,-765
66600,-99
66601,-90
66602,-158
66603,170
66604,136
66605,-192
66606,-132
66607,266
66608,16
66609,-148
66610,-400
66611,48
66612,-240
66613,114
66614,248
66615,360
66616,168
66617,254
66618,-113
66619,-864
66620,240
66621,-270
66622,1
66623,-108
66624,14
66625,-1080
66626,0
66627,-16
66628,145
66629,-363
66630,-256
66631,-400
66632,123
66633,-192
66634,-58
66635,32
66636,16
66637,-222
66638,220
66639,48
66640,24
66641,16
66642,-40
66643,290
66644,200
66645,-128
66646,-36
66647,78
66648,-54
66649,72
66650,693
66651,-660
66652,68
66653,-78
66654,123
66655,-48
66656,70
66657,-108
66658,129
66659,0
66660,64
66661,0
66662,-185
66663,-88
66664,135
66665,-280
66666,-144
66667,5
66668,9
66669,144
66670,64
66671,40
66672,-16
66673,80
66674,-45
66675,-528
66676,240
66677,320
66678,126
66679,-72
66680,684
66681,-216
66682,12
66683,288
66684,252
66685,-224
66686,274
66687,-432
66688,51
66689,-20
66690,320
66691,-174
66692,116
66693,-504
66694,8
66695,-156
66696,396
66697,26
66698,121
66699,-66
66700,176
66701,-150
66702,196
66703,-195
66704,-16
66705,-32
66706,-111
66707,-468
66708,51
66709,16
66710,-216
66711,168
66712,513
66713,306
66714,248
66715,896
66716,-130
66717,-144
66718,250
66719,-84
66720,640
66721,170
66722,-50
66723,640
66724,108
66725,528
66726,92
66727,-60
66728,-96
66729,-160
66730,-16
66731,258
66732,126
66733,-315
66734,216
66735,-36
66736,-84
66737,-12
66738,44
66739,-55
66740,-324
66741,384
66742,-45
66743,-297
66744,-528
66745,12
66746,184
66747,256
66748,108
66749,-90
66750,0
66751,207
66752,-168
66753,-110
66754,-43
66755,-480
66756,-212
66757,-140
66758,-104
66759,192
66760,480
66761,-4
66762,-66
66763,442
66764,234
66765,816
66766,-108
66767,8
66768,120
66769,-832
66770,-448
66771,96
66772,-92
66773,-168
66774,432
66775,429
66776,-180
66777,-128
66778,80
66779,287
66780,-60
66781,720
66782,334
66783,-36
66784,-210
66785,36
66786,52
66787,-36
66788,-128
66789,-18
66790,320
66791,-314
66792,-240
66793,-165
66794,-30
66795,128
66796,4
66797,-219
66798,128
66799,-434
66800,-88
66801,252
66802,-168
66803,460
66804,-72
66805,216
66806,105
66807,105
66808,189
66809,-114
66810,72
66811,405
66812,-220
66813,-94
66814,100
66815,864
66816,-34
66817,-68
66818,-213
66819,262
66820,-40
66821,441
66822,126
66823,204
66824,-222
66825,440
66826,57
66827,-180
66828,240
66829,-111
66830,-36
66831,-272
66832,-22
66833,-300
66834,-90
66835,708
66836,72
66837,-544
66838,-48
66839,0
66840,-48
66841,-182
66842,-112
66843,-90
66844,-84
66845,176
66846,570
66847,512
66848,280
66849,12
66850,0
66851,162
66852,28
66853,-290
66854,11
66855,-344
66856,-72
66857,-510
66858,-152
66859,-240
66860,208
66861,-96
66862,52
66863,-135
66864,60
66865,-896
66866,196
66867,324
66868,-4
66869,384
66870,-40
66871,297
66872,-390
66873,-428
66874,52
66875,-492
66876,-40
66877,436
66878,270
66879,28
66880,-448
66881,432
66882,-288
66883,-112
66884,-64
66885,600
66886,-90
66887,-480
66888,0
66889,-44
66890,-368
66891,-296
66892,-102
66893,-27
66894,-100
66895,216
66896,-6
66897,99
66898,405
66899,-72
66900,176
66901,-208
66902,312
66903,176
66904,-252
66905,400
66906,264
66907,656
66908,175
66909,382
66910,-392
66911,90
66912,270
66913,150
66914,-250
66915,-36
66916,146
66917,480
66918,288
66919,-436
66920,864
66921,-42
66922,242
66923,246
66924,-48
66925,671
66926,-544
66927,-384
66928,0
66929,-216
66930,768
66931,-209
66932,28
66933,84
66934,-72
66935,672
66936,204
66937,160
66938,-113
66939,-70
66940,96
66941,18
66942,-49
66943,-109
66944,15
66945,-112
66946,-48
66947,-228
66948,-72
66949,-142
66950,880
66951,-28
66952,78
66953,648
66954,-152
66955,864
66956,72
66957,8
66958,-20
66959,-222
66960,-144
66961,-90
66962,135
66963,-60
66964,124
66965,-352
66966,68
66967,216
66968,72
66969,-6
66970,-24
66971,-20
66972,182
66973,308
66974,233
66975,792
66976,600
66977,-494
66978,3
66979,392
66980,108
66981,-342
66982,96
66983,-108
66984,120
66985,-252
66986,94
66987,-308
66988,48
66989,140
66990,192
66991,-135
66992,50
66993,6
66994,252
66995,8
66996,28
66997,-81
66998,160
66999,608
67000,504
67001,-400
67002,-450
67003,-455
67004,174
67005,108
67006,240
67007,-192
67008,-56
67009,40
67010,648
67011,378
67012,-16
67013,-96
67014,24
67015,-540
67016,306
67017,0
67018,24
67019,88
67020,64
67021,472
67022,-648
67023,48
67024,72
67025,330
67026,-214
67027,480
67028,200
67029,-510
67030,-584
67031,111
67032,-24
67033,9
67034,-70
67035,1224
67036,-34
67037,56
67038,-212
67039,384
67040,540
67041,0
67042,26
67043,126
67044,18
67045,-640
67046,-210
67047,498
67048,48
67049,-67
67050,-88
67051,-184
67052,1
67053,-864
67054,385
67055,40
67056,64
67057,-360
67058,-194
67059,27
67060,-108
67061,-413
67062,-178
67063,230
67064,54
67065,-504
67066,111
67067,-420
67068,104
67069,-486
67070,192
67071,320
67072,-33
67073,408
67074,-396
67075,-759
67076,-45
67077,4
67078,380
67079,232
67080,-840
67081,-56
67082,-174
67083,64
67084,9
67085,36
67086,8
67087,36
67088,-21
67089,384
67090,-384
67091,-288
67092,294
67093,264
67094,-145
67095,-432
67096,-129
67097,-18
67098,-240
67099,-84
67100,-352
67101,-326
67102,-174
67103,-212
67104,-55
67105,600
67106,0
67107,-38
67108,-104
67109,135
67110,-664
67111,188
67112,105
67113,46
67114,352
67115,36
67116,-162
67117,297
67118,-36
67119,50
67120,96
67121,323
67122,32
67123,-168
67124,48
67125,-192
67126,-174
67127,192
67128,150
67129,-422
67130,-24
67131,2
67132,200
67133,288
67134,-112
67135,-128
67136,70
67137,768
67138,10
67139,-346
67140,-8
67141,-269
67142,8
67143,-220
67144,612
67145,-20
67146,-54
67147,-396
67148,158
67149,418
67150,330
67151,-30
67152,52
67153,-118
67154,-23
67155,120
67156,-16
67157,-426
67158,135
67159,720
67160,-192
67161,-32
67162,228
67163,342
67164,80
67165,96
67166,-252
67167,24
67168,-250
67169,441
67170,0
67171,415
67172,-72
67173,-54
67174,116
67175,319
67176,384
67177,-324
67178,-48
67179,100
67180,-168
67181,179
67182,-184
67183,328
67184,60
67185,40
67186,90
67187,150
67188,-192
67189,351
67190,-60
67191,-496
67192,99
67193,-156
67194,89
67195,0
67196,192
67197,-740
67198,-89
67199,288
67200,198
67201,-168
67202,40
67203,48
67204,100
67205,100
67206,-448
67207,-210
67208,-216
67209,-238
67210,-720
67211,-30
67212,-8
67213,29
67214,-30
67215,64
67216,110
67217,49
67218,-54
67219,64
67220,64
67221,-144
67222,64
67223,-200
67224,-318
67225,-968
67226,149
67227,-180
67228,72
67229,-240
67230,396
67231,-205
67232,0
67233,-128
67234,8
67235,-72
67236,-60
67237,-504
67238,-218
67239,-90
67240,480
67241,-208
67242,-72
67243,204
67244,-56
67245,-928
67246,121
67247,342
67248,36
67249,270
67250,-456
67251,-88
67252,-168
67253,68
67254,96
67255,624
67256,369
67257,180
67258,-61
67259,-352
67260,256
67261,-302
67262,120
67263,216
67264,35
67265,-624
67266,-6
67267,60
67268,63
67269,0
67270,-600
67271,286
67272,-630
67273,-386
67274,121
67275,440
67276,-80
67277,-126
67278,-216
67279,80
67280,-100
67281,486
67282,-194
67283,368
67284,0
67285,108
67286,-108
67287,56
67288,-15
67289,370
67290,-48
67291,114
67292,74
67293,-122
67294,-240
67295,-224
67296,180
67297,100
67298,-384
67299,-196
67300,44
67301,360
67302,20
67303,-108
67304,-108
67305,216
67306,-44
67307,-252
67308,180
67309,-192
67310,160
67311,-140
67312,84
67313,405
67314,460
67315,-224
67316,-60
67317,-520
67318,12
67319,24
67320,144
67321,656
67322,-216
67323,522
67324,-91
67325,594
67326,-8
67327,20
67328,357
67329,-6
67330,-464
67331,-228
67332,-36
67333,300
67334,6
67335,-144
67336,108
67337,88
67338,-56
67339,269
67340,-180
67341,-534
67342,248
67343,168
67344,-128
67345,-528
67346,24
67347,-147
67348,16
67349,181
67350,-572
67351,-432
67352,-156
67353,640
67354,-144
67355,-64
67356,46
67357,80
67358,20
67359,332
67360,140
67361,-216
67362,-544
67363,-405
67364,172
67365,-448
67366,300
67367,32
67368,486
67369,-197
67370,132
67371,300
67372,-72
67373,0
67374,36
67375,-192
67376,-99
67377,-168
67378,168
67379,-90
67380,352
67381,245
67382,333
67383,-69
67384,-108
67385,-456
67386,24
67387,250
67388,-75
67389,-144
67390,-288
67391,465
67392,385
67393,-272
67394,-234
67395,352
67396,-54
67397,10
67398,432
67399,-155
67400,-759
67401,142
67402,-42
67403,-42
67404,-54
67405,480
67406,48
67407,148
67408,-40
67409,-387
67410,144
67411,10
67412,60
67413,864
67414,159
67415,768
67416,-168
67417,-174
67418,-40
67419,-176
67420,-96
67421,305
67422,-12
67423,0
67424,-70
67425,396
67426,-160
67427,-46
67428,64
67429,12
67430,-64
67431,-288
67432,318
67433,-101
67434,416
67435,-736
67436,104
67437,-64
67438,-21
67439,-72
67440,-240
67441,192
67442,62
67443,-270
67444,205
67445,-972
67446,-236
67447,-69
67448,-348
67449,-400
67450,396
67451,-27
67452,48
67453,119
67454,-88
67455,0
67456,81
67457,-120
67458,-150
67459,648
67460,128
67461,-40
67462,0
67463,384
67464,-36
67465,192
67466,240
67467,-70
67468,16
67469,-140
67470,-160
67471,119
67472,-24
67473,-66
67474,-248
67475,-759
67476,-100
67477,266
67478,140
67479,144
67480,360
67481,-198
67482,8
67483,40
67484,-94
67485,-160
67486,-72
67487,864
67488,-120
67489,53
67490,-264
67491,83
67492,216
67493,222
67494,-90
67495,-36
67496,-480
67497,48
67498,-175
67499,-102
67500,-164
67501,-6
67502,352
67503,112
67504,116
67505,-1152
67506,-26
67507,-36
67508,-150
67509,70
67510,448
67511,84
67512,-144
67513,-4
67514,-106
67515,-624
67516,50
67517,-216
67518,-45
67519,-171
67520,672
67521,-360
67522,50
67523,-126
67524,-156
67525,66
67526,-64
67527,-288
67528,48
67529,-204
67530,-40
67531,-188
67532,138
67533,-2
67534,27
67535,900
67536,-21
67537,-225
67538,-274
67539,-162
67540,512
67541,18
67542,166
67543,-42
67544,-486
67545,-160
67546,270
67547,474
67548,-10
67549,468
67550,660
67551,0
67552,90
67553,-126
67554,160
67555,64
67556,203
67557,528
67558,-48
67559,366
67560,216
67561,-345
67562,108
67563,164
67564,-96
67565,752
67566,170
67567,-292
67568,-144
67569,32
67570,88
67571,-135
67572,22
67573,-288
67574,80
67575,330
67576,-144
67577,-30
67578,438
67579,-325
67580,612
67581,280
67582,-208
67583,384
67584,-360
67585,-456
67586,-162
67587,260
67588,112
67589,90
67590,48
67591,-42
67592,-243
67593,-326
67594,-132
67595,-736
67596,-42
67597,88
67598,32
67599,18
67600,-132
67601,113
67602,-160
67603,378
67604,54
67605,688
67606,96
67607,346
67608,96
67609,324
67610,-180
67611,-144
67612,46
67613,-150
67614,0
67615,-496
67616,115
67617,-144
67618,269
67619,129
67620,128
67621,-104
67622,170
67623,-234
67624,360
67625,-24
67626,40
67627,-78
67628,40
67629,-324
67630,-492
67631,351
67632,40
67633,306
67634,30
67635,352
67636,75
67637,-384
67638,252
67639,175
67640,0
67641,330
67642,-216
67643,-96
67644,-10
67645,36
67646,88
67647,362
67648,63
67649,-432
67650,792
67651,308
67652,135
67653,-23
67654,184
67655,864
67656,-360
67657,120
67658,350
67659,32
67660,120
67661,-80
67662,-48
67663,162
67664,-108
67665,40
67666,-456
67667,96
67668,30
67669,-58
67670,56
67671,-32
67672,528
67673,216
67674,342
67675,-1012
67676,-186
67677,-312
67678,-60
67679,-244
67680,180
67681,225
67682,126
67683,216
67684,203
67685,928
67686,-100
67687,14
67688,-129
67689,544
67690,-480
67691,360
67692,-210
67693,-448
67694,24
67695,-656
67696,-26
67697,-288
67698,13
67699,-241
67700,-132
67701,16
67702,-19
67703,570
67704,810
67705,512
67706,-48
67707,-24
67708,-133
67709,-291
67710,192
67711,-9
67712,-123
67713,398
67714,340
67715,288
67716,176
67717,45
67718,-80
67719,488
67720,-108
67721,300
67722,-86
67723,463
67724,-252
67725,-231
67726,53
67727,-108
67728,54
67729,0
67730,-340
67731,-576
67732,-216
67733,492
67734,-45
67735,-1152
67736,-273
67737,-322
67738,-240
67739,-84
67740,48
67741,-382
67742,19
67743,-400
67744,20
67745,144
67746,-108
67747,-54
67748,-165
67749,-128
67750,192
67751,-192
67752,-135
67753,-330
67754,264
67755,72
67756,40
67757,356
67758,320
67759,152
67760,60
67761,-156
67762,72
67763,446
67764,56
67765,808
67766,-90
67767,88
67768,189
67769,324
67770,144
67771,-64
67772,177
67773,144
67774,432
67775,-704
67776,168
67777,-271
67778,83
67779,-27
67780,100
67781,168
67782,400
67783,-394
67784,-18
67785,-296
67786,144
67787,-65
67788,-57
67789,-267
67790,336
67791,160
67792,-32
67793,516
67794,-320
67795,-480
67796,186
67797,504
67798,544
67799,78
67800,132
67801,98
67802,48
67803,-264
67804,224
67805,0
67806,-63
67807,-48
67808,25
67809,78
67810,212
67811,-252
67812,0
67813,204
67814,-252
67815,-48
67816,-24
67817,0
67818,0
67819,-290
67820,-160
67821,-270
67822,-20
67823,54
67824,-64
67825,-1067
67826,-48
67827,448
67828,243
67829,176
67830,288
67831,-102
67832,-384
67833,-158
67834,225
67835,-216
67836,38
67837,-216
67838,-240
67839,-4
67840,-340
67841,-16
67842,-101
67843,375
67844,57
67845,936
67846,27
67847,-480
67848,48
67849,52
67850,704
67851,288
67852,167
67853,157
67854,-294
67855,-936
67856,78
67857,-120
67858,27
67859,-360
67860,-40
67861,-450
67862,-132
67863,356
67864,-252
67865,112
67866,-100
67867,-180
67868,-27
67869,-128
67870,64
67871,133
67872,60
67873,-440
67874,114
67875,96
67876,-216
67877,-144
67878,297
67879,78
67880,-468
67881,144
67882,-337
67883,-156
67884,-208
67885,-544
67886,30
67887,88
67888,52
67889,70
67890,-144
67891,-357
67892,-176
67893,240
67894,-45
67895,-24
67896,-216
67897,14
67898,-78
67899,20
67900,396
67901,118
67902,-364
67903,-488
67904,-210
67905,96
67906,48
67907,0
67908,50
67909,416
67910,32
67911,324
67912,330
67913,-56
67914,-60
67915,-288
67916,-121
67917,536
67918,-64
67919,-232
67920,128
67921,216
67922,-43
67923,-81
67924,30
67925,-880
67926,80
67927,-58
67928,504
67929,28
67930,208
67931,364
67932,-36
67933,-331
67934,-203
67935,-24
67936,400
67937,117
67938,-168
67939,135
67940,-280
67941,-152
67942,576
67943,219
67944,-192
67945,384
67946,-45
67947,-144
67948,22
67949,-189
67950,33
67951,-325
67952,27
67953,226
67954,16
67955,340
67956,-264
67957,242
67958,336
67959,-264
67960,-168
67961,-414
67962,180
67963,16
67964,90
67965,-576
67966,-57
67967,-104
67968,24
67969,96
67970,-456
67971,32
67972,226
67973,8
67974,276
67975,-528
67976,54
67977,-135
67978,342
67979,-102
67980,512
67981,16
67982,264
67983,-378
67984,-84
67985,-368
67986,48
67987,-84
67988,-144
67989,-24
67990,-100
67991,312
67992,-138
67993,209
67994,-61
67995,88
67996,0
67997,216
67998,342
67999,130
68000,-360
68001,168
68002,150
68003,450
68004,-60
68005,-168
68006,54
68007,182
68008,-135
68009,432
68010,64
68011,-80
68012,2
68013,32
68014,-540
68015,-256
68016,170
68017,-6
68018,-81
68019,540
68020,-64
68021,72
68022,-44
68023,319
68024,-264
68025,264
68026,-42
68027,-208
68028,-252
68029,555
68030,4
68031,-124
68032,-14
68033,267
68034,96
68035,-512
68036,22
68037,386
68038,-195
68039,-392
68040,360
68041,-32
68042,-270
68043,-24
68044,-131
68045,288
68046,216
68047,60
68048,-54
68049,61
68050,-110
68051,192
68052,120
68053,-373
68054,9
68055,-160
68056,54
68057,-608
68058,40
68059,370
68060,-324
68061,-64
68062,186
68063,94
68064,-40
68065,-72
68066,40
68067,-32
68068,180
68069,385
68070,600
68071,167
68072,-168
68073,-270
68074,-46
68075,825
68076,72
68077,332
68078,-187
68079,272
68080,-96
68081,-225
68082,396
68083,-32
68084,170
68085,0
68086,112
68087,-36
68088,504
68089,81
68090,112
68091,-440
68092,72
68093,200
68094,240
68095,-680
68096,-132
68097,184
68098,60
68099,-180
68100,-242
68101,-108
68102,228
68103,216
68104,-453
68105,40
68106,34
68107,-45
68108,-114
68109,128
68110,-128
68111,-273
68112,28
68113,66
68114,-243
68115,768
68116,204
68117,-189
68118,-236
68119,-171
68120,-180
68121,275
68122,50
68123,-45
68124,270
68125,-697
68126,-256
68127,52
68128,-30
68129,-240
68130,56
68131,-480
68132,-16
68133,-410
68134,-16
68135,536
68136,144
68137,-64
68138,-432
68139,14
68140,-368
68141,-168
68142,-252
68143,216
68144,32
68145,-768
68146,420
68147,1
68148,-72
68149,-720
68150,-198
68151,248
68152,378
68153,-288
68154,-192
68155,560
68156,152
68157,-63
68158,130
68159,120
68160,504
68161,-130
68162,36
68163,252
68164,-6
68165,364
68166,3
68167,48
68168,510
68169,234
68170,-324
68171,112
68172,320
68173,408
68174,0
68175,-88
68176,-120
68177,460
68178,8
68179,64
68180,-336
68181,56
68182,-72
68183,-315
68184,168
68185,200
68186,416
68187,0
68188,-9
68189,104
68190,632
68191,-144
68192,420
68193,-93
68194,36
68195,640
68196,172
68197,207
68198,280
68199,64
68200,1188
68201,66
68202,77
68203,-160
68204,-64
68205,528
68206,-168
68207,-269
68208,8
68209,-8
68210,-384
68211,100
68212,82
68213,-120
68214,236
68215,72
68216,-168
68217,-96
68218,-72
68219,165
68220,16
68221,198
68222,-108
68223,474
68224,-135
68225,946
68226,-54
68227,410
68228,66
68229,-36
68230,424
68231,450
68232,-600
68233,188
68234,136
68235,160
68236,207
68237,-20
68238,24
68239,-17
68240,100
68241,574
68242,-16
68243,-81
68244,-90
68245,560
68246,-207
68247,32
68248,-312
68249,320
68250,-720
68251,-51
68252,-6
68253,172
68254,197
68255,-96
68256,200
68257,-150
68258,-31
68259,32
68260,216
68261,205
68262,36
68263,0
68264,-360
68265,108
68266,-96
68267,-336
68268,80
68269,99
68270,188
68271,-126
68272,27
68273,-84
68274,-91
68275,-638
68276,24
68277,-104
68278,-126
68279,363
68280,24
68281,-254
68282,-151
68283,300
68284,154
68285,768
68286,-56
68287,240
68288,-336
68289,-480
68290,-504
68291,-54
68292,24
68293,-639
68294,83
68295,256
68296,486
68297,27
68298,198
68299,-180
68300,396
68301,-110
68302,-135
68303,-40
68304,-96
68305,-288
68306,-54
68307,456
68308,-19
68309,72
68310,512
68311,160
68312,360
68313,-12
68314,177
68315,100
68316,150
68317,-200
68318,-46
68319,-108
68320,-480
68321,564
68322,320
68323,216
68324,72
68325,-1166
68326,152
68327,231
68328,30
68329,-304
68330,-584
68331,-60
68332,164
68333,728
68334,-312
68335,-160
68336,82
68337,-188
68338,72
68339,24
68340,-168
68341,180
68342,-238
68343,544
68344,-12
68345,364
68346,-42
68347,-513
68348,-132
68349,358
68350,-594
68351,303
68352,0
68353,28
68354,-480
68355,72
68356,80
68357,-246
68358,-168
68359,-9
68360,-792
68361,484
68362,24
68363,84
68364,-264
68365,-40
68366,-224
68367,620
68368,88
68369,522
68370,280
68371,-8
68372,44
68373,-108
68374,192
68375,-648
68376,216
68377,-24
68378,0
68379,400
68380,420
68381,-256
68382,6
68383,-141
68384,-130
68385,864
68386,-414
68387,-172
68388,-288
68389,443
68390,-648
68391,-96
68392,432
68393,-630
68394,-48
68395,-768
68396,-102
68397,-552
68398,204
68399,63
68400,-44
68401,24
68402,-72
68403,284
68404,-8
68405,-928
68406,-170
68407,-21
68408,54
68409,-160
68410,-280
68411,138
68412,-68
68413,18
68414,10
68415,-384
68416,-343
68417,-135
68418,24
68419,280
68420,-512
68421,64
68422,-192
68423,-200
68424,-426
68425,-792
68426,-2
68427,-6
68428,52
68429,-360
68430,-640
68431,-408
68432,-135
68433,-418
68434,-54
68435,-400
68436,66
68437,50
68438,-296
68439,222
68440,-192
68441,0
68442,-192
68443,53
68444,-90
68445,528
68446,90
68447,66
68448,-720
68449,111
68450,-308
68451,164
68452,272
68453,64
68454,108
68455,-420
68456,210
68457,328
68458,90
68459,36
68460,24
68461,256
68462,-340
68463,-48
68464,-100
68465,-888
68466,264
68467,-72
68468,234
68469,72
68470,288
68471,80
68472,-240
68473,65
68474,42
68475,-792
68476,60
68477,-322
68478,8
68479,-306
68480,-144
68481,78
68482,144
68483,124
68484,-80
68485,-452
68486,-80
68487,24
68488,-351
68489,-259
68490,24
68491,-81
68492,-122
68493,160
68494,216
68495,768
68496,108
68497,180
68498,130
68499,224
68500,72
68501,-28
68502,44
68503,-352
68504,-27
68505,256
68506,124
68507,-185
68508,-16
68509,-111
68510,-540
68511,36
68512,295
68513,-15
68514,224
68515,-720
68516,-243
68517,208
68518,-30
68519,-84
68520,504
68521,-188
68522,110
68523,-270
68524,-48
68525,-561
68526,-117
68527,96
68528,-33
68529,60
68530,0
68531,296
68532,-252
68533,224
68534,172
68535,-16
68536,135
68537,399
68538,370
68539,-8
68540,256
68541,504
68542,84
68543,320
68544,63
68545,-420
68546,-178
68547,32
68548,-168
68549,120
68550,550
68551,52
68552,432
68553,160
68554,-33
68555,-656
68556,36
68557,-40
68558,-216
68559,-390
68560,228
68561,-153
68562,45
68563,256
68564,-240
68565,528
68566,229
68567,-462
68568,12
68569,0
68570,-96
68571,108
68572,270
68573,396
68574,-360
68575,1320
68576,230
68577,-56
68578,-21
68579,72
68580,128
68581,-326
68582,5
68583,-534
68584,354
68585,224
68586,432
68587,-108
68588,0
68589,58
68590,352
68591,56
68592,-76
68593,-648
68594,32
68595,456
68596,32
68597,-332
68598,-48
68599,8
68600,495
68601,-280
68602,48
68603,-54
68604,-270
68605,-168
68606,-266
68607,-165
68608,161
68609,-512
68610,456
68611,58
68612,-162
68613,280
68614,72
68615,-544
68616,-54
68617,352
68618,-96
68619,0
68620,-72
68621,450
68622,186
68623,7
68624,7
68625,-192
68626,-31
68627,315
68628,-168
68629,24
68630,-532
68631,-294
68632,-48
68633,-418
68634,324
68635,180
68636,-88
68637,-48
68638,141
68639,-86
68640,-800
68641,252
68642,-312
68643,-42
68644,122
68645,520
68646,24
68647,8
68648,69
68649,144
68650,-693
68651,84
68652,1
68653,-290
68654,-160
68655,-640
68656,-12
68657,360
68658,394
68659,53
68660,112
68661,324
68662,40
68663,-126
68664,-108
68665,-324
68666,-320
68667,-504
68668,32
68669,306
68670,204
68671,-462
68672,42
68673,640
68674,-198
68675,-693
68676,192
68677,246
68678,80
68679,180
68680,-72
68681,88
68682,-24
68683,-66
68684,-96
68685,320
68686,-72
68687,264
68688,-55
68689,176
68690,-292
68691,-486
68692,-250
68693,90
68694,-74
68695,944
68696,-378
68697,78
68698,-36
68699,464
68700,44
68701,256
68702,248
68703,-332
68704,40
68705,180
68706,-4
68707,8
68708,0
68709,42
68710,-32
68711,-196
68712,-90
68713,-44
68714,189
68715,384
68716,-243
68717,68
68718,-180
68719,186
68720,-180
68721,-154
68722,70
68723,-52
68724,72
68725,-110
68726,-414
68727,-324
68728,-135
68729,490
68730,160
68731,480
68732,218
68733,72
68734,71
68735,-352
68736,-24
68737,214
68738,197
68739,-112
68740,240
68741,-205
68742,112
68743,434
68744,30
68745,-768
68746,0
68747,-128
68748,138
68749,190
68750,-176
68751,16
68752,-50
68753,36
68754,198
68755,-720
68756,-114
68757,630
68758,486
68759,-166
68760,0
68761,-432
68762,192
68763,-8
68764,93
68765,528
68766,-64
68767,273
68768,480
68769,-160
68770,820
68771,-303
68772,-136
68773,-48
68774,-27
68775,-198
68776,-438
68777,150
68778,-48
68779,-306
68780,32
68781,-44
68782,-225
68783,144
68784,96
68785,372
68786,24
68787,141
68788,-40
68789,-540
68790,-312
68791,273
68792,117
68793,-992
68794,160
68795,-92
68796,40
68797,0
68798,-216
68799,-216
68800,-539
68801,312
68802,226
68803,342
68804,128
68805,-256
68806,178
68807,-342
68808,-432
68809,-350
68810,-336
68811,-270
68812,94
68813,318
68814,26
68815,-156
68816,96
68817,-24
68818,-256
68819,420
68820,216
68821,385
68822,110
68823,-120
68824,-414
68825,341
68826,-310
68827,496
68828,208
68829,388
68830,656
68831,-204
68832,120
68833,-306
68834,-64
68835,480
68836,175
68837,-176
68838,192
68839,144
68840,60
68841,-107
68842,-114
68843,-84
68844,-154
68845,-240
68846,-8
68847,10
68848,-130
68849,-5
68850,-363
68851,288
68852,-144
68853,400
68854,40
68855,-324
68856,72
68857,-84
68858,69
68859,30
68860,-128
68861,60
68862,448
68863,-176
68864,-323
68865,-616
68866,-294
68867,-255
68868,72
68869,-48
68870,432
68871,336
68872,-78
68873,-504
68874,260
68875,-192
68876,-14
68877,4
68878,-61
68879,380
68880,216
68881,165
68882,72
68883,236
68884,-57
68885,224
68886,0
68887,210
68888,510
68889,146
68890,8
68891,430
68892,-132
68893,4
68894,24
68895,172
68896,165
68897,-271
68898,288
68899,170
68900,-275
68901,-360
68902,-117
68903,-231
68904,-96
68905,-180
68906,-63
68907,256
68908,-288
68909,-300
68910,456
68911,-18
68912,16
68913,180
68914,-292
68915,192
68916,-74
68917,305
68918,111
68919,-378
68920,-888
68921,9
68922,81
68923,128
68924,-24
68925,-396
68926,-200
68927,-13
68928,-336
68929,-42
68930,-64
68931,264
68932,48
68933,46
68934,-64
68935,-540
68936,288
68937,-448
68938,38
68939,-255
68940,40
68941,342
68942,128
68943,210
68944,144
68945,48
68946,-384
68947,-278
68948,140
68949,9
68950,297
68951,0
68952,216
68953,-135
68954,0
68955,-320
68956,-4
68957,-18
68958,-180
68959,-192
68960,-120
68961,-32
68962,225
68963,311
68964,144
68965,-600
68966,-184
68967,-120
68968,99
68969,-192
68970,160
68971,-192
68972,189
68973,252
68974,42
68975,0
68976,9
68977,-256
68978,-60
68979,-278
68980,376
68981,-396
68982,-408
68983,72
68984,-546
68985,-96
68986,-3
68987,-128
68988,164
68989,248
68990,452
68991,160
68992,-24
68993,-240
68994,-31
68995,544
68996,18
68997,-816
68998,171
68999,51
69000,1152
69001,-488
69002,343
69003,-108
69004,260
69005,24
69006,-270
69007,-75
69008,44
69009,224
69010,448
69011,-456
69012,-90
69013,492
69014,-168
69015,672
69016,-126
69017,-360
69018,-74
69019,113
69020,72
69021,-40
69022,-211
69023,656
69024,-180
69025,-396
69026,-261
69027,-96
69028,-28
69029,-414
69030,-160
69031,-352
69032,-12
69033,250
69034,-171
69035,-376
69036,-40
69037,-81
69038,164
69039,324
69040,184
69041,40
69042,192
69043,90
69044,-63
69045,488
69046,-320
69047,-308
69048,-27
69049,-6
69050,-319
69051,510
69052,128
69053,-10
69054,-72
69055,696
69056,-315
69057,-46
69058,-56
69059,-40
69060,416
69061,490
69062,-6
69063,350
69064,0
69065,128
69066,52
69067,-181
69068,18
69069,-960
69070,-452
69071,-192
69072,-68
69073,288
69074,112
69075,352
69076,111
69077,-189
69078,-88
69079,24
69080,768
69081,300
69082,-435
69083,432
69084,8
69085,828
69086,32
69087,-180
69088,120
69089,256
69090,-144
69091,-105
69092,-96
69093,-275
69094,-80
69095,-40
69096,-210
69097,48
69098,-236
69099,180
69100,440
69101,-105
69102,16
69103,-208
69104,12
69105,-192
69106,-340
69107,-72
69108,90
69109,64
69110,-72
69111,180
69112,-15
69113,-512
69114,-336
69115,-896
69116,108
69117,-90
69118,324
69119,-140
69120,176
69121,-60
69122,-144
69123,104
69124,-72
69125,-720
69126,540
69127,52
69128,-42
69129,70
69130,288
69131,-112
69132,48
69133,38
69134,-65
69135,-864
69136,16
69137,-513
69138,-64
69139,54
69140,-136
69141,448
69142,0
69143,24
69144,-294
69145,-120
69146,312
69147,-180
69148,-72
69149,234
69150,484
69151,473
69152,75
69153,0
69154,-252
69155,296
69156,-6
69157,-48
69158,6
69159,58
69160,-720
69161,-864
69162,324
69163,86
69164,-203
69165,40
69166,163
69167,-270
69168,24
69169,178
69170,-36
69171,100
69172,221
69173,120
69174,-264
69175,506
69176,492
69177,-360
69178,-50
69179,-416
69180,-208
69181,33
69182,338
69183,-5
69184,504
69185,24
69186,-150
69187,511
69188,24
69189,-198
69190,-144
69191,24
69192,-150
69193,-136
69194,-42
69195,216
69196,-47
69197,258
69198,-224
69199,70
69200,-44
69201,-176
69202,-171
69203,-237
69204,40
69205,240
69206,-226
69207,-384
69208,-648
69209,12
69210,176
69211,-7
69212,-120
69213,-246
69214,50
69215,544
69216,480
69217,-144
69218,-110
69219,-121
69220,-232
69221,-166
69222,-288
69223,-216
69224,216
69225,990
69226,-183
69227,-138
69228,-36
69229,12
69230,-672
69231,360
69232,-24
69233,-132
69234,-80
69235,352
69236,-212
69237,32
69238,-65
69239,96
69240,336
69241,-219
69242,0
69243,42
69244,-72
69245,-192
69246,-12
69247,-378
69248,-3
69249,-162
69250,336
69251,90
69252,40
69253,-296
69254,72
69255,-208
69256,216
69257,-264
69258,216
69259,329
69260,32
69261,48
69262,0
69263,-32
69264,15
69265,432
69266,288
69267,400
69268,235
69269,8
69270,-360
69271,-90
69272,-288
69273,28
69274,-36
69275,-33
69276,144
69277,345
69278,-252
69279,264
69280,-20
69281,68
69282,-104
69283,-170
69284,-85
69285,576
69286,30
69287,480
69288,576
69289,264
69290,432
69291,120
69292,36
69293,-204
69294,-8
69295,888
69296,-72
69297,148
69298,-46
69299,123
69300,-132
69301,-192
69302,-140
69303,-160
69304,96
69305,-288
69306,344
69307,456
69308,192
69309,36
69310,-192
69311,32
69312,42
69313,409
69314,108
69315,-656
69316,315
69317,6
69318,29
69319,64
69320,312
69321,96
69322,-96
69323,20
69324,170
69325,792
69326,-21
69327,88
69328,21
69329,-270
69330,352
69331,0
69332,222
69333,0
69334,72
69335,128
69336,-396
69337,258
69338,36
69339,48
69340,-184
69341,420
69342,240
69343,15
69344,180
69345,224
69346,218
69347,747
69348,-64
69349,96
69350,88
69351,-36
69352,-225
69353,-256
69354,-117
69355,-960
69356,-21
69357,-64
69358,-44
69359,-126
69360,64
69361,448
69362,80
69363,24
69364,14
69365,644
69366,-40
69367,486
69368,-240
69369,336
69370,-300
69371,-225
69372,-81
69373,108
69374,56
69375,-246
69376,136
69377,-180
69378,-36
69379,448
69380,-64
69381,-100
69382,64
69383,-13
69384,-96
69385,824
69386,93
69387,8
69388,-144
69389,342
69390,-32
69391,-144
69392,98
69393,-398
69394,-240
69395,588
69396,98
69397,-116
69398,138
69399,-72
69400,33
69401,265
69402,266
69403,-244
69404,49
69405,48
69406,51
69407,-600
69408,50
69409,0
69410,-288
69411,60
69412,-63
69413,81
69414,-96
69415,528
69416,381
69417,-627
69418,-8
69419,648
69420,0
69421,-36
69422,-368
69423,-80
69424,-124
69425,-99
69426,24
69427,12
69428,9
69429,-106
69430,60
69431,352
69432,-504
69433,170
69434,88
69435,-176
69436,-36
69437,560
69438,18
69439,-332
69440,756
69441,180
69442,159
69443,384
69444,104
69445,336
69446,-195
69447,-504
69448,258
69449,-66
69450,-352
69451,40
69452,-48
69453,2
69454,-135
69455,72
69456,-96
69457,-91
69458,280
69459,-72
69460,-96
69461,366
69462,-33
69463,11
69464,300
69465,-224
69466,162
69467,-66
69468,168
69469,216
69470,236
69471,-324
69472,-200
69473,334
69474,336
69475,726
69476,8
69477,80
69478,-118
69479,168
69480,240
69481,462
69482,8
69483,-320
69484,-14
69485,-980
69486,48
69487,192
69488,-14
69489,138
69490,0
69491,-254
69492,-60
69493,-296
69494,-168
69495,-144
69496,-54
69497,207
69498,-200
69499,56
69500,384
69501,-504
69502,288
69503,210
69504,12
69505,336
69506,176
69507,-108
69508,196
69509,0
69510,-624
69511,15
69512,102
69513,108
69514,-33
69515,-364
69516,-38
69517,-420
69518,-21
69519,436
69520,160
69521,12
69522,-272
69523,30
69524,0
69525,-704
69526,178
69527,126
69528,300
69529,256
69530,60
69531,112
69532,-53
69533,54
69534,-56
69535,440
69536,225
69537,660
69538,204
69539,371
69540,-256
69541,-108
69542,-136
69543,121
69544,-234
69545,192
69546,-56
69547,-21
69548,-156
69549,576
69550,660
69551,-144
69552,96
69553,-388
69554,-243
69555,208
69556,-90
69557,-147
69558,-278
69559,-60
69560,-324
69561,-24
69562,344
69563,-210
69564,-216
69565,-264
69566,-168
69567,-588
69568,182
69569,36
69570,-88
69571,48
69572,228
69573,-12
69574,308
69575,-440
69576,-240
69577,351
69578,-72
69579,495
69580,72
69581,54
69582,348
69583,288
69584,-30
69585,-696
69586,160
69587,-225
69588,72
69589,-50
69590,508
69591,-532
69592,522
69593,366
69594,78
69595,936
69596,-24
69597,48
69598,0
69599,-180
69600,-220
69601,-24
69602,-305
69603,-140
69604,-245
69605,-200
69606,160
69607,-288
69608,-72
69609,-52
69610,420
69611,-66
69612,24
69613,315
69614,-200
69615,180
69616,-8
69617,399
69618,-288
69619,-224
69620,20
69621,864
69622,-225
69623,289
69624,-120
69625,-48
69626,396
69627,144
69628,192
69629,-118
69630,-768
69631,-100
69632,-3
69633,-308
69634,135
69635,-208
69636,-228
69637,216
69638,-334
69639,-256
69640,24
69641,560
69642,-10
69643,-30
69644,-112
69645,728
69646,-288
69647,-16
69648,-46
69649,-80
69650,330
69651,-153
69652,220
69653,-84
69654,-360
69655,-768
69656,153
69657,-648
69658,-82
69659,126
69660,308
69661,321
69662,-168
69663,-144
69664,-480
69665,-488
69666,216
69667,-440
69668,122
69669,98
69670,40
69671,171
69672,624
69673,-60
69674,-184
69675,0
69676,76
69677,-213
69678,20
69679,-520
69680,-140
69681,156
69682,-36
69683,-180
69684,-26
69685,-96
69686,142
69687,0
69688,810
69689,-352
69690,128
69691,252
69692,-36
69693,120
69694,255
69695,-420
69696,35
69697,389
69698,330
69699,120
69700,297
69701,-81
69702,412
69703,462
69704,219
69705,152
69706,-150
69707,8
69708,96
69709,-230
69710,588
69711,-312
69712,78
69713,-24
69714,160
69715,0
69716,56
69717,324
69718,80
69719,180
69720,-648
69721,-8
69722,180
69723,64
69724,-190
69725,374
69726,172
69727,-96
69728,-260
69729,-184
69730,-32
69731,-192
69732,-40
69733,-72
69734,-81
69735,-496
69736,96
69737,-270
69738,144
69739,402
69740,320
69741,-270
69742,-69
69743,-216
69744,12
69745,120
69746,-315
69747,14
69748,-135
69749,308
69750,216
69751,-24
69752,-306
69753,184
69754,-343
69755,-288
69756,132
69757,260
69758,345
69759,-184
69760,-204
69761,331
69762,-72
69763,-154
69764,-12
69765,-872
69766,-84
69767,416
69768,-144
69769,-48
69770,8
69771,660
69772,-130
69773,100
69774,-108
69775,220
69776,0
69777,33
69778,-144
69779,240
69780,352
69781,45
69782,216
69783,486
69784,480
69785,-288
69786,88
69787,-8
69788,-48
69789,14
69790,744
69791,80
69792,80
69793,252
69794,-263
69795,576
69796,220
69797,-288
69798,-184
69799,-64
69800,-132
69801,80
69802,48
69803,-225
69804,42
69805,896
69806,128
69807,-368
69808,54
69809,-309
69810,160
69811,-84
69812,-81
69813,69
69814,-119
69815,-224
69816,-492
69817,-70
69818,-171
69819,168
69820,312
69821,-377
69822,-66
69823,135
69824,168
69825,-176
69826,-200
69827,171
69828,328
69829,-300
69830,-612
69831,-68
69832,126
69833,-156
69834,64
69835,768
69836,150
69837,-202
69838,-207
69839,-144
69840,-48
69841,624
69842,-90
69843,-216
69844,-72
69845,-64
69846,-210
69847,23
69848,-501
69849,-200
69850,352
69851,-200
69852,-270
69853,-324
69854,-45
69855,-568
69856,-120
69857,299
69858,-59
69859,421
69860,336
69861,-32
69862,-145
69863,320
69864,-486
69865,0
69866,40
69867,-162
69868,-92
69869,-153
69870,72
69871,-264
69872,-88
69873,66
69874,144
69875,-840
69876,4
69877,470
69878,-171
69879,232
69880,-492
69881,-168
69882,-32
69883,-208
69884,-103
69885,164
69886,-63
69887,237
69888,-510
69889,-81
69890,-80
69891,-68
69892,8
69893,180
69894,-48
69895,312
69896,-198
69897,304
69898,230
69899,-115
69900,-242
69901,320
69902,3
69903,-506
69904,-6
69905,-1296
69906,0
69907,0
69908,6
69909,12
69910,-112
69911,-120
69912,-114
69913,48
69914,440
69915,-640
69916,132
69917,-96
69918,-112
69919,100
69920,640
69921,-75
69922,32
69923,108
69924,-224
69925,275
69926,-172
69927,-40
69928,-249
69929,-350
69930,-144
69931,-124
69932,-147
69933,394
69934,-18
69935,-324
69936,162
69937,576
69938,-40
69939,-20
69940,-380
69941,196
69942,-42
69943,-624
69944,531
69945,80
69946,-225
69947,-14
69948,-14
69949,-344
69950,286
69951,-360
69952,70
69953,-220
69954,0
69955,-96
69956,7
69957,-240
69958,-252
69959,216
69960,480
69961,-364
69962,68
69963,-456
69964,-148
69965,228
69966,-96
69967,-216
69968,-84
69969,-540
69970,72
69971,416
69972,-90
69973,-216
69974,-160
69975,-352
69976,99
69977,64
69978,-408
69979,660
69980,152
69981,594
69982,-168
69983,243
69984,-280
69985,936
69986,-348
69987,-18
69988,33
69989,96
69990,480
69991,520
69992,-60
69993,-24
69994,-90
69995,-560
69996,256
69997,-18
69998,54
69999,-52
70000,-123
70001,-175
70002,27
70003,-176
70004,84
70005,-960
70006,54
70007,18
70008,216
70009,-151
70010,-264
70011,32
70012,-48
70013,250
70014,-342
70015,-448
70016,-81
70017,-40
70018,-270
70019,-58
70020,100
70021,-76
70022,128
70023,378
70024,168
70025,-583
70026,240
70027,-216
70028,216
70029,81
70030,-288
70031,640
70032,-88
70033,32
70034,36
70035,-384
70036,-110
70037,232
70038,164
70039,-232
70040,-576
70041,-108
70042,-207
70043,0
70044,-260
70045,116
70046,6
70047,-14
70048,200
70049,-342
70050,792
70051,260
70052,216
70053,-368
70054,-84
70055,352
70056,-144
70057,-300
70058,-32
70059,-200
70060,-72
70061,316
70062,-260
70063,-177
70064,-6
70065,176
70066,-10
70067,236
70068,-220
70069,594
70070,160
70071,42
70072,264
70073,-150
70074,6
70075,-1155
70076,-158
70077,486
70078,-168
70079,404
70080,112
70081,448
70082,-35
70083,-35
70084,-210
70085,144
70086,-48
70087,442
70088,414
70089,-160
70090,-28
70091,-324
70092,128
70093,124
70094,2
70095,32
70096,115
70097,0
70098,-240
70099,-37
70100,198
70101,96
70102,32
70103,-496
70104,-384
70105,-912
70106,114
70107,-156
70108,81
70109,-370
70110,144
70111,-286
70112,-120
70113,236
70114,256
70115,-48
70116,280
70117,428
70118,268
70119,-40
70120,744
70121,150
70122,-180
70123,-381
70124,-18
70125,576
70126,-21
70127,-760
70128,28
70129,-240
70130,-568
70131,240
70132,0
70133,231
70134,68
70135,-432
70136,144
70137,-58
70138,253
70139,-140
70140,-192
70141,242
70142,-102
70143,-352
70144,-33
70145,-560
70146,-11
70147,636
70148,180
70149,-56
70150,-704
70151,144
70152,180
70153,100
70154,339
70155,32
70156,249
70157,179
70158,16
70159,-198
70160,-68
70161,60
70162,-317
70163,474
70164,6
70165,-348
70166,105
70167,256
70168,24
70169,412
70170,-408
70171,90
70172,-130
70173,-64
70174,345
70175,891
70176,210
70177,154
70178,106
70179,256
70180,40
70181,-105
70182,6
70183,254
70184,-432
70185,456
70186,32
70187,-150
70188,80
70189,-72
70190,60
70191,16
70192,-108
70193,78
70194,180
70195,128
70196,-408
70197,-12
70198,166
70199,18
70200,660
70201,262
70202,-252
70203,-312
70204,-55
70205,288
70206,-320
70207,23
70208,420
70209,38
70210,288
70211,-416
70212,-80
70213,-400
70214,258
70215,-216
70216,-63
70217,96
70218,-81
70219,504
70220,16
70221,0
70222,141
70223,-69
70224,96
70225,-308
70226,-30
70227,-80
70228,24
70229,354
70230,280
70231,240
70232,87
70233,-378
70234,-285
70235,720
70236,64
70237,16
70238,24
70239,-740
70240,-160
70241,-385
70242,-384
70243,-388
70244,3
70245,-96
70246,576
70247,-120
70248,-492
70249,500
70250,-720
70251,286
70252,300
70253,-6
70254,108
70255,92
70256,67
70257,48
70258,-150
70259,-234
70260,256
70261,-162
70262,24
70263,-72
70264,234
70265,1440
70266,-96
70267,-38
70268,-264
70269,352
70270,-16
70271,252
70272,-24
70273,51
70274,-513
70275,-264
70276,-58
70277,-72
70278,-150
70279,-76
70280,-324
70281,48
70282,-6
70283,70
70284,80
70285,-568
70286,-64
70287,-144
70288,0
70289,-359
70290,-144
70291,-560
70292,154
70293,-152
70294,192
70295,-336
70296,-24
70297,388
70298,6
70299,-24
70300,-132
70301,135
70302,14
70303,64
70304,25
70305,952
70306,266
70307,-56
70308,-297
70309,314
70310,0
70311,-192
70312,324
70313,69
70314,-80
70315,-540
70316,-52
70317,140
70318,189
70319,-452
70320,72
70321,-22
70322,237
70323,-672
70324,232
70325,-264
70326,-16
70327,127
70328,-192
70329,-162
70330,20
70331,-260
70332,240
70333,208
70334,-512
70335,272
70336,336
70337,-198
70338,32
70339,-675
70340,204
70341,-312
70342,102
70343,-330
70344,-162
70345,-208
70346,39
70347,24
70348,-35
70349,576
70350,-462
70351,-473
70352,88
70353,-142
70354,-112
70355,-512
70356,360
70357,492
70358,-112
70359,504
70360,-336
70361,225
70362,32
70363,6
70364,-48
70365,944
70366,-33
70367,-280
70368,-130
70369,190
70370,-396
70371,-24
70372,-20
70373,164
70374,-120
70375,216
70376,-192
70377,-158
70378,-300
70379,-292
70380,-96
70381,2
70382,460
70383,176
70384,45
70385,-768
70386,-322
70387,168
70388,174
70389,-440
70390,16
70391,231
70392,-486
70393,-56
70394,-112
70395,120
70396,131
70397,54
70398,81
70399,0
70400,-748
70401,-252
70402,273
70403,-496
70404,-32
70405,-36
70406,324
70407,129
70408,180
70409,50
70410,376
70411,48
70412,-56
70413,36
70414,-204
70415,-764
70416,4
70417,35
70418,6
70419,-608
70420,-72
70421,-130
70422,120
70423,312
70424,-120
70425,-88
70426,344
70427,147
70428,108
70429,179
70430,-24
70431,174
70432,-405
70433,368
70434,105
70435,512
70436,37
70437,-90
70438,405
70439,-500
70440,864
70441,-6
70442,-146
70443,-180
70444,-48
70445,-160
70446,160
70447,60
70448,-27
70449,-48
70450,220
70451,-198
70452,64
70453,0
70454,308
70455,768
70456,96
70457,304
70458,-332
70459,-419
70460,160
70461,6
70462,36
70463,-711
70464,-28
70465,456
70466,-144
70467,288
70468,-80
70469,72
70470,-80
70471,-264
70472,240
70473,-384
70474,-192
70475,-660
70476,144
70477,224
70478,57
70479,0
70480,-72
70481,165
70482,240
70483,318
70484,147
70485,192
70486,320
70487,-53
70488,0
70489,216
70490,240
70491,-124
70492,119
70493,416
70494,72
70495,128
70496,355
70497,-24
70498,-8
70499,-120
70500,432
70501,-278
70502,-299
70503,468
70504,-108
70505,768
70506,-38
70507,306
70508,113
70509,-256
70510,-144
70511,-68
70512,-20
70513,-108
70514,278
70515,140
70516,64
70517,-108
70518,96
70519,96
70520,756
70521,208
70522,54
70523,17
70524,-88
70525,1485
70526,-36
70527,308
70528,-24
70529,-226
70530,256
70531,-270
70532,-24
70533,-66
70534,369
70535,276
70536,-66
70537,-52
70538,485
70539,252
70540,-96
70541,496
70542,-36
70543,120
70544,-19
70545,512
70546,204
70547,-360
70548,-114
70549,262
70550,297
70551,385
70552,240
70553,-279
70554,392
70555,192
70556,-9
70557,-180
70558,96
70559,-3
70560,-40
70561,-45
70562,238
70563,378
70564,320
70565,416
70566,56
70567,180
70568,-393
70569,82
70570,-344
70571,226
70572,108
70573,242
70574,30
70575,-990
70576,-108
70577,0
70578,72
70579,-1
70580,-184
70581,-96
70582,84
70583,-96
70584,72
70585,-160
70586,-84
70587,288
70588,24
70589,-222
70590,-80
70591,80
70592,322
70593,312
70594,108
70595,84
70596,15
70597,352
70598,96
70599,-44
70600,396
70601,-318
70602,-240
70603,-50
70604,0
70605,80
70606,-168
70607,153
70608,114
70609,24
70610,1024
70611,-588
70612,-128
70613,-90
70614,-58
70615,224
70616,-540
70617,298
70618,-189
70619,252
70620,384
70621,412
70622,347
70623,-96
70624,75
70625,82
70626,160
70627,-122
70628,-247
70629,-640
70630,-648
70631,-420
70632,-561
70633,-216
70634,-128
70635,-336
70636,115
70637,-24
70638,-320
70639,-507
70640,104
70641,-72
70642,192
70643,666
70644,-150
70645,-360
70646,236
70647,210
70648,93
70649,-315
70650,176
70651,48
70652,-135
70653,-472
70654,-128
70655,520
70656,368
70657,311
70658,240
70659,216
70660,192
70661,-196
70662,-168
70663,-111
70664,-30
70665,-96
70666,0
70667,138
70668,15
70669,252
70670,0
70671,-168
70672,-54
70673,-138
70674,-308
70675,88
70676,-54
70677,-49
70678,234
70679,-192
70680,864
70681,570
70682,-56
70683,178
70684,54
70685,672
70686,144
70687,-476
70688,170
70689,346
70690,-48
70691,160
70692,-42
70693,-168
70694,240
70695,-72
70696,9
70697,352
70698,194
70699,12
70700,66
70701,98
70702,80
70703,96
70704,-20
70705,160
70706,-181
70707,60
70708,-60
70709,280
70710,112
70711,720
70712,-138
70713,-156
70714,6
70715,-196
70716,162
70717,-144
70718,-112
70719,-368
70720,420
70721,-492
70722,-55
70723,216
70724,-114
70725,-1584
70726,154
70727,-24
70728,-126
70729,373
70730,416
70731,-16
70732,204
70733,-540
70734,218
70735,-756
70736,30
70737,-48
70738,-16
70739,16
70740,48
70741,544
70742,27
70743,-246
70744,-216
70745,-188
70746,-120
70747,-399
70748,-352
70749,-132
70750,384
70751,-384
70752,-280
70753,362
70754,-240
70755,0
70756,6
70757,-20
70758,-60
70759,125
70760,192
70761,64
70762,200
70763,216
70764,-160
70765,-232
70766,-414
70767,-336
70768,53
70769,2
70770,552
70771,-48
70772,-50
70773,-108
70774,-352
70775,-352
70776,-84
70777,-120
70778,-56
70779,-138
70780,-208
70781,-216
70782,-162
70783,-290
70784,-90
70785,100
70786,82
70787,-558
70788,-6
70789,88
70790,-76
70791,144
70792,18
70793,412
70794,352
70795,-576
70796,292
70797,-272
70798,-375
70799,225
70800,-176
70801,36
70802,-123
70803,164
70804,-189
70805,64
70806,64
70807,-576
70808,120
70809,-512
70810,96
70811,-324
70812,-90
70813,32
70814,88
70815,864
70816,30
70817,480
70818,-48
70819,63
70820,80
70821,-224
70822,42
70823,-169
70824,330
70825,-253
70826,-192
70827,-48
70828,-92
70829,-108
70830,72
70831,40
70832,44
70833,-192
70834,312
70835,-900
70836,276
70837,130
70838,161
70839,48
70840,-1152
70841,-32
70842,-138
70843,66
70844,0
70845,-360
70846,-305
70847,24
70848,-252
70849,-470
70850,935
70851,-64
70852,4
70853,-351
70854,-40
70855,-120
70856,153
70857,141
70858,252
70859,328
70860,-520
70861,0
70862,-220
70863,-800
70864,-112
70865,-680
70866,-72
70867,-72
70868,141
70869,152
70870,32
70871,3
70872,174
70873,48
70874,196
70875,792
70876,-90
70877,-238
70878,-8
70879,182
70880,180
70881,216
70882,216
70883,76
70884,16
70885,168
70886,287
70887,-268
70888,270
70889,540
70890,384
70891,-366
70892,27
70893,-138
70894,-138
70895,-640
70896,-144
70897,-513
70898,-144
70899,-248
70900,-44
70901,138
70902,40
70903,-96
70904,-546
70905,-16
70906,-45
70907,252
70908,-256
70909,96
70910,-228
70911,120
70912,238
70913,-51
70914,80
70915,480
70916,237
70917,-768
70918,224
70919,-152
70920,108
70921,280
70922,292
70923,-108
70924,72
70925,924
70926,-88
70927,356
70928,-180
70929,108
70930,144
70931,-6
70932,-32
70933,0
70934,78
70935,784
70936,-57
70937,186
70938,-27
70939,-56
70940,-272
70941,-360
70942,260
70943,-352
70944,180
70945,-444
70946,32
70947,-103
70948,170
70949,-314
70950,616
70951,440
70952,-12
70953,168
70954,-430
70955,-128
70956,-20
70957,-94
70958,-126
70959,-918
70960,-60
70961,392
70962,108
70963,162
70964,-32
70965,-144
70966,27
70967,-400
70968,60
70969,-68
70970,108
70971,-252
70972,-72
70973,-213
70974,37
70975,264
70976,-378
70977,432
70978,-352
70979,218
70980,-288
70981,174
70982,-155
70983,384
70984,432
70985,-440
70986,-276
70987,234
70988,166
70989,-426
70990,72
70991,-97
70992,-6
70993,280
70994,-264
70995,288
70996,-149
70997,238
70998,-364
70999,-202
71000,648
71001,120
71002,-24
71003,-24
71004,-192
71005,-640
71006,290
71007,48
71008,300
71009,66
71010,336
71011,110
71012,9
71013,-500
71014,-180
71015,12
71016,456
71017,198
71018,-245
71019,-140
71020,-140
71021,-180
71022,0
71023,-356
71024,160
71025,1232
71026,168
71027,-180
71028,58
71029,96
71030,0
71031,56
71032,-540
71033,144
71034,208
71035,792
71036,-168
71037,187
71038,-52
71039,-102
71040,-72
71041,80
71042,196
71043,-180
71044,-23
71045,200
71046,-28
71047,-672
71048,324
71049,-264
71050,44
71051,88
71052,0
71053,-234
71054,-125
71055,8
71056,-45
71057,-108
71058,530
71059,-527
71060,192
71061,564
71062,192
71063,-88
71064,324
71065,352
71066,-43
71067,-64
71068,-17
71069,-318
71070,1024
71071,-540
71072,-160
71073,40
71074,-228
71075,-1100
71076,-156
71077,18
71078,-330
71079,112
71080,-192
71081,-314
71082,96
71083,351
71084,-270
71085,288
71086,146
71087,-210
71088,64
71089,-372
71090,576
71091,-72
71092,-120
71093,-960
71094,-144
71095,320
71096,-36
71097,-90
71098,-184
71099,-46
71100,-110
71101,-156
71102,-56
71103,-24
71104,-56
71105,568
71106,54
71107,-552
71108,-8
71109,-130
71110,540
71111,0
71112,540
71113,186
71114,150
71115,192
71116,176
71117,-27
71118,-88
71119,-312
71120,96
71121,-96
71122,-196
71123,440
71124,222
71125,24
71126,-160
71127,-18
71128,45
71129,167
71130,-664
71131,513
71132,-24
71133,-12
71134,-141
71135,-36
71136,-100
71137,64
71138,-160
71139,-432
71140,384
71141,-120
71142,-144
71143,-379
71144,183
71145,432
71146,-142
71147,261
71148,20
71149,-84
71150,-528
71151,-54
71152,4
71153,448
71154,-56
71155,576
71156,-69
71157,-276
71158,126
71159,372
71160,-480
71161,192
71162,360
71163,-75
71164,-223
71165,-728
71166,20
71167,34
71168,-176
71169,-150
71170,16
71171,-24
71172,-36
71173,640
71174,-256
71175,220
71176,-729
71177,-374
71178,-18
71179,-150
71180,-104
71181,72
71182,-144
71183,-375
71184,18
71185,-224
71186,26
71187,-400
71188,-140
71189,-28
71190,-24
71191,-178
71192,528
71193,472
71194,114
71195,-160
71196,24
71197,12
71198,-24
71199,-90
71200,0
71201,-330
71202,-256
71203,-476
71204,-243
71205,144
71206,-51
71207,-513
71208,-168
71209,151
71210,48
71211,240
71212,-48
71213,-216
71214,360
71215,-612
71216,-102
71217,-180
71218,294
71219,-64
71220,32
71221,-14
71222,-192
71223,-266
71224,-192
71225,396
71226,0
71227,610
71228,102
71229,472
71230,324
71231,32
71232,210
71233,249
71234,182
71235,220
71236,228
71237,-271
71238,180
71239,-54
71240,-180
71241,136
71242,-40
71243,0
71244,36
71245,-56
71246,-16
71247,-192
71248,-16
71249,169
71250,-328
71251,91
71252,36
71253,-120
71254,304
71255,-272
71256,-180
71257,104
71258,-360
71259,132
71260,-288
71261,162
71262,-36
71263,499
71264,45
71265,944
71266,255
71267,-15
71268,216
71269,-180
71270,-48
71271,-32
71272,72
71273,168
71274,234
71275,-781
71276,64
71277,-16
71278,-176
71279,-515
71280,-176
71281,63
71282,92
71283,-4
71284,81
71285,380
71286,-360
71287,-432
71288,-252
71289,-89
71290,-176
71291,-400
71292,250
71293,190
71294,266
71295,-192
71296,-6
71297,-405
71298,-33
71299,243
71300,-792
71301,-520
71302,192
71303,36
71304,-546
71305,1200
71306,24
71307,256
71308,106
71309,192
71310,184
71311,96
71312,43
71313,-120
71314,18
71315,-288
71316,48
71317,167
71318,-288
71319,116
71320,792
71321,108
71322,-164
71323,216
71324,264
71325,220
71326,-88
71327,-352
71328,-100
71329,-218
71330,144
71331,720
71332,-30
71333,-354
71334,-200
71335,-656
71336,-90
71337,420
71338,20
71339,-146
71340,144
71341,50
71342,-49
71343,-146
71344,-75
71345,192
71346,-576
71347,-428
71348,42
71349,-156
71350,594
71351,357
71352,-75
71353,52
71354,190
71355,504
71356,-219
71357,-560
71358,84
71359,425
71360,-224
71361,198
71362,468
71363,44
71364,-64
71365,84
71366,-150
71367,-164
71368,-540
71369,192
71370,160
71371,72
71372,90
71373,156
71374,240
71375,504
71376,18
71377,-51
71378,0
71379,-192
71380,-252
71381,-18
71382,104
71383,160
71384,-207
71385,0
71386,-12
71387,-369
71388,-8
71389,-26
71390,160
71391,260
71392,480
71393,162
71394,4
71395,204
71396,-315
71397,114
71398,-64
71399,383
71400,594
71401,-8
71402,40
71403,-496
71404,-154
71405,-140
71406,-24
71407,-291
71408,14
71409,-180
71410,-240
71411,194
71412,8
71413,-226
71414,3
71415,-656
71416,-60
71417,-330
71418,-160
71419,388
71420,52
71421,96
71422,315
71423,-84
71424,153
71425,22
71426,-54
71427,-96
71428,-3
71429,-21
71430,-24
71431,-256
71432,165
71433,-75
71434,0
71435,960
71436,82
71437,-2
71438,328
71439,162
71440,-144
71441,240
71442,26
71443,-240
71444,115
71445,32
71446,32
71447,114
71448,-60
71449,-96
71450,-418
71451,-108
71452,67
71453,133
71454,212
71455,-792
71456,120
71457,152
71458,185
71459,52
71460,88
71461,960
71462,-230
71463,486
71464,18
71465,820
71466,-196
71467,0
71468,-15
71469,-88
71470,36
71471,-460
71472,-54
71473,202
71474,50
71475,-396
71476,96
71477,-444
71478,-12
71479,-50
71480,144
71481,-424
71482,16
71483,44
71484,-144
71485,300
71486,-234
71487,-108
71488,-56
71489,-336
71490,-288
71491,-88
71492,72
71493,-168
71494,-28
71495,-80
71496,312
71497,-180
71498,195
71499,-590
71500,-480
71501,-72
71502,108
71503,-136
71504,-153
71505,132
71506,308
71507,-408
71508,32
71509,-245
71510,624
71511,-90
71512,405
71513,675
71514,6
71515,548
71516,-180
71517,-792
71518,-56
71519,-252
71520,-320
71521,-216
71522,84
71523,-286
71524,190
71525,-198
71526,90
71527,-112
71528,-102
71529,96
71530,-1024
71531,-352
71532,16
71533,0
71534,54
71535,-288
71536,63
71537,-160
71538,-254
71539,-605
71540,16
71541,-143
71542,-151
71543,-74
71544,-192
71545,144
71546,54
71547,552
71548,-126
71549,-115
71550,-220
71551,176
71552,-105
71553,384
71554,228
71555,-432
71556,0
71557,-8
71558,120
71559,65
71560,792
71561,144
71562,-16
71563,96
71564,159
71565,-80
71566,8
71567,448
71568,-27
71569,-190
71570,84
71571,-232
71572,8
71573,-252
71574,-60
71575,-165
71576,600
71577,160
71578,-155
71579,405
71580,168
71581,-36
71582,-210
71583,192
71584,-415
71585,1024
71586,108
71587,297
71588,-208
71589,112
71590,-164
71591,675
71592,384
71593,237
71594,310
71595,84
71596,-243
71597,-486
71598,-132
71599,512
71600,44
71601,-32
71602,228
71603,-300
71604,-165
71605,-36
71606,-350
71607,-52
71608,-159
71609,-8
71610,-864
71611,-404
71612,132
71613,-34
71614,-288
71615,136
71616,28
71617,270
71618,244
71619,472
71620,-392
71621,120
71622,-32
71623,-343
71624,-117
71625,0
71626,-224
71627,369
71628,-144
71629,414
71630,160
71631,48
71632,-15
71633,330
71634,200
71635,-60
71636,-69
71637,244
71638,-42
71639,486
71640,120
71641,-396
71642,40
71643,320
71644,78
71645,0
71646,280
71647,-233
71648,0
71649,-108
71650,528
71651,-15
71652,150
71653,-120
71654,368
71655,720
71656,180
71657,81
71658,208
71659,-72
71660,332
71661,-248
71662,-198
71663,-342
71664,-20
71665,-128
71666,360
71667,-92
71668,-288
71669,120
71670,272
71671,-277
71672,-216
71673,-324
71674,189
71675,-792
71676,-8
71677,-16
71678,114
71679,-484
71680,-540
71681,-399
71682,180
71683,216
71684,-18
71685,320
71686,40
71687,-240
71688,-192
71689,72
71690,336
71691,720
71692,161
71693,180
71694,-3
71695,920
71696,-8
71697,30
71698,-148
71699,-288
71700,528
71701,-99
71702,166
71703,-18
71704,-63
71705,-420
71706,-72
71707,-252
71708,135
71709,-360
71710,72
71711,22
71712,180
71713,-330
71714,64
71715,-864
71716,170
71717,48
71718,-36
71719,-148
71720,-48
71721,-20
71722,459
71723,-348
71724,-224
71725,132
71726,43
71727,-88
71728,116
71729,-252
71730,48
71731,-180
71732,110
71733,-412
71734,0
71735,48
71736,96
71737,192
71738,197
71739,348
71740,-288
71741,97
71742,-208
71743,-126
71744,-224
71745,360
71746,64
71747,360
71748,-24
71749,-400
71750,648
71751,534
71752,-474
71753,100
71754,22
71755,-64
71756,12
71757,63
71758,-136
71759,56
71760,-320
71761,266
71762,-60
71763,-96
71764,132
71765,576
71766,99
71767,-280
71768,-231
71769,-432
71770,592
71771,159
71772,-46
71773,310
71774,54
71775,88
71776,-30
71777,60
71778,396
71779,-108
71780,-144
71781,-414
71782,240
71783,-80
71784,186
71785,72
71786,180
71787,496
71788,-9
71789,336
71790,-464
71791,432
71792,-27
71793,52
71794,-286
71795,-144
71796,-360
71797,-384
71798,-143
71799,-630
71800,-792
71801,-176
71802,68
71803,336
71804,14
71805,64
71806,-192
71807,527
71808,72
71809,-250
71810,224
71811,-20
71812,-145
71813,360
71814,36
71815,-160
71816,0
71817,6
71818,-80
71819,20
71820,192
71821,294
71822,16
71823,0
71824,18
71825,396
71826,-364
71827,702
71828,-46
71829,8
71830,-352
71831,-153
71832,-108
71833,14
71834,26
71835,-560
71836,71
71837,-327
71838,-160
71839,-30
71840,-520
71841,768
71842,69
71843,-174
71844,224
71845,-336
71846,-72
71847,165
71848,234
71849,-26
71850,198
71851,-610
71852,288
71853,28
71854,114
71855,-192
71856,-28
71857,44
71858,-288
71859,-120
71860,-336
71861,-54
71862,96
71863,-576
71864,-600
71865,-264
71866,125
71867,-234
71868,-20
71869,-540
71870,252
71871,-456
71872,-308
71873,-558
71874,-96
71875,352
71876,-27
71877,-480
71878,9
71879,-354
71880,-168
71881,3
71882,-128
71883,-2
71884,8
71885,-288
71886,-196
71887,-122
71888,-44
71889,396
71890,600
71891,42
71892,26
71893,324
71894,-64
71895,-464
71896,336
71897,-474
71898,-272
71899,-28
71900,-198
71901,52
71902,-298
71903,-200
71904,360
71905,-72
71906,32
71907,416
71908,-176
71909,42
71910,108
71911,-282
71912,0
71913,16
71914,153
71915,224
71916,220
71917,59
71918,-432
71919,24
71920,-72
71921,-320
71922,-228
71923,171
71924,-46
71925,-198
71926,366
71927,78
71928,-90
71929,120
71930,-272
71931,-414
71932,-4
71933,112
71934,-144
71935,-536
71936,-510
71937,-38
71938,150
71939,-504
71940,544
71941,60
71942,-230
71943,-372
71944,-369
71945,788
71946,-63
71947,-13
71948,52
71949,-112
71950,-374
71951,864
71952,0
71953,12
71954,-72
71955,-720
71956,-58
71957,387
71958,56
71959,-220
71960,72
71961,144
71962,324
71963,-140
71964,19
71965,-300
71966,-166
71967,-384
71968,-100
71969,530
71970,192
71971,257
71972,224
71973,-32
71974,180
71975,-385
71976,192
71977,48
71978,12
71979,-356
71980,-256
71981,-20
71982,252
71983,-266
71984,20
71985,240
71986,86
71987,414
71988,342
71989,-40
71990,-256
71991,-28
71992,-297
71993,-298
71994,-216
71995,-180
71996,72
71997,-352
71998,296
71999,96
72000,-168
72001,0
72002,144
72003,96
72004,90
72005,-304
72006,-192
72007,0
72008,-330
72009,-264
72010,-64
72011,48
72012,-72
72013,-144
72014,58
72015,-80
72016,78
72017,392
72018,-2
72019,381
72020,280
72021,312
72022,-128
72023,-240
72024,-492
72025,-539
72026,-139
72027,-15
72028,132
72029,96
72030,-472
72031,-350
72032,-25
72033,80
72034,-165
72035,-688
72036,64
72037,243
72038,20
72039,192
72040,-888
72041,520
72042,-316
72043,196
72044,243
72045,-48
72046,15
72047,454
72048,80
72049,-34
72050,132
72051,108
72052,-86
72053,124
72054,64
72055,-12
72056,381
72057,-100
72058,-54
72059,400
72060,328
72061,352
72062,-63
72063,192
72064,27
72065,-216
72066,350
72067,-364
72068,-189
72069,-224
72070,44
72071,-120
72072,180
72073,78
72074,38
72075,-1100
72076,84
72077,93
72078,-162
72079,114
72080,-60
72081,97
72082,280
72083,368
72084,298
72085,-1080
72086,-96
72087,-588
72088,210
72089,345
72090,0
72091,44
72092,-133
72093,-168
72094,16
72095,-460
72096,120
72097,-234
72098,-360
72099,-100
72100,528
72101,-430
72102,-144
72103,466
72104,282
72105,-1024
72106,396
72107,-240
72108,-76
72109,82
72110,-120
72111,60
72112,-86
72113,-18
72114,36
72115,-540
72116,40
72117,156
72118,-276
72119,252
72120,672
72121,-288
72122,-136
72123,152
72124,40
72125,336
72126,-57
72127,360
72128,-112
72129,288
72130,-68
72131,-156
72132,252
72133,50
72134,-44
72135,-24
72136,-216
72137,-180
72138,-80
72139,68
72140,224
72141,-128
72142,-84
72143,-168
72144,-32
72145,1152
72146,-24
72147,-74
72148,90
72149,144
72150,330
72151,336
72152,192
72153,34
72154,-168
72155,380
72156,-270
72157,-312
72158,442
72159,-336
72160,720
72161,125
72162,-96
72163,288
72164,-105
72165,-384
72166,-176
72167,44
72168,648
72169,370
72170,324
72171,292
72172,-82
72173,-102
72174,-80
72175,1056
72176,-5
72177,-80
72178,72
72179,0
72180,108
72181,24
72182,240
72183,44
72184,-360
72185,164
72186,-110
72187,-192
72188,180
72189,20
72190,-276
72191,390
72192,-198
72193,-40
72194,258
72195,888
72196,103
72197,112
72198,0
72199,-81
72200,99
72201,-648
72202,45
72203,288
72204,216
72205,408
72206,-250
72207,18
72208,82
72209,9
72210,144
72211,176
72212,231
72213,-196
72214,-292
72215,-160
72216,72
72217,60
72218,-110
72219,-48
72220,-512
72221,-508
72222,4
72223,-176
72224,120
72225,-528
72226,56
72227,393
72228,-160
72229,166
72230,-396
72231,0
72232,198
72233,252
72234,66
72235,264
72236,-12
72237,-100
72238,-264
72239,90
72240,168
72241,-630
72242,162
72243,-32
72244,242
72245,952
72246,236
72247,324
72248,-288
72249,-320
72250,192
72251,-437
72252,88
72253,-40
72254,-330
72255,-56
72256,-42
72257,432
72258,-244
72259,-220
72260,8
72261,-81
72262,200
72263,-8
72264,222
72265,-384
72266,-144
72267,-510
72268,0
72269,-392
72270,-32
72271,-416
72272,-9
72273,-448
72274,-362
72275,-176
72276,160
72277,85
72278,-216
72279,244
72280,-960
72281,-548
72282,-30
72283,-280
72284,6
72285,640
72286,396
72287,-212
72288,-45
72289,-624
72290,252
72291,-504
72292,-180
72293,-315
72294,90
72295,96
72296,-360
72297,-28
72298,162
72299,18
72300,220
72301,162
72302,-142
72303,192
72304,37
72305,-712
72306,320
72307,-198
72308,-2
72309,-364
72310,12
72311,8
72312,-144
72313,-389
72314,64
72315,-60
72316,-8
72317,303
72318,-24
72319,530
72320,24
72321,168
72322,-42
72323,-540
72324,18
72325,-924
72326,175
72327,126
72328,261
72329,-27
72330,400
72331,-99
72332,144
72333,396
72334,-32
72335,288
72336,24
72337,113
72338,-249
72339,-192
72340,-52
72341,-40
72342,72
72343,50
72344,510
72345,600
72346,160
72347,308
72348,150
72349,-108
72350,-528
72351,-89
72352,180
72353,-408
72354,450
72355,-224
72356,-132
72357,0
72358,200
72359,504
72360,336
72361,92
72362,24
72363,18
72364,-20
72365,-432
72366,444
72367,337
72368,-117
72369,-84
72370,472
72371,180
72372,-6
72373,360
72374,212
72375,960
72376,459
72377,-352
72378,-82
72379,-30
72380,-432
72381,160
72382,369
72383,226
72384,140
72385,-1296
72386,-18
72387,120
72388,16
72389,0
72390,256
72391,-120
72392,285
72393,-80
72394,120
72395,-464
72396,-64
72397,-600
72398,180
72399,-76
72400,-22
72401,-120
72402,-480
72403,-96
72404,-144
72405,292
72406,-234
72407,-32
72408,108
72409,-192
72410,40
72411,54
72412,-49
72413,-88
72414,-80
72415,-156
72416,-90
72417,96
72418,-248
72419,-272
72420,-216
72421,342
72422,-36
72423,35
72424,-96
72425,550
72426,-160
72427,504
72428,-72
72429,-564
72430,320
72431,432
72432,6
72433,18
72434,39
72435,256
72436,150
72437,360
72438,110
72439,-144
72440,-768
72441,-276
72442,-118
72443,90
72444,-194
72445,276
72446,0
72447,-648
72448,272
72449,100
72450,-264
72451,270
72452,256
72453,-104
72454,252
72455,644
72456,-420
72457,540
72458,310
72459,-108
72460,-176
72461,131
72462,0
72463,352
72464,3
72465,80
72466,-4
72467,174
72468,-128
72469,-85
72470,-128
72471,-24
72472,366
72473,123
72474,36
72475,-440
72476,-144
72477,86
72478,-216
72479,35
72480,120
72481,140
72482,-70
72483,-132
72484,-128
72485,816
72486,12
72487,-108
72488,-405
72489,104
72490,-144
72491,-27
72492,276
72493,172
72494,7
72495,-176
72496,72
72497,280
72498,420
72499,459
72500,-82
72501,-40
72502,26
72503,116
72504,60
72505,-300
72506,-12
72507,-346
72508,-102
72509,459
72510,496
72511,-368
72512,-448
72513,-156
72514,-170
72515,-508
72516,8
72517,-168
72518,-48
72519,80
72520,72
72521,-396
72522,120
72523,-16
72524,20
72525,-880
72526,-86
72527,180
72528,-44
72529,-144
72530,-104
72531,56
72532,-1
72533,-187
72534,-384
72535,0
72536,480
72537,-230
72538,-180
72539,72
72540,180
72541,-210
72542,-288
72543,-124
72544,40
72545,0
72546,48
72547,-190
72548,180
72549,116
72550,-253
72551,112
72552,-192
72553,-455
72554,-43
72555,-960
72556,144
72557,140
72558,32
72559,-41
72560,-48
72561,42
72562,54
72563,224
72564,144
72565,576
72566,-100
72567,52
72568,540
72569,64
72570,576
72571,-315
72572,-85
72573,288
72574,-42
72575,1144
72576,99
72577,-313
72578,-176
72579,-280
72580,0
72581,54
72582,76
72583,312
72584,-504
72585,-72
72586,117
72587,140
72588,336
72589,120
72590,-288
72591,36
72592,20
72593,40
72594,-51
72595,-456
72596,82
72597,204
72598,245
72599,-192
72600,330
72601,180
72602,288
72603,-352
72604,-24
72605,-160
72606,-200
72607,-246
72608,375
72609,-192
72610,60
72611,864
72612,7
72613,-60
72614,23
72615,1152
72616,48
72617,61
72618,80
72619,-36
72620,248
72621,-59
72622,-64
72623,-474
72624,0
72625,-648
72626,329
72627,-126
72628,56
72629,256
72630,-304
72631,-45
72632,-369
72633,648
72634,16
72635,-80
72636,18
72637,104
72638,226
72639,78
72640,308
72641,-264
72642,36
72643,-164
72644,160
72645,128
72646,72
72647,-227
72648,-162
72649,-149
72650,66
72651,-352
72652,-81
72653,432
72654,52
72655,800
72656,-96
72657,400
72658,-78
72659,-52
72660,-96
72661,52
72662,-198
72663,-250
72664,-243
72665,248
72666,8
72667,18
72668,-60
72669,-160
72670,336
72671,-37
72672,140
72673,-24
72674,-24
72675,132
72676,53
72677,36
72678,-202
72679,473
72680,-960
72681,348
72682,90
72683,-735
72684,16
72685,-48
72686,137
72687,-64
72688,96
72689,190
72690,-152
72691,256
72692,147
72693,-81
72694,-288
72695,756
72696,330
72697,-80
72698,-8
72699,-568
72700,88
72701,-312
72702,-42
72703,272
72704,207
72705,72
72706,128
72707,66
72708,36
72709,405
72710,-32
72711,216
72712,192
72713,0
72714,-122
72715,-560
72716,-75
72717,156
72718,192
72719,194
72720,-8
72721,-140
72722,-125
72723,-48
72724,4
72725,-902
72726,-432
72727,-332
72728,-390
72729,112
72730,-540
72731,-32
72732,64
72733,161
72734,135
72735,80
72736,395
72737,-30
72738,-286
72739,-327
72740,-208
72741,156
72742,84
72743,300
72744,18
72745,-544
72746,166
72747,-24
72748,130
72749,-320
72750,-576
72751,324
72752,-66
72753,-444
72754,336
72755,212
72756,-63
72757,-423
72758,207
72759,-640
72760,-432
72761,-200
72762,-28
72763,251
72764,-35
72765,-128
72766,324
72767,-353
72768,-56
72769,315
72770,-160
72771,0
72772,48
72773,-168
72774,160
72775,-891
72776,-336
72777,-324
72778,-295
72779,270
72780,448
72781,-124
72782,30
72783,-40
72784,-20
72785,-728
72786,-156
72787,480
72788,-324
72789,360
72790,72
72791,-153
72792,-276
72793,519
72794,177
72795,1536
72796,-60
72797,478
72798,-368
72799,63
72800,-825
72801,-16
72802,0
72803,342
72804,-6
72805,564
72806,32
72807,276
72808,108
72809,236
72810,176
72811,99
72812,136
72813,80
72814,20
72815,656
72816,-54
72817,30
72818,440
72819,198
72820,-416
72821,96
72822,20
72823,298
72824,75
72825,-836
72826,265
72827,-124
72828,24
72829,182
72830,-576
72831,-120
72832,3
72833,-28
72834,-160
72835,960
72836,-48
72837,12
72838,-220
72839,72
72840,-672
72841,368
72842,-105
72843,-180
72844,-148
72845,-684
72846,144
72847,144
72848,-32
72849,96
72850,891
72851,294
72852,360
72853,-48
72854,56
72855,228
72856,-243
72857,144
72858,162
72859,318
72860,-144
72861,-16
72862,138
72863,18
72864,-160
72865,-640
72866,4
72867,-264
72868,-110
72869,350
72870,-24
72871,332
72872,291
72873,-276
72874,72
72875,480
72876,230
72877,144
72878,525
72879,228
72880,212
72881,-288
72882,-102
72883,-122
72884,-36
72885,-112
72886,8
72887,-160
72888,150
72889,143
72890,-108
72891,0
72892,-124
72893,-300
72894,18
72895,-768
72896,147
72897,-272
72898,-216
72899,-152
72900,-143
72901,-28
72902,178
72903,-104
72904,-270
72905,-168
72906,108
72907,-461
72908,52
72909,32
72910,640
72911,-362
72912,-36
72913,-21
72914,258
72915,24
72916,104
72917,-450
72918,-85
72919,-672
72920,-108
72921,272
72922,6
72923,204
72924,256
72925,396
72926,-27
72927,24
72928,175
72929,88
72930,-480
72931,-170
72932,-108
72933,144
72934,72
72935,48
72936,-57
72937,440
72938,274
72939,360
72940,-204
72941,64
72942,-230
72943,90
72944,-108
72945,264
72946,112
72947,36
72948,192
72949,-352
72950,-484
72951,-316
72952,456
72953,98
72954,240
72955,228
72956,-320
72957,162
72958,104
72959,-26
72960,-544
72961,-54
72962,-191
72963,35
72964,-18
72965,-88
72966,-102
72967,6
72968,-72
72969,-460
72970,104
72971,273
72972,-37
72973,485
72974,432
72975,-1056
72976,48
72977,-130
72978,-296
72979,-256
72980,0
72981,165
72982,-405
72983,-256
72984,468
72985,-832
72986,109
72987,318
72988,-18
72989,234
72990,-180
72991,369
72992,-400
72993,-96
72994,90
72995,-880
72996,240
72997,-152
72998,24
72999,-59
73000,144
73001,-174
73002,288
73003,-351
73004,33
73005,-1152
73006,-96
73007,72
73008,-48
73009,268
73010,64
73011,-444
73012,74
73013,442
73014,-224
73015,540
73016,-330
73017,96
73018,-80
73019,-402
73020,336
73021,135
73022,24
73023,40
73024,-21
73025,-704
73026,-64
73027,-64
73028,-186
73029,-48
73030,476
73031,-450
73032,-72
73033,20
73034,140
73035,-16
73036,-200
73037,-97
73038,162
73039,-107
73040,144
73041,-216
73042,56
73043,-380
73044,1
73045,504
73046,36
73047,-640
73048,528
73049,150
73050,616
73051,16
73052,135
73053,-138
73054,-22
73055,704
73056,60
73057,98
73058,-104
73059,270
73060,-600
73061,90
73062,396
73063,16
73064,-522
73065,96
73066,288
73067,-126
73068,196
73069,0
73070,264
73071,96
73072,-32
73073,-120
73074,-72
73075,330
73076,-6
73077,-132
73078,56
73079,322
73080,72
73081,432
73082,285
73083,-288
73084,-15
73085,-1152
73086,120
73087,-135
73088,63
73089,-368
73090,-68
73091,-324
73092,-200
73093,-48
73094,264
73095,-288
73096,474
73097,168
73098,-27
73099,250
73100,231
73101,-30
73102,-132
73103,-594
73104,8
73105,-712
73106,-324
73107,-66
73108,4
73109,-16
73110,-552
73111,-2
73112,180
73113,-336
73114,-336
73115,-672
73116,-48
73117,256
73118,286
73119,272
73120,500
73121,-70
73122,-12
73123,-162
73124,4
73125,-205
73126,240
73127,386
73128,-336
73129,-621
73130,576
73131,208
73132,225
73133,-238
73134,72
73135,56
73136,-66
73137,230
73138,120
73139,-544
73140,-320
73141,135
73142,118
73143,-210
73144,216
73145,-584
73146,-32
73147,80
73148,145
73149,-54
73150,528
73151,390
73152,56
73153,0
73154,160
73155,-336
73156,194
73157,-20
73158,0
73159,-160
73160,864
73161,-72
73162,-176
73163,336
73164,-210
73165,680
73166,-30
73167,216
73168,-57
73169,116
73170,128
73171,-198
73172,-140
73173,476
73174,154
73175,-902
73176,570
73177,12
73178,195
73179,-36
73180,12
73181,190
73182,260
73183,-232
73184,285
73185,-648
73186,168
73187,-26
73188,48
73189,381
73190,-180
73191,-324
73192,-162
73193,145
73194,432
73195,412
73196,-36
73197,-256
73198,216
73199,-540
73200,176
73201,-243
73202,99
73203,-220
73204,-21
73205,604
73206,18
73207,-468
73208,-561
73209,-480
73210,-152
73211,20
73212,94
73213,-603
73214,-98
73215,-208
73216,220
73217,24
73218,-240
73219,-48
73220,-60
73221,516
73222,-585
73223,-108
73224,66
73225,-44
73226,324
73227,-480
73228,-64
73229,105
73230,352
73231,70
73232,80
73233,-160
73234,-270
73235,144
73236,144
73237,-234
73238,-8
73239,132
73240,-216
73241,-63
73242,40
73243,-176
73244,204
73245,64
73246,200
73247,0
73248,510
73249,0
73250,216
73251,-388
73252,53
73253,-432
73254,28
73255,-320
73256,-33
73257,266
73258,-10
73259,110
73260,48
73261,-328
73262,-333
73263,-104
73264,-40
73265,-232
73266,138
73267,-108
73268,100
73269,-132
73270,-72
73271,400
73272,-378
73273,72
73274,12
73275,-1188
73276,-162
73277,-110
73278,256
73279,-112
73280,-56
73281,100
73282,240
73283,-18
73284,-162
73285,648
73286,-6
73287,-27
73288,147
73289,234
73290,96
73291,-113
73292,18
73293,256
73294,300
73295,144
73296,24
73297,-144
73298,189
73299,-220
73300,-143
73301,-512
73302,208
73303,37
73304,-72
73305,88
73306,-360
73307,-75
73308,144
73309,50
73310,-68
73311,-468
73312,100
73313,64
73314,-73
73315,-1008
73316,-166
73317,88
73318,135
73319,-576
73320,-1080
73321,-132
73322,-224
73323,96
73324,-96
73325,-891
73326,20
73327,54
73328,96
73329,-104
73330,472
73331,-121
73332,144
73333,525
73334,75
73335,240
73336,0
73337,-64
73338,-108
73339,-102
73340,320
73341,60
73342,93
73343,-9
73344,0
73345,152
73346,-324
73347,-32
73348,-228
73349,-594
73350,-11
73351,-103
73352,60
73353,-112
73354,287
73355,-552
73356,102
73357,68
73358,-175
73359,-320
73360,36
73361,-390
73362,58
73363,109
73364,161
73365,112
73366,-99
73367,-216
73368,36
73369,-131
73370,256
73371,-12
73372,135
73373,768
73374,246
73375,864
73376,-195
73377,189
73378,152
73379,76
73380,-312
73381,216
73382,-79
73383,-432
73384,-264
73385,-120
73386,30
73387,142
73388,252
73389,204
73390,-144
73391,0
73392,128
73393,504
73394,-103
73395,132
73396,-256
73397,-224
73398,450
73399,-94
73400,-66
73401,-14
73402,180
73403,16
73404,7
73405,-280
73406,-64
73407,-342
73408,-189
73409,-504
73410,648
73411,-140
73412,-43
73413,-192
73414,-324
73415,784
73416,-576
73417,18
73418,-134
73419,-138
73420,308
73421,-214
73422,5
73423,-36
73424,-60
73425,0
73426,-78
73427,16
73428,-96
73429,168
73430,-120
73431,-90
73432,-63
73433,470
73434,-132
73435,-352
73436,-160
73437,570
73438,-12
73439,-1152
73440,-240
73441,-207
73442,218
73443,-290
73444,168
73445,-264
73446,-194
73447,140
73448,51
73449,-91
73450,-110
73451,0
73452,-114
73453,-346
73454,-288
73455,-576
73456,77
73457,-48
73458,-60
73459,-367
73460,-8
73461,-306
73462,-528
73463,0
73464,372
73465,600
73466,-391
73467,132
73468,97
73469,-320
73470,-720
73471,-470
73472,459
73473,-320
73474,45
73475,-121
73476,80
73477,-193
73478,80
73479,-228
73480,384
73481,-18
73482,156
73483,-56
73484,-115
73485,288
73486,12
73487,462
73488,-86
73489,-95
73490,636
73491,-72
73492,-160
73493,441
73494,-40
73495,272
73496,399
73497,-50
73498,2
73499,420
73500,-96
73501,747
73502,-40
73503,48
73504,285
73505,-320
73506,-12
73507,-429
73508,-216
73509,48
73510,-436
73511,-40
73512,9
73513,36
73514,0
73515,192
73516,88
73517,352
73518,196
73519,-48
73520,72
73521,300
73522,-33
73523,-111
73524,16
73525,132
73526,-48
73527,-192
73528,-90
73529,-107
73530,112
73531,656
73532,180
73533,-320
73534,0
73535,0
73536,-140
73537,-84
73538,-81
73539,-69
73540,320
73541,520
73542,288
73543,81
73544,-120
73545,-832
73546,208
73547,36
73548,-121
73549,80
73550,627
73551,50
73552,40
73553,-22
73554,720
73555,-288
73556,-81
73557,40
73558,52
73559,72
73560,-96
73561,270
73562,181
73563,108
73564,-5
73565,-424
73566,56
73567,-125
73568,100
73569,24
73570,-60
73571,-458
73572,96
73573,112
73574,-158
73575,-748
73576,-9
73577,600
73578,-332
73579,368
73580,320
73581,-246
73582,-5
73583,296
73584,-6
73585,-336
73586,99
73587,-320
73588,226
73589,522
73590,256
73591,-474
73592,264
73593,-45
73594,36
73595,864
73596,192
73597,413
73598,-24
73599,-468
73600,264
73601,392
73602,-72
73603,0
73604,183
73605,-432
73606,160
73607,386
73608,-372
73609,433
73610,-12
73611,12
73612,-288
73613,-179
73614,-164
73615,-408
73616,-84
73617,160
73618,-98
73619,660
73620,-20
73621,-135
73622,90
73623,-768
73624,0
73625,864
73626,-372
73627,216
73628,110
73629,-26
73630,-120
73631,80
73632,-400
73633,336
73634,96
73635,-1104
73636,234
73637,399
73638,-7
73639,-96
73640,-756
73641,-94
73642,-297
73643,-128
73644,-18
73645,-1280
73646,-96
73647,16
73648,-61
73649,315
73650,-440
73651,-268
73652,-186
73653,-198
73654,378
73655,-624
73656,432
73657,108
73658,115
73659,-294
73660,64
73661,-63
73662,114
73663,352
73664,-364
73665,132
73666,184
73667,24
73668,-102
73669,288
73670,320
73671,600
73672,-252
73673,-110
73674,18
73675,-231
73676,2
73677,126
73678,108
73679,173
73680,-256
73681,-110
73682,-168
73683,344
73684,204
73685,-168
73686,-192
73687,-207
73688,-72
73689,-60
73690,-344
73691,472
73692,0
73693,252
73694,53
73695,-600
73696,-90
73697,630
73698,-72
73699,480
73700,-308
73701,24
73702,-399
73703,438
73704,162
73705,744
73706,57
73707,640
73708,136
73709,-126
73710,-660
73711,-648
73712,24
73713,378
73714,138
73715,288
73716,-144
73717,42
73718,162
73719,68
73720,-576
73721,-297
73722,64
73723,-300
73724,54
73725,-616
73726,0
73727,84
73728,-91
73729,-294
73730,16
73731,-24
73732,-28
73733,584
73734,96
73735,168
73736,60
73737,-232
73738,-48
73739,-236
73740,-368
73741,72
73742,220
73743,-90
73744,108
73745,-420
73746,30
73747,162
73748,-64
73749,-720
73750,-328
73751,317
73752,144
73753,-27
73754,-157
73755,128
73756,-163
73757,183
73758,8
73759,-54
73760,440
73761,-784
73762,-420
73763,372
73764,144
73765,736
73766,-108
73767,-28
73768,-369
73769,405
73770,384
73771,-14
73772,-174
73773,-96
73774,344
73775,605
73776,-20
73777,-192
73778,-186
73779,-198
73780,-324
73781,0
73782,-60
73783,331
73784,648
73785,-784
73786,-360
73787,216
73788,280
73789,44
73790,576
73791,-583
73792,182
73793,-204
73794,36
73795,-768
73796,-152
73797,288
73798,172
73799,384
73800,297
73801,-675
73802,266
73803,-92
73804,-255
73805,192
73806,-146
73807,-192
73808,-27
73809,-128
73810,-160
73811,27
73812,-40
73813,-208
73814,-120
73815,288
73816,84
73817,72
73818,-216
73819,-341
73820,-240
73821,664
73822,-72
73823,-96
73824,440
73825,319
73826,326
73827,-90
73828,-154
73829,-150
73830,768
73831,42
73832,-288
73833,-152
73834,56
73835,-32
73836,27
73837,-162
73838,277
73839,6
73840,-180
73841,666
73842,396
73843,24
73844,-246
73845,-432
73846,-48
73847,84
73848,36
73849,-246
73850,-792
73851,768
73852,-84
73853,-384
73854,-8
73855,656
73856,42
73857,-306
73858,-4
73859,467
73860,256
73861,-220
73862,17
73863,-32
73864,0
73865,-480
73866,-560
73867,342
73868,-64
73869,272
73870,0
73871,96
73872,-40
73873,324
73874,315
73875,432
73876,64
73877,-502
73878,168
73879,-430
73880,96
73881,61
73882,135
73883,-113
73884,-54
73885,-216
73886,167
73887,0
73888,-225
73889,-78
73890,-96
73891,108
73892,20
73893,-272
73894,9
73895,396
73896,-360
73897,-248
73898,-168
73899,-288
73900,198
73901,322
73902,68
73903,-630
73904,-72
73905,-160
73906,-189
73907,-258
73908,-16
73909,60
73910,-400
73911,18
73912,-309
73913,198
73914,192
73915,384
73916,-78
73917,0
73918,500
73919,200
73920,672
73921,-60
73922,-120
73923,-504
73924,-62
73925,110
73926,-112
73927,96
73928,-507
73929,-328
73930,-4
73931,225
73932,-32
73933,90
73934,174
73935,-180
73936,82
73937,480
73938,288
73939,148
73940,-388
73941,24
73942,64
73943,354
73944,150
73945,-832
73946,138
73947,-198
73948,-192
73949,38
73950,-132
73951,80
73952,220
73953,-396
73954,-384
73955,-276
73956,258
73957,-200
73958,176
73959,0
73960,72
73961,-414
73962,-108
73963,-57
73964,-160
73965,-456
73966,189
73967,24
73968,-112
73969,-69
73970,-20
73971,14
73972,-102
73973,177
73974,-168
73975,836
73976,450
73977,64
73978,162
73979,2
73980,48
73981,-72
73982,-153
73983,-240
73984,136
73985,712
73986,256
73987,320
73988,20
73989,85
73990,-24
73991,704
73992,-72
73993,-448
73994,-227
73995,-16
73996,-240
73997,600
73998,79
73999,-86
74000,72
74001,138
74002,11
74003,-35
74004,-108
74005,-108
74006,-110
74007,-204
74008,300
74009,-375
74010,-296
74011,612
74012,104
74013,-438
74014,584
74015,-24
74016,10
74017,-231
74018,-288
74019,48
74020,-452
74021,-503
74022,-48
74023,120
74024,336
74025,-297
74026,21
74027,-262
74028,-180
74029,-10
74030,64
74031,486
74032,-6
74033,-26
74034,275
74035,420
74036,-72
74037,96
74038,-51
74039,-44
74040,96
74041,-160
74042,-162
74043,4
74044,48
74045,-288
74046,-378
74047,-338
74048,0
74049,-480
74050,352
74051,204
74052,-15
74053,-216
74054,224
74055,864
74056,-9
74057,-288
74058,262
74059,-306
74060,492
74061,480
74062,-24
74063,464
74064,88
74065,-536
74066,-90
74067,144
74068,-15
74069,-234
74070,-32
74071,-289
74072,243
74073,408
74074,-180
74075,990
74076,-244
74077,174
74078,46
74079,-110
74080,-320
74081,24
74082,-136
74083,440
74084,-145
74085,832
74086,-156
74087,720
74088,180
74089,518
74090,864
74091,266
74092,-120
74093,150
74094,-110
74095,-48
74096,28
74097,79
74098,-156
74099,-329
74100,-440
74101,506
74102,210
74103,-36
74104,384
74105,-372
74106,32
74107,-132
74108,0
74109,276
74110,264
74111,228
74112,120
74113,170
74114,22
74115,-320
74116,66
74117,3
74118,352
74119,-324
74120,-612
74121,-216
74122,-170
74123,-387
74124,-18
74125,-480
74126,355
74127,-416
74128,18
74129,288
74130,-288
74131,-196
74132,42
74133,-88
74134,-4
74135,-376
74136,504
74137,0
74138,-256
74139,-660
74140,368
74141,60
74142,-252
74143,94
74144,-390
74145,-456
74146,-48
74147,-130
74148,48
74149,-21
74150,99
74151,-144
74152,1080
74153,162
74154,48
74155,-280
74156,-8
74157,-216
74158,-36
74159,-435
74160,-64
74161,17
74162,-96
74163,-432
74164,119
74165,-60
74166,-378
74167,-377
74168,-48
74169,-252
74170,440
74171,-162
74172,156
74173,20
74174,211
74175,-1232
74176,224
74177,78
74178,-100
74179,96
74180,-264
74181,160
74182,26
74183,522
74184,720
74185,-324
74186,-28
74187,-10
74188,-72
74189,-76
74190,192
74191,96
74192,-26
74193,-288
74194,-2
74195,-576
74196,22
74197,462
74198,-144
74199,322
74200,495
74201,-378
74202,144
74203,-165
74204,270
74205,144
74206,128
74207,480
74208,-220
74209,-314
74210,72
74211,-100
74212,-23
74213,18
74214,-108
74215,-104
74216,264
74217,160
74218,-322
74219,-76
74220,-256
74221,528
74222,-72
74223,-40
74224,87
74225,-330
74226,0
74227,-20
74228,-120
74229,-374
74230,-420
74231,125
74232,81
74233,-64
74234,145
74235,-32
74236,98
74237,-336
74238,-84
74239,264
74240,88
74241,4
74242,153
74243,630
74244,-304
74245,-324
74246,78
74247,228
74248,-372
74249,450
74250,-384
74251,576
74252,-216
74253,-360
74254,-24
74255,848
74256,-90
74257,-326
74258,12
74259,24
74260,-360
74261,-448
74262,-156
74263,459
74264,-426
74265,288
74266,-45
74267,104
74268,34
74269,-90
74270,360
74271,-64
74272,-480
74273,-16
74274,-376
74275,-1001
74276,63
74277,-99
74278,-262
74279,10
74280,168
74281,-96
74282,-10
74283,40
74284,-8
74285,144
74286,-66
74287,19
74288,-91
74289,-116
74290,384
74291,222
74292,-54
74293,144
74294,160
74295,160
74296,81
74297,-262
74298,-96
74299,0
74300,-110
74301,50
74302,-120
74303,-378
74304,-196
74305,-960
74306,90
74307,-486
74308,-190
74309,324
74310,56
74311,365
74312,-468
74313,-192
74314,-48
74315,0
74316,-72
74317,517
74318,-224
74319,312
74320,0
74321,675
74322,26
74323,-310
74324,-30
74325,-550
74326,216
74327,-88
74328,-24
74329,-768
74330,-396
74331,124
74332,116
74333,-54
74334,180
74335,-632
74336,80
74337,-72
74338,612
74339,450
74340,-96
74341,252
74342,-275
74343,406
74344,297
74345,-380
74346,374
74347,420
74348,108
74349,-48
74350,99
74351,-224
74352,-76
74353,35
74354,-54
74355,368
74356,-18
74357,138
74358,-168
74359,320
74360,576
74361,-120
74362,84
74363,227
74364,24
74365,768
74366,48
74367,-160
74368,-81
74369,-216
74370,168
74371,180
74372,-97
74373,-10
74374,108
74375,369
74376,3
74377,-331
74378,-230
74379,288
74380,-196
74381,363
74382,128
74383,221
74384,62
74385,-128
74386,90
74387,-24
74388,52
74389,-42
74390,112
74391,-12
74392,-243
74393,492
74394,-54
74395,324
74396,-261
74397,-188
74398,4
74399,-480
74400,990
74401,495
74402,22
74403,195
74404,0
74405,-32
74406,278
74407,192
74408,-81
74409,264
74410,24
74411,207
74412,-100
74413,-204
74414,-52
74415,-360
74416,109
74417,-255
74418,-320
74419,300
74420,12
74421,-116
74422,-72
74423,-152
74424,-162
74425,-110
74426,120
74427,342
74428,-352
74429,336
74430,-112
74431,531
74432,-308
74433,-196
74434,-188
74435,-12
74436,94
74437,-56
74438,75
74439,-198
74440,-336
74441,169
74442,-176
74443,18
74444,18
74445,96
74446,221
74447,612
74448,36
74449,347
74450,-297
74451,-720
74452,-39
74453,300
74454,-402
74455,376
74456,-297
74457,74
74458,-144
74459,480
74460,-48
74461,-144
74462,369
74463,-26
74464,100
74465,600
74466,108
74467,18
74468,-127
74469,320
74470,-192
74471,321
74472,-144
74473,-303
74474,456
74475,-286
74476,7
74477,-345
74478,-102
74479,90
74480,32
74481,-192
74482,64
74483,288
74484,-13
74485,-832
74486,59
74487,408
74488,36
74489,-453
74490,0
74491,25
74492,36
74493,0
74494,-72
74495,720
74496,-408
74497,720
74498,207
74499,-144
74500,-192
74501,12
74502,2
74503,340
74504,-336
74505,544
74506,254
74507,-208
74508,-90
74509,207
74510,-108
74511,-84
74512,71
74513,-266
74514,48
74515,72
74516,240
74517,-112
74518,-60
74519,-182
74520,1056
74521,216
74522,-42
74523,-28
74524,-252
74525,-352
74526,38
74527,92
74528,45
74529,24
74530,-16
74531,319
74532,282
74533,-6
74534,234
74535,-448
74536,216
74537,-232
74538,18
74539,-3
74540,32
74541,318
74542,360
74543,-384
74544,-82
74545,204
74546,-138
74547,-144
74548,45
74549,-288
74550,-594
74551,190
74552,-27
74553,-26
74554,69
74555,-540
74556,68
74557,147
74558,100
74559,-228
74560,308
74561,54
74562,-112
74563,24
74564,-39
74565,52
74566,528
74567,-132
74568,-720
74569,-336
74570,-184
74571,210
74572,32
74573,-300
74574,-116
74575,704
74576,80
74577,128
74578,-12
74579,324
74580,-64
74581,385
74582,0
74583,136
74584,498
74585,-1008
74586,486
74587,100
74588,52
74589,738
74590,-8
74591,-212
74592,45
74593,528
74594,-60
74595,-600
74596,-180
74597,207
74598,-132
74599,546
74600,66
74601,320
74602,-160
74603,312
74604,-86
74605,-28
74606,-207
74607,-720
74608,-10
74609,437
74610,152
74611,217
74612,360
74613,-288
74614,156
74615,-4
74616,306
74617,-162
74618,-380
74619,-24
74620,540
74621,45
74622,-100
74623,144
74624,60
74625,480
74626,-1
74627,8
74628,160
74629,-21
74630,-96
74631,-454
74632,-240
74633,330
74634,96
74635,-1024
74636,198
74637,-14
74638,14
74639,36
74640,256
74641,54
74642,238
74643,128
74644,50
74645,-8
74646,-40
74647,-201
74648,-567
74649,128
74650,-110
74651,-220
74652,-204
74653,-42
74654,-2
74655,-480
74656,300
74657,-20
74658,16
74659,185
74660,356
74661,504
74662,162
74663,36
74664,-72
74665,204
74666,162
74667,212
74668,156
74669,0
74670,96
74671,0
74672,120
74673,126
74674,-202
74675,-352
74676,32
74677,-100
74678,-36
74679,144
74680,96
74681,0
74682,242
74683,297
74684,228
74685,-400
74686,-48
74687,126
74688,-350
74689,-240
74690,576
74691,-140
74692,189
74693,4
74694,-384
74695,-912
74696,-324
74697,-576
74698,15
74699,50
74700,-99
74701,-32
74702,-477
74703,24
74704,48
74705,-224
74706,356
74707,237
74708,-112
74709,184
74710,360
74711,-360
74712,-384
74713,-67
74714,14
74715,-216
74716,-1
74717,91
74718,60
74719,-320
74720,720
74721,-376
74722,111
74723,-208
74724,90
74725,176
74726,180
74727,24
74728,420
74729,-216
74730,360
74731,100
74732,-144
74733,180
74734,-280
74735,312
74736,-16
74737,-410
74738,30
74739,156
74740,-24
74741,-450
74742,-258
74743,81
74744,-393
74745,-48
74746,360
74747,-262
74748,-42
74749,-264
74750,-960
74751,-74
74752,46
74753,-48
74754,-106
74755,816
74756,56
74757,-386
74758,-292
74759,-452
74760,0
74761,219
74762,80
74763,495
74764,114
74765,288
74766,-78
74767,456
74768,-4
74769,220
74770,488
74771,92
74772,63
74773,-168
74774,255
74775,1364
74776,270
74777,189
74778,160
74779,-225
74780,80
74781,-12
74782,304
74783,-135
74784,360
74785,-312
74786,32
74787,48
74788,-117
74789,100
74790,224
74791,-154
74792,555
74793,-264
74794,-5
74795,312
74796,128
74797,58
74798,72
74799,59
74800,-132
74801,-63
74802,90
74803,-288
74804,9
74805,-456
74806,-52
74807,-192
74808,-135
74809,-288
74810,24
74811,-64
74812,160
74813,-560
74814,-138
74815,-1040
74816,168
74817,-12
74818,372
74819,-16
74820,112
74821,381
74822,-64
74823,96
74824,270
74825,-198
74826,84
74827,-304
74828,-170
74829,208
74830,588
74831,-144
74832,-16
74833,-4
74834,-243
74835,-140
74836,-60
74837,180
74838,-276
74839,-56
74840,-552
74841,-80
74842,-416
74843,-216
74844,-120
74845,-24
74846,-367
74847,80
74848,-255
74849,0
74850,-616
74851,-72
74852,-140
74853,96
74854,175
74855,160
74856,-144
74857,-247
74858,-9
74859,254
74860,144
74861,339
74862,32
74863,-14
74864,-57
74865,1728
74866,-324
74867,-108
74868,12
74869,-370
74870,276
74871,288
74872,0
74873,-271
74874,380
74875,-168
74876,166
74877,-600
74878,80
74879,-108
74880,-60
74881,128
74882,-83
74883,68
74884,240
74885,216
74886,-396
74887,0
74888,288
74889,-80
74890,-568
74891,102
74892,42
74893,-120
74894,256
74895,8
74896,27
74897,-285
74898,32
74899,-35
74900,396
74901,596
74902,213
74903,52
74904,60
74905,864
74906,245
74907,-54
74908,-256
74909,4
74910,-352
74911,-736
74912,175
74913,-36
74914,126
74915,-576
74916,80
74917,148
74918,108
74919,60
74920,-768
74921,128
74922,-4
74923,-469
74924,252
74925,-363
74926,-252
74927,-558
74928,48
74929,518
74930,256
74931,-170
74932,60
74933,246
74934,-16
74935,-708
74936,-72
74937,-480
74938,0
74939,81
74940,472
74941,38
74942,30
74943,-56
74944,-224
74945,520
74946,120
74947,48
74948,-225
74949,378
74950,0
74951,-320
74952,12
74953,57
74954,-368
74955,-672
74956,-183
74957,296
74958,500
74959,-364
74960,48
74961,-41
74962,57
74963,-438
74964,34
74965,288
74966,-27
74967,-80
74968,-354
74969,368
74970,-24
74971,-100
74972,9
74973,28
74974,-232
74975,352
74976,-360
74977,-411
74978,128
74979,-36
74980,32
74981,-264
74982,-208
74983,208
74984,-720
74985,-928
74986,-72
74987,324
74988,-14
74989,-648
74990,-332
74991,-78
74992,-119
74993,-112
74994,-24
74995,-320
74996,192
74997,-45
74998,-336
74999,111
75000,-264
75001,108
75002,152
75003,416
75004,-138
75005,-552
75006,-176
75007,216
75008,153
75009,-632
75010,-280
75011,-272
75012,-216
75013,-191
75014,-156
75015,-228
75016,-84
75017,153
75018,-240
75019,-86
75020,-180
75021,-342
75022,-125
75023,-100
75024,17
75025,-902
75026,264
75027,0
75028,26
75029,394
75030,-576
75031,384
75032,-54
75033,264
75034,234
75035,112
75036,72
75037,-139
75038,45
75039,456
75040,-420
75041,-158
75042,16
75043,-20
75044,-4
75045,-552
75046,384
75047,81
75048,240
75049,-360
75050,440
75051,-171
75052,2
75053,-424
75054,-72
75055,-312
75056,-118
75057,-144
75058,-12
75059,-594
75060,256
75061,-288
75062,-480
75063,0
75064,-300
75065,-680
75066,26
75067,112
75068,-20
75069,32
75070,-656
75071,162
75072,336
75073,-3
75074,-332
75075,1320
75076,128
75077,500
75078,84
75079,-263
75080,-264
75081,-184
75082,-108
75083,-540
75084,248
75085,-72
75086,216
75087,-208
75088,-15
75089,162
75090,560
75091,-256
75092,124
75093,222
75094,57
75095,704
75096,72
75097,-188
75098,-32
75099,-82
75100,132
75101,-425
75102,-164
75103,-150
75104,235
75105,-160
75106,102
75107,-224
75108,-8
75109,175
75110,-72
75111,124
75112,54
75113,171
75114,240
75115,-72
75116,0
75117,60
75118,369
75119,504
75120,64
75121,287
75122,230
75123,60
75124,207
75125,672
75126,-72
75127,160
75128,99
75129,-400
75130,576
75131,-78
75132,42
75133,136
75134,258
75135,-56
75136,108
75137,286
75138,-396
75139,-120
75140,160
75141,-160
75142,-10
75143,22
75144,108
75145,-96
75146,-166
75147,-72
75148,-153
75149,-368
75150,88
75151,184
75152,-96
75153,810
75154,-20
75155,-288
75156,2
75157,-90
75158,221
75159,-63
75160,120
75161,-378
75162,48
75163,584
75164,-224
75165,904
75166,80
75167,-408
75168,-110
75169,438
75170,92
75171,-444
75172,-36
75173,-39
75174,-168
75175,1188
75176,-258
75177,74
75178,329
75179,-245
75180,96
75181,62
75182,-40
75183,0
75184,-24
75185,864
75186,22
75187,864
75188,104
75189,216
75190,128
75191,-159
75192,-300
75193,-364
75194,-81
75195,-32
75196,264
75197,16
75198,-54
75199,16
75200,-693
75201,588
75202,-144
75203,-144
75204,-56
75205,0
75206,504
75207,-280
75208,-270
75209,230
75210,1088
75211,-80
75212,-213
75213,24
75214,136
75215,-256
75216,-70
75217,94
75218,420
75219,66
75220,52
75221,-144
75222,120
75223,-71
75224,-42
75225,528
75226,82
75227,-452
75228,-96
75229,648
75230,96
75231,130
75232,160
75233,-648
75234,124
75235,72
75236,-87
75237,-792
75238,50
75239,208
75240,192
75241,-308
75242,18
75243,-498
75244,-240
75245,-64
75246,4
75247,-108
75248,-64
75249,0
75250,504
75251,280
75252,-198
75253,-334
75254,0
75255,64
75256,-120
75257,-420
75258,6
75259,-132
75260,-180
75261,116
75262,-160
75263,-54
75264,44
75265,884
75266,184
75267,84
75268,252
75269,8
75270,-800
75271,-102
75272,-141
75273,640
75274,-32
75275,407
75276,108
75277,102
75278,-192
75279,384
75280,180
75281,-108
75282,-40
75283,150
75284,64
75285,-288
75286,-55
75287,180
75288,-252
75289,263
75290,624
75291,154
75292,264
75293,336
75294,0
75295,448
75296,-50
75297,400
75298,95
75299,27
75300,-198
75301,-18
75302,264
75303,136
75304,-72
75305,-808
75306,24
75307,-170
75308,-210
75309,380
75310,108
75311,160
75312,5
75313,-20
75314,-280
75315,512
75316,-100
75317,-288
75318,308
75319,680
75320,684
75321,-26
75322,-250
75323,-483
75324,-154
75325,-264
75326,-366
75327,432
75328,-336
75329,355
75330,360
75331,-270
75332,72
75333,-480
75334,132
75335,640
75336,-84
75337,-82
75338,-128
75339,-24
75340,-252
75341,-54
75342,-4
75343,360
75344,42
75345,632
75346,4
75347,172
75348,-120
75349,84
75350,132
75351,282
75352,-252
75353,-435
75354,-16
75355,-396
75356,29
75357,80
75358,-162
75359,28
75360,640
75361,540
75362,-88
75363,-404
75364,99
75365,-216
75366,-50
75367,176
75368,-351
75369,216
75370,632
75371,-32
75372,-168
75373,-96
75374,96
75375,-168
75376,12
75377,3
75378,108
75379,-434
75380,-404
75381,-220
75382,-309
75383,0
75384,-48
75385,-68
75386,102
75387,-720
75388,243
75389,112
75390,576
75391,-450
75392,108
75393,-102
75394,256
75395,180
75396,-256
75397,-210
75398,261
75399,72
75400,330
75401,-71
75402,-72
75403,-403
75404,-162
75405,-800
75406,-36
75407,-472
75408,36
75409,-2
75410,512
75411,-88
75412,162
75413,-60
75414,-150
75415,-632
75416,-684
75417,160
75418,-384
75419,240
75420,-108
75421,40
75422,119
75423,810
75424,70
75425,198
75426,400
75427,96
75428,68
75429,-16
75430,-352
75431,128
75432,468
75433,-80
75434,290
75435,864
75436,29
75437,249
75438,128
75439,570
75440,288
75441,-348
75442,-63
75443,-21
75444,-24
75445,0
75446,180
75447,-18
75448,288
75449,-352
75450,132
75451,90
75452,-115
75453,504
75454,378
75455,440
75456,21
75457,256
75458,54
75459,-268
75460,-240
75461,-104
75462,-332
75463,-480
75464,-138
75465,-560
75466,-300
75467,-393
75468,-208
75469,-16
75470,324
75471,-456
75472,0
75473,-18
75474,21
75475,-770
75476,-108
75477,-64
75478,-520
75479,360
75480,-216
75481,567
75482,-72
75483,43
75484,-16
75485,-1008
75486,432
75487,24
75488,345
75489,-564
75490,608
75491,65
75492,-121
75493,532
75494,92
75495,432
75496,216
75497,135
75498,-40
75499,-208
75500,72
75501,-35
75502,222
75503,-120
75504,-50
75505,-916
75506,-64
75507,0
75508,56
75509,-112
75510,-96
75511,-442
75512,-273
75513,-296
75514,-96
75515,1008
75516,-108
75517,-240
75518,-56
75519,100
75520,-544
75521,-35
75522,576
75523,246
75524,-240
75525,440
75526,112
75527,-267
75528,-30
75529,-135
75530,540
75531,-192
75532,192
75533,-499
75534,-236
75535,552
75536,-108
75537,-204
75538,96
75539,6
75540,-96
75541,-173
75542,144
75543,192
75544,-324
75545,136
75546,104
75547,621
75548,24
75549,322
75550,-242
75551,189
75552,180
75553,387
75554,-9
75555,64
75556,30
75557,-339
75558,-8
75559,292
75560,720
75561,0
75562,-300
75563,432
75564,50
75565,-288
75566,387
75567,-2
75568,45
75569,-330
75570,64
75571,272
75572,207
75573,-320
75574,16
75575,-352
75576,-378
75577,238
75578,-360
75579,384
75580,-176
75581,32
75582,-60
75583,116
75584,455
75585,544
75586,90
75587,-42
75588,132
75589,570
75590,496
75591,-33
75592,540
75593,294
75594,-126
75595,-880
75596,-180
75597,-32
75598,-114
75599,-12
75600,-132
75601,-128
75602,-32
75603,-160
75604,-198
75605,664
75606,34
75607,88
75608,-120
75609,72
75610,-244
75611,212
75612,16
75613,477
75614,240
75615,80
75616,240
75617,45
75618,-110
75619,186
75620,160
75621,-420
75622,336
75623,657
75624,-144
75625,205
75626,252
75627,-212
75628,-18
75629,270
75630,-64
75631,-270
75632,2
75633,-54
75634,410
75635,-180
75636,0
75637,196
75638,-72
75639,-416
75640,-864
75641,-298
75642,444
75643,-42
75644,124
75645,-160
75646,17
75647,-820
75648,54
75649,72
75650,0
75651,-48
75652,-139
75653,-198
75654,396
75655,-408
75656,-120
75657,332
75658,32
75659,-343
75660,-480
75661,-90
75662,-361
75663,-123
75664,-98
75665,60
75666,-60
75667,306
75668,96
75669,312
75670,-864
75671,-396
75672,-15
75673,675
75674,160
75675,-1188
75676,260
75677,-12
75678,60
75679,-22
75680,560
75681,-420
75682,-90
75683,228
75684,-90
75685,84
75686,405
75687,-164
75688,-342
75689,138
75690,100
75691,336
75692,64
75693,960
75694,-212
75695,872
75696,72
75697,208
75698,336
75699,5
75700,154
75701,48
75702,216
75703,458
75704,-105
75705,-256
75706,344
75707,-178
75708,72
75709,-121
75710,-56
75711,530
75712,252
75713,-656
75714,74
75715,192
75716,64
75717,36
75718,-24
75719,-12
75720,-432
75721,-150
75722,-145
75723,-504
75724,-20
75725,605
75726,-84
75727,-72
75728,-36
75729,-392
75730,252
75731,-40
75732,-18
75733,-108
75734,96
75735,528
75736,-180
75737,190
75738,380
75739,0
75740,12
75741,120
75742,-48
75743,-360
75744,-105
75745,-436
75746,-40
75747,-336
75748,-44
75749,-576
75750,-96
75751,560
75752,-18
75753,-36
75754,44
75755,1088
75756,192
75757,-432
75758,198
75759,102
75760,-224
75761,90
75762,-256
75763,480
75764,405
75765,16
75766,126
75767,324
75768,-648
75769,-129
75770,372
75771,52
75772,248
75773,-119
75774,-16
75775,33
75776,135
75777,140
75778,150
75779,-8
75780,-28
75781,43
75782,-114
75783,458
75784,-387
75785,288
75786,-60
75787,386
75788,-132
75789,324
75790,-400
75791,272
75792,-4
75793,33
75794,-28
75795,72
75796,276
75797,-463
75798,99
75799,-52
75800,-132
75801,-456
75802,-27
75803,225
75804,96
75805,-476
75806,36
75807,36
75808,640
75809,-54
75810,-72
75811,-162
75812,296
75813,216
75814,132
75815,64
75816,195
75817,-480
75818,-88
75819,-160
75820,96
75821,-378
75822,-68
75823,64
75824,-36
75825,253
75826,-351
75827,0
75828,0
75829,-640
75830,-128
75831,768
75832,-87
75833,-220
75834,40
75835,40
75836,159
75837,-54
75838,78
75839,-54
75840,560
75841,192
75842,-180
75843,-112
75844,112
75845,-432
75846,-124
75847,90
75848,-336
75849,-120
75850,-297
75851,24
75852,14
75853,-274
75854,288
75855,-1000
75856,-24
75857,-729
75858,342
75859,486
75860,-364
75861,-106
75862,-225
75863,-48
75864,-204
75865,-780
75866,-36
75867,192
75868,-220
75869,210
75870,-480
75871,-42
75872,-415
75873,-12
75874,208
75875,-672
75876,-194
75877,352
75878,376
75879,116
75880,-288
75881,312
75882,40
75883,486
75884,256
75885,-512
75886,-104
75887,-81
75888,27
75889,-452
75890,440
75891,-72
75892,-61
75893,108
75894,480
75895,-336
75896,-60
75897,-132
75898,-42
75899,-441
75900,-704
75901,-76
75902,-234
75903,294
75904,-60
75905,432
75906,24
75907,550
75908,192
75909,-294
75910,432
75911,-448
75912,240
75913,-544
75914,221
75915,-120
75916,-28
75917,0
75918,34
75919,500
75920,-40
75921,-210
75922,72
75923,128
75924,-48
75925,275
75926,-335
75927,304
75928,288
75929,-204
75930,-376
75931,-140
75932,144
75933,160
75934,-124
75935,-440
75936,-60
75937,-205
75938,-182
75939,162
75940,-168
75941,62
75942,-116
75943,-252
75944,-552
75945,576
75946,320
75947,32
75948,-112
75949,-240
75950,-198
75951,-96
75952,-18
75953,-18
75954,-168
75955,464
75956,24
75957,78
75958,11
75959,-700
75960,-288
75961,48
75962,-76
75963,308
75964,291
75965,-352
75966,416
75967,116
75968,-28
75969,-16
75970,432
75971,450
75972,280
75973,459
75974,-246
75975,-418
75976,486
75977,452
75978,-231
75979,-324
75980,24
75981,-504
75982,139
75983,246
75984,-110
75985,480
75986,-14
75987,162
75988,-80
75989,26
75990,-192
75991,-470
75992,-576
75993,4
75994,142
75995,-120
75996,-18
75997,143
75998,-150
75999,144
76000,-480
76001,-194
76002,240
76003,292
76004,-19
76005,144
76006,0
76007,168
76008,-276
76009,-168
76010,640
76011,-60
76012,36
76013,-354
76014,144
76015,64
76016,-118
76017,304
76018,0
76019,-8
76020,-48
76021,72
76022,-148
76023,48
76024,-315
76025,858
76026,0
76027,510
76028,-18
76029,432
76030,24
76031,272
76032,-272
76033,432
76034,30
76035,72
76036,124
76037,-200
76038,128
76039,36
76040,-792
76041,81
76042,180
76043,-288
76044,4
76045,308
76046,396
76047,268
76048,24
76049,-8
76050,132
76051,-320
76052,-129
76053,-36
76054,-136
76055,-540
76056,120
76057,256
76058,-249
76059,-80
76060,432
76061,-672
76062,384
76063,200
76064,115
76065,-704
76066,-34
76067,-112
76068,-23
76069,495
76070,192
76071,546
76072,-18
76073,56
76074,-90
76075,-132
76076,240
76077,-120
76078,47
76079,35
76080,-160
76081,-221
76082,-68
76083,264
76084,224
76085,-688
76086,80
76087,36
76088,-27
76089,-640
76090,-312
76091,-68
76092,-12
76093,513
76094,45
76095,0
76096,-126
76097,-82
76098,-208
76099,-16
76100,66
76101,-146
76102,410
76103,404
76104,-27
76105,720
76106,-281
76107,736
76108,120
76109,45
76110,448
76111,81
76112,-63
76113,-240
76114,304
76115,-640
76116,50
76117,288
76118,-342
76119,-512
76120,192
76121,36
76122,108
76123,151
76124,-53
76125,288
76126,0
76127,-304
76128,400
76129,-125
76130,-832
76131,-176
76132,144
76133,-228
76134,-102
76135,416
76136,864
76137,-126
76138,-14
76139,-48
76140,396
76141,-200
76142,-232
76143,60
76144,0
76145,768
76146,90
76147,-51
76148,-238
76149,43
76150,44
76151,-240
76152,192
76153,672
76154,20
76155,-880
76156,-100
76157,-109
76158,26
76159,-126
76160,108
76161,-90
76162,46
76163,-381
76164,-112
76165,504
76166,-92
76167,540
76168,-78
76169,-320
76170,320
76171,72
76172,-48
76173,-204
76174,324
76175,-616
76176,-41
76177,24
76178,0
76179,-56
76180,180
76181,-381
76182,38
76183,54
76184,0
76185,36
76186,32
76187,594
76188,-72
76189,-472
76190,-432
76191,-374
76192,-15
76193,-600
76194,108
76195,256
76196,-63
76197,360
76198,-414
76199,-16
76200,528
76201,-14
76202,-75
76203,91
76204,-10
76205,152
76206,540
76207,-382
76208,-4
76209,0
76210,-232
76211,-348
76212,-4
76213,-394
76214,-90
76215,-376
76216,90
76217,100
76218,238
76219,-432
76220,-192
76221,-495
76222,104
76223,54
76224,-308
76225,1045
76226,-115
76227,-384
76228,96
76229,-432
76230,-60
76231,-184
76232,195
76233,308
76234,-405
76235,-800
76236,-104
76237,-36
76238,257
76239,-63
76240,72
76241,192
76242,72
76243,68
76244,-50
76245,960
76246,-7
76247,264
76248,144
76249,389
76250,328
76251,-372
76252,-104
76253,-158
76254,72
76255,24
76256,-180
76257,6
76258,405
76259,-306
76260,-648
76261,54
76262,-18
76263,-352
76264,-258
76265,624
76266,32
76267,170
76268,-304
76269,202
76270,168
76271,80
76272,-66
76273,0
76274,-184
76275,88
76276,202
76277,162
76278,-342
76279,81
76280,-12
76281,18
76282,105
76283,342
76284,-5
76285,-128
76286,-78
76287,96
76288,88
76289,3
76290,648
76291,-864
76292,-72
76293,8
76294,-81
76295,-432
76296,-192
76297,-270
76298,302
76299,68
76300,561
76301,252
76302,160
76303,-132
76304,36
76305,784
76306,305
76307,300
76308,-172
76309,6
76310,-720
76311,128
76312,168
76313,-54
76314,480
76315,336
76316,122
76317,372
76318,-64
76319,-200
76320,100
76321,174
76322,288
76323,-640
76324,112
76325,-693
76326,-124
76327,-224
76328,162
76329,32
76330,-312
76331,-102
76332,208
76333,340
76334,-53
76335,-192
76336,10
76337,160
76338,-78
76339,216
76340,-16
76341,36
76342,-72
76343,369
76344,-252
76345,24
76346,8
76347,84
76348,-220
76349,-360
76350,528
76351,90
76352,-147
76353,432
76354,66
76355,452
76356,24
76357,-36
76358,-10
76359,-264
76360,-864
76361,288
76362,0
76363,-6
76364,132
76365,156
76366,-238
76367,394
76368,-42
76369,313
76370,-288
76371,212
76372,64
76373,-60
76374,-52
76375,-1080
76376,111
76377,312
76378,-126
76379,276
76380,-224
76381,132
76382,-48
76383,-792
76384,-540
76385,240
76386,-32
76387,452
76388,-24
76389,186
76390,-64
76391,-16
76392,90
76393,400
76394,16
76395,512
76396,-171
76397,200
76398,216
76399,-328
76400,0
76401,-110
76402,-76
76403,-1
76404,116
76405,288
76406,-96
76407,-402
76408,510
76409,306
76410,256
76411,112
76412,-258
76413,-144
76414,55
76415,216
76416,60
76417,-236
76418,256
76419,-168
76420,-192
76421,-270
76422,-144
76423,130
76424,-297
76425,264
76426,240
76427,285
76428,-80
76429,648
76430,-564
76431,-16
76432,-90
76433,-96
76434,-168
76435,504
76436,108
76437,-128
76438,232
76439,0
76440,240
76441,-294
76442,-3
76443,-576
76444,-18
76445,128
76446,-27
76447,-21
76448,170
76449,0
76450,704
76451,0
76452,224
76453,-270
76454,-168
76455,56
76456,72
76457,28
76458,288
76459,-448
76460,104
76461,624
76462,326
76463,-160
76464,-88
76465,-72
76466,-60
76467,-432
76468,174
76469,-468
76470,-240
76471,-199
76472,-150
76473,-18
76474,-35
76475,-1056
76476,-248
76477,333
76478,64
76479,-150
76480,-672
76481,-162
76482,84
76483,-60
76484,150
76485,-32
76486,16
76487,51
76488,384
76489,-120
76490,428
76491,-92
76492,285
76493,138
76494,-256
76495,-224
76496,108
76497,280
76498,-280
76499,-253
76500,72
76501,24
76502,0
76503,216
76504,-18
76505,-960
76506,-576
76507,-55
76508,-36
76509,45
76510,-120
76511,-45
76512,120
76513,48
76514,-147
76515,8
76516,108
76517,-234
76518,340
76519,155
76520,-864
76521,-864
76522,334
76523,-328
76524,318
76525,682
76526,-198
76527,88
76528,-45
76529,-160
76530,8
76531,375
76532,-15
76533,-504
76534,-15
76535,500
76536,6
76537,-515
76538,72
76539,144
76540,0
76541,-370
76542,-172
76543,-194
76544,-680
76545,672
76546,-333
76547,-72
76548,206
76549,-508
76550,-473
76551,-240
76552,486
76553,39
76554,54
76555,288
76556,-17
76557,-72
76558,-8
76559,408
76560,-64
76561,256
76562,175
76563,-18
76564,194
76565,-376
76566,54
76567,16
76568,81
76569,-260
76570,-720
76571,-420
76572,-16
76573,180
76574,-351
76575,66
76576,-290
76577,20
76578,104
76579,-141
76580,324
76581,56
76582,20
76583,105
76584,-378
76585,-160
76586,-16
76587,68
76588,-324
76589,128
76590,96
76591,0
76592,-8
76593,240
76594,-264
76595,-496
76596,-200
76597,-402
76598,-205
76599,336
76600,-330
76601,324
76602,72
76603,-439
76604,-8
76605,520
76606,14
76607,258
76608,84
76609,-405
76610,-36
76611,-380
76612,-48
76613,-480
76614,218
76615,-480
76616,-384
76617,151
76618,-100
76619,258
76620,360
76621,440
76622,105
76623,-30
76624,70
76625,-96
76626,308
76627,-204
76628,-93
76629,0
76630,480
76631,239
76632,864
76633,225
76634,240
76635,60
76636,48
76637,-40
76638,100
76639,-36
76640,180
76641,16
76642,318
76643,-498
76644,6
76645,480
76646,-28
76647,72
76648,420
76649,-213
76650,-132
76651,-337
76652,132
76653,96
76654,-252
76655,-272
76656,132
76657,297
76658,50
76659,-128
76660,-124
76661,400
76662,-32
76663,-216
76664,252
76665,608
76666,-171
76667,276
76668,-38
76669,-462
76670,432
76671,-126
76672,-21
76673,335
76674,280
76675,-682
76676,-4
76677,432
76678,198
76679,-8
76680,432
76681,-588
76682,-456
76683,424
76684,-216
76685,64
76686,176
76687,15
76688,58
76689,-170
76690,160
76691,240
76692,216
76693,128
76694,-288
76695,-560
76696,-135
76697,442
76698,120
76699,201
76700,-440
76701,240
76702,-71
76703,32
76704,270
76705,-328
76706,-366
76707,616
76708,-24
76709,380
76710,648
76711,414
76712,168
76713,900
76714,100
76715,-56
76716,-84
76717,96
76718,0
76719,576
76720,36
76721,-246
76722,32
76723,10
76724,200
76725,-396
76726,-132
76727,-72
76728,-768
76729,-81
76730,184
76731,0
76732,-88
76733,-376
76734,16
76735,-512
76736,-476
76737,112
76738,72
76739,-690
76740,-104
76741,-168
76742,25
76743,56
76744,30
76745,296
76746,-84
76747,-8
76748,153
76749,-168
76750,-768
76751,648
76752,-45
76753,-20
76754,-134
76755,-504
76756,-63
76757,-52
76758,352
76759,-216
76760,-96
76761,-400
76762,309
76763,-44
76764,-140
76765,1300
76766,-27
76767,48
76768,120
76769,-744
76770,-100
76771,-85
76772,18
76773,32
76774,-320
76775,297
76776,-450
76777,-26
76778,-145
76779,104
76780,64
76781,-551
76782,0
76783,-70
76784,-30
76785,960
76786,243
76787,-63
76788,-100
76789,27
76790,-720
76791,-160
76792,156
76793,576
76794,-232
76795,264
76796,42
76797,120
76798,252
76799,96
76800,-506
76801,-390
76802,312
76803,-444
76804,-360
76805,-40
76806,-27
76807,0
76808,210
76809,-270
76810,-280
76811,54
76812,24
76813,612
76814,200
76815,16
76816,10
76817,640
76818,-432
76819,-261
76820,-256
76821,-104
76822,9
76823,-111
76824,144
76825,264
76826,-288
76827,348
76828,-26
76829,-196
76830,-360
76831,-520
76832,-295
76833,-162
76834,-108
76835,-160
76836,184
76837,513
76838,32
76839,-18
76840,72
76841,-84
76842,-192
76843,80
76844,-50
76845,1224
76846,336
76847,248
76848,24
76849,-189
76850,-110
76851,-120
76852,271
76853,-468
76854,-144
76855,704
76856,-270
76857,-72
76858,144
76859,-72
76860,96
76861,12
76862,68
76863,62
76864,-287
76865,172
76866,32
76867,480
76868,164
76869,110
76870,20
76871,-382
76872,-216
76873,-310
76874,-96
76875,738
76876,86
76877,-64
76878,-82
76879,80
76880,200
76881,20
76882,-50
76883,-136
76884,112
76885,-468
76886,135
76887,4
76888,567
76889,-416
76890,-352
76891,351
76892,-45
76893,54
76894,45
76895,-60
76896,0
76897,-108
76898,162
76899,256
76900,484
76901,112
76902,108
76903,115
76904,-114
76905,264
76906,50
76907,104
76908,-60
76909,-312
76910,484
76911,504
76912,128
76913,-498
76914,-88
76915,-244
76916,189
76917,370
76918,-264
76919,-256
76920,-216
76921,480
76922,-106
76923,144
76924,4
76925,66
76926,-154
76927,-462
76928,84
76929,-144
76930,-128
76931,-408
76932,26
76933,-216
76934,-380
76935,-512
76936,-24
76937,24
76938,272
76939,297
76940,-48
76941,-144
76942,-54
76943,-107
76944,12
76945,-416
76946,-280
76947,-580
76948,40
76949,-148
76950,-484
76951,408
76952,-300
76953,44
76954,204
76955,-256
76956,-50
76957,198
76958,-576
76959,-18
76960,300
76961,478
76962,32
76963,188
76964,72
76965,312
76966,104
76967,-72
76968,147
76969,-340
76970,-112
76971,20
76972,30
76973,0
76974,-206
76975,-660
76976,48
76977,-284
76978,152
76979,36
76980,208
76981,-192
76982,144
76983,-140
76984,216
76985,0
76986,135
76987,-176
76988,-76
76989,-480
76990,-480
76991,521
76992,-378
76993,-9
76994,90
76995,64
76996,-142
76997,-240
76998,-144
76999,390
77000,864
77001,-406
77002,-303
77003,-95
77004,-288
77005,-260
77006,-224
77007,-480
77008,-111
77009,-30
77010,72
77011,264
77012,160
77013,-70
77014,-405
77015,192
77016,144
77017,216
77018,-264
77019,-116
77020,116
77021,-615
77022,100
77023,274
77024,90
77025,1100
77026,148
77027,-216
77028,12
77029,-290
77030,-352
77031,200
77032,42
77033,288
77034,6
77035,972
77036,-196
77037,-152
77038,-450
77039,-90
77040,-48
77041,429
77042,363
77043,112
77044,192
77045,-720
77046,-32
77047,176
77048,174
77049,117
77050,-616
77051,-555
77052,-210
77053,174
77054,-176
77055,-1152
77056,357
77057,-288
77058,216
77059,189
77060,-468
77061,132
77062,40
77063,102
77064,288
77065,168
77066,-72
77067,9
77068,210
77069,-62
77070,48
77071,42
77072,7
77073,-128
77074,0
77075,-132
77076,-59
77077,-50
77078,24
77079,472
77080,972
77081,-310
77082,36
77083,-256
77084,-93
77085,336
77086,-288
77087,320
77088,-80
77089,224
77090,400
77091,-462
77092,242
77093,-24
77094,33
77095,144
77096,-648
77097,-684
77098,-405
77099,28
77100,44
77101,-23
77102,-4
77103,-45
77104,-80
77105,-852
77106,-36
77107,0
77108,51
77109,116
77110,288
77111,26
77112,297
77113,-144
77114,92
77115,480
77116,45
77117,-364
77118,-28
77119,216
77120,-280
77121,-144
77122,273
77123,286
77124,176
77125,96
77126,-36
77127,486
77128,-864
77129,-60
77130,-228
77131,-27
77132,-248
77133,12
77134,216
77135,-160
77136,30
77137,160
77138,-113
77139,8
77140,96
77141,-354
77142,560
77143,568
77144,6
77145,384
77146,225
77147,576
77148,-46
77149,-24
77150,484
77151,-432
77152,250
77153,-190
77154,-192
77155,-80
77156,138
77157,-118
77158,32
77159,-108
77160,624
77161,18
77162,-405
77163,0
77164,0
77165,1024
77166,-152
77167,397
77168,-75
77169,60
77170,-8
77171,-59
77172,272
77173,46
77174,-216
77175,-165
77176,204
77177,234
77178,-96
77179,-72
77180,-132
77181,-360
77182,-72
77183,540
77184,-21
77185,672
77186,-48
77187,408
77188,192
77189,-27
77190,-648
77191,-66
77192,42
77193,-198
77194,150
77195,-64
77196,108
77197,288
77198,-48
77199,108
77200,-220
77201,414
77202,-7
77203,-513
77204,270
77205,-144
77206,-184
77207,-540
77208,-528
77209,-60
77210,-552
77211,16
77212,120
77213,-33
77214,84
77215,312
77216,160
77217,-480
77218,-279
77219,-126
77220,-320
77221,-405
77222,218
77223,-312
77224,-54
77225,924
77226,384
77227,26
77228,182
77229,-23
77230,432
77231,-288
77232,-146
77233,-300
77234,82
77235,-256
77236,-14
77237,326
77238,12
77239,240
77240,456
77241,-580
77242,16
77243,-514
77244,-288
77245,-180
77246,455
77247,-72
77248,189
77249,-70
77250,-768
77251,182
77252,0
77253,-280
77254,36
77255,-56
77256,-18
77257,336
77258,164
77259,-480
77260,-224
77261,189
77262,20
77263,-40
77264,-32
77265,24
77266,-216
77267,96
77268,-54
77269,82
77270,-484
77271,98
77272,150
77273,72
77274,-65
77275,1320
77276,8
77277,-368
77278,-114
77279,-324
77280,-960
77281,-68
77282,237
77283,126
77284,-117
77285,-360
77286,256
77287,48
77288,78
77289,-48
77290,96
77291,308
77292,-8
77293,168
77294,-186
77295,-224
77296,-10
77297,16
77298,250
77299,198
77300,-242
77301,-60
77302,-25
77303,-128
77304,-330
77305,-444
77306,-114
77307,48
77308,108
77309,144
77310,180
77311,160
77312,-33
77313,-232
77314,126
77315,-408
77316,24
77317,469
77318,-98
77319,45
77320,-864
77321,128
77322,84
77323,-89
77324,45
77325,594
77326,-320
77327,220
77328,16
77329,-342
77330,-192
77331,64
77332,178
77333,60
77334,236
77335,576
77336,261
77337,-10
77338,246
77339,132
77340,-320
77341,0
77342,201
77343,-96
77344,310
77345,1008
77346,50
77347,-335
77348,-160
77349,-512
77350,-495
77351,-158
77352,-216
77353,192
77354,-23
77355,0
77356,99
77357,-42
77358,-216
77359,-160
77360,160
77361,240
77362,-72
77363,-20
77364,-96
77365,-12
77366,-20
77367,162
77368,288
77369,226
77370,-616
77371,-4
77372,-200
77373,146
77374,204
77375,168
77376,-630
77377,266
77378,366
77379,-138
77380,-40
77381,-8
77382,192
77383,-308
77384,9
77385,672
77386,118
77387,-292
77388,-28
77389,-205
77390,612
77391,-39
77392,120
77393,540
77394,-248
77395,-128
77396,112
77397,6
77398,6
77399,-366
77400,231
77401,96
77402,24
77403,268
77404,15
77405,-24
77406,288
77407,396
77408,360
77409,-288
77410,-392
77411,250
77412,196
77413,-282
77414,269
77415,-880
77416,84
77417,-430
77418,-96
77419,296
77420,80
77421,-54
77422,357
77423,32
77424,36
77425,-44
77426,35
77427,138
77428,-135
77429,-16
77430,0
77431,-209
77432,330
77433,-280
77434,120
77435,-636
77436,264
77437,-48
77438,531
77439,576
77440,60
77441,360
77442,-146
77443,518
77444,48
77445,-20
77446,-161
77447,-177
77448,-396
77449,-540
77450,-418
77451,-376
77452,56
77453,-60
77454,130
77455,-72
77456,-144
77457,164
77458,-187
77459,78
77460,-320
77461,216
77462,-72
77463,48
77464,-168
77465,188
77466,-168
77467,-80
77468,24
77469,108
77470,-256
77471,112
77472,95
77473,24
77474,218
77475,22
77476,-138
77477,84
77478,-24
77479,85
77480,480
77481,26
77482,-28
77483,-510
77484,-288
77485,472
77486,105
77487,-704
77488,-16
77489,261
77490,432
77491,-76
77492,-144
77493,-160
77494,-98
77495,-320
77496,-78
77497,258
77498,-261
77499,-170
77500,369
77501,20
77502,116
77503,324
77504,84
77505,-664
77506,160
77507,-4
77508,-33
77509,-430
77510,736
77511,360
77512,-54
77513,-119
77514,-30
77515,324
77516,-24
77517,80
77518,-30
77519,0
77520,-96
77521,12
77522,-324
77523,308
77524,119
77525,-297
77526,-16
77527,-105
77528,216
77529,-392
77530,-132
77531,648
77532,-270
77533,192
77534,356
77535,296
77536,-95
77537,-144
77538,104
77539,-240
77540,352
77541,156
77542,-48
77543,-4
77544,-288
77545,-420
77546,0
77547,-380
77548,160
77549,84
77550,792
77551,468
77552,-9
77553,-96
77554,-240
77555,692
77556,-480
77557,179
77558,-320
77559,-288
77560,-504
77561,45
77562,-144
77563,-236
77564,48
77565,320
77566,-202
77567,-110
77568,-68
77569,10
77570,-276
77571,144
77572,-252
77573,-61
77574,-48
77575,-264
77576,-78
77577,80
77578,200
77579,-256
77580,24
77581,-12
77582,98
77583,-256
77584,-10
77585,-672
77586,-280
77587,-315
77588,9
77589,-33
77590,272
77591,360
77592,-240
77593,-630
77594,-96
77595,-432
77596,12
77597,360
77598,99
77599,-4
77600,-660
77601,24
77602,-240
77603,90
77604,32
77605,-432
77606,-248
77607,182
77608,0
77609,261
77610,-400
77611,-110
77612,206
77613,324
77614,6
77615,-84
77616,-8
77617,26
77618,-116
77619,-68
77620,-236
77621,-254
77622,36
77623,-375
77624,-216
77625,768
77626,30
77627,344
77628,186
77629,136
77630,648
77631,-8
77632,-392
77633,122
77634,-44
77635,388
77636,-50
77637,582
77638,-184
77639,96
77640,24
77641,362
77642,158
77643,42
77644,-216
77645,-180
77646,220
77647,200
77648,-192
77649,80
77650,-451
77651,198
77652,-72
77653,224
77654,504
77655,-576
77656,189
77657,280
77658,-36
77659,45
77660,-192
77661,4
77662,160
77663,-150
77664,440
77665,-160
77666,-238
77667,-492
77668,103
77669,88
77670,-184
77671,-1024
77672,-72
77673,-24
77674,243
77675,-1320
77676,-238
77677,104
77678,167
77679,-99
77680,152
77681,348
77682,120
77683,60
77684,14
77685,-32
77686,108
77687,-355
77688,135
77689,384
77690,300
77691,144
77692,-16
77693,648
77694,-144
77695,144
77696,-84
77697,0
77698,-65
77699,28
77700,198
77701,560
77702,124
77703,128
77704,-312
77705,552
77706,-136
77707,198
77708,-196
77709,50
77710,80
77711,-350
77712,-114
77713,-52
77714,-80
77715,-256
77716,64
77717,-1224
77718,30
77719,376
77720,168
77721,678
77722,215
77723,172
77724,-24
77725,561
77726,192
77727,240
77728,-15
77729,-28
77730,-480
77731,-343
77732,226
77733,-140
77734,115
77735,384
77736,-540
77737,0
77738,-252
77739,228
77740,-384
77741,-152
77742,-12
77743,-68
77744,14
77745,144
77746,-258
77747,-13
77748,-288
77749,60
77750,768
77751,5
77752,-267
77753,115
77754,138
77755,952
77756,27
77757,576
77758,171
77759,48
77760,-280
77761,449
77762,-72
77763,-164
77764,209
77765,192
77766,-620
77767,72
77768,-60
77769,14
77770,96
77771,108
77772,-200
77773,274
77774,15
77775,-528
77776,-3
77777,216
77778,-16
77779,900
77780,108
77781,-112
77782,212
77783,-76
77784,288
77785,-936
77786,0
77787,-196
77788,-167
77789,96
77790,64
77791,-189
77792,-300
77793,140
77794,-324
77795,-832
77796,-15
77797,-117
77798,378
77799,-356
77800,-825
77801,-118
77802,-214
77803,-130
77804,10
77805,240
77806,159
77807,-138
77808,-132
77809,-240
77810,-324
77811,108
77812,-44
77813,-41
77814,48
77815,-360
77816,-81
77817,-200
77818,90
77819,-294
77820,-328
77821,0
77822,-88
77823,-164
77824,-4
77825,-704
77826,306
77827,32
77828,-150
77829,520
77830,56
77831,-560
77832,-216
77833,-372
77834,66
77835,192
77836,-64
77837,-420
77838,330
77839,464
77840,192
77841,-550
77842,177
77843,120
77844,-280
77845,-440
77846,-100
77847,-552
77848,189
77849,-82
77850,44
77851,32
77852,202
77853,-336
77854,189
77855,384
77856,-450
77857,50
77858,-208
77859,216
77860,24
77861,165
77862,288
77863,-489
77864,480
77865,-64
77866,-103
77867,75
77868,192
77869,76
77870,140
77871,8
77872,144
77873,448
77874,-208
77875,0
77876,27
77877,-72
77878,72
77879,117
77880,768
77881,-240
77882,-318
77883,-260
77884,257
77885,84
77886,24
77887,540
77888,-294
77889,396
77890,-384
77891,-96
77892,-4
77893,166
77894,60
77895,224
77896,-540
77897,-360
77898,-90
77899,366
77900,396
77901,-96
77902,80
77903,-648
77904,-1
77905,-48
77906,118
77907,-466
77908,-130
77909,-264
77910,-80
77911,-288
77912,-408
77913,-72
77914,-24
77915,-476
77916,-42
77917,-78
77918,200
77919,432
77920,560
77921,-308
77922,165
77923,58
77924,120
77925,-990
77926,342
77927,40
77928,0
77929,-133
77930,232
77931,96
77932,-258
77933,384
77934,-486
77935,-1360
77936,-12
77937,144
77938,-108
77939,400
77940,4
77941,594
77942,262
77943,-380
77944,-66
77945,-108
77946,-520
77947,-200
77948,0
77949,384
77950,-88
77951,-38
77952,36
77953,-3
77954,-220
77955,552
77956,57
77957,-32
77958,72
77959,-42
77960,-72
77961,-190
77962,-117
77963,-285
77964,0
77965,-216
77966,360
77967,-32
77968,36
77969,32
77970,-128
77971,224
77972,40
77973,540
77974,-160
77975,-264
77976,36
77977,-106
77978,256
77979,-384
77980,24
77981,-176
77982,360
77983,-251
77984,-345
77985,-104
77986,330
77987,-855
77988,-168
77989,-288
77990,-64
77991,-58
77992,81
77993,320
77994,-21
77995,-384
77996,81
77997,566
77998,-16
77999,-18
78000,240
78001,228
78002,84
78003,-156
78004,181
78005,-92
78006,-98
78007,253
78008,-60
78009,-42
78010,-152
78011,12
78012,-36
78013,180
78014,64
78015,240
78016,280
78017,488
78018,-424
78019,104
78020,-324
78021,75
78022,-60
78023,-144
78024,126
78025,110
78026,410
78027,432
78028,-50
78029,432
78030,128
78031,144
78032,42
78033,224
78034,-272
78035,-320
78036,0
78037,-98
78038,-346
78039,80
78040,-768
78041,-42
78042,-64
78043,150
78044,-68
78045,-280
78046,180
78047,-231
78048,-40
78049,199
78050,264
78051,-228
78052,200
78053,0
78054,-404
78055,308
78056,180
78057,-64
78058,-108
78059,-404
78060,-216
78061,288
78062,312
78063,102
78064,81
78065,-820
78066,-98
78067,-108
78068,8
78069,200
78070,288
78071,-432
78072,12
78073,-44
78074,-64
78075,-11
78076,24
78077,9
78078,-288
78079,-218
78080,544
78081,258
78082,50
78083,-80
78084,110
78085,-1152
78086,-35
78087,410
78088,-231
78089,-72
78090,96
78091,-745
78092,-102
78093,-127
78094,-283
78095,-444
78096,104
78097,108
78098,171
78099,294
78100,-396
78101,429
78102,124
78103,405
78104,-180
78105,-576
78106,-24
78107,54
78108,256
78109,316
78110,96
78111,-336
78112,220
78113,228
78114,-252
78115,-216
78116,-208
78117,760
78118,480
78119,0
78120,-324
78121,-230
78122,-140
78123,460
78124,-119
78125,336
78126,-104
78127,-102
78128,-8
78129,-86
78130,-560
78131,560
78132,60
78133,0
78134,273
78135,-72
78136,-522
78137,177
78138,-192
78139,70
78140,-64
78141,-18
78142,0
78143,-630
78144,-168
78145,36
78146,-162
78147,-100
78148,-60
78149,-120
78150,374
78151,72
78152,141
78153,816
78154,112
78155,-64
78156,40
78157,62
78158,246
78159,-428
78160,216
78161,-315
78162,168
78163,-444
78164,-270
78165,880
78166,60
78167,432
78168,552
78169,675
78170,568
78171,-36
78172,1
78173,139
78174,14
78175,440
78176,60
78177,-1024
78178,-182
78179,-177
78180,-64
78181,69
78182,-540
78183,18
78184,-138
78185,-128
78186,-288
78187,9
78188,64
78189,-350
78190,96
78191,-347
78192,-8
78193,-540
78194,-65
78195,-1080
78196,-8
78197,321
78198,116
78199,-576
78200,792
78201,-34
78202,72
78203,-192
78204,-120
78205,-428
78206,20
78207,-60
78208,-135
78209,198
78210,-160
78211,318
78212,183
78213,-450
78214,58
78215,-784
78216,-222
78217,252
78218,27
78219,200
78220,324
78221,-540
78222,232
78223,128
78224,-30
78225,528
78226,99
78227,-63
78228,-45
78229,-370
78230,-516
78231,0
78232,-288
78233,-150
78234,-240
78235,752
78236,30
78237,78
78238,257
78239,267
78240,-40
78241,146
78242,72
78243,664
78244,162
78245,-568
78246,-240
78247,192
78248,72
78249,66
78250,192
78251,183
78252,-90
78253,132
78254,384
78255,108
78256,-14
78257,-144
78258,-164
78259,115
78260,420
78261,504
78262,-408
78263,-208
78264,-78
78265,768
78266,212
78267,-48
78268,156
78269,648
78270,-360
78271,-138
78272,273
78273,-160
78274,441
78275,198
78276,160
78277,119
78278,186
78279,456
78280,-768
78281,360
78282,30
78283,-421
78284,-225
78285,768
78286,-185
78287,-5
78288,-66
78289,250
78290,-24
78291,-174
78292,-123
78293,-416
78294,20
78295,996
78296,111
78297,-22
78298,-104
78299,-400
78300,-88
78301,-406
78302,-54
78303,392
78304,405
78305,-80
78306,-126
78307,444
78308,104
78309,24
78310,0
78311,-444
78312,270
78313,414
78314,314
78315,704
78316,-75
78317,-42
78318,8
78319,64
78320,0
78321,-552
78322,-78
78323,168
78324,-192
78325,-550
78326,191
78327,-440
78328,-399
78329,12
78330,-48
78331,-48
78332,-66
78333,-392
78334,90
78335,-136
78336,-33
78337,81
78338,120
78339,-126
78340,-152
78341,-461
78342,32
78343,448
78344,-234
78345,-8
78346,-371
78347,132
78348,10
78349,-513
78350,-385
78351,-180
78352,72
78353,-324
78354,-92
78355,-144
78356,108
78357,84
78358,120
78359,-32
78360,-528
78361,736
78362,189
78363,-51
78364,60
78365,0
78366,72
78367,394
78368,-450
78369,-24
78370,264
78371,-306
78372,96
78373,2
78374,168
78375,768
78376,-72
78377,-375
78378,174
78379,276
78380,-144
78381,416
78382,-340
78383,96
78384,-144
78385,-64
78386,-288
78387,60
78388,-96
78389,63
78390,140
78391,224
78392,648
78393,-534
78394,-136
78395,-160
78396,-288
78397,48
78398,70
78399,-270
78400,154
78401,216
78402,16
78403,15
78404,-78
78405,520
78406,90
78407,672
78408,165
78409,0
78410,-328
78411,-144
78412,-6
78413,-264
78414,-48
78415,688
78416,-24
78417,-73
78418,-182
78419,176
78420,-144
78421,81
78422,-2
78423,98
78424,-450
78425,-462
78426,-78
78427,326
78428,159
78429,640
78430,-1152
78431,-156
78432,280
78433,648
78434,-26
78435,-432
78436,-62
78437,42
78438,264
78439,-164
78440,-180
78441,-184
78442,-90
78443,-360
78444,52
78445,-8
78446,-208
78447,520
78448,104
78449,24
78450,110
78451,104
78452,-264
78453,-32
78454,192
78455,540
78456,-648
78457,-224
78458,-290
78459,276
78460,-232
78461,423
78462,24
78463,-144
78464,-12
78465,-720
78466,-28
78467,424
78468,60
78469,21
78470,384
78471,102
78472,126
78473,528
78474,144
78475,-154
78476,200
78477,36
78478,-78
78479,76
78480,-68
78481,485
78482,-2
78483,-184
78484,315
78485,-864
78486,256
78487,257
78488,-246
78489,120
78490,288
78491,324
78492,432
78493,-160
78494,350
78495,-888
78496,160
78497,-202
78498,0
78499,-432
78500,384
78501,0
78502,9
78503,-184
78504,486
78505,72
78506,-135
78507,-160
78508,4
78509,35
78510,432
78511,-309
78512,54
78513,-276
78514,-90
78515,360
78516,32
78517,243
78518,-252
78519,-120
78520,-180
78521,-253
78522,-16
78523,216
78524,63
78525,44
78526,270
78527,-216
78528,70
78529,192
78530,196
78531,270
78532,-24
78533,-690
78534,-54
78535,-128
78536,-186
78537,36
78538,-24
78539,-15
78540,-288
78541,-550
78542,-44
78543,-328
78544,138
78545,-1152
78546,-200
78547,-30
78548,-38
78549,316
78550,198
78551,240
78552,-72
78553,-536
78554,-54
78555,360
78556,-81
78557,-246
78558,-56
78559,-20
78560,-400
78561,-42
78562,52
78563,72
78564,196
78565,-448
78566,-10
78567,-148
78568,576
78569,-209
78570,-528
78571,270
78572,-110
78573,24
78574,132
78575,858
78576,-66
78577,-358
78578,-50
78579,167
78580,-220
78581,-32
78582,276
78583,22
78584,432
78585,-864
78586,338
78587,0
78588,24
78589,816
78590,64
78591,336
78592,-544
78593,-94
78594,-400
78595,608
78596,-54
78597,-324
78598,160
78599,-45
78600,198
78601,-504
78602,257
78603,-216
78604,-175
78605,-400
78606,88
78607,-234
78608,75
78609,-444
78610,528
78611,-360
78612,176
78613,-56
78614,528
78615,164
78616,540
78617,-36
78618,18
78619,-128
78620,-240
78621,-96
78622,52
78623,264
78624,-300
78625,-216
78626,44
78627,-412
78628,-48
78629,320
78630,-672
78631,-648
78632,-342
78633,66
78634,-132
78635,-528
78636,184
78637,-840
78638,-81
78639,288
78640,112
78641,8
78642,6
78643,65
78644,-86
78645,-192
78646,73
78647,-504
78648,24
78649,358
78650,-275
78651,-418
78652,84
78653,-174
78654,-212
78655,440
78656,322
78657,-256
78658,-252
78659,18
78660,-128
78661,-624
78662,-6
78663,-70
78664,204
78665,-764
78666,384
78667,-540
78668,126
78669,83
78670,-656
78671,-51
78672,-64
78673,-624
78674,-256
78675,-220
78676,0
78677,-194
78678,324
78679,72
78680,1080
78681,-274
78682,58
78683,1024
78684,180
78685,-200
78686,-285
78687,-177
78688,240
78689,-45
78690,-448
78691,88
78692,0
78693,-264
78694,16
78695,-316
78696,-30
78697,-29
78698,51
78699,-24
78700,198
78701,225
78702,540
78703,48
78704,98
78705,320
78706,128
78707,-96
78708,72
78709,-360
78710,-192
78711,60
78712,504
78713,-126
78714,84
78715,240
78716,-264
78717,232
78718,30
78719,-96
78720,216
78721,422
78722,-150
78723,-33
78724,31
78725,-693
78726,-252
78727,-84
78728,-210
78729,-48
78730,-564
78731,-84
78732,-22
78733,126
78734,-64
78735,32
78736,-36
78737,-174
78738,168
78739,-486
78740,-288
78741,20
78742,-42
78743,30
78744,360
78745,204
78746,260
78747,364
78748,-32
78749,164
78750,123
78751,320
78752,480
78753,-116
78754,-132
78755,608
78756,-20
78757,39
78758,-50
78759,144
78760,-192
78761,-54
78762,216
78763,-620
78764,72
78765,0
78766,57
78767,-90
78768,-27
78769,11
78770,552
78771,270
78772,-243
78773,-18
78774,320
78775,-264
78776,42
78777,-56
78778,-234
78779,134
78780,-80
78781,459
78782,-392
78783,-40
78784,-224
78785,60
78786,-176
78787,425
78788,262
78789,436
78790,-480
78791,119
78792,84
78793,-160
78794,209
78795,192
78796,-49
78797,-17
78798,-336
78799,-249
78800,-99
78801,426
78802,-450
78803,-372
78804,-40
78805,-144
78806,-15
78807,340
78808,18
78809,15
78810,216
78811,-45
78812,-96
78813,-528
78814,-144
78815,-768
78816,-240
78817,-171
78818,-213
78819,630
78820,-108
78821,-328
78822,6
78823,420
78824,192
78825,-110
78826,332
78827,-255
78828,-110
78829,78
78830,412
78831,-88
78832,20
78833,-729
78834,132
78835,-792
78836,56
78837,-272
78838,132
78839,-518
78840,96
78841,-146
78842,280
78843,162
78844,456
78845,-1120
78846,-132
78847,252
78848,276
78849,-138
78850,396
78851,-96
78852,-274
78853,-364
78854,0
78855,-288
78856,-51
78857,111
78858,-115
78859,-336
78860,148
78861,-192
78862,-63
78863,-261
78864,90
78865,864
78866,-216
78867,-256
78868,208
78869,240
78870,768
78871,15
78872,-492
78873,-96
78874,8
78875,-432
78876,24
78877,-16
78878,268
78879,0
78880,-120
78881,-72
78882,296
78883,0
78884,-135
78885,-248
78886,217
78887,332
78888,96
78889,-24
78890,-480
78891,-4
78892,5
78893,-132
78894,308
78895,-864
78896,57
78897,-240
78898,-160
78899,64
78900,-462
78901,-431
78902,42
78903,-48
78904,-180
78905,56
78906,12
78907,-424
78908,-174
78909,48
78910,560
78911,-378
78912,21
78913,144
78914,-288
78915,1008
78916,34
78917,135
78918,-60
78919,-440
78920,-696
78921,120
78922,112
78923,-432
78924,154
78925,-1188
78926,-252
78927,404
78928,2
78929,-178
78930,68
78931,273
78932,180
78933,-360
78934,-8
78935,264
78936,960
78937,-100
78938,-20
78939,-8
78940,-112
78941,12
78942,128
78943,0
78944,-185
78945,-448
78946,45
78947,-592
78948,84
78949,-575
78950,-22
78951,-122
78952,-432
78953,-513
78954,-364
78955,32
78956,-96
78957,144
78958,-144
78959,-224
78960,216
78961,619
78962,-125
78963,360
78964,-180
78965,0
78966,108
78967,150
78968,-48
78969,464
78970,-160
78971,-96
78972,-60
78973,-15
78974,-315
78975,-550
78976,12
78977,214
78978,-234
78979,19
78980,384
78981,-78
78982,48
78983,336
78984,-180
78985,-312
78986,2
78987,44
78988,-90
78989,-82
78990,-144
78991,-224
78992,-108
78993,21
78994,-256
78995,-288
78996,-44
78997,243
78998,90
78999,228
79000,720
79001,-640
79002,192
79003,220
79004,256
79005,-128
79006,348
79007,-360
79008,-80
79009,129
79010,520
79011,-29
79012,42
79013,110
79014,190
79015,-784
79016,-243
79017,436
79018,175
79019,270
79020,32
79021,128
79022,-124
79023,270
79024,-104
79025,-374
79026,296
79027,-480
79028,-360
79029,-328
79030,72
79031,-500
79032,0
79033,-186
79034,-126
79035,-288
79036,-70
79037,36
79038,-67
79039,62
79040,560
79041,80
79042,-199
79043,-140
79044,270
79045,696
79046,-336
79047,-78
79048,270
79049,-42
79050,594
79051,-480
79052,-118
79053,370
79054,225
79055,-48
79056,88
79057,-252
79058,84
79059,12
79060,-224
79061,-100
79062,212
79063,392
79064,-33
79065,108
79066,-390
79067,-327
79068,56
79069,-78
79070,300
79071,576
79072,-180
79073,216
79074,0
79075,440
79076,-10
79077,56
79078,-320
79079,-600
79080,-216
79081,-9
79082,-374
79083,-16
79084,132
79085,804
79086,-76
79087,-435
79088,57
79089,-468
79090,-288
79091,-16
79092,-5
79093,480
79094,18
79095,-192
79096,-12
79097,-64
79098,-182
79099,162
79100,-66
79101,-108
79102,-90
79103,-36
79104,-544
79105,-840
79106,-147
79107,378
79108,-88
79109,-624
79110,144
79111,-14
79112,216
79113,50
79114,0
79115,-240
79116,-8
79117,328
79118,60
79119,64
79120,224
79121,0
79122,240
79123,272
79124,-9
79125,-1152
79126,-124
79127,455
79128,-144
79129,50
79130,720
79131,-10
79132,16
79133,-297
79134,170
79135,-96
79136,120
79137,-594
79138,96
79139,336
79140,0
79141,172
79142,57
79143,-432
79144,-90
79145,544
79146,-88
79147,-148
79148,-63
79149,606
79150,-605
79151,506
79152,-72
79153,8
79154,56
79155,112
79156,-24
79157,-490
79158,-160
79159,-24
79160,-432
79161,472
79162,-118
79163,441
79164,-52
79165,-288
79166,-40
79167,-192
79168,224
79169,-213
79170,-240
79171,-342
79172,-190
79173,64
79174,405
79175,-506
79176,-264
79177,150
79178,-256
79179,-156
79180,-144
79181,-456
79182,-45
79183,500
79184,4
79185,-504
79186,-24
79187,176
79188,60
79189,256
79190,128
79191,-324
79192,204
79193,-316
79194,-126
79195,828
79196,20
79197,-288
79198,-312
79199,-116
79200,220
79201,226
79202,-99
79203,246
79204,-135
79205,216
79206,448
79207,704
79208,-456
79209,-60
79210,356
79211,64
79212,432
79213,-36
79214,0
79215,464
79216,-36
79217,177
79218,-10
79219,546
79220,-132
79221,-256
79222,280
79223,-44
79224,-96
79225,220
79226,75
79227,40
79228,72
79229,126
79230,512
79231,14
79232,21
79233,472
79234,8
79235,800
79236,81
79237,-240
79238,-332
79239,-16
79240,-576
79241,482
79242,540
79243,136
79244,296
79245,576
79246,56
79247,-120
79248,-80
79249,336
79250,-480
79251,-300
79252,-182
79253,648
79254,27
79255,-60
79256,-96
79257,-212
79258,592
79259,-345
79260,400
79261,252
79262,267
79263,-32
79264,35
79265,0
79266,328
79267,-729
79268,96
79269,18
79270,584
79271,30
79272,-24
79273,-401
79274,-475
79275,-198
79276,176
79277,-44
79278,-8
79279,240
79280,100
79281,-80
79282,-88
79283,264
79284,18
79285,128
79286,-108
79287,-480
79288,180
79289,-270
79290,72
79291,138
79292,-154
79293,-280
79294,-360
79295,736
79296,336
79297,36
79298,-117
79299,0
79300,440
79301,42
79302,380
79303,-414
79304,144
79305,-768
79306,-168
79307,-72
79308,-71
79309,359
79310,768
79311,620
79312,-46
79313,-235
79314,180
79315,-216
79316,90
79317,36
79318,-128
79319,208
79320,-48
79321,120
79322,180
79323,-120
79324,69
79325,352
79326,-40
79327,-752
79328,105
79329,450
79330,-456
79331,-114
79332,-224
79333,-364
79334,-10
79335,-252
79336,-648
79337,399
79338,-360
79339,-360
79340,-96
79341,280
79342,312
79343,68
79344,-8
79345,-96
79346,60
79347,-606
79348,-216
79349,274
79350,-902
79351,52
79352,-765
79353,-44
79354,224
79355,608
79356,150
79357,94
79358,16
79359,264
79360,-396
79361,216
79362,19
79363,88
79364,0
79365,-480
79366,-378
79367,42
79368,504
79369,-336
79370,300
79371,-80
79372,-212
79373,-144
79374,112
79375,328
79376,45
79377,294
79378,315
79379,-282
79380,-88
79381,28
79382,224
79383,-162
79384,-366
79385,584
79386,12
79387,-324
79388,0
79389,131
79390,432
79391,405
79392,-280
79393,446
79394,180
79395,560
79396,368
79397,207
79398,108
79399,-136
79400,-726
79401,-240
79402,-56
79403,72
79404,240
79405,-456
79406,-262
79407,48
79408,-12
79409,276
79410,-176
79411,197
79412,6
79413,64
79414,32
79415,-900
79416,-138
79417,-360
79418,178
79419,-832
79420,-48
79421,-56
79422,432
79423,136
79424,42
79425,-132
79426,-63
79427,539
79428,118
79429,-132
79430,432
79431,-144
79432,-210
79433,-136
79434,228
79435,820
79436,-252
79437,260
79438,60
79439,24
79440,208
79441,12
79442,-512
79443,180
79444,154
79445,748
79446,44
79447,0
79448,420
79449,36
79450,-363
79451,-494
79452,-15
79453,396
79454,-174
79455,-96
79456,0
79457,-51
79458,216
79459,16
79460,24
79461,-221
79462,140
79463,-2
79464,-504
79465,-1280
79466,-6
79467,60
79468,-22
79469,-255
79470,-104
79471,354
79472,-68
79473,416
79474,-60
79475,-352
79476,-24
79477,0
79478,90
79479,-31
79480,-192
79481,549
79482,-120
79483,64
79484,81
79485,-336
79486,8
79487,36
79488,96
79489,-102
79490,572
79491,208
79492,-72
79493,-169
79494,-280
79495,780
79496,60
79497,10
79498,-62
79499,378
79500,240
79501,-120
79502,-64
79503,126
79504,56
79505,592
79506,54
79507,259
79508,320
79509,48
79510,-260
79511,272
79512,12
79513,288
79514,-81
79515,576
79516,320
79517,84
79518,100
79519,-252
79520,-540
79521,-70
79522,194
79523,-480
79524,-34
79525,-462
79526,-153
79527,-4
79528,225
79529,-28
79530,320
79531,107
79532,184
79533,-3
79534,480
79535,-212
79536,-26
79537,-136
79538,-158
79539,-54
79540,432
79541,-12
79542,-220
79543,171
79544,24
79545,408
79546,234
79547,240
79548,-336
79549,351
79550,-231
79551,46
79552,56
79553,-200
79554,12
79555,-948
79556,134
79557,416
79558,100
79559,-528
79560,-180
79561,30
79562,258
79563,-400
79564,58
79565,-424
79566,0
79567,-180
79568,75
79569,-84
79570,136
79571,81
79572,32
79573,285
79574,-52
79575,660
79576,90
79577,-81
79578,-30
79579,27
79580,-128
79581,-18
79582,-60
79583,-354
79584,380
79585,768
79586,-310
79587,72
79588,18
79589,182
79590,96
79591,-288
79592,30
79593,-56
79594,105
79595,352
79596,-112
79597,81
79598,-138
79599,-384
79600,-110
79601,-74
79602,-192
79603,464
79604,300
79605,-64
79606,60
79607,-472
79608,648
79609,-510
79610,432
79611,-144
79612,-215
79613,-209
79614,-53
79615,264
79616,544
79617,534
79618,-135
79619,-352
79620,-416
79621,-289
79622,-342
79623,-308
79624,-171
79625,240
79626,-224
79627,-277
79628,96
79629,-256
79630,368
79631,-44
79632,-30
79633,183
79634,-126
79635,576
79636,112
79637,-288
79638,-30
79639,-54
79640,96
79641,-6
79642,200
79643,48
79644,36
79645,-144
79646,120
79647,0
79648,60
79649,-64
79650,-352
79651,-40
79652,216
79653,546
79654,64
79655,0
79656,-120
79657,236
79658,-14
79659,-40
79660,-12
79661,99
79662,-216
79663,-126
79664,50
79665,-144
79666,176
79667,84
79668,-6
79669,290
79670,72
79671,-74
79672,24
79673,-320
79674,32
79675,704
79676,-12
79677,220
79678,-208
79679,357
79680,504
79681,-297
79682,-160
79683,188
79684,256
79685,-648
79686,-44
79687,-205
79688,432
79689,-84
79690,80
79691,-200
79692,8
79693,-306
79694,-322
79695,384
79696,27
79697,-95
79698,-144
79699,-268
79700,132
79701,1026
79702,225
79703,-240
79704,270
79705,-384
79706,-176
79707,324
79708,-148
79709,-480
79710,696
79711,540
79712,225
79713,-51
79714,162
79715,-384
79716,-60
79717,128
79718,-208
79719,-180
79720,288
79721,-20
79722,112
79723,104
79724,-40
79725,44
79726,258
79727,144
79728,24
79729,-480
79730,-252
79731,116
79732,-234
79733,-396
79734,72
79735,-72
79736,48
79737,252
79738,-270
79739,45
79740,-36
79741,368
79742,310
79743,-208
79744,0
79745,900
79746,16
79747,354
79748,92
79749,-90
79750,-192
79751,252
79752,-486
79753,-88
79754,-257
79755,200
79756,-128
79757,-272
79758,-288
79759,351
79760,-248
79761,-496
79762,-200
79763,450
79764,128
79765,-420
79766,212
79767,182
79768,288
79769,-124
79770,104
79771,-260
79772,-24
79773,-272
79774,-368
79775,-693
79776,-70
79777,-383
79778,-24
79779,-36
79780,272
79781,45
79782,-72
79783,104
79784,84
79785,396
79786,-432
79787,128
79788,-272
79789,20
79790,80
79791,-208
79792,57
79793,72
79794,180
79795,112
79796,10
79797,-308
79798,141
79799,270
79800,792
79801,510
79802,-192
79803,19
79804,-270
79805,368
79806,-288
79807,255
79808,-98
79809,-108
79810,-32
79811,38
79812,72
79813,140
79814,-102
79815,-192
79816,144
79817,-170
79818,-90
79819,-440
79820,-640
79821,4
79822,24
79823,-384
79824,70
79825,1584
79826,192
79827,-576
79828,213
79829,-56
79830,60
79831,-96
79832,324
79833,0
79834,-32
79835,960
79836,-116
79837,62
79838,0
79839,40
79840,-560
79841,-54
79842,396
79843,85
79844,-184
79845,-112
79846,-135
79847,320
79848,162
79849,288
79850,726
79851,-98
79852,93
79853,126
79854,-168
79855,-336
79856,-216
79857,-144
79858,-176
79859,360
79860,192
79861,-22
79862,54
79863,-648
79864,168
79865,-140
79866,-66
79867,488
79868,-252
79869,-460
79870,8
79871,-60
79872,450
79873,-508
79874,24
79875,-216
79876,-20
79877,-396
79878,-236
79879,123
79880,-312
79881,586
79882,248
79883,72
79884,-60
79885,920
79886,-96
79887,-810
79888,-1
79889,55
79890,104
79891,-12
79892,186
79893,304
79894,0
79895,400
79896,-12
79897,-221
79898,-120
79899,-548
79900,297
79901,-102
79902,-160
79903,44
79904,-220
79905,-144
79906,225
79907,460
79908,0
79909,54
79910,-96
79911,180
79912,-486
79913,-384
79914,144
79915,-96
79916,24
79917,210
79918,-360
79919,165
79920,48
79921,8
79922,0
79923,8
79924,-50
79925,-1408
79926,-96
79927,-64
79928,-576
79929,-108
79930,152
79931,-147
79932,200
79933,-336
79934,96
79935,-552
79936,-413
79937,-336
79938,45
79939,-85
79940,-252
79941,80
79942,231
79943,-276
79944,360
79945,-256
79946,-81
79947,-270
79948,320
79949,693
79950,-990
79951,192
79952,84
79953,-72
79954,-378
79955,4
79956,32
79957,45
79958,-74
79959,152
79960,-228
79961,-555
79962,16
79963,100
79964,-131
79965,64
79966,126
79967,-72
79968,-60
79969,-96
79970,128
79971,512
79972,46
79973,99
79974,128
79975,-825
79976,-660
79977,-60
79978,145
79979,547
79980,-504
79981,10
79982,54
79983,12
79984,116
79985,-540
79986,-24
79987,-136
79988,-117
79989,-270
79990,112
79991,576
79992,24
79993,-72
79994,216
79995,432
79996,-6
79997,13
79998,-140
79999,324
80000,-123
80001,360
80002,-30
80003,540
80004,-32
80005,-200
80006,-34
80007,378
80008,-18
80009,396
80010,-96
80011,0
80012,-90
80013,-64
80014,-208
80015,-640
80016,114
80017,-144
80018,190
80019,-15
80020,-8
80021,308
80022,-112
80023,196
80024,342
80025,1056
80026,-33
80027,190
80028,-220
80029,0
80030,60
80031,288
80032,-360
80033,-20
80034,-78
80035,-640
80036,144
80037,-61
80038,-405
80039,-136
80040,384
80041,135
80042,-360
80043,-448
80044,-28
80045,-684
80046,-4
80047,160
80048,69
80049,82
80050,132
80051,-416
80052,108
80053,112
80054,300
80055,-320
80056,342
80057,192
80058,448
80059,-279
80060,256
80061,-252
80062,-63
80063,-40
80064,112
80065,-672
80066,-56
80067,160
80068,-3
80069,-72
80070,384
80071,82
80072,177
80073,243
80074,-300
80075,-396
80076,8
80077,-152
80078,56
80079,-428
80080,-240
80081,120
80082,36
80083,110
80084,130
80085,960
80086,-16
80087,-36
80088,-486
80089,-27
80090,-388
80091,-176
80092,-66
80093,80
80094,6
80095,-720
80096,350
80097,-368
80098,-58
80099,64
80100,0
80101,-591
80102,-130
80103,-180
80104,324
80105,-12
80106,-240
80107,358
80108,54
80109,-616
80110,400
80111,-10
80112,80
80113,576
80114,-486
80115,-272
80116,193
80117,8
80118,102
80119,-645
80120,912
80121,-108
80122,288
80123,96
80124,224
80125,-216
80126,-37
80127,64
80128,136
80129,36
80130,312
80131,132
80132,-280
80133,26
80134,-400
80135,-1296
80136,180
80137,144
80138,42
80139,-530
80140,-228
80141,462
80142,18
80143,111
80144,7
80145,60
80146,-144
80147,252
80148,-160
80149,-307
80150,66
80151,248
80152,-231
80153,-490
80154,16
80155,-864
80156,80
80157,24
80158,60
80159,-54
80160,320
80161,-464
80162,-152
80163,-120
80164,10
80165,852
80166,108
80167,327
80168,-636
80169,-48
80170,-136
80171,270
80172,-9
80173,526
80174,287
80175,1078
80176,-113
80177,-93
80178,432
80179,108
80180,-384
80181,-24
80182,-225
80183,-18
80184,-60
80185,-240
80186,-179
80187,70
80188,-72
80189,0
80190,-208
80191,201
80192,-84
80193,-652
80194,-44
80195,-56
80196,18
80197,450
80198,392
80199,84
80200,-891
80201,-640
80202,354
80203,-224
80204,12
80205,-24
80206,207
80207,18
80208,-2
80209,335
80210,-80
80211,-166
80212,36
80213,-66
80214,88
80215,672
80216,72
80217,-364
80218,72
80219,-336
80220,0
80221,-240
80222,348
80223,150
80224,680
80225,264
80226,-43
80227,96
80228,-9
80229,-18
80230,-72
80231,-192
80232,312
80233,-46
80234,-204
80235,-264
80236,220
80237,576
80238,-448
80239,173
80240,-96
80241,288
80242,70
80243,92
80244,-40
80245,704
80246,89
80247,-704
80248,-432
80249,610
80250,-576
80251,299
80252,150
80253,30
80254,-135
80255,468
80256,96
80257,324
80258,-149
80259,828
80260,264
80261,360
80262,75
80263,12
80264,-240
80265,336
80266,49
80267,-104
80268,184
80269,-339
80270,128
80271,-275
80272,-8
80273,266
80274,108
80275,528
80276,216
80277,256
80278,0
80279,443
80280,96
80281,-56
80282,-27
80283,-156
80284,-78
80285,964
80286,200
80287,137
80288,-500
80289,180
80290,324
80291,-135
80292,196
80293,-624
80294,92
80295,80
80296,234
80297,465
80298,36
80299,80
80300,-88
80301,180
80302,-196
80303,12
80304,144
80305,672
80306,-66
80307,69
80308,-195
80309,-429
80310,488
80311,-64
80312,-51
80313,-160
80314,-420
80315,32
80316,-96
80317,-238
80318,-231
80319,396
80320,252
80321,540
80322,336
80323,594
80324,-252
80325,396
80326,174
80327,-120
80328,144
80329,-400
80330,112
80331,76
80332,-36
80333,-476
80334,-14
80335,308
80336,-64
80337,-128
80338,163
80339,-672
80340,-640
80341,179
80342,-128
80343,20
80344,-135
80345,68
80346,432
80347,-134
80348,20
80349,402
80350,165
80351,432
80352,495
80353,-390
80354,-112
80355,-896
80356,-174
80357,144
80358,-176
80359,-6
80360,-216
80361,-55
80362,328
80363,-357
80364,12
80365,220
80366,-600
80367,0
80368,-79
80369,130
80370,144
80371,-104
80372,144
80373,-8
80374,-198
80375,624
80376,162
80377,-264
80378,298
80379,-40
80380,288
80381,-432
80382,-126
80383,-72
80384,-176
80385,704
80386,82
80387,147
80388,-24
80389,104
80390,356
80391,384
80392,330
80393,294
80394,4
80395,-684
80396,20
80397,-6
80398,72
80399,68
80400,154
80401,135
80402,-111
80403,-628
80404,-6
80405,640
80406,-108
80407,299
80408,-492
80409,-108
80410,336
80411,0
80412,-324
80413,456
80414,-369
80415,-48
80416,360
80417,144
80418,-270
80419,-108
80420,-328
80421,552
80422,-240
80423,96
80424,24
80425,-968
80426,218
80427,-216
80428,-33
80429,302
80430,240
80431,760
80432,100
80433,-260
80434,96
80435,504
80436,292
80437,576
80438,78
80439,-420
80440,768
80441,-16
80442,153
80443,-576
80444,-108
80445,-288
80446,16
80447,159
80448,378
80449,324
80450,-803
80451,-135
80452,-190
80453,322
80454,-320
80455,320
80456,0
80457,-340
80458,48
80459,0
80460,-128
80461,108
80462,-180
80463,-50
80464,-108
80465,-240
80466,20
80467,-287
80468,-47
80469,34
80470,-140
80471,309
80472,-162
80473,356
80474,142
80475,-132
80476,-288
80477,-304
80478,-63
80479,612
80480,120
80481,-640
80482,-314
80483,135
80484,-96
80485,464
80486,246
80487,-128
80488,-147
80489,-33
80490,-552
80491,292
80492,-91
80493,186
80494,80
80495,672
80496,-35
80497,24
80498,12
80499,470
80500,-576
80501,-120
80502,18
80503,-24
80504,6
80505,-264
80506,159
80507,90
80508,192
80509,180
80510,432
80511,-378
80512,-27
80513,-237
80514,-297
80515,456
80516,75
80517,210
80518,160
80519,92
80520,-768
80521,111
80522,20
80523,-200
80524,180
80525,-605
80526,300
80527,-396
80528,-54
80529,12
80530,-344
80531,152
80532,83
80533,-18
80534,-196
80535,960
80536,-72
80537,-2
80538,18
80539,448
80540,48
80541,256
80542,-60
80543,552
80544,-240
80545,0
80546,384
80547,234
80548,-190
80549,-288
80550,-44
80551,306
80552,-318
80553,-352
80554,-161
80555,832
80556,12
80557,-166
80558,-513
80559,53
80560,-80
80561,-60
80562,-64
80563,108
80564,72
80565,-216
80566,121
80567,-180
80568,24
80569,144
80570,624
80571,-216
80572,56
80573,-45
80574,-10
80575,-396
80576,84
80577,39
80578,38
80579,-312
80580,-240
80581,-400
80582,-84
80583,-456
80584,306
80585,396
80586,15
80587,-130
80588,174
80589,-332
80590,-224
80591,132
80592,-32
80593,342
80594,288
80595,440
80596,-112
80597,72
80598,48
80599,-405
80600,-1485
80601,-378
80602,0
80603,-281
80604,0
80605,-540
80606,-252
80607,-336
80608,40
80609,-8
80610,232
80611,316
80612,105
80613,-60
80614,-249
80615,-576
80616,-252
80617,-208
80618,-44
80619,-96
80620,128
80621,152
80622,-40
80623,-156
80624,-68
80625,574
80626,135
80627,237
80628,30
80629,408
80630,-208
80631,72
80632,279
80633,504
80634,0
80635,448
80636,120
80637,-468
80638,-496
80639,-235
80640,204
80641,68
80642,16
80643,524
80644,17
80645,252
80646,50
80647,-810
80648,-180
80649,-128
80650,198
80651,93
80652,360
80653,432
80654,16
80655,-512
80656,-10
80657,102
80658,8
80659,-30
80660,-204
80661,384
80662,-243
80663,-472
80664,96
80665,120
80666,30
80667,21
80668,147
80669,-190
80670,-704
80671,436
80672,-40
80673,230
80674,320
80675,-726
80676,-90
80677,-358
80678,120
80679,-188
80680,-84
80681,-37
80682,-36
80683,-258
80684,-136
80685,16
80686,40
80687,43
80688,80
80689,-486
80690,236
80691,130
80692,2
80693,-108
80694,-116
80695,56
80696,-108
80697,48
80698,32
80699,54
80700,418
80701,-230
80702,-158
80703,64
80704,420
80705,112
80706,312
80707,-80
80708,96
80709,-360
80710,-312
80711,154
80712,96
80713,142
80714,339
80715,352
80716,12
80717,225
80718,-312
80719,-20
80720,216
80721,158
80722,270
80723,0
80724,300
80725,-143
80726,16
80727,-72
80728,24
80729,144
80730,-640
80731,336
80732,31
80733,330
80734,72
80735,-280
80736,250
80737,235
80738,60
80739,77
80740,32
80741,-672
80742,54
80743,-705
80744,-48
80745,-1056
80746,405
80747,-441
80748,6
80749,-467
80750,-288
80751,-648
80752,32
80753,-32
80754,-112
80755,-612
80756,-205
80757,682
80758,64
80759,432
80760,96
80761,-201
80762,308
80763,-204
80764,208
80765,-16
80766,27
80767,354
80768,-54
80769,-680
80770,324
80771,224
80772,-80
80773,120
80774,-312
80775,264
80776,192
80777,-48
80778,-112
80779,412
80780,-168
80781,-532
80782,288
80783,216
80784,-48
80785,144
80786,-72
80787,72
80788,8
80789,330
80790,432
80791,-144
80792,168
80793,0
80794,60
80795,160
80796,232
80797,-70
80798,-9
80799,-512
80800,-110
80801,-72
80802,-18
80803,-321
80804,178
80805,-1024
80806,-8
80807,216
80808,-270
80809,-90
80810,-448
80811,-72
80812,0
80813,-240
80814,-264
80815,540
80816,-2
80817,720
80818,69
80819,99
80820,104
80821,215
80822,216
80823,0
80824,492
80825,-440
80826,-32
80827,-12
80828,-40
80829,-78
80830,96
80831,312
80832,98
80833,0
80834,-255
80835,480
80836,-288
80837,-24
80838,-308
80839,-636
80840,756
80841,554
80842,-252
80843,12
80844,-66
80845,384
80846,-216
80847,200
80848,-9
80849,-174
80850,-176
80851,11
80852,54
80853,60
80854,74
80855,1024
80856,132
80857,-516
80858,-238
80859,92
80860,640
80861,436
80862,-228
80863,100
80864,-45
80865,-112
80866,174
80867,-540
80868,144
80869,189
80870,160
80871,-174
80872,-216
80873,510
80874,44
80875,24
80876,-216
80877,-322
80878,255
80879,405
80880,-184
80881,68
80882,30
80883,-112
80884,28
80885,-528
80886,240
80887,-45
80888,120
80889,-400
80890,64
80891,-408
80892,144
80893,522
80894,320
80895,592
80896,230
80897,441
80898,384
80899,-80
80900,484
80901,0
80902,-24
80903,0
80904,-144
80905,-912
80906,-96
80907,32
80908,8
80909,6
80910,72
80911,-127
80912,125
80913,702
80914,224
80915,40
80916,32
80917,-383
80918,-294
80919,-168
80920,-288
80921,-128
80922,-368
80923,444
80924,211
80925,990
80926,-315
80927,60
80928,150
80929,-304
80930,-48
80931,-240
80932,47
80933,-462
80934,-486
80935,-368
80936,-63
80937,123
80938,320
80939,40
80940,-288
80941,54
80942,-280
80943,-492
80944,64
80945,-272
80946,0
80947,416
80948,-120
80949,-80
80950,-627
80951,-108
80952,192
80953,179
80954,-9
80955,-24
80956,-81
80957,-108
80958,96
80959,480
80960,896
80961,246
80962,147
80963,-104
80964,20
80965,-144
80966,300
80967,-54
80968,-24
80969,-399
80970,-552
80971,12
80972,198
80973,128
80974,-82
80975,-990
80976,60
80977,105
80978,336
80979,572
80980,-408
80981,666
80982,-20
80983,144
80984,0
80985,240
80986,-300
80987,-170
80988,132
80989,75
80990,0
80991,99
80992,-235
80993,120
80994,-18
80995,384
80996,147
80997,-32
80998,-144
80999,168
81000,-792
81001,274
81002,-54
81003,-630
81004,252
81005,-216
81006,-576
81007,504
81008,-72
81009,110
81010,-128
81011,-27
81012,-224
81013,24
81014,-216
81015,640
81016,-540
81017,-456
81018,-78
81019,174
81020,-340
81021,-96
81022,-108
81023,204
81024,-144
81025,528
81026,64
81027,-328
81028,54
81029,-320
81030,48
81031,137
81032,432
81033,-6
81034,-162
81035,-400
81036,5
81037,-320
81038,329
81039,198
81040,76
81041,151
81042,450
81043,-270
81044,48
81045,296
81046,56
81047,-429
81048,768
81049,-215
81050,-726
81051,-400
81052,-144
81053,-504
81054,160
81055,-280
81056,-120
81057,162
81058,-372
81059,344
81060,-480
81061,288
81062,-233
81063,-127
81064,6
81065,-180
81066,32
81067,-72
81068,-40
81069,144
81070,-140
81071,334
81072,9
81073,-108
81074,-90
81075,-1584
81076,-98
81077,99
81078,376
81079,0
81080,444
81081,660
81082,-189
81083,-219
81084,-44
81085,168
81086,-120
81087,24
81088,42
81089,-21
81090,60
81091,486
81092,192
81093,606
81094,120
81095,208
81096,918
81097,426
81098,-504
81099,-70
81100,-495
81101,-558
81102,-228
81103,-16
81104,-9
81105,896
81106,-48
81107,-30
81108,48
81109,408
81110,236
81111,384
81112,213
81113,50
81114,-368
81115,-268
81116,-150
81117,-94
81118,-214
81119,518
81120,480
81121,192
81122,-414
81123,336
81124,63
81125,768
81126,86
81127,-486
81128,-234
81129,-336
81130,-384
81131,79
81132,90
81133,-105
81134,48
81135,448
81136,88
81137,84
81138,-248
81139,324
81140,-256
81141,126
81142,52
81143,215
81144,48
81145,360
81146,-50
81147,-384
81148,-28
81149,-328
81150,-22
81151,417
81152,-340
81153,72
81154,-116
81155,632
81156,246
81157,110
81158,-324
81159,-800
81160,-12
81161,126
81162,80
81163,-160
81164,144
81165,528
81166,369
81167,368
81168,0
81169,-576
81170,552
81171,-64
81172,120
81173,366
81174,18
81175,0
81176,-96
81177,410
81178,180
81179,-522
81180,-144
81181,-278
81182,188
81183,-182
81184,280
81185,-1180
81186,432
81187,-352
81188,9
81189,432
81190,-384
81191,-192
81192,180
81193,-26
81194,-229
81195,-304
81196,50
81197,8
81198,5
81199,-335
81200,-66
81201,-404
81202,-240
81203,-195
81204,-28
81205,-544
81206,-104
81207,120
81208,108
81209,-240
81210,-736
81211,-85
81212,-20
81213,-768
81214,36
81215,-96
81216,-252
81217,230
81218,-106
81219,248
81220,-108
81221,432
81222,464
81223,-511
81224,540
81225,-33
81226,102
81227,-420
81228,240
81229,-106
81230,264
81231,152
81232,110
81233,218
81234,-82
81235,1152
81236,208
81237,140
81238,57
81239,-316
81240,-288
81241,60
81242,-76
81243,264
81244,196
81245,-200
81246,256
81247,36
81248,200
81249,60
81250,220
81251,756
81252,-24
81253,-140
81254,182
81255,208
81256,207
81257,0
81258,144
81259,-384
81260,288
81261,-66
81262,-225
81263,540
81264,-18
81265,296
81266,44
81267,-672
81268,-32
81269,52
81270,336
81271,-392
81272,-186
81273,554
81274,108
81275,231
81276,170
81277,-324
81278,373
81279,96
81280,96
81281,-355
81282,-576
81283,-374
81284,-312
81285,-96
81286,324
81287,-210
81288,18
81289,15
81290,288
81291,300
81292,71
81293,-402
81294,72
81295,-72
81296,47
81297,148
81298,-39
81299,-76
81300,-176
81301,400
81302,-200
81303,36
81304,120
81305,-192
81306,9
81307,-300
81308,28
81309,-440
81310,144
81311,135
81312,-150
81313,504
81314,34
81315,320
81316,36
81317,-44
81318,404
81319,-618
81320,-576
81321,72
81322,4
81323,4
81324,-99
81325,22
81326,144
81327,472
81328,-120
81329,-224
81330,-512
81331,357
81332,171
81333,120
81334,-388
81335,744
81336,150
81337,-28
81338,196
81339,-432
81340,72
81341,-620
81342,-37
81343,351
81344,567
81345,192
81346,0
81347,-258
81348,-168
81349,-280
81350,572
81351,-96
81352,375
81353,-101
81354,-240
81355,640
81356,-24
81357,-252
81358,236
81359,-207
81360,8
81361,-216
81362,-174
81363,-78
81364,214
81365,304
81366,0
81367,20
81368,-54
81369,-87
81370,640
81371,-408
81372,-106
81373,320
81374,-128
81375,-1296
81376,405
81377,132
81378,48
81379,24
81380,160
81381,-394
81382,198
81383,-288
81384,-240
81385,792
81386,-269
81387,-170
81388,162
81389,24
81390,-776
81391,-50
81392,-98
81393,-420
81394,-382
81395,-64
81396,-36
81397,416
81398,130
81399,252
81400,-396
81401,279
81402,-108
81403,162
81404,9
81405,-280
81406,-90
81407,72
81408,-110
81409,-144
81410,528
81411,296
81412,-31
81413,-210
81414,117
81415,-912
81416,54
81417,-528
81418,-144
81419,-5
81420,-512
81421,18
81422,-452
81423,-153
81424,24
81425,1012
81426,-468
81427,72
81428,-267
81429,-184
81430,108
81431,276
81432,120
81433,-20
81434,184
81435,0
81436,-108
81437,-243
81438,56
81439,-302
81440,480
81441,-95
81442,392
81443,-160
81444,-32
81445,-240
81446,-480
81447,-396
81448,15
81449,-270
81450,22
81451,-234
81452,246
81453,304
81454,-144
81455,-512
81456,-78
81457,-366
81458,120
81459,72
81460,-292
81461,-56
81462,-272
81463,-332
81464,-63
81465,80
81466,492
81467,144
81468,18
81469,40
81470,-384
81471,560
81472,196
81473,-96
81474,-12
81475,-407
81476,-27
81477,32
81478,-84
81479,232
81480,864
81481,-174
81482,-96
81483,-128
81484,-175
81485,112
81486,66
81487,70
81488,-64
81489,1040
81490,-240
81491,-28
81492,-16
81493,-264
81494,-405
81495,256
81496,-192
81497,240
81498,-144
81499,-864
81500,-24
81501,354
81502,-112
81503,-216
81504,-80
81505,872
81506,180
81507,76
81508,243
81509,-1
81510,-640
81511,213
81512,-216
81513,-280
81514,220
81515,-108
81516,-104
81517,-36
81518,-176
81519,-48
81520,-48
81521,-264
81522,-3
81523,495
81524,0
81525,-572
81526,-129
81527,-310
81528,-420
81529,48
81530,-756
81531,-122
81532,204
81533,-216
81534,192
81535,128
81536,30
81537,-440
81538,320
81539,-294
81540,48
81541,-16
81542,-124
81543,288
81544,-357
81545,-36
81546,170
81547,448
81548,-24
81549,135
81550,-363
81551,-258
81552,-28
81553,70
81554,115
81555,-912
81556,20
81557,0
81558,-72
81559,28
81560,-84
81561,-306
81562,210
81563,-184
81564,228
81565,-144
81566,72
81567,220
81568,-150
81569,168
81570,-384
81571,168
81572,96
81573,104
81574,373
81575,495
81576,192
81577,300
81578,-336
81579,-180
81580,20
81581,544
81582,-184
81583,90
81584,4
81585,-24
81586,-6
81587,-440
81588,50
81589,252
81590,360
81591,-356
81592,-729
81593,-576
81594,-88
81595,416
81596,98
81597,-352
81598,-264
81599,63
81600,-462
81601,385
81602,-67
81603,-160
81604,-120
81605,720
81606,-84
81607,-10
81608,291
81609,-192
81610,364
81611,-492
81612,-8
81613,0
81614,70
81615,864
81616,-1
81617,-30
81618,-128
81619,-404
81620,-240
81621,-128
81622,138
81623,162
81624,-96
81625,-528
81626,-351
81627,576
81628,-17
81629,-375
81630,48
81631,-72
81632,5
81633,344
81634,-177
81635,72
81636,-2
81637,302
81638,64
81639,-180
81640,-960
81641,612
81642,-256
81643,200
81644,-125
81645,-200
81646,54
81647,-460
81648,-39
81649,-344
81650,-792
81651,-72
81652,24
81653,420
81654,144
81655,-720
81656,96
81657,168
81658,30
81659,45
81660,80
81661,-208
81662,384
81663,16
81664,-136
81665,-184
81666,-20
81667,-332
81668,123
81669,-162
81670,-192
81671,-267
81672,-486
81673,280
81674,84
81675,220
81676,-108
81677,154
81678,-36
81679,640
81680,-12
81681,-384
81682,303
81683,114
81684,-75
81685,-600
81686,-360
81687,8
81688,444
81689,-91
81690,600
81691,3
81692,90
81693,-16
81694,-286
81695,528
81696,240
81697,-360
81698,-338
81699,-40
81700,308
81701,-307
81702,0
81703,-43
81704,396
81705,1080
81706,-248
81707,237
81708,-56
81709,88
81710,276
81711,123
81712,-65
81713,-216
81714,-340
81715,-448
81716,81
81717,-186
81718,-390
81719,-384
81720,-132
81721,-468
81722,40
81723,-172
81724,224
81725,-1188
81726,20
81727,237
81728,-315
81729,-594
81730,-160
81731,60
81732,64
81733,102
81734,111
81735,-208
81736,252
81737,-246
81738,96
81739,390
81740,224
81741,-56
81742,128
81743,462
81744,-30
81745,284
81746,-330
81747,81
81748,0
81749,109
81750,-816
81751,-120
81752,0
81753,-36
81754,558
81755,-324
81756,56
81757,520
81758,280
81759,4
81760,-120
81761,-402
81762,268
81763,396
81764,174
81765,320
81766,175
81767,72
81768,-552
81769,-258
81770,180
81771,720
81772,-17
81773,531
81774,-96
81775,891
81776,-76
81777,-200
81778,0
81779,-220
81780,144
81781,80
81782,-352
81783,220
81784,-144
81785,-144
81786,280
81787,128
81788,192
81789,-60
81790,-48
81791,0
81792,-27
81793,672
81794,258
81795,-864
81796,-60
81797,-272
81798,182
81799,61
81800,165
81801,-64
81802,420
81803,100
81804,162
81805,-992
81806,236
81807,-168
81808,70
81809,270
81810,-88
81811,-768
81812,-4
81813,-112
81814,132
81815,172
81816,-504
81817,224
81818,-196
81819,130
81820,-28
81821,333
81822,100
81823,-102
81824,405
81825,-528
81826,9
81827,-18
81828,-79
81829,-112
81830,-64
81831,594
81832,300
81833,-64
81834,320
81835,240
81836,252
81837,12
81838,54
81839,84
81840,288
81841,16
81842,-24
81843,-562
81844,-90
81845,-176
81846,66
81847,9
81848,-270
81849,540
81850,-363
81851,-24
81852,192
81853,234
81854,162
81855,144
81856,91
81857,208
81858,36
81859,204
81860,72
81861,-500
81862,12
81863,234
81864,-48
81865,612
81866,286
81867,-180
81868,-288
81869,267
81870,688
81871,-576
81872,63
81873,112
81874,315
81875,123
81876,-212
81877,234
81878,-28
81879,-8
81880,0
81881,18
81882,20
81883,-511
81884,112
81885,640
81886,120
81887,-330
81888,-250
81889,-21
81890,-96
81891,230
81892,-8
81893,-270
81894,280
81895,432
81896,72
81897,530
81898,-86
81899,192
81900,165
81901,495
81902,450
81903,-64
81904,-120
81905,856
81906,-48
81907,480
81908,-168
81909,-36
81910,-272
81911,-90
81912,324
81913,-40
81914,-120
81915,-448
81916,2
81917,60
81918,-108
81919,-214
81920,356
81921,486
81922,-24
81923,240
81924,-94
81925,44
81926,120
81927,-25
81928,-96
81929,118
81930,-464
81931,-4
81932,-258
81933,-324
81934,-126
81935,-420
81936,1
81937,187
81938,-110
81939,0
81940,120
81941,273
81942,384
81943,-190
81944,99
81945,-448
81946,-3
81947,33
81948,252
81949,576
81950,-352
81951,256
81952,-225
81953,96
81954,32
81955,108
81956,246
81957,-90
81958,-126
81959,171
81960,864
81961,108
81962,-120
81963,81
81964,18
81965,576
81966,-144
81967,143
81968,-153
81969,0
81970,384
81971,-460
81972,-352
81973,334
81974,150
81975,-220
81976,252
81977,-360
81978,50
81979,-88
81980,-240
81981,-97
81982,-8
81983,16
81984,-336
81985,-736
81986,-230
81987,-60
81988,160
81989,6
81990,-212
81991,225
81992,126
81993,-12
81994,32
81995,1476
81996,292
81997,160
81998,120
81999,100
82000,-216
82001,7
82002,-80
82003,100
82004,180
82005,864
82006,-24
82007,167
82008,-63
82009,-128
82010,512
82011,44
82012,12
82013,310
82014,182
82015,144
82016,-220
82017,90
82018,-528
82019,-21
82020,432
82021,434
82022,-343
82023,272
82024,-159
82025,660
82026,-72
82027,184
82028,-222
82029,108
82030,360
82031,463
82032,-132
82033,120
82034,187
82035,36
82036,-249
82037,317
82038,-20
82039,355
82040,-324
82041,-288
82042,96
82043,45
82044,-35
82045,-608
82046,-304
82047,96
82048,-27
82049,8
82050,-594
82051,-172
82052,-60
82053,-209
82054,360
82055,28
82056,630
82057,198
82058,0
82059,438
82060,-32
82061,-48
82062,108
82063,21
82064,64
82065,-704
82066,-162
82067,38
82068,324
82069,-480
82070,128
82071,-152
82072,-360
82073,45
82074,-384
82075,154
82076,72
82077,-306
82078,-380
82079,-600
82080,-320
82081,450
82082,540
82083,60
82084,38
82085,-12
82086,-464
82087,504
82088,-702
82089,24
82090,-244
82091,192
82092,140
82093,96
82094,-334
82095,280
82096,-39
82097,190
82098,-48
82099,-64
82100,-264
82101,612
82102,-231
82103,180
82104,-768
82105,420
82106,-32
82107,312
82108,-10
82109,369
82110,-576
82111,-80
82112,-182
82113,-32
82114,-142
82115,160
82116,80
82117,483
82118,60
82119,468
82120,192
82121,-240
82122,-200
82123,-684
82124,54
82125,-48
82126,356
82127,30
82128,-32
82129,-194
82130,0
82131,-486
82132,128
82133,-104
82134,120
82135,-248
82136,540
82137,-96
82138,-48
82139,204
82140,224
82141,28
82142,28
82143,110
82144,45
82145,-564
82146,-210
82147,0
82148,-32
82149,-288
82150,495
82151,-16
82152,9
82153,-209
82154,-28
82155,528
82156,-288
82157,-46
82158,-444
82159,-180
82160,-200
82161,-48
82162,70
82163,244
82164,-144
82165,256
82166,162
82167,-416
82168,474
82169,-8
82170,-144
82171,170
82172,72
82173,-140
82174,-22
82175,176
82176,-408
82177,-96
82178,186
82179,-176
82180,-432
82181,-360
82182,-226
82183,-231
82184,282
82185,-976
82186,170
82187,-240
82188,24
82189,-201
82190,-56
82191,-180
82192,144
82193,-86
82194,384
82195,-480
82196,146
82197,174
82198,-18
82199,485
82200,198
82201,498
82202,-96
82203,-360
82204,20
82205,972
82206,32
82207,421
82208,30
82209,70
82210,-340
82211,48
82212,270
82213,96
82214,-24
82215,264
82216,504
82217,-27
82218,-360
82219,154
82220,316
82221,512
82222,48
82223,504
82224,21
82225,1760
82226,-118
82227,368
82228,-184
82229,-360
82230,-408
82231,340
82232,-12
82233,-158
82234,-369
82235,-896
82236,0
82237,401
82238,-200
82239,20
82240,-56
82241,-84
82242,16
82243,-108
82244,-8
82245,824
82246,216
82247,-488
82248,384
82249,132
82250,648
82251,-60
82252,80
82253,225
82254,-210
82255,-208
82256,-60
82257,228
82258,80
82259,504
82260,-100
82261,131
82262,278
82263,-108
82264,90
82265,212
82266,-328
82267,326
82268,-48
82269,-224
82270,-16
82271,-32
82272,-570
82273,168
82274,-468
82275,-1320
82276,-224
82277,280
82278,66
82279,-298
82280,180
82281,-624
82282,85
82283,528
82284,48
82285,-384
82286,-22
82287,-72
82288,-48
82289,288
82290,960
82291,-24
82292,33
82293,370
82294,-528
82295,204
82296,264
82297,432
82298,42
82299,216
82300,-88
82301,-62
82302,112
82303,-336
82304,78
82305,-288
82306,-171
82307,342
82308,-176
82309,205
82310,440
82311,470
82312,240
82313,-588
82314,57
82315,-8
82316,-275
82317,-336
82318,-170
82319,168
82320,120
82321,0
82322,-222
82323,380
82324,184
82325,0
82326,-84
82327,-84
82328,-243
82329,180
82330,-316
82331,48
82332,-57
82333,-270
82334,162
82335,896
82336,-405
82337,-84
82338,-272
82339,-161
82340,128
82341,54
82342,230
82343,322
82344,-108
82345,280
82346,144
82347,100
82348,-36
82349,126
82350,352
82351,-398
82352,18
82353,-384
82354,332
82355,120
82356,266
82357,-276
82358,-4
82359,187
82360,216
82361,-116
82362,90
82363,784
82364,32
82365,-256
82366,-12
82367,-783
82368,-140
82369,80
82370,352
82371,116
82372,-251
82373,320
82374,260
82375,-216
82376,-513
82377,26
82378,-207
82379,568
82380,504
82381,-10
82382,-57
82383,348
82384,32
82385,-568
82386,-80
82387,-348
82388,-63
82389,224
82390,576
82391,-558
82392,168
82393,370
82394,-100
82395,72
82396,-188
82397,-240
82398,-162
82399,27
82400,-880
82401,110
82402,63
82403,-392
82404,204
82405,180
82406,4
82407,230
82408,240
82409,-664
82410,-504
82411,480
82412,256
82413,11
82414,0
82415,-640
82416,-12
82417,-12
82418,-50
82419,468
82420,-400
82421,90
82422,40
82423,-256
82424,288
82425,-1056
82426,75
82427,320
82428,146
82429,-117
82430,40
82431,-252
82432,264
82433,30
82434,472
82435,312
82436,-6
82437,-488
82438,153
82439,252
82440,24
82441,496
82442,306
82443,444
82444,-105
82445,0
82446,90
82447,-200
82448,28
82449,-49
82450,-396
82451,-576
82452,16
82453,462
82454,55
82455,-1536
82456,-144
82457,155
82458,264
82459,-125
82460,-432
82461,476
82462,174
82463,-136
82464,450
82465,-540
82466,-199
82467,24
82468,125
82469,-485
82470,-80
82471,-215
82472,-288
82473,-60
82474,-63
82475,-484
82476,-20
82477,-224
82478,32
82479,384
82480,-108
82481,-291
82482,-176
82483,316
82484,168
82485,-720
82486,284
82487,76
82488,360
82489,332
82490,-16
82491,-270
82492,-54
82493,510
82494,-96
82495,-168
82496,280
82497,48
82498,-160
82499,-534
82500,328
82501,576
82502,243
82503,0
82504,-390
82505,8
82506,-360
82507,-558
82508,-132
82509,330
82510,-96
82511,280
82512,0
82513,238
82514,-212
82515,-1080
82516,14
82517,56
82518,264
82519,88
82520,-408
82521,-20
82522,216
82523,-327
82524,-410
82525,-176
82526,-290
82527,350
82528,-385
82529,146
82530,-36
82531,-123
82532,72
82533,576
82534,-96
82535,-456
82536,48
82537,180
82538,244
82539,132
82540,-264
82541,-208
82542,186
82543,-243
82544,-84
82545,968
82546,112
82547,288
82548,39
82549,-144
82550,-440
82551,360
82552,-252
82553,-117
82554,-46
82555,-640
82556,-66
82557,88
82558,-240
82559,-24
82560,168
82561,64
82562,-332
82563,40
82564,203
82565,-184
82566,256
82567,-242
82568,-324
82569,342
82570,768
82571,468
82572,168
82573,-396
82574,180
82575,22
82576,110
82577,656
82578,-78
82579,243
82580,104
82581,-318
82582,-336
82583,608
82584,81
82585,-360
82586,-9
82587,-204
82588,88
82589,260
82590,248
82591,364
82592,0
82593,-384
82594,96
82595,-876
82596,-328
82597,81
82598,-236
82599,-560
82600,792
82601,489
82602,60
82603,-42
82604,240
82605,-1080
82606,-432
82607,-96
82608,10
82609,-92
82610,192
82611,21
82612,-104
82613,-328
82614,-120
82615,1620
82616,624
82617,410
82618,10
82619,407
82620,120
82621,72
82622,-68
82623,-208
82624,280
82625,-48
82626,-162
82627,40
82628,-165
82629,-17
82630,640
82631,120
82632,-192
82633,321
82634,-50
82635,-432
82636,32
82637,9
82638,-77
82639,672
82640,-4
82641,24
82642,414
82643,-180
82644,-216
82645,836
82646,-350
82647,248
82648,-303
82649,207
82650,-176
82651,-402
82652,24
82653,528
82654,160
82655,256
82656,-135
82657,2
82658,-24
82659,-576
82660,-216
82661,54
82662,112
82663,-150
82664,99
82665,-128
82666,346
82667,430
82668,-4
82669,-6
82670,-780
82671,396
82672,83
82673,252
82674,-172
82675,924
82676,-40
82677,432
82678,-28
82679,-142
82680,-600
82681,0
82682,-6
82683,-133
82684,-87
82685,576
82686,-90
82687,-92
82688,-204
82689,126
82690,464
82691,12
82692,-57
82693,-520
82694,96
82695,-192
82696,-504
82697,63
82698,96
82699,-264
82700,-308
82701,33
82702,148
82703,0
82704,-148
82705,-576
82706,210
82707,184
82708,-144
82709,-128
82710,-72
82711,-264
82712,144
82713,-80
82714,371
82715,396
82716,32
82717,-50
82718,144
82719,30
82720,720
82721,-138
82722,-270
82723,509
82724,130
82725,-1012
82726,-384
82727,-26
82728,-120
82729,-77
82730,-296
82731,-1088
82732,-105
82733,-120
82734,24
82735,132
82736,-40
82737,40
82738,-486
82739,-432
82740,-216
82741,-300
82742,52
82743,12
82744,120
82745,560
82746,-40
82747,132
82748,-9
82749,458
82750,624
82751,-558
82752,-84
82753,-96
82754,-48
82755,-64
82756,126
82757,-237
82758,-300
82759,-491
82760,156
82761,36
82762,250
82763,177
82764,-20
82765,-756
82766,108
82767,-648
82768,54
82769,-249
82770,0
82771,-290
82772,116
82773,3
82774,0
82775,-924
82776,564
82777,512
82778,-105
82779,-72
82780,8
82781,126
82782,-66
82783,-312
82784,-250
82785,-576
82786,-180
82787,-37
82788,-226
82789,-162
82790,336
82791,-88
82792,-90
82793,-524
82794,272
82795,168
82796,-30
82797,800
82798,-226
82799,-408
82800,88
82801,-351
82802,-208
82803,-222
82804,8
82805,368
82806,12
82807,36
82808,-540
82809,-248
82810,-96
82811,-528
82812,-224
82813,206
82814,162
82815,-496
82816,3
82817,414
82818,84
82819,-624
82820,72
82821,-48
82822,-137
82823,-560
82824,108
82825,22
82826,-59
82827,0
82828,-143
82829,26
82830,-288
82831,546
82832,72
82833,280
82834,252
82835,908
82836,-160
82837,0
82838,-288
82839,-170
82840,-816
82841,-108
82842,-188
82843,0
82844,128
82845,252
82846,592
82847,-42
82848,-460
82849,620
82850,-143
82851,-100
82852,-228
82853,4
82854,61
82855,88
82856,-459
82857,-450
82858,-207
82859,0
82860,232
82861,-567
82862,-320
82863,-360
82864,4
82865,-376
82866,348
82867,-36
82868,-108
82869,-656
82870,-544
82871,100
82872,156
82873,-312
82874,-252
82875,-720
82876,87
82877,-64
82878,64
82879,224
82880,-252
82881,84
82882,-76
82883,-399
82884,226
82885,-60
82886,39
82887,168
82888,-180
82889,172
82890,-512
82891,-152
82892,-120
82893,-24
82894,0
82895,960
82896,128
82897,-216
82898,4
82899,24
82900,418
82901,-795
82902,414
82903,-194
82904,210
82905,976
82906,-159
82907,-632
82908,18
82909,-126
82910,96
82911,-72
82912,-300
82913,177
82914,-20
82915,-1536
82916,-96
82917,108
82918,-404
82919,144
82920,960
82921,-48
82922,-234
82923,144
82924,-118
82925,1188
82926,-24
82927,-515
82928,-18
82929,-576
82930,56
82931,176
82932,36
82933,-24
82934,-79
82935,192
82936,-288
82937,-63
82938,-448
82939,250
82940,-160
82941,-418
82942,4
82943,216
82944,-253
82945,-160
82946,-49
82947,-364
82948,0
82949,102
82950,-660
82951,-512
82952,-312
82953,-20
82954,-96
82955,-432
82956,-144
82957,-18
82958,-31
82959,-412
82960,96
82961,-448
82962,-108
82963,-36
82964,-270
82965,320
82966,315
82967,24
82968,-204
82969,-36
82970,-504
82971,96
82972,12
82973,352
82974,-60
82975,-220
82976,40
82977,-312
82978,333
82979,240
82980,-88
82981,-518
82982,-45
82983,-320
82984,-864
82985,996
82986,148
82987,-549
82988,-48
82989,123
82990,560
82991,-18
82992,-120
82993,-16
82994,132
82995,-192
82996,-279
82997,111
82998,-40
82999,216
83000,648
83001,-16
83002,-234
83003,-304
83004,18
83005,-900
83006,-75
83007,-216
83008,287
83009,-151
83010,368
83011,24
83012,38
83013,336
83014,-113
83015,-336
83016,-78
83017,-324
83018,-720
83019,612
83020,240
83021,-80
83022,12
83023,485
83024,-24
83025,1089
83026,-124
83027,-30
83028,72
83029,50
83030,-96
83031,-60
83032,-432
83033,-266
83034,27
83035,-416
83036,-166
83037,0
83038,-118
83039,-608
83040,160
83041,27
83042,-316
83043,-28
83044,330
83045,-648
83046,120
83047,512
83048,-81
83049,-648
83050,132
83051,175
83052,176
83053,656
83054,60
83055,32
83056,8
83057,95
83058,272
83059,-4
83060,-424
83061,96
83062,36
83063,-376
83064,-348
83065,-312
83066,-171
83067,576
83068,-40
83069,384
83070,180
83071,-291
83072,96
83073,630
83074,-2
83075,-891
83076,336
83077,-93
83078,-117
83079,24
83080,-756
83081,234
83082,176
83083,-540
83084,-180
83085,0
83086,-378
83087,336
83088,14
83089,300
83090,48
83091,-244
83092,-243
83093,-320
83094,-96
83095,460
83096,-405
83097,0
83098,362
83099,-16
83100,-308
83101,214
83102,-132
83103,-198
83104,-50
83105,352
83106,-224
83107,-333
83108,210
83109,840
83110,-236
83111,-270
83112,48
83113,90
83114,96
83115,-32
83116,-240
83117,262
83118,216
83119,504
83120,180
83121,608
83122,640
83123,-16
83124,45
83125,492
83126,0
83127,-20
83128,30
83129,-684
83130,-24
83131,-160
83132,90
83133,-240
83134,-216
83135,260
83136,-14
83137,-407
83138,-176
83139,216
83140,336
83141,-288
83142,72
83143,-144
83144,-324
83145,-640
83146,324
83147,42
83148,-216
83149,-496
83150,385
83151,103
83152,-69
83153,-78
83154,444
83155,840
83156,-98
83157,-50
83158,132
83159,84
83160,576
83161,350
83162,-280
83163,352
83164,-117
83165,-388
83166,-144
83167,540
83168,-80
83169,169
83170,-384
83171,244
83172,96
83173,621
83174,375
83175,1188
83176,-270
83177,-422
83178,-82
83179,-16
83180,128
83181,198
83182,160
83183,120
83184,52
83185,-96
83186,-178
83187,550
83188,273
83189,9
83190,576
83191,104
83192,-519
83193,64
83194,96
83195,-276
83196,-44
83197,-256
83198,243
83199,-648
83200,935
83201,24
83202,64
83203,77
83204,288
83205,-24
83206,-214
83207,288
83208,-276
83209,246
83210,320
83211,204
83212,81
83213,-60
83214,-224
83215,0
83216,-30
83217,-240
83218,294
83219,-316
83220,-64
83221,-378
83222,-156
83223,-150
83224,-96
83225,-22
83226,-480
83227,-287
83228,0
83229,-320
83230,216
83231,300
83232,-40
83233,196
83234,-31
83235,288
83236,-125
83237,864
83238,322
83239,-460
83240,-960
83241,-48
83242,-291
83243,-116
83244,150
83245,-576
83246,-300
83247,126
83248,35
83249,-216
83250,-72
83251,-28
83252,60
83253,-124
83254,-22
83255,544
83256,-96
83257,86
83258,-96
83259,-100
83260,-64
83261,112
83262,412
83263,-90
83264,189
83265,-960
83266,-270
83267,208
83268,22
83269,-281
83270,224
83271,216
83272,-81
83273,153
83274,294
83275,660
83276,0
83277,-112
83278,180
83279,-156
83280,8
83281,56
83282,134
83283,432
83284,-81
83285,580
83286,6
83287,-15
83288,-144
83289,-388
83290,164
83291,-280
83292,144
83293,-6
83294,158
83295,64
83296,60
83297,-261
83298,264
83299,107
83300,-66
83301,426
83302,159
83303,-252
83304,0
83305,800
83306,512
83307,144
83308,-96
83309,-22
83310,-72
83311,-63
83312,72
83313,3
83314,12
83315,272
83316,-30
83317,72
83318,-341
83319,-504
83320,168
83321,240
83322,176
83323,540
83324,27
83325,176
83326,-288
83327,704
83328,-162
83329,352
83330,180
83331,-81
83332,81
83333,224
83334,168
83335,36
83336,672
83337,166
83338,0
83339,80
83340,64
83341,-80
83342,123
83343,-260
83344,9
83345,960
83346,36
83347,-372
83348,224
83349,-150
83350,627
83351,-312
83352,-144
83353,432
83354,-324
83355,1008
83356,30
83357,349
83358,-28
83359,792
83360,340
83361,72
83362,56
83363,-318
83364,-118
83365,464
83366,-42
83367,-128
83368,-36
83369,125
83370,528
83371,-420
83372,-240
83373,48
83374,388
83375,384
83376,-80
83377,294
83378,135
83379,476
83380,64
83381,-270
83382,-490
83383,384
83384,243
83385,204
83386,40
83387,-432
83388,0
83389,-504
83390,684
83391,72
83392,56
83393,0
83394,-18
83395,-520
83396,214
83397,-424
83398,-48
83399,243
83400,1056
83401,456
83402,96
83403,336
83404,-36
83405,432
83406,168
83407,382
83408,135
83409,-154
83410,-128
83411,96
83412,78
83413,128
83414,44
83415,504
83416,-234
83417,60
83418,-182
83419,-162
83420,336
83421,-360
83422,90
83423,520
83424,-400
83425,-891
83426,48
83427,-340
83428,-230
83429,-268
83430,-704
83431,-279
83432,351
83433,-36
83434,-120
83435,432
83436,-30
83437,255
83438,-253
83439,16
83440,-96
83441,-44
83442,220
83443,220
83444,-96
83445,-848
83446,-364
83447,-30
83448,-96
83449,-530
83450,440
83451,94
83452,-36
83453,-414
83454,96
83455,936
83456,11
83457,480
83458,-161
83459,261
83460,-480
83461,381
83462,-68
83463,-14
83464,450
83465,-368
83466,26
83467,0
83468,96
83469,-468
83470,-240
83471,172
83472,-54
83473,525
83474,-17
83475,-165
83476,-216
83477,-310
83478,-132
83479,-440
83480,-504
83481,-208
83482,0
83483,-486
83484,-88
83485,-512
83486,20
83487,198
83488,-225
83489,24
83490,-320
83491,-70
83492,6
83493,-88
83494,-170
83495,16
83496,108
83497,-293
83498,-54
83499,590
83500,192
83501,-432
83502,-87
83503,90
83504,-96
83505,-288
83506,-266
83507,-36
83508,-254
83509,-224
83510,252
83511,297
83512,120
83513,-496
83514,468
83515,-880
83516,6
83517,-648
83518,164
83519,144
83520,-56
83521,-89
83522,-66
83523,376
83524,-192
83525,-110
83526,-100
83527,-56
83528,135
83529,124
83530,-296
83531,198
83532,-210
83533,-720
83534,-168
83535,960
83536,-88
83537,47
83538,-180
83539,-448
83540,88
83541,526
83542,-258
83543,-352
83544,30
83545,288
83546,-18
83547,142
83548,-167
83549,-98
83550,-44
83551,-440
83552,-30
83553,-44
83554,94
83555,-336
83556,96
83557,-373
83558,108
83559,192
83560,672
83561,309
83562,-104
83563,266
83564,75
83565,112
83566,-216
83567,-432
83568,4
83569,20
83570,-96
83571,0
83572,-138
83573,-300
83574,91
83575,572
83576,621
83577,460
83578,24
83579,217
83580,-240
83581,-180
83582,410
83583,-27
83584,-66
83585,-16
83586,-384
83587,-420
83588,104
83589,192
83590,-520
83591,290
83592,210
83593,144
83594,50
83595,-160
83596,-190
83597,508
83598,-244
83599,63
83600,-176
83601,156
83602,-306
83603,-680
83604,-20
83605,-256
83606,144
83607,-200
83608,90
83609,-144
83610,0
83611,-200
83612,-64
83613,360
83614,-72
83615,-408
83616,350
83617,-127
83618,145
83619,-16
83620,24
83621,-553
83622,-48
83623,-294
83624,198
83625,384
83626,-152
83627,-10
83628,-16
83629,-270
83630,-336
83631,400
83632,-65
83633,-24
83634,-210
83635,700
83636,96
83637,-99
83638,-324
83639,286
83640,648
83641,-247
83642,440
83643,4
83644,264
83645,584
83646,-152
83647,-264
83648,126
83649,274
83650,792
83651,416
83652,-294
83653,306
83654,-42
83655,-192
83656,540
83657,108
83658,0
83659,-608
83660,0
83661,240
83662,-32
83663,271
83664,-27
83665,112
83666,432
83667,206
83668,-365
83669,621
83670,272
83671,54
83672,603
83673,11
83674,288
83675,264
83676,16
83677,-192
83678,-336
83679,572
83680,100
83681,720
83682,-62
83683,-413
83684,-147
83685,-288
83686,-174
83687,10
83688,480
83689,-54
83690,104
83691,81
83692,120
83693,72
83694,60
83695,288
83696,90
83697,-896
83698,54
83699,312
83700,396
83701,-22
83702,42
83703,16
83704,63
83705,496
83706,-144
83707,135
83708,96
83709,27
83710,96
83711,-552
83712,-578
83713,-33
83714,284
83715,728
83716,-247
83717,558
83718,-109
83719,-360
83720,1440
83721,-448
83722,27
83723,192
83724,-4
83725,297
83726,-304
83727,-108
83728,111
83729,76
83730,160
83731,-54
83732,-20
83733,80
83734,-69
83735,192
83736,132
83737,-106
83738,-240
83739,-256
83740,-200
83741,-132
83742,-144
83743,832
83744,270
83745,112
83746,275
83747,486
83748,-372
83749,0
83750,287
83751,-304
83752,18
83753,-504
83754,396
83755,696
83756,-214
83757,-56
83758,229
83759,-60
83760,-32
83761,161
83762,-540
83763,99
83764,-196
83765,-64
83766,448
83767,-528
83768,144
83769,-408
83770,408
83771,76
83772,-20
83773,269
83774,376
83775,176
83776,252
83777,-323
83778,-112
83779,-70
83780,-288
83781,-96
83782,-2
83783,-54
83784,468
83785,800
83786,-314
83787,-320
83788,-231
83789,288
83790,-32
83791,-74
83792,-45
83793,-270
83794,-218
83795,-136
83796,306
83797,546
83798,180
83799,-12
83800,891
83801,-594
83802,384
83803,32
83804,54
83805,72
83806,-96
83807,42
83808,-240
83809,432
83810,64
83811,960
83812,424
83813,-480
83814,-32
83815,4
83816,102
83817,112
83818,336
83819,-300
83820,-256
83821,748
83822,-215
83823,-268
83824,108
83825,-297
83826,-71
83827,-171
83828,-184
83829,-272
83830,72
83831,232
83832,504
83833,271
83834,-72
83835,416
83836,37
83837,70
83838,0
83839,-32
83840,36
83841,524
83842,-192
83843,214
83844,-9
83845,-180
83846,-30
83847,-456
83848,216
83849,0
83850,-770
83851,585
83852,6
83853,-72
83854,216
83855,36
83856,-82
83857,258
83858,72
83859,356
83860,84
83861,-6
83862,-164
83863,-490
83864,-216
83865,1176
83866,60
83867,294
83868,40
83869,-443
83870,-172
83871,9
83872,-420
83873,38
83874,156
83875,-768
83876,90
83877,-40
83878,-111
83879,24
83880,-132
83881,408
83882,34
83883,36
83884,56
83885,-416
83886,-648
83887,72
83888,24
83889,-480
83890,140
83891,-210
83892,56
83893,448
83894,-152
83895,-648
83896,504
83897,-168
83898,-80
83899,275
83900,-264
83901,-50
83902,330
83903,254
83904,448
83905,192
83906,126
83907,-166
83908,4
83909,342
83910,200
83911,157
83912,36
83913,-414
83914,26
83915,800
83916,99
83917,828
83918,29
83919,-648
83920,40
83921,-243
83922,-162
83923,216
83924,18
83925,-22
83926,-96
83927,0
83928,-570
83929,324
83930,816
83931,-56
83932,-34
83933,144
83934,10
83935,632
83936,-280
83937,84
83938,181
83939,-495
83940,-208
83941,720
83942,136
83943,204
83944,0
83945,-64
83946,-48
83947,16
83948,108
83949,-160
83950,-176
83951,-84
83952,20
83953,225
83954,65
83955,320
83956,-48
83957,384
83958,114
83959,20
83960,-600
83961,80
83962,-166
83963,312
83964,-36
83965,-288
83966,-64
83967,330
83968,-405
83969,-437
83970,512
83971,27
83972,-96
83973,-672
83974,-5
83975,-462
83976,228
83977,-20
83978,-240
83979,189
83980,-240
83981,12
83982,468
83983,7
83984,-4
83985,-768
83986,114
83987,-228
83988,-60
83989,-108
83990,132
83991,554
83992,-441
83993,324
83994,-280
83995,768
83996,288
83997,-264
83998,192
83999,-120
84000,720
84001,-48
84002,-12
84003,-156
84004,245
84005,400
84006,-120
84007,288
84008,429
84009,-648
84010,-288
84011,-200
84012,132
84013,100
84014,-108
84015,-32
84016,0
84017,-212
84018,-224
84019,1200
84020,-440
84021,12
84022,-378
84023,-104
84024,-300
84025,176
84026,245
84027,84
84028,246
84029,64
84030,-424
84031,-171
84032,70
84033,108
84034,189
84035,288
84036,144
84037,-212
84038,-148
84039,68
84040,0
84041,576
84042,-48
84043,4
84044,-135
84045,-240
84046,-324
84047,437
84048,-96
84049,474
84050,440
84051,-256
84052,-191
84053,173
84054,58
84055,-224
84056,-360
84057,152
84058,200
84059,-480
84060,-144
84061,-127
84062,-192
84063,-384
84064,135
84065,-672
84066,176
84067,-332
84068,-167
84069,-140
84070,492
84071,-80
84072,-108
84073,564
84074,-208
84075,704
84076,-78
84077,-525
84078,40
84079,171
84080,20
84081,304
84082,72
84083,-594
84084,-80
84085,252
84086,119
84087,131
84088,-600
84089,54
84090,-840
84091,243
84092,119
84093,-88
84094,24
84095,-320
84096,-6
84097,-465
84098,447
84099,-192
84100,275
84101,237
84102,72
84103,873
84104,474
84105,0
84106,104
84107,6
84108,14
84109,40
84110,-20
84111,410
84112,36
84113,33
84114,4
84115,296
84116,-96
84117,240
84118,96
84119,216
84120,432
84121,84
84122,-112
84123,-90
84124,160
84125,96
84126,-456
84127,-409
84128,480
84129,-160
84130,-144
84131,197
84132,144
84133,-12
84134,-576
84135,720
84136,-660
84137,68
84138,-24
84139,-428
84140,-336
84141,-185
84142,-72
84143,535
84144,124
84145,-240
84146,395
84147,342
84148,340
84149,595
84150,132
84151,448
84152,-336
84153,-122
84154,378
84155,-364
84156,284
84157,-24
84158,-46
84159,-495
84160,588
84161,120
84162,-216
84163,346
84164,110
84165,-144
84166,-336
84167,108
84168,-72
84169,52
84170,144
84171,-404
84172,288
84173,-144
84174,-280
84175,-495
84176,-126
84177,-90
84178,59
84179,-394
84180,512
84181,17
84182,-90
84183,-8
84184,63
84185,64
84186,-32
84187,208
84188,-285
84189,576
84190,-208
84191,-307
84192,170
84193,-432
84194,0
84195,184
84196,-324
84197,-152
84198,-174
84199,404
84200,231
84201,240
84202,330
84203,120
84204,51
84205,688
84206,180
84207,-536
84208,56
84209,216
84210,648
84211,52
84212,3
84213,-96
84214,450
84215,-288
84216,60
84217,165
84218,21
84219,378
84220,396
84221,-60
84222,57
84223,-246
84224,459
84225,968
84226,144
84227,720
84228,-30
84229,-296
84230,-144
84231,0
84232,-438
84233,-78
84234,64
84235,-300
84236,156
84237,308
84238,324
84239,-272
84240,220
84241,-232
84242,-28
84243,286
84244,-197
84245,-216
84246,144
84247,279
84248,-42
84249,-96
84250,-552
84251,-112
84252,-144
84253,500
84254,80
84255,-216
84256,-90
84257,-374
84258,-27
84259,-6
84260,160
84261,-370
84262,267
84263,-99
84264,24
84265,240
84266,-240
84267,40
84268,112
84269,138
84270,-224
84271,36
84272,16
84273,-396
84274,12
84275,-264
84276,-35
84277,-36
84278,-155
84279,150
84280,-168
84281,256
84282,360
84283,0
84284,216
84285,256
84286,63
84287,-354
84288,-112
84289,432
84290,424
84291,-220
84292,-330
84293,-480
84294,96
84295,416
84296,54
84297,24
84298,-4
84299,234
84300,660
84301,366
84302,-320
84303,24
84304,36
84305,820
84306,46
84307,548
84308,-111
84309,128
84310,-464
84311,304
84312,96
84313,-176
84314,326
84315,192
84316,108
84317,-66
84318,720
84319,113
84320,540
84321,-10
84322,240
84323,105
84324,8
84325,352
84326,-124
84327,310
84328,-216
84329,10
84330,-48
84331,336
84332,16
84333,472
84334,128
84335,64
84336,-54
84337,-135
84338,-120
84339,118
84340,96
84341,-640
84342,-284
84343,-135
84344,675
84345,-400
84346,-22
84347,146
84348,-144
84349,-92
84350,330
84351,-216
84352,-27
84353,84
84354,-168
84355,-376
84356,142
84357,240
84358,-132
84359,-160
84360,-288
84361,-164
84362,-166
84363,352
84364,72
84365,864
84366,119
84367,-288
84368,24
84369,180
84370,-640
84371,36
84372,0
84373,448
84374,-311
84375,-176
84376,150
84377,-282
84378,-270
84379,180
84380,-464
84381,-648
84382,90
84383,10
84384,-45
84385,-600
84386,145
84387,624
84388,16
84389,-480
84390,-192
84391,-396
84392,-108
84393,28
84394,53
84395,200
84396,-10
84397,-240
84398,-128
84399,-432
84400,264
84401,-227
84402,187
84403,-184
84404,100
84405,-624
84406,225
84407,-240
84408,306
84409,105
84410,64
84411,18
84412,234
84413,-675
84414,-104
84415,552
84416,0
84417,-256
84418,-93
84419,-162
84420,84
84421,270
84422,0
84423,-504
84424,-96
84425,1408
84426,-256
84427,-148
84428,-212
84429,160
84430,-648
84431,-450
84432,-56
84433,-616
84434,-9
84435,-40
84436,32
84437,213
84438,118
84439,204
84440,216
84441,492
84442,152
84443,-500
84444,198
84445,812
84446,-326
84447,100
84448,-150
84449,-426
84450,198
84451,-490
84452,140
84453,-408
84454,-25
84455,-384
84456,288
84457,201
84458,20
84459,126
84460,576
84461,0
84462,-384
84463,-391
84464,63
84465,88
84466,304
84467,-396
84468,-8
84469,720
84470,-192
84471,36
84472,-198
84473,-168
84474,15
84475,1683
84476,-12
84477,-152
84478,4
84479,16
84480,-352
84481,282
84482,60
84483,264
84484,-134
84485,448
84486,-18
84487,420
84488,-96
84489,660
84490,-324
84491,280
84492,-47
84493,-16
84494,-216
84495,-168
84496,-58
84497,240
84498,-382
84499,158
84500,288
84501,-18
84502,-256
84503,-130
84504,-108
84505,216
84506,162
84507,78
84508,63
84509,66
84510,128
84511,-165
84512,320
84513,360
84514,-81
84515,184
84516,12
84517,32
84518,-291
84519,-33
84520,276
84521,66
84522,256
84523,-184
84524,-24
84525,352
84526,-105
84527,-72
84528,36
84529,-12
84530,480
84531,-72
84532,210
84533,50
84534,-80
84535,160
84536,69
84537,72
84538,-196
84539,0
84540,-160
84541,-225
84542,243
84543,492
84544,-350
84545,300
84546,96
84547,-384
84548,144
84549,562
84550,0
84551,-95
84552,240
84553,-54
84554,126
84555,-40
84556,270
84557,-20
84558,228
84559,-7
84560,36
84561,-396
84562,93
84563,-384
84564,-26
84565,540
84566,-45
84567,-72
84568,-600
84569,408
84570,-480
84571,-640
84572,-72
84573,86
84574,92
84575,330
84576,180
84577,-108
84578,-10
84579,110
84580,432
84581,-630
84582,24
84583,306
84584,-612
84585,120
84586,54
84587,-207
84588,-120
84589,298
84590,704
84591,-200
84592,96
84593,72
84594,64
84595,-744
84596,-90
84597,8
84598,-19
84599,-774
84600,297
84601,-484
84602,12
84603,28
84604,260
84605,812
84606,384
84607,64
84608,-6
84609,90
84610,-172
84611,-648
84612,72
84613,0
84614,-280
84615,-840
84616,198
84617,-640
84618,-140
84619,171
84620,104
84621,98
84622,-88
84623,128
84624,126
84625,-288
84626,36
84627,14
84628,-186
84629,-120
84630,1080
84631,202
84632,216
84633,-192
84634,-48
84635,-532
84636,-32
84637,-72
84638,54
84639,0
84640,-820
84641,-330
84642,138
84643,-150
84644,96
84645,704
84646,242
84647,666
84648,-144
84649,-18
84650,-99
84651,-192
84652,114
84653,57
84654,64
84655,-1008
84656,60
84657,-12
84658,216
84659,216
84660,-216
84661,522
84662,-193
84663,40
84664,-24
84665,-864
84666,96
84667,112
84668,8
84669,-192
84670,-364
84671,22
84672,56
84673,250
84674,-24
84675,132
84676,-194
84677,72
84678,208
84679,-114
84680,48
84681,47
84682,-460
84683,-172
84684,172
84685,-660
84686,504
84687,0
84688,-70
84689,480
84690,-180
84691,-172
84692,-324
84693,306
84694,135
84695,160
84696,-276
84697,-208
84698,-52
84699,-168
84700,-165
84701,531
84702,-80
84703,-189
84704,-110
84705,224
84706,9
84707,300
84708,10
84709,-128
84710,252
84711,-72
84712,387
84713,-121
84714,42
84715,708
84716,-147
84717,24
84718,2
84719,375
84720,96
84721,300
84722,116
84723,954
84724,192
84725,275
84726,55
84727,160
84728,0
84729,-256
84730,-24
84731,-276
84732,-512
84733,352
84734,185
84735,-228
84736,442
84737,-90
84738,112
84739,-48
84740,128
84741,-504
84742,27
84743,-27
84744,144
84745,744
84746,-74
84747,450
84748,-176
84749,-54
84750,96
84751,-48
84752,12
84753,-56
84754,486
84755,896
84756,324
84757,-3
84758,11
84759,-72
84760,60
84761,168
84762,-42
84763,-78
84764,-234
84765,0
84766,-468
84767,60
84768,-260
84769,-128
84770,-32
84771,84
84772,-139
84773,225
84774,-180
84775,-440
84776,-96
84777,-48
84778,384
84779,-171
84780,256
84781,8
84782,88
84783,-144
84784,42
84785,972
84786,260
84787,18
84788,-324
84789,117
84790,-512
84791,303
84792,288
84793,-70
84794,301
84795,152
84796,42
84797,-56
84798,-12
84799,-400
84800,-385
84801,736
84802,-425
84803,-21
84804,0
84805,228
84806,308
84807,40
84808,-480
84809,-74
84810,64
84811,-437
84812,-165
84813,-210
84814,-78
84815,668
84816,36
84817,0
84818,263
84819,56
84820,-312
84821,-90
84822,336
84823,64
84824,-528
84825,-110
84826,54
84827,578
84828,24
84829,-117
84830,-336
84831,-446
84832,200
84833,183
84834,72
84835,-108
84836,-64
84837,-536
84838,-108
84839,406
84840,144
84841,-117
84842,-144
84843,228
84844,40
84845,-864
84846,80
84847,648
84848,-51
84849,-162
84850,-429
84851,480
84852,-14
84853,-60
84854,96
84855,-832
84856,-450
84857,-163
84858,-98
84859,106
84860,-208
84861,312
84862,90
84863,-24
84864,-90
84865,-704
84866,323
84867,342
84868,-2
84869,-30
84870,-288
84871,122
84872,-459
84873,216
84874,177
84875,864
84876,-208
84877,-25
84878,252
84879,-96
84880,-120
84881,3
84882,-378
84883,-164
84884,38
84885,200
84886,-86
84887,8
84888,99
84889,42
84890,440
84891,284
84892,32
84893,480
84894,-94
84895,-484
84896,60
84897,46
84898,-132
84899,-88
84900,-352
84901,272
84902,100
84903,-960
84904,-222
84905,120
84906,0
84907,54
84908,69
84909,648
84910,672
84911,612
84912,32
84913,-500
84914,-100
84915,-144
84916,-360
84917,52
84918,-116
84919,312
84920,960
84921,-24
84922,-195
84923,17
84924,-69
84925,-770
84926,-184
84927,500
84928,364
84929,720
84930,-256
84931,552
84932,177
84933,-72
84934,266
84935,88
84936,-312
84937,16
84938,-9
84939,-512
84940,-108
84941,50
84942,-100
84943,80
84944,-72
84945,-1056
84946,-381
84947,-190
84948,38
84949,-252
84950,-154
84951,91
84952,243
84953,-432
84954,-288
84955,360
84956,-140
84957,502
84958,-264
84959,-30
84960,160
84961,-312
84962,-64
84963,-128
84964,-152
84965,904
84966,32
84967,2
84968,-420
84969,-110
84970,72
84971,459
84972,-48
84973,240
84974,-282
84975,1408
84976,18
84977,415
84978,108
84979,274
84980,336
84981,-520
84982,-285
84983,-348
84984,120
84985,-576
84986,-224
84987,108
84988,51
84989,171
84990,-184
84991,80
84992,207
84993,-720
84994,540
84995,0
84996,72
84997,484
84998,281
84999,-216
85000,-369
85001,-243
85002,-450
85003,-192
85004,-190
85005,-240
85006,-332
85007,-72
85008,-192
85009,-514
85010,-180
85011,126
85012,135
85013,-27
85014,-45
85015,8
85016,42
85017,-342
85018,318
85019,-96
85020,-680
85021,322
85022,345
85023,-252
85024,435
85025,-176
85026,-60
85027,-32
85028,-26
85029,612
85030,-352
85031,776
85032,-195
85033,-1080
85034,-216
85035,-1008
85036,-75
85037,238
85038,-340
85039,-448
85040,-8
85041,-180
85042,14
85043,-27
85044,-16
85045,88
85046,-405
85047,-438
85048,255
85049,-174
85050,330
85051,-207
85052,288
85053,318
85054,-48
85055,-524
85056,126
85057,-162
85058,63
85059,40
85060,216
85061,-186
85062,84
85063,60
85064,-405
85065,480
85066,-174
85067,-52
85068,-48
85069,204
85070,72
85071,510
85072,-25
85073,-120
85074,-320
85075,-891
85076,-79
85077,-96
85078,384
85079,168
85080,-96
85081,396
85082,0
85083,-480
85084,0
85085,720
85086,-2
85087,396
85088,65
85089,36
85090,-224
85091,-500
85092,114
85093,-262
85094,-128
85095,288
85096,-480
85097,252
85098,240
85099,345
85100,264
85101,80
85102,210
85103,236
85104,-36
85105,680
85106,288
85107,616
85108,136
85109,-285
85110,672
85111,-490
85112,303
85113,40
85114,42
85115,288
85116,-72
85117,576
85118,-40
85119,-240
85120,144
85121,-372
85122,98
85123,904
85124,-165
85125,-528
85126,567
85127,153
85128,-408
85129,-612
85130,-604
85131,-55
85132,-46
85133,-144
85134,-222
85135,-456
85136,24
85137,-240
85138,300
85139,32
85140,-112
85141,444
85142,200
85143,120
85144,-12
85145,816
85146,-64
85147,-263
85148,-234
85149,114
85150,-165
85151,392
85152,150
85153,-21
85154,-150
85155,1080
85156,-32
85157,567
85158,144
85159,467
85160,-72
85161,-72
85162,80
85163,-440
85164,-54
85165,-64
85166,-96
85167,35
85168,14
85169,-432
85170,192
85171,-75
85172,120
85173,0
85174,-156
85175,-1012
85176,-108
85177,-464
85178,-97
85179,540
85180,-128
85181,-448
85182,-220
85183,336
85184,-168
85185,-288
85186,0
85187,339
85188,-36
85189,-460
85190,504
85191,-100
85192,384
85193,-351
85194,36
85195,608
85196,-24
85197,384
85198,-405
85199,356
85200,198
85201,-323
85202,-20
85203,60
85204,36
85205,-24
85206,-320
85207,64
85208,-147
85209,-174
85210,680
85211,-54
85212,-231
85213,509
85214,-96
85215,1280
85216,65
85217,256
85218,6
85219,90
85220,480
85221,6
85222,50
85223,-348
85224,-210
85225,-924
85226,-175
85227,258
85228,-160
85229,-162
85230,224
85231,-22
85232,18
85233,108
85234,-24
85235,-36
85236,0
85237,258
85238,408
85239,-432
85240,1008
85241,-450
85242,396
85243,143
85244,-48
85245,688
85246,294
85247,40
85248,-51
85249,5
85250,864
85251,-64
85252,203
85253,108
85254,100
85255,-256
85256,-546
85257,129
85258,108
85259,57
85260,-32
85261,-736
85262,0
85263,-216
85264,69
85265,328
85266,-8
85267,-180
85268,-122
85269,28
85270,-224
85271,-369
85272,288
85273,380
85274,-300
85275,44
85276,94
85277,365
85278,176
85279,144
85280,-900
85281,162
85282,138
85283,132
85284,-128
85285,264
85286,143
85287,192
85288,-36
85289,24
85290,-800
85291,-72
85292,96
85293,-365
85294,352
85295,828
85296,-32
85297,-37
85298,106
85299,-334
85300,-275
85301,9
85302,36
85303,566
85304,-54
85305,-360
85306,-300
85307,528
85308,-288
85309,4
85310,-416
85311,29
85312,441
85313,-157
85314,160
85315,-24
85316,168
85317,-344
85318,114
85319,50
85320,480
85321,720
85322,78
85323,-432
85324,-18
85325,594
85326,284
85327,276
85328,-54
85329,112
85330,-480
85331,-324
85332,-270
85333,73
85334,-98
85335,320
85336,0
85337,48
85338,24
85339,208
85340,-108
85341,152
85342,-252
85343,-279
85344,-240
85345,96
85346,512
85347,-136
85348,176
85349,-272
85350,22
85351,0
85352,-297
85353,512
85354,278
85355,616
85356,83
85357,192
85358,-70
85359,264
85360,-192
85361,84
85362,-18
85363,325
85364,-78
85365,96
85366,-111
85367,176
85368,576
85369,213
85370,648
85371,400
85372,-285
85373,384
85374,297
85375,864
85376,48
85377,0
85378,166
85379,-390
85380,384
85381,-272
85382,-236
85383,20
85384,360
85385,-76
85386,288
85387,608
85388,-275
85389,400
85390,480
85391,237
85392,-20
85393,-648
85394,-290
85395,600
85396,42
85397,275
85398,-364
85399,720
85400,-792
85401,160
85402,48
85403,-126
85404,-8
85405,288
85406,-358
85407,270
85408,240
85409,80
85410,40
85411,396
85412,3
85413,-486
85414,141
85415,656
85416,-156
85417,-4
85418,-275
85419,-96
85420,-328
85421,360
85422,-112
85423,685
85424,-120
85425,-462
85426,-60
85427,180
85428,-24
85429,-325
85430,-16
85431,-436
85432,48
85433,-135
85434,-80
85435,-528
85436,225
85437,184
85438,258
85439,-252
85440,0
85441,112
85442,216
85443,0
85444,-153
85445,320
85446,18
85447,-373
85448,-456
85449,-240
85450,-726
85451,178
85452,-24
85453,256
85454,112
85455,-1056
85456,34
85457,216
85458,-306
85459,-300
85460,-352
85461,576
85462,-80
85463,-42
85464,12
85465,176
85466,-48
85467,324
85468,0
85469,330
85470,288
85471,-32
85472,195
85473,-162
85474,-390
85475,1155
85476,-162
85477,-207
85478,10
85479,372
85480,-312
85481,-80
85482,-220
85483,-64
85484,189
85485,-1152
85486,-79
85487,541
85488,-30
85489,-90
85490,576
85491,192
85492,-56
85493,324
85494,-28
85495,-408
85496,288
85497,420
85498,-243
85499,-180
85500,96
85501,-385
85502,-67
85503,480
85504,-88
85505,-32
85506,-136
85507,132
85508,-266
85509,-184
85510,72
85511,-22
85512,-432
85513,-115
85514,-384
85515,-272
85516,36
85517,-494
85518,118
85519,-312
85520,-196
85521,-112
85522,-144
85523,-32
85524,24
85525,-1408
85526,216
85527,105
85528,-180
85529,0
85530,-568
85531,-50
85532,-224
85533,438
85534,-8
85535,208
85536,200
85537,392
85538,-20
85539,-348
85540,540
85541,-28
85542,190
85543,66
85544,72
85545,264
85546,194
85547,-30
85548,88
85549,-494
85550,-176
85551,576
85552,3
85553,150
85554,-24
85555,-360
85556,18
85557,60
85558,108
85559,-315
85560,-1728
85561,162
85562,-96
85563,80
85564,93
85565,1088
85566,600
85567,378
85568,0
85569,-64
85570,280
85571,333
85572,-23
85573,-243
85574,-67
85575,66
85576,108
85577,-78
85578,-144
85579,110
85580,400
85581,6
85582,153
85583,-24
85584,132
85585,936
85586,389
85587,504
85588,-226
85589,-87
85590,-320
85591,324
85592,120
85593,-448
85594,207
85595,240
85596,-72
85597,-454
85598,184
85599,9
85600,-660
85601,-183
85602,-328
85603,-82
85604,30
85605,-320
85606,224
85607,324
85608,54
85609,184
85610,-468
85611,4
85612,-36
85613,-56
85614,96
85615,-488
85616,-42
85617,-99
85618,0
85619,-258
85620,-432
85621,-318
85622,261
85623,-306
85624,-576
85625,123
85626,63
85627,161
85628,-98
85629,96
85630,-36
85631,-675
85632,48
85633,344
85634,-477
85635,-64
85636,80
85637,58
85638,42
85639,-196
85640,708
85641,584
85642,-80
85643,27
85644,160
85645,-972
85646,24
85647,20
85648,-10
85649,-504
85650,462
85651,-312
85652,64
85653,-288
85654,8
85655,-192
85656,-378
85657,-140
85658,52
85659,-30
85660,132
85661,-18
85662,0
85663,204
85664,305
85665,-1008
85666,-144
85667,487
85668,-80
85669,-18
85670,180
85671,128
85672,438
85673,198
85674,102
85675,704
85676,25
85677,-174
85678,163
85679,384
85680,36
85681,81
85682,42
85683,362
85684,-360
85685,-672
85686,-70
85687,291
85688,411
85689,26
85690,576
85691,-381
85692,120
85693,91
85694,-171
85695,144
85696,560
85697,30
85698,-451
85699,-168
85700,-627
85701,80
85702,-72
85703,319
85704,78
85705,-960
85706,194
85707,0
85708,-186
85709,20
85710,16
85711,217
85712,112
85713,264
85714,-24
85715,1080
85716,3
85717,-103
85718,-42
85719,52
85720,552
85721,-64
85722,480
85723,-232
85724,36
85725,352
85726,374
85727,-48
85728,360
85729,-234
85730,472
85731,-240
85732,-166
85733,346
85734,4
85735,0
85736,387
85737,156
85738,21
85739,-9
85740,304
85741,36
85742,434
85743,-30
85744,-88
85745,128
85746,-396
85747,-328
85748,-180
85749,-64
85750,360
85751,-204
85752,-264
85753,20
85754,220
85755,-1080
85756,24
85757,18
85758,410
85759,0
85760,476
85761,-65
85762,-24
85763,-64
85764,-18
85765,-648
85766,96
85767,128
85768,-81
85769,60
85770,-72
85771,-294
85772,-45
85773,-92
85774,220
85775,-198
85776,24
85777,-414
85778,24
85779,-120
85780,-28
85781,-456
85782,150
85783,306
85784,288
85785,-672
85786,64
85787,-150
85788,36
85789,20
85790,-64
85791,-336
85792,150
85793,-398
85794,-40
85795,-352
85796,0
85797,86
85798,-260
85799,-96
85800,-1320
85801,576
85802,215
85803,-132
85804,24
85805,488
85806,-132
85807,285
85808,36
85809,316
85810,92
85811,152
85812,-312
85813,-1080
85814,-324
85815,4
85816,-162
85817,-208
85818,274
85819,-385
85820,48
85821,646
85822,-324
85823,36
85824,-56
85825,308
85826,80
85827,-336
85828,196
85829,-286
85830,-144
85831,-152
85832,150
85833,-128
85834,144
85835,128
85836,512
85837,172
85838,16
85839,-810
85840,24
85841,498
85842,-36
85843,202
85844,256
85845,768
85846,-124
85847,427
85848,24
85849,-212
85850,-66
85851,-56
85852,-96
85853,204
85854,72
85855,-384
85856,-345
85857,-620
85858,222
85859,-712
85860,220
85861,-148
85862,288
85863,112
85864,78
85865,-1000
85866,-216
85867,6
85868,272
85869,-54
85870,-504
85871,182
85872,132
85873,260
85874,7
85875,96
85876,186
85877,-288
85878,-10
85879,432
85880,96
85881,-388
85882,-64
85883,246
85884,-42
85885,0
85886,-137
85887,-168
85888,-96
85889,518
85890,-120
85891,-45
85892,153
85893,328
85894,63
85895,-972
85896,63
85897,124
85898,64
85899,-96
85900,495
85901,27
85902,512
85903,206
85904,-120
85905,288
85906,-52
85907,-160
85908,82
85909,402
85910,-180
85911,42
85912,39
85913,330
85914,-84
85915,872
85916,-225
85917,710
85918,-27
85919,-3
85920,-160
85921,-96
85922,-238
85923,-37
85924,217
85925,660
85926,-18
85927,180
85928,-864
85929,-16
85930,40
85931,390
85932,108
85933,-343
85934,216
85935,552
85936,27
85937,468
85938,68
85939,-171
85940,200
85941,330
85942,108
85943,560
85944,-588
85945,-456
85946,-34
85947,-588
85948,-196
85949,160
85950,0
85951,48
85952,210
85953,-108
85954,-64
85955,372
85956,-80
85957,133
85958,-221
85959,-170
85960,1152
85961,-182
85962,-30
85963,-648
85964,-114
85965,-544
85966,-225
85967,288
85968,-40
85969,-375
85970,-584
85971,-92
85972,-236
85973,112
85974,0
85975,88
85976,-648
85977,99
85978,-42
85979,96
85980,-384
85981,108
85982,-420
85983,-184
85984,145
85985,-160
85986,90
85987,-568
85988,-81
85989,-614
85990,156
85991,390
85992,498
85993,-12
85994,-72
85995,160
85996,259
85997,-160
85998,-64
85999,291
86000,-168
86001,-714
86002,-216
86003,-192
86004,-34
86005,512
86006,-182
86007,532
86008,420
86009,-96
86010,-576
86011,286
86012,96
86013,-24
86014,18
86015,376
86016,6
86017,-13
86018,-90
86019,10
86020,-384
86021,-288
86022,-104
86023,-144
86024,102
86025,594
86026,-34
86027,-162
86028,-168
86029,-358
86030,-552
86031,50
86032,64
86033,-44
86034,460
86035,832
86036,-48
86037,-180
86038,-284
86039,180
86040,288
86041,-112
86042,324
86043,-224
86044,-16
86045,700
86046,-210
86047,-295
86048,-440
86049,256
86050,55
86051,-12
86052,-36
86053,516
86054,-141
86055,-616
86056,-27
86057,162
86058,-108
86059,450
86060,520
86061,124
86062,-132
86063,0
86064,-8
86065,-576
86066,368
86067,6
86068,210
86069,281
86070,96
86071,216
86072,90
86073,150
86074,292
86075,-352
86076,48
86077,-454
86078,160
86079,360
86080,-532
86081,352
86082,24
86083,-51
86084,-208
86085,288
86086,420
86087,81
86088,-432
86089,-288
86090,-104
86091,56
86092,136
86093,135
86094,45
86095,-56
86096,-44
86097,360
86098,376
86099,60
86100,-594
86101,-60
86102,307
86103,22
86104,54
86105,-228
86106,-32
86107,219
86108,256
86109,258
86110,680
86111,47
86112,200
86113,126
86114,-60
86115,-528
86116,25
86117,93
86118,288
86119,24
86120,396
86121,-162
86122,64
86123,-504
86124,-296
86125,-600
86126,212
86127,176
86128,132
86129,-532
86130,-128
86131,198
86132,96
86133,92
86134,78
86135,-1152
86136,-216
86137,-332
86138,-10
86139,-27
86140,-64
86141,0
86142,36
86143,-76
86144,12
86145,-296
86146,32
86147,448
86148,58
86149,-594
86150,-814
86151,340
86152,0
86153,-50
86154,-72
86155,-96
86156,-18
86157,-252
86158,512
86159,-182
86160,-192
86161,-43
86162,-182
86163,48
86164,-65
86165,192
86166,8
86167,10
86168,210
86169,-424
86170,384
86171,346
86172,-112
86173,27
86174,-152
86175,110
86176,270
86177,840
86178,-80
86179,-52
86180,-576
86181,-944
86182,-45
86183,146
86184,396
86185,560
86186,-404
86187,-400
86188,-20
86189,240
86190,288
86191,-56
86192,128
86193,128
86194,252
86195,-16
86196,176
86197,-4
86198,-81
86199,-448
86200,-198
86201,-2
86202,-70
86203,-80
86204,96
86205,576
86206,146
86207,-264
86208,-364
86209,544
86210,132
86211,576
86212,180
86213,130
86214,-168
86215,756
86216,-570
86217,-100
86218,-144
86219,-102
86220,-36
86221,-63
86222,300
86223,-324
86224,-60
86225,1034
86226,-96
86227,-41
86228,152
86229,-140
86230,-728
86231,-260
86232,-504
86233,-288
86234,66
86235,656
86236,-105
86237,405
86238,264
86239,-488
86240,-160
86241,0
86242,-540
86243,467
86244,-126
86245,72
86246,18
86247,-84
86248,393
86249,-402
86250,656
86251,328
86252,36
86253,286
86254,-48
86255,1040
86256,-7
86257,-284
86258,168
86259,448
86260,-176
86261,-432
86262,-144
86263,-154
86264,-567
86265,-360
86266,-194
86267,960
86268,-300
86269,382
86270,-168
86271,320
86272,-391
86273,360
86274,-58
86275,198
86276,198
86277,162
86278,-40
86279,-72
86280,-432
86281,-90
86282,387
86283,45
86284,60
86285,-112
86286,-36
86287,-263
86288,-74
86289,144
86290,-16
86291,120
86292,108
86293,-410
86294,100
86295,-160
86296,504
86297,42
86298,112
86299,120
86300,-506
86301,-56
86302,48
86303,252
86304,180
86305,-252
86306,-232
86307,60
86308,-184
86309,-330
86310,-36
86311,-364
86312,-246
86313,-56
86314,432
86315,512
86316,136
86317,-384
86318,77
86319,-512
86320,-180
86321,180
86322,-268
86323,86
86324,36
86325,1144
86326,120
86327,112
86328,204
86329,27
86330,0
86331,-474
86332,0
86333,-20
86334,394
86335,72
86336,252
86337,-10
86338,-36
86339,-288
86340,272
86341,24
86342,176
86343,54
86344,-189
86345,444
86346,-495
86347,100
86348,48
86349,456
86350,704
86351,-135
86352,12
86353,44
86354,141
86355,32
86356,-168
86357,102
86358,-150
86359,72
86360,288
86361,-432
86362,-54
86363,280
86364,-24
86365,-384
86366,-270
86367,-134
86368,-345
86369,-346
86370,-280
86371,56
86372,60
86373,-300
86374,316
86375,960
86376,-384
86377,-141
86378,205
86379,-534
86380,-48
86381,240
86382,30
86383,-196
86384,-30
86385,360
86386,-162
86387,126
86388,128
86389,-294
86390,-20
86391,-52
86392,-294
86393,264
86394,-90
86395,432
86396,-30
86397,0
86398,405
86399,-99
86400,-132
86401,-393
86402,182
86403,18
86404,243
86405,-288
86406,-152
86407,-378
86408,-396
86409,-70
86410,-56
86411,-320
86412,32
86413,86
86414,84
86415,192
86416,-80
86417,-384
86418,-10
86419,0
86420,-64
86421,-340
86422,-366
86423,218
86424,420
86425,-374
86426,270
86427,528
86428,-243
86429,204
86430,-392
86431,80
86432,30
86433,72
86434,-80
86435,-288
86436,59
86437,680
86438,-220
86439,-292
86440,180
86441,427
86442,-344
86443,165
86444,270
86445,-24
86446,84
86447,54
86448,-148
86449,-64
86450,-660
86451,252
86452,30
86453,-201
86454,48
86455,-812
86456,-72
86457,-192
86458,-512
86459,-306
86460,-96
86461,-37
86462,243
86463,90
86464,420
86465,884
86466,-6
86467,-124
86468,174
86469,216
86470,656
86471,-528
86472,123
86473,-448
86474,-184
86475,-572
86476,175
86477,142
86478,-108
86479,294
86480,288
86481,-144
86482,-240
86483,72
86484,-22
86485,96
86486,-153
86487,176
86488,12
86489,290
86490,-200
86491,-56
86492,-252
86493,672
86494,-104
86495,-188
86496,150
86497,280
86498,32
86499,-189
86500,96
86501,-7
86502,-540
86503,-104
86504,-336
86505,160
86506,72
86507,128
86508,0
86509,136
86510,-864
86511,32
86512,-112
86513,-72
86514,-230
86515,-480
86516,-42
86517,38
86518,48
86519,240
86520,1152
86521,-180
86522,245
86523,0
86524,96
86525,-638
86526,-128
86527,567
86528,-132
86529,242
86530,288
86531,143
86532,60
86533,-420
86534,52
86535,-144
86536,12
86537,656
86538,-270
86539,105
86540,96
86541,600
86542,-109
86543,-153
86544,28
86545,-848
86546,-374
86547,234
86548,-360
86549,360
86550,308
86551,-162
86552,108
86553,8
86554,10
86555,-288
86556,34
86557,-114
86558,20
86559,448
86560,-20
86561,-319
86562,24
86563,528
86564,-84
86565,160
86566,-206
86567,0
86568,336
86569,-216
86570,288
86571,100
86572,360
86573,-507
86574,576
86575,88
86576,-66
86577,-440
86578,40
86579,333
86580,-60
86581,192
86582,-116
86583,144
86584,-90
86585,940
86586,190
86587,158
86588,-114
86589,539
86590,-384
86591,6
86592,504
86593,-500
86594,-20
86595,576
86596,-203
86597,0
86598,-48
86599,360
86600,-33
86601,512
86602,140
86603,564
86604,-162
86605,-340
86606,-300
86607,-72
86608,38
86609,46
86610,768
86611,126
86612,16
86613,-144
86614,-288
86615,144
86616,-324
86617,105
86618,-456
86619,-320
86620,288
86621,432
86622,82
86623,400
86624,-460
86625,-288
86626,337
86627,176
86628,138
86629,58
86630,128
86631,-84
86632,90
86633,-207
86634,111
86635,768
86636,20
86637,-76
86638,-87
86639,234
86640,24
86641,504
86642,-240
86643,96
86644,111
86645,1260
86646,204
86647,-552
86648,480
86649,84
86650,286
86651,-8
86652,-18
86653,564
86654,-96
86655,680
86656,-36
86657,520
86658,-80
86659,-192
86660,-84
86661,-14
86662,-337
86663,600
86664,-768
86665,888
86666,-90
86667,396
86668,-198
86669,480
86670,-528
86671,80
86672,-26
86673,-64
86674,-81
86675,-506
86676,198
86677,-116
86678,-320
86679,-58
86680,432
86681,32
86682,132
86683,-12
86684,285
86685,-256
86686,0
86687,808
86688,-105
86689,-136
86690,-300
86691,-216
86692,6
86693,-476
86694,476
86695,-84
86696,-486
86697,192
86698,-7
86699,-18
86700,-176
86701,112
86702,-108
86703,-76
86704,12
86705,56
86706,-7
86707,-225
86708,-25
86709,-156
86710,-320
86711,288
86712,12
86713,-412
86714,0
86715,-324
86716,12
86717,3
86718,-192
86719,445
86720,224
86721,144
86722,-78
86723,-270
86724,-32
86725,-176
86726,112
86727,14
86728,81
86729,282
86730,-128
86731,49
86732,44
86733,216
86734,3
86735,-576
86736,-160
86737,-561
86738,-234
86739,248
86740,-392
86741,-288
86742,80
86743,266
86744,342
86745,392
86746,148
86747,200
86748,-126
86749,-20
86750,24
86751,117
86752,-320
86753,-402
86754,48
86755,196
86756,369
86757,-240
86758,36
86759,90
86760,120
86761,165
86762,405
86763,552
86764,170
86765,-252
86766,-356
86767,248
86768,-24
86769,288
86770,508
86771,100
86772,-6
86773,128
86774,-378
86775,0
86776,204
86777,-540
86778,60
86779,480
86780,496
86781,-634
86782,-64
86783,251
86784,68
86785,36
86786,78
86787,-2
86788,200
86789,-456
86790,-672
86791,8
86792,252
86793,324
86794,156
86795,-144
86796,-50
86797,-36
86798,-22
86799,158
86800,297
86801,-560
86802,144
86803,-384
86804,78
86805,416
86806,-357
86807,-417
86808,-78
86809,-72
86810,344
86811,-32
86812,232
86813,-54
86814,75
86815,-192
86816,-485
86817,-56
86818,-45
86819,195
86820,384
86821,480
86822,-74
86823,-68
86824,-450
86825,-264
86826,-112
86827,400
86828,18
86829,960
86830,400
86831,477
86832,77
86833,351
86834,-112
86835,672
86836,135
86837,-87
86838,-216
86839,141
86840,-480
86841,-14
86842,141
86843,494
86844,-236
86845,32
86846,-36
86847,360
86848,448
86849,264
86850,220
86851,367
86852,162
86853,90
86854,364
86855,-56
86856,-648
86857,57
86858,60
86859,-352
86860,56
86861,488
86862,-648
86863,603
86864,0
86865,-240
86866,24
86867,160
86868,-32
86869,-290
86870,-72
86871,192
86872,354
86873,204
86874,-232
86875,656
86876,108
86877,18
86878,120
86879,-45
86880,80
86881,-512
86882,-134
86883,-276
86884,72
86885,784
86886,-292
86887,228
86888,-510
86889,144
86890,136
86891,153
86892,-20
86893,945
86894,-480
86895,-152
86896,-10
86897,-88
86898,-78
86899,287
86900,-440
86901,-72
86902,105
86903,-54
86904,-81
86905,0
86906,228
86907,320
86908,-73
86909,22
86910,400
86911,-520
86912,108
86913,-66
86914,-378
86915,-212
86916,-160
86917,352
86918,-260
86919,-12
86920,540
86921,-210
86922,32
86923,181
86924,-162
86925,-704
86926,-30
86927,-252
86928,-128
86929,-415
86930,-312
86931,-50
86932,-384
86933,-72
86934,138
86935,-624
86936,-495
86937,-40
86938,243
86939,537
86940,-384
86941,-110
86942,0
86943,-88
86944,-400
86945,-360
86946,322
86947,-57
86948,-118
86949,-26
86950,-297
86951,404
86952,-264
86953,0
86954,423
86955,-864
86956,111
86957,-460
86958,10
86959,36
86960,104
86961,-108
86962,-340
86963,-320
86964,64
86965,912
86966,-224
86967,-220
86968,369
86969,415
86970,-320
86971,64
86972,-39
86973,270
86974,-176
86975,198
86976,21
86977,-300
86978,-224
86979,-40
86980,120
86981,-190
86982,408
86983,-490
86984,-81
86985,288
86986,576
86987,96
86988,72
86989,168
86990,696
86991,-192
86992,114
86993,-480
86994,-40
86995,-96
86996,360
86997,-72
86998,-56
86999,90
87000,-288
87001,-30
87002,270
87003,-87
87004,256
87005,-980
87006,-150
87007,-136
87008,-240
87009,960
87010,-96
87011,6
87012,-62
87013,390
87014,-128
87015,96
87016,48
87017,-729
87018,-254
87019,-24
87020,32
87021,-144
87022,-120
87023,360
87024,12
87025,55
87026,-120
87027,508
87028,186
87029,-164
87030,-160
87031,198
87032,-672
87033,-14
87034,17
87035,768
87036,52
87037,-463
87038,-129
87039,-96
87040,-276
87041,223
87042,0
87043,-720
87044,144
87045,-912
87046,36
87047,432
87048,-540
87049,22
87050,22
87051,554
87052,-153
87053,546
87054,0
87055,-448
87056,-108
87057,-3
87058,80
87059,150
87060,184
87061,-30
87062,-12
87063,212
87064,381
87065,880
87066,-120
87067,90
87068,-12
87069,52
87070,204
87071,-264
87072,120
87073,-32
87074,-135
87075,847
87076,144
87077,-384
87078,288
87079,252
87080,-1152
87081,-84
87082,-135
87083,314
87084,-72
87085,488
87086,276
87087,240
87088,25
87089,-42
87090,832
87091,459
87092,89
87093,-28
87094,-306
87095,304
87096,0
87097,9
87098,-144
87099,34
87100,385
87101,-24
87102,72
87103,236
87104,-70
87105,-104
87106,-312
87107,-492
87108,144
87109,-128
87110,1080
87111,-110
87112,-54
87113,810
87114,-228
87115,-144
87116,24
87117,90
87118,-133
87119,-311
87120,20
87121,-23
87122,-120
87123,-8
87124,-448
87125,648
87126,-80
87127,-42
87128,36
87129,-264
87130,292
87131,-356
87132,-30
87133,-401
87134,-156
87135,384
87136,375
87137,460
87138,144
87139,-730
87140,-312
87141,216
87142,-132
87143,576
87144,372
87145,224
87146,-400
87147,56
87148,-2
87149,218
87150,-594
87151,252
87152,-135
87153,-512
87154,-147
87155,-760
87156,209
87157,-534
87158,399
87159,396
87160,-624
87161,-259
87162,-40
87163,-92
87164,192
87165,-160
87166,18
87167,189
87168,-66
87169,-304
87170,128
87171,-80
87172,108
87173,112
87174,16
87175,880
87176,-81
87177,200
87178,135
87179,185
87180,-48
87181,447
87182,31
87183,-52
87184,26
87185,-540
87186,400
87187,-261
87188,-288
87189,-40
87190,-408
87191,240
87192,-36
87193,-192
87194,109
87195,528
87196,4
87197,-584
87198,124
87199,387
87200,-935
87201,18
87202,144
87203,216
87204,-168
87205,-48
87206,-63
87207,72
87208,-300
87209,42
87210,-192
87211,-475
87212,-2
87213,636
87214,-8
87215,-520
87216,-160
87217,-480
87218,-36
87219,-72
87220,0
87221,-434
87222,-24
87223,206
87224,-174
87225,968
87226,264
87227,117
87228,19
87229,-308
87230,640
87231,-62
87232,-126
87233,45
87234,378
87235,-192
87236,-40
87237,240
87238,-40
87239,728
87240,192
87241,-240
87242,20
87243,-830
87244,78
87245,880
87246,9
87247,7
87248,108
87249,-32
87250,-96
87251,-438
87252,16
87253,-200
87254,292
87255,168
87256,360
87257,-586
87258,-280
87259,414
87260,-216
87261,96
87262,192
87263,456
87264,-40
87265,-324
87266,346
87267,344
87268,-245
87269,-30
87270,-656
87271,-81
87272,6
87273,26
87274,-96
87275,858
87276,270
87277,88
87278,-24
87279,-126
87280,96
87281,282
87282,10
87283,207
87284,238
87285,1312
87286,228
87287,0
87288,-312
87289,54
87290,168
87291,-160
87292,-256
87293,-182
87294,-272
87295,600
87296,612
87297,-504
87298,0
87299,-12
87300,132
87301,56
87302,212
87303,-580
87304,72
87305,-288
87306,106
87307,-300
87308,-80
87309,0
87310,-668
87311,414
87312,-72
87313,-139
87314,72
87315,-1080
87316,189
87317,-72
87318,-88
87319,74
87320,-288
87321,0
87322,-150
87323,480
87324,80
87325,924
87326,0
87327,72
87328,430
87329,-432
87330,-648
87331,336
87332,72
87333,168
87334,210
87335,-368
87336,168
87337,362
87338,182
87339,-192
87340,352
87341,-40
87342,-364
87343,-160
87344,-80
87345,16
87346,18
87347,-75
87348,-36
87349,44
87350,-451
87351,176
87352,96
87353,-570
87354,192
87355,-412
87356,63
87357,108
87358,-180
87359,-45
87360,-840
87361,80
87362,-15
87363,-63
87364,17
87365,32
87366,282
87367,132
87368,21
87369,-264
87370,-264
87371,-756
87372,176
87373,-432
87374,63
87375,-528
87376,56
87377,-48
87378,328
87379,-256
87380,24
87381,24
87382,300
87383,-99
87384,-624
87385,24
87386,-80
87387,108
87388,-30
87389,540
87390,-152
87391,-960
87392,-290
87393,614
87394,195
87395,528
87396,288
87397,180
87398,0
87399,495
87400,1056
87401,-288
87402,480
87403,309
87404,184
87405,-896
87406,24
87407,108
87408,-28
87409,6
87410,-332
87411,116
87412,200
87413,384
87414,-342
87415,-588
87416,-48
87417,104
87418,-459
87419,336
87420,-648
87421,122
87422,140
87423,96
87424,108
87425,-1045
87426,-228
87427,-552
87428,64
87429,-120
87430,708
87431,144
87432,-216
87433,326
87434,298
87435,-56
87436,-76
87437,-180
87438,-320
87439,-572
87440,40
87441,-324
87442,-63
87443,-377
87444,3
87445,28
87446,528
87447,-512
87448,234
87449,32
87450,440
87451,-750
87452,-117
87453,-360
87454,14
87455,-592
87456,-530
87457,244
87458,51
87459,-432
87460,336
87461,260
87462,-14
87463,288
87464,-375
87465,-360
87466,-2
87467,252
87468,54
87469,-864
87470,132
87471,89
87472,-108
87473,300
87474,-384
87475,418
87476,208
87477,-60
87478,0
87479,312
87480,-672
87481,128
87482,-243
87483,-100
87484,-242
87485,132
87486,-84
87487,0
87488,-378
87489,20
87490,-80
87491,102
87492,-320
87493,36
87494,432
87495,1024
87496,-408
87497,-72
87498,3
87499,-54
87500,132
87501,-140
87502,154
87503,200
87504,-18
87505,336
87506,-50
87507,192
87508,-24
87509,36
87510,288
87511,95
87512,-180
87513,810
87514,-72
87515,-192
87516,60
87517,287
87518,124
87519,-38
87520,-540
87521,360
87522,24
87523,-29
87524,-150
87525,275
87526,60
87527,-136
87528,-306
87529,-580
87530,224
87531,-8
87532,140
87533,-96
87534,-264
87535,864
87536,88
87537,632
87538,-128
87539,-93
87540,352
87541,-62
87542,108
87543,27
87544,-324
87545,-440
87546,114
87547,406
87548,-168
87549,-96
87550,-528
87551,-140
87552,-44
87553,88
87554,166
87555,-1040
87556,-120
87557,312
87558,-44
87559,85
87560,480
87561,-792
87562,-75
87563,24
87564,-52
87565,864
87566,338
87567,-32
87568,-35
87569,126
87570,-192
87571,-432
87572,82
87573,-6
87574,174
87575,-198
87576,0
87577,-39
87578,-16
87579,-63
87580,24
87581,165
87582,-416
87583,478
87584,-360
87585,-880
87586,-204
87587,434
87588,-180
87589,9
87590,352
87591,-504
87592,498
87593,-368
87594,-440
87595,-632
87596,-192
87597,-160
87598,372
87599,-36
87600,44
87601,-84
87602,-143
87603,-586
87604,-10
87605,-840
87606,-144
87607,-360
87608,-297
87609,80
87610,552
87611,-540
87612,-32
87613,43
87614,-36
87615,512
87616,-196
87617,234
87618,270
87619,246
87620,-460
87621,-400
87622,-220
87623,-459
87624,126
87625,432
87626,-12
87627,490
87628,-104
87629,-294
87630,-512
87631,-416
87632,-66
87633,180
87634,84
87635,324
87636,-238
87637,-72
87638,-44
87639,-48
87640,-288
87641,-582
87642,-11
87643,304
87644,-120
87645,1120
87646,120
87647,108
87648,-360
87649,-404
87650,682
87651,136
87652,-120
87653,384
87654,252
87655,-72
87656,-201
87657,144
87658,441
87659,-80
87660,-112
87661,132
87662,-140
87663,378
87664,122
87665,0
87666,352
87667,-64
87668,-54
87669,0
87670,192
87671,-165
87672,-900
87673,-82
87674,-80
87675,-528
87676,144
87677,49
87678,12
87679,296
87680,36
87681,-696
87682,3
87683,-198
87684,-132
87685,720
87686,-231
87687,22
87688,72
87689,-72
87690,240
87691,230
87692,-96
87693,16
87694,-19
87695,996
87696,-24
87697,410
87698,-160
87699,1296
87700,187
87701,-45
87702,-576
87703,252
87704,168
87705,24
87706,-360
87707,20
87708,34
87709,288
87710,32
87711,-96
87712,-255
87713,48
87714,-36
87715,-520
87716,196
87717,-132
87718,144
87719,-384
87720,504
87721,-416
87722,8
87723,-30
87724,150
87725,110
87726,-356
87727,-249
87728,-103
87729,600
87730,-576
87731,81
87732,69
87733,-72
87734,119
87735,320
87736,744
87737,-330
87738,-336
87739,-220
87740,432
87741,-27
87742,-180
87743,-512
87744,350
87745,-1632
87746,-56
87747,-104
87748,-12
87749,-72
87750,480
87751,432
87752,315
87753,184
87754,0
87755,-220
87756,-288
87757,-320
87758,272
87759,20
87760,240
87761,288
87762,28
87763,560
87764,-60
87765,-320
87766,-144
87767,-108
87768,-120
87769,-80
87770,-84
87771,-30
87772,-52
87773,-186
87774,-292
87775,44
87776,600
87777,84
87778,241
87779,-272
87780,-384
87781,-531
87782,-182
87783,-216
87784,-54
87785,96
87786,-42
87787,-6
87788,-120
87789,-50
87790,116
87791,32
87792,144
87793,-449
87794,-297
87795,256
87796,-324
87797,486
87798,340
87799,-328
87800,-264
87801,-36
87802,-640
87803,-296
87804,-88
87805,12
87806,21
87807,420
87808,255
87809,-280
87810,-656
87811,328
87812,28
87813,-60
87814,369
87815,1200
87816,18
87817,27
87818,176
87819,-108
87820,-268
87821,65
87822,-81
87823,207
87824,-112
87825,704
87826,-144
87827,288
87828,90
87829,60
87830,312
87831,8
87832,468
87833,90
87834,206
87835,-1056
87836,126
87837,448
87838,-12
87839,-249
87840,-160
87841,110
87842,-168
87843,0
87844,-198
87845,-232
87846,302
87847,-288
87848,-480
87849,77
87850,-297
87851,216
87852,76
87853,14
87854,-765
87855,320
87856,32
87857,-8
87858,208
87859,-400
87860,0
87861,-362
87862,72
87863,-414
87864,-90
87865,616
87866,-143
87867,60
87868,104
87869,120
87870,-32
87871,-462
87872,-441
87873,444
87874,190
87875,-288
87876,-44
87877,-397
87878,-231
87879,-104
87880,60
87881,-402
87882,72
87883,384
87884,-32
87885,-1188
87886,-12
87887,-274
87888,-36
87889,-80
87890,432
87891,410
87892,42
87893,-225
87894,8
87895,-208
87896,312
87897,216
87898,-63
87899,6
87900,-198
87901,96
87902,216
87903,174
87904,-315
87905,928
87906,-160
87907,120
87908,31
87909,-432
87910,-256
87911,426
87912,-144
87913,24
87914,50
87915,960
87916,36
87917,-353
87918,-116
87919,-615
87920,192
87921,-47
87922,-198
87923,-152
87924,36
87925,561
87926,-122
87927,300
87928,-24
87929,-208
87930,-216
87931,-388
87932,0
87933,196
87934,-252
87935,-140
87936,12
87937,414
87938,-317
87939,368
87940,-352
87941,-162
87942,324
87943,-66
87944,-408
87945,1440
87946,324
87947,-756
87948,-12
87949,69
87950,-308
87951,-352
87952,192
87953,-240
87954,72
87955,-192
87956,76
87957,46
87958,-150
87959,-105
87960,-312
87961,592
87962,-384
87963,646
87964,265
87965,-80
87966,20
87967,-40
87968,-50
87969,432
87970,-256
87971,70
87972,34
87973,-254
87974,370
87975,-264
87976,-162
87977,277
87978,-504
87979,144
87980,-180
87981,-288
87982,24
87983,225
87984,-45
87985,696
87986,-54
87987,768
87988,18
87989,-112
87990,-648
87991,59
87992,9
87993,-148
87994,307
87995,524
87996,-236
87997,-600
87998,576
87999,532
88000,-672
88001,-5
88002,30
88003,-306
88004,-52
88005,-128
88006,20
88007,482
88008,480
88009,-216
88010,240
88011,96
88012,188
88013,512
88014,76
88015,-224
88016,135
88017,532
88018,-36
88019,455
88020,-16
88021,0
88022,-8
88023,240
88024,615
88025,-198
88026,-276
88027,-72
88028,-16
88029,-24
88030,-160
88031,576
88032,-90
88033,-60
88034,124
88035,432
88036,-45
88037,-492
88038,14
88039,498
88040,-972
88041,168
88042,-37
88043,-12
88044,-128
88045,148
88046,-312
88047,-286
88048,-121
88049,-204
88050,792
88051,0
88052,-51
88053,-28
88054,-142
88055,-192
88056,-117
88057,-96
88058,-190
88059,144
88060,108
88061,-96
88062,-60
88063,-270
88064,-315
88065,256
88066,256
88067,-648
88068,72
88069,50
88070,128
88071,-1008
88072,-102
88073,50
88074,-132
88075,440
88076,-132
88077,-384
88078,-108
88079,-219
88080,-16
88081,60
88082,58
88083,-37
88084,24
88085,-320
88086,-140
88087,80
88088,225
88089,84
88090,320
88091,-78
88092,-81
88093,236
88094,-180
88095,576
88096,155
88097,-9
88098,392
88099,388
88100,198
88101,180
88102,-36
88103,104
88104,462
88105,588
88106,-76
88107,-504
88108,267
88109,-864
88110,0
88111,54
88112,135
88113,-720
88114,-125
88115,476
88116,60
88117,222
88118,-49
88119,133
88120,852
88121,-400
88122,-176
88123,354
88124,198
88125,738
88126,320
88127,420
88128,-231
88129,-293
88130,-144
88131,-76
88132,-304
88133,900
88134,-132
88135,452
88136,-216
88137,78
88138,-8
88139,-175
88140,80
88141,-348
88142,152
88143,-312
88144,54
88145,256
88146,-72
88147,-56
88148,-142
88149,362
88150,693
88151,-30
88152,-12
88153,265
88154,-228
88155,-352
88156,-136
88157,-90
88158,300
88159,248
88160,-160
88161,-322
88162,24
88163,-12
88164,90
88165,-96
88166,200
88167,500
88168,-576
88169,-486
88170,-88
88171,-108
88172,189
88173,24
88174,-222
88175,-264
88176,64
88177,-157
88178,-310
88179,360
88180,76
88181,748
88182,-288
88183,-1
88184,-18
88185,-456
88186,198
88187,136
88188,-318
88189,156
88190,320
88191,-216
88192,-75
88193,189
88194,136
88195,-36
88196,-123
88197,-434
88198,-384
88199,0
88200,-66
88201,-500
88202,-8
88203,616
88204,-56
88205,1280
88206,-160
88207,-51
88208,24
88209,65
88210,-524
88211,306
88212,218
88213,72
88214,24
88215,432
88216,27
88217,364
88218,24
88219,198
88220,432
88221,660
88222,-12
88223,212
88224,-180
88225,-506
88226,432
88227,150
88228,72
88229,-18
88230,96
88231,80
88232,513
88233,328
88234,480
88235,96
88236,112
88237,438
88238,15
88239,-112
88240,184
88241,560
88242,0
88243,-80
88244,-195
88245,60
88246,36
88247,-24
88248,480
88249,-148
88250,288
88251,208
88252,11
88253,72
88254,-104
88255,0
88256,189
88257,-180
88258,83
88259,477
88260,-456
88261,-62
88262,166
88263,-432
88264,288
88265,-512
88266,-144
88267,-384
88268,34
88269,298
88270,-720
88271,-912
88272,-4
88273,-297
88274,64
88275,1056
88276,12
88277,90
88278,-212
88279,-112
88280,180
88281,-42
88282,-63
88283,40
88284,30
88285,-988
88286,264
88287,-460
88288,0
88289,142
88290,-748
88291,-90
88292,-102
88293,304
88294,69
88295,460
88296,480
88297,-128
88298,-30
88299,82
88300,-286
88301,136
88302,-168
88303,-275
88304,72
88305,-600
88306,63
88307,-44
88308,-32
88309,260
88310,124
88311,-172
88312,-324
88313,-90
88314,432
88315,-540
88316,-102
88317,324
88318,15
88319,-324
88320,1088
88321,-85
88322,350
88323,448
88324,288
88325,528
88326,-54
88327,-381
88328,-48
88329,-192
88330,-40
88331,-248
88332,6
88333,-111
88334,8
88335,60
88336,62
88337,414
88338,-204
88339,-521
88340,216
88341,-488
88342,-72
88343,328
88344,60
88345,-216
88346,8
88347,112
88348,-70
88349,207
88350,792
88351,-285
88352,-180
88353,62
88354,-27
88355,216
88356,60
88357,-160
88358,226
88359,-162
88360,408
88361,-570
88362,-138
88363,-112
88364,-108
88365,-168
88366,-48
88367,-636
88368,-126
88369,-436
88370,12
88371,-264
88372,-8
88373,0
88374,-640
88375,144
88376,342
88377,0
88378,-296
88379,-208
88380,80
88381,639
88382,288
88383,-156
88384,-203
88385,-240
88386,-312
88387,-60
88388,176
88389,-192
88390,-184
88391,-144
88392,96
88393,102
88394,40
88395,648
88396,72
88397,-74
88398,-132
88399,-765
88400,165
88401,40
88402,135
88403,24
88404,-160
88405,-456
88406,40
88407,-144
88408,42
88409,648
88410,-168
88411,8
88412,400
88413,80
88414,-158
88415,816
88416,160
88417,90
88418,288
88419,124
88420,-120
88421,190
88422,-84
88423,-352
88424,18
88425,132
88426,80
88427,-156
88428,172
88429,-356
88430,-288
88431,-594
88432,-122
88433,0
88434,-75
88435,-1408
88436,-37
88437,324
88438,144
88439,5
88440,-672
88441,0
88442,-220
88443,-180
88444,136
88445,24
88446,372
88447,20
88448,120
88449,-252
88450,176
88451,-105
88452,150
88453,234
88454,-405
88455,-640
88456,366
88457,-200
88458,144
88459,102
88460,-212
88461,114
88462,-328
88463,269
88464,-96
88465,-200
88466,0
88467,72
88468,-81
88469,-125
88470,-112
88471,286
88472,282
88473,-240
88474,-486
88475,-572
88476,-8
88477,720
88478,405
88479,16
88480,-600
88481,96
88482,84
88483,-284
88484,-256
88485,-24
88486,-27
88487,186
88488,-138
88489,-336
88490,24
88491,750
88492,-16
88493,-14
88494,-210
88495,1168
88496,-40
88497,-68
88498,378
88499,-390
88500,384
88501,-513
88502,36
88503,-92
88504,-360
88505,-756
88506,-128
88507,-350
88508,102
88509,4
88510,160
88511,-184
88512,308
88513,526
88514,-204
88515,-360
88516,-96
88517,140
88518,368
88519,-216
88520,72
88521,328
88522,-291
88523,-270
88524,-48
88525,220
88526,-129
88527,-416
88528,24
88529,-60
88530,440
88531,176
88532,69
88533,-110
88534,129
88535,-368
88536,-486
88537,-126
88538,-258
88539,552
88540,-176
88541,-174
88542,-98
88543,-160
88544,230
88545,1104
88546,44
88547,-400
88548,-288
88549,-112
88550,-1056
88551,-168
88552,510
88553,-27
88554,-384
88555,0
88556,-36
88557,-144
88558,-199
88559,-320
88560,-144
88561,-432
88562,-233
88563,20
88564,-120
88565,16
88566,96
88567,-18
88568,-258
88569,70
88570,204
88571,-51
88572,80
88573,-232
88574,14
88575,-1430
88576,-44
88577,34
88578,36
88579,128
88580,448
88581,-126
88582,460
88583,344
88584,-360
88585,564
88586,-311
88587,240
88588,-152
88589,-178
88590,232
88591,-352
88592,-4
88593,504
88594,48
88595,-360
88596,-96
88597,40
88598,342
88599,696
88600,297
88601,-135
88602,-16
88603,108
88604,-24
88605,64
88606,-168
88607,86
88608,450
88609,499
88610,360
88611,64
88612,121
88613,252
88614,-297
88615,108
88616,240
88617,-272
88618,96
88619,936
88620,576
88621,-405
88622,56
88623,-14
88624,0
88625,-96
88626,328
88627,-624
88628,126
88629,324
88630,-728
88631,-483
88632,96
88633,48
88634,420
88635,-1024
88636,25
88637,-108
88638,-240
88639,-3
88640,392
88641,56
88642,-648
88643,292
88644,0
88645,948
88646,32
88647,790
88648,495
88649,224
88650,99
88651,-92
88652,-21
88653,48
88654,240
88655,288
88656,16
88657,-93
88658,300
88659,-6
88660,720
88661,213
88662,-108
88663,-348
88664,12
88665,-128
88666,189
88667,-364
88668,-96
88669,-360
88670,-76
88671,-232
88672,-15
88673,-480
88674,198
88675,-748
88676,138
88677,-64
88678,-16
88679,-531
88680,432
88681,-386
88682,128
88683,-864
88684,-178
88685,680
88686,-20
88687,36
88688,80
88689,162
88690,-16
88691,162
88692,200
88693,65
88694,-64
88695,-80
88696,-261
88697,0
88698,192
88699,530
88700,165
88701,368
88702,381
88703,456
88704,-36
88705,-128
88706,-135
88707,-388
88708,182
88709,238
88710,80
88711,-192
88712,375
88713,17
88714,11
88715,-288
88716,2
88717,-440
88718,6
88719,456
88720,-216
88721,-118
88722,180
88723,-256
88724,9
88725,-792
88726,-204
88727,-441
88728,-582
88729,447
88730,576
88731,164
88732,-60
88733,0
88734,-416
88735,664
88736,360
88737,704
88738,-270
88739,-128
88740,24
88741,163
88742,412
88743,130
88744,-198
88745,-596
88746,-138
88747,-84
88748,28
88749,64
88750,369
88751,235
88752,12
88753,135
88754,80
88755,-768
88756,91
88757,264
88758,-57
88759,-236
88760,720
88761,-360
88762,295
88763,72
88764,10
88765,36
88766,80
88767,60
88768,56
88769,124
88770,608
88771,-164
88772,114
88773,176
88774,-18
88775,-385
88776,99
88777,-630
88778,214
88779,-36
88780,-640
88781,312
88782,356
88783,-540
88784,-36
88785,232
88786,-96
88787,16
88788,12
88789,-338
88790,-720
88791,-12
88792,-648
88793,106
88794,-2
88795,-672
88796,-300
88797,148
88798,-86
88799,-98
88800,-330
88801,-565
88802,75
88803,640
88804,85
88805,-92
88806,-54
88807,536
88808,-198
88809,-648
88810,432
88811,91
88812,37
88813,19
88814,10
88815,0
88816,120
88817,-198
88818,-12
88819,320
88820,180
88821,144
88822,0
88823,153
88824,-678
88825,528
88826,-304
88827,12
88828,-135
88829,-730
88830,432
88831,168
88832,17
88833,84
88834,-116
88835,-68
88836,-32
88837,-177
88838,7
88839,16
88840,-384
88841,-84
88842,210
88843,14
88844,-96
88845,-624
88846,-432
88847,-324
88848,4
88849,448
88850,-176
88851,-156
88852,24
88853,259
88854,-144
88855,-1080
88856,-60
88857,-660
88858,-168
88859,195
88860,-256
88861,271
88862,-256
88863,64
88864,-45
88865,-480
88866,108
88867,418
88868,-330
88869,-432
88870,-48
88871,40
88872,738
88873,27
88874,-123
88875,-240
88876,-54
88877,648
88878,-268
88879,-57
88880,-32
88881,350
88882,-204
88883,494
88884,-32
88885,-32
88886,-24
88887,548
88888,-216
88889,-736
88890,720
88891,448
88892,72
88893,81
88894,-252
88895,704
88896,-224
88897,238
88898,209
88899,-552
88900,-264
88901,228
88902,104
88903,271
88904,189
88905,888
88906,-68
88907,-810
88908,-432
88909,364
88910,60
88911,0
88912,-126
88913,-96
88914,-24
88915,-96
88916,-216
88917,-336
88918,576
88919,-11
88920,-240
88921,-357
88922,8
88923,-316
88924,-252
88925,1056
88926,-186
88927,-270
88928,330
88929,-90
88930,244
88931,-36
88932,-132
88933,-350
88934,-120
88935,80
88936,294
88937,214
88938,104
88939,-108
88940,-16
88941,640
88942,-156
88943,-124
88944,-102
88945,-276
88946,640
88947,11
88948,84
88949,-108
88950,-440
88951,584
88952,372
88953,160
88954,-90
88955,-892
88956,36
88957,-160
88958,140
88959,-800
88960,192
88961,-333
88962,-188
88963,-108
88964,320
88965,-144
88966,-132
88967,-91
88968,552
88969,85
88970,-972
88971,324
88972,-80
88973,-440
88974,-57
88975,-286
88976,-63
88977,-192
88978,162
88979,-64
88980,-72
88981,36
88982,-112
88983,4
88984,66
88985,-560
88986,-140
88987,80
88988,192
88989,288
88990,704
88991,513
88992,-320
88993,-352
88994,-11
88995,96
88996,128
88997,-22
88998,-30
88999,-352
89000,0
89001,-72
89002,225
89003,409
89004,-220
89005,-972
89006,0
89007,-338
89008,106
89009,32
89010,-224
89011,360
89012,96
89013,98
89014,293
89015,-192
89016,-396
89017,262
89018,504
89019,-528
89020,408
89021,331
89022,-162
89023,48
89024,420
89025,88
89026,-258
89027,-144
89028,-24
89029,135
89030,-256
89031,-96
89032,648
89033,-160
89034,-288
89035,408
89036,-64
89037,30
89038,359
89039,-494
89040,120
89041,184
89042,365
89043,126
89044,-18
89045,912
89046,-144
89047,186
89048,78
89049,208
89050,-165
89051,26
89052,-36
89053,476
89054,312
89055,144
89056,-200
89057,106
89058,-52
89059,54
89060,64
89061,468
89062,348
89063,-324
89064,-96
89065,144
89066,146
89067,552
89068,126
89069,-222
89070,-240
89071,-302
89072,36
89073,-176
89074,-244
89075,-792
89076,210
89077,600
89078,-408
89079,640
89080,108
89081,50
89082,-4
89083,246
89084,-47
89085,864
89086,-67
89087,-160
89088,-92
89089,0
89090,96
89091,-68
89092,131
89093,-200
89094,-162
89095,256
89096,189
89097,246
89098,139
89099,144
89100,484
89101,86
89102,-320
89103,312
89104,-120
89105,324
89106,424
89107,-63
89108,-136
89109,152
89110,-336
89111,128
89112,-540
89113,-390
89114,-252
89115,1000
89116,-272
89117,48
89118,36
89119,-562
89120,-40
89121,448
89122,-340
89123,-24
89124,-180
89125,-1728
89126,-214
89127,-64
89128,855
89129,472
89130,-728
89131,-72
89132,6
89133,-48
89134,-234
89135,424
89136,7
89137,-322
89138,174
89139,-560
89140,-172
89141,-120
89142,72
89143,-216
89144,-228
89145,192
89146,125
89147,-48
89148,-192
89149,176
89150,726
89151,84
89152,210
89153,-334
89154,-160
89155,1056
89156,162
89157,84
89158,203
89159,216
89160,-240
89161,-27
89162,85
89163,32
89164,-214
89165,-120
89166,-480
89167,440
89168,20
89169,-178
89170,-120
89171,-704
89172,-7
89173,252
89174,-112
89175,396
89176,-432
89177,-168
89178,0
89179,-2
89180,300
89181,20
89182,-168
89183,-52
89184,0
89185,168
89186,188
89187,162
89188,-148
89189,-45
89190,-100
89191,-60
89192,-150
89193,570
89194,336
89195,-876
89196,198
89197,0
89198,-16
89199,-60
89200,-88
89201,-432
89202,-316
89203,196
89204,88
89205,-256
89206,90
89207,150
89208,288
89209,454
89210,-720
89211,66
89212,191
89213,-44
89214,-190
89215,360
89216,81
89217,-48
89218,306
89219,-665
89220,-72
89221,-236
89222,-372
89223,-220
89224,432
89225,-693
89226,46
89227,-115
89228,-21
89229,-112
89230,-276
89231,120
89232,96
89233,12
89234,-297
89235,-32
89236,-192
89237,-402
89238,384
89239,-110
89240,1152
89241,-54
89242,-23
89243,384
89244,-21
89245,-1260
89246,-216
89247,486
89248,170
89249,315
89250,432
89251,-56
89252,-35
89253,216
89254,-256
89255,-616
89256,-294
89257,864
89258,-140
89259,20
89260,-56
89261,88
89262,-88
89263,472
89264,36
89265,32
89266,191
89267,0
89268,-56
89269,352
89270,-80
89271,255
89272,-228
89273,-451
89274,162
89275,143
89276,4
89277,72
89278,106
89279,78
89280,252
89281,96
89282,-188
89283,-452
89284,-30
89285,-12
89286,-16
89287,-552
89288,102
89289,336
89290,220
89291,-120
89292,-12
89293,191
89294,188
89295,328
89296,-91
89297,-365
89298,-45
89299,258
89300,396
89301,-256
89302,198
89303,-402
89304,18
89305,460
89306,309
89307,122
89308,-171
89309,384
89310,-80
89311,441
89312,100
89313,-324
89314,-380
89315,268
89316,-112
89317,-146
89318,81
89319,280
89320,288
89321,-112
89322,-6
89323,-40
89324,3
89325,242
89326,112
89327,-18
89328,-56
89329,372
89330,24
89331,736
89332,304
89333,-16
89334,12
89335,-60
89336,-675
89337,768
89338,128
89339,468
89340,216
89341,-156
89342,-108
89343,-506
89344,-68
89345,384
89346,188
89347,594
89348,189
89349,200
89350,132
89351,260
89352,-18
89353,-264
89354,-315
89355,-576
89356,0
89357,256
89358,300
89359,320
89360,-32
89361,70
89362,-300
89363,-3
89364,96
89365,288
89366,-64
89367,-450
89368,-321
89369,-108
89370,416
89371,367
89372,-255
89373,342
89374,-330
89375,-820
89376,-80
89377,-416
89378,-112
89379,-140
89380,612
89381,450
89382,-416
89383,-327
89384,-318
89385,128
89386,288
89387,201
89388,0
89389,108
89390,540
89391,-432
89392,-9
89393,-536
89394,360
89395,-720
89396,249
89397,-336
89398,-370
89399,71
89400,-528
89401,492
89402,62
89403,-372
89404,-432
89405,760
89406,68
89407,-24
89408,224
89409,536
89410,-136
89411,-150
89412,54
89413,-566
89414,-40
89415,64
89416,-267
89417,-204
89418,36
89419,-90
89420,-252
89421,-144
89422,281
89423,216
89424,80
89425,44
89426,104
89427,-390
89428,160
89429,186
89430,-256
89431,282
89432,-594
89433,-20
89434,264
89435,-504
89436,8
89437,378
89438,-99
89439,192
89440,-700
89441,-144
89442,-56
89443,-69
89444,32
89445,0
89446,-57
89447,-216
89448,48
89449,-130
89450,726
89451,8
89452,192
89453,-420
89454,102
89455,636
89456,-147
89457,392
89458,-168
89459,-337
89460,108
89461,66
89462,-216
89463,512
89464,-360
89465,32
89466,-270
89467,-264
89468,-163
89469,-75
89470,800
89471,-168
89472,-66
89473,-108
89474,72
89475,462
89476,-19
89477,-144
89478,-52
89479,820
89480,-996
89481,-720
89482,136
89483,560
89484,92
89485,-832
89486,18
89487,-8
89488,81
89489,-408
89490,512
89491,-300
89492,25
89493,656
89494,88
89495,-972
89496,-24
89497,-864
89498,8
89499,-300
89500,-96
89501,-144
89502,-504
89503,216
89504,125
89505,-660
89506,-142
89507,-640
89508,4
89509,-48
89510,-212
89511,180
89512,-168
89513,-27
89514,-75
89515,528
89516,384
89517,-90
89518,160
89519,-295
89520,16
89521,-130
89522,-54
89523,-30
89524,-110
89525,-1078
89526,-14
89527,-98
89528,-81
89529,776
89530,-156
89531,540
89532,152
89533,-199
89534,0
89535,-576
89536,182
89537,126
89538,-2
89539,-48
89540,60
89541,-10
89542,-75
89543,60
89544,810
89545,-276
89546,-76
89547,-144
89548,-16
89549,224
89550,110
89551,-528
89552,-40
89553,296
89554,208
89555,312
89556,48
89557,10
89558,-210
89559,432
89560,0
89561,86
89562,-512
89563,-330
89564,-27
89565,600
89566,56
89567,-90
89568,-160
89569,-98
89570,240
89571,20
89572,50
89573,-108
89574,-4
89575,913
89576,-276
89577,57
89578,-297
89579,0
89580,80
89581,168
89582,-162
89583,570
89584,96
89585,-1152
89586,-330
89587,30
89588,-248
89589,-418
89590,-288
89591,-140
89592,534
89593,348
89594,57
89595,-32
89596,-370
89597,93
89598,102
89599,-454
89600,-363
89601,-146
89602,162
89603,-220
89604,-12
89605,-72
89606,-292
89607,162
89608,-672
89609,-80
89610,-256
89611,109
89612,-119
89613,-80
89614,36
89615,644
89616,16
89617,384
89618,-99
89619,-274
89620,32
89621,144
89622,-50
89623,0
89624,-81
89625,1152
89626,-90
89627,98
89628,-288
89629,9
89630,-84
89631,-8
89632,-265
89633,-465
89634,-456
89635,540
89636,-90
89637,-492
89638,111
89639,240
89640,432
89641,-72
89642,276
89643,458
89644,-64
89645,680
89646,-112
89647,-336
89648,30
89649,-144
89650,-44
89651,-57
89652,-180
89653,-41
89654,48
89655,-896
89656,-108
89657,-139
89658,-27
89659,541
89660,-464
89661,200
89662,-96
89663,216
89664,504
89665,440
89666,324
89667,504
89668,-44
89669,42
89670,128
89671,565
89672,144
89673,126
89674,-470
89675,-792
89676,-45
89677,-48
89678,-169
89679,64
89680,-128
89681,78
89682,156
89683,756
89684,108
89685,-96
89686,237
89687,565
89688,-36
89689,-242
89690,-632
89691,492
89692,0
89693,8
89694,48
89695,48
89696,-525
89697,108
89698,168
89699,432
89700,880
89701,208
89702,-140
89703,-16
89704,-324
89705,528
89706,408
89707,-136
89708,243
89709,168
89710,-308
89711,-320
89712,0
89713,560
89714,432
89715,-184
89716,28
89717,92
89718,144
89719,-36
89720,-72
89721,-324
89722,44
89723,648
89724,-244
89725,-396
89726,-90
89727,384
89728,54
89729,45
89730,248
89731,456
89732,-98
89733,528
89734,-99
89735,-36
89736,120
89737,-180
89738,20
89739,-96
89740,108
89741,294
89742,-156
89743,-189
89744,-90
89745,-1440
89746,512
89747,231
89748,-154
89749,-360
89750,-576
89751,-404
89752,690
89753,-276
89754,156
89755,56
89756,-260
89757,-28
89758,244
89759,84
89760,480
89761,-408
89762,-168
89763,-156
89764,261
89765,-580
89766,-57
89767,-570
89768,-12
89769,432
89770,0
89771,-364
89772,-12
89773,-288
89774,232
89775,528
89776,18
89777,174
89778,-520
89779,-276
89780,-72
89781,-116
89782,-75
89783,93
89784,42
89785,-184
89786,-58
89787,314
89788,-267
89789,-48
89790,-144
89791,-565
89792,-448
89793,-48
89794,192
89795,284
89796,-294
89797,-446
89798,48
89799,264
89800,-858
89801,0
89802,140
89803,309
89804,320
89805,896
89806,9
89807,-450
89808,-92
89809,492
89810,312
89811,-108
89812,166
89813,-8
89814,-12
89815,1152
89816,-816
89817,-180
89818,-66
89819,355
89820,112
89821,469
89822,-192
89823,-80
89824,405
89825,-924
89826,80
89827,-392
89828,150
89829,594
89830,-800
89831,216
89832,216
89833,-556
89834,-22
89835,-80
89836,-84
89837,192
89838,216
89839,44
89840,-176
89841,104
89842,-76
89843,-90
89844,-138
89845,-108
89846,152
89847,-56
89848,36
89849,-415
89850,-154
89851,392
89852,-72
89853,-320
89854,-230
89855,32
89856,340
89857,-32
89858,36
89859,-600
89860,176
89861,128
89862,108
89863,-64
89864,648
89865,104
89866,-45
89867,-492
89868,284
89869,360
89870,448
89871,4
89872,27
89873,-9
89874,1
89875,-432
89876,74
89877,412
89878,-205
89879,256
89880,864
89881,-276
89882,170
89883,-8
89884,432
89885,-704
89886,432
89887,48
89888,-140
89889,54
89890,0
89891,547
89892,44
89893,-20
89894,-315
89895,880
89896,-18
89897,14
89898,-288
89899,-164
89900,198
89901,162
89902,-10
89903,50
89904,-128
89905,-184
89906,82
89907,128
89908,-144
89909,110
89910,-120
89911,648
89912,624
89913,-378
89914,224
89915,-16
89916,-128
89917,297
89918,-43
89919,192
89920,-840
89921,-45
89922,-354
89923,-196
89924,-135
89925,1496
89926,177
89927,144
89928,177
89929,-54
89930,-492
89931,720
89932,-200
89933,-16
89934,260
89935,208
89936,-24
89937,240
89938,-220
89939,-87
89940,0
89941,195
89942,231
89943,-198
89944,-225
89945,-232
89946,-84
89947,-180
89948,-20
89949,-80
89950,66
89951,-288
89952,-120
89953,-648
89954,-540
89955,76
89956,-35
89957,54
89958,144
89959,176
89960,-240
89961,0
89962,207
89963,-75
89964,-24
89965,896
89966,92
89967,-304
89968,50
89969,48
89970,256
89971,42
89972,72
89973,220
89974,273
89975,-704
89976,48
89977,-430
89978,264
89979,0
89980,-80
89981,210
89982,-116
89983,416
89984,-36
89985,1368
89986,290
89987,300
89988,166
89989,127
89990,-396
89991,88
89992,-135
89993,-936
89994,-160
89995,288
89996,24
89997,-12
89998,-66
89999,-840
90000,-41
90001,270
90002,-28
90003,16
90004,56
90005,360
90006,-276
90007,-271
90008,-39
90009,6
90010,-440
90011,320
90012,140
90013,64
90014,-46
90015,-288
90016,-120
90017,-84
90018,228
90019,-195
90020,-312
90021,-270
90022,512
90023,378
90024,-270
90025,770
90026,26
90027,-114
90028,-180
90029,-225
90030,-656
90031,290
90032,78
90033,34
90034,408
90035,528
90036,72
90037,24
90038,-40
90039,-60
90040,-60
90041,144
90042,56
90043,32
90044,-1
90045,256
90046,72
90047,70
90048,-294
90049,-36
90050,-814
90051,-450
90052,-81
90053,246
90054,-69
90055,972
90056,249
90057,-688
90058,-126
90059,-245
90060,-320
90061,-24
90062,36
90063,-114
90064,5
90065,-344
90066,-156
90067,212
90068,0
90069,42
90070,508
90071,88
90072,528
90073,25
90074,-82
90075,902
90076,264
90077,-45
90078,-340
90079,96
90080,180
90081,-59
90082,-8
90083,-126
90084,328
90085,-756
90086,-54
90087,-8
90088,255
90089,297
90090,240
90091,304
90092,16
90093,-384
90094,84
90095,336
90096,-44
90097,-576
90098,-332
90099,-324
90100,165
90101,272
90102,-36
90103,-240
90104,657
90105,1192
90106,100
90107,236
90108,-70
90109,-216
90110,280
90111,-16
90112,-364
90113,0
90114,352
90115,-532
90116,130
90117,-108
90118,-432
90119,-242
90120,288
90121,400
90122,-318
90123,464
90124,-163
90125,1152
90126,160
90127,-160
90128,21
90129,440
90130,376
90131,-720
90132,36
90133,-68
90134,120
90135,-304
90136,-240
90137,288
90138,-36
90139,-30
90140,344
90141,-346
90142,230
90143,-476
90144,-40
90145,160
90146,-81
90147,-60
90148,-72
90149,-426
90150,616
90151,153
90152,0
90153,-150
90154,28
90155,160
90156,-288
90157,0
90158,-144
90159,234
90160,-64
90161,102
90162,-7
90163,514
90164,-117
90165,1008
90166,66
90167,-384
90168,240
90169,-207
90170,-288
90171,77
90172,-162
90173,-453
90174,-48
90175,616
90176,140
90177,-438
90178,-240
90179,738
90180,128
90181,-375
90182,-28
90183,288
90184,378
90185,360
90186,-144
90187,592
90188,165
90189,212
90190,256
90191,408
90192,20
90193,72
90194,80
90195,-1080
90196,181
90197,-290
90198,113
90199,-107
90200,1188
90201,720
90202,36
90203,254
90204,-46
90205,-420
90206,120
90207,-40
90208,-300
90209,315
90210,864
90211,-512
90212,16
90213,-424
90214,-70
90215,-328
90216,36
90217,-329
90218,-210
90219,-96
90220,20
90221,234
90222,432
90223,-354
90224,-15
90225,297
90226,18
90227,171
90228,-64
90229,464
90230,-480
90231,440
90232,513
90233,-360
90234,-22
90235,720
90236,-156
90237,-300
90238,40
90239,171
90240,216
90241,729
90242,-124
90243,-24
90244,108
90245,412
90246,0
90247,95
90248,-150
90249,-364
90250,72
90251,324
90252,-136
90253,216
90254,356
90255,864
90256,105
90257,350
90258,-128
90259,75
90260,-328
90261,208
90262,-20
90263,-2
90264,78
90265,924
90266,-10
90267,402
90268,8
90269,472
90270,96
90271,-72
90272,675
90273,-106
90274,-17
90275,-1408
90276,-48
90277,-128
90278,159
90279,144
90280,288
90281,591
90282,36
90283,27
90284,199
90285,-640
90286,-42
90287,-54
90288,-64
90289,35
90290,264
90291,-56
90292,244
90293,372
90294,-32
90295,-48
90296,-129
90297,80
90298,120
90299,244
90300,-462
90301,64
90302,14
90303,684
90304,189
90305,968
90306,8
90307,-96
90308,-288
90309,54
90310,-384
90311,295
90312,-270
90313,110
90314,294
90315,352
90316,-161
90317,132
90318,442
90319,56
90320,-24
90321,576
90322,-214
90323,-639
90324,100
90325,22
90326,92
90327,-316
90328,-162
90329,344
90330,296
90331,272
90332,-64
90333,-78
90334,-450
90335,0
90336,-450
90337,0
90338,261
90339,516
90340,36
90341,256
90342,288
90343,0
90344,480
90345,640
90346,-110
90347,8
90348,-312
90349,219
90350,-880
90351,17
90352,-28
90353,-147
90354,224
90355,24
90356,44
90357,-424
90358,-162
90359,435
90360,-108
90361,646
90362,-164
90363,-780
90364,72
90365,-720
90366,-404
90367,440
90368,204
90369,96
90370,-480
90371,-95
90372,-54
90373,142
90374,-14
90375,480
90376,600
90377,252
90378,64
90379,-426
90380,-148
90381,162
90382,172
90383,252
90384,114
90385,-8
90386,-35
90387,45
90388,80
90389,75
90390,-192
90391,36
90392,-480
90393,-180
90394,134
90395,-32
90396,117
90397,383
90398,-432
90399,2
90400,110
90401,405
90402,320
90403,197
90404,-132
90405,72
90406,39
90407,384
90408,-378
90409,56
90410,348
90411,-264
90412,39
90413,480
90414,79
90415,576
90416,0
90417,14
90418,-125
90419,-174
90420,-96
90421,0
90422,-16
90423,108
90424,0
90425,-143
90426,-198
90427,-324
90428,-135
90429,-252
90430,680
90431,340
90432,112
90433,45
90434,-128
90435,600
90436,224
90437,304
90438,-108
90439,592
90440,432
90441,-110
90442,316
90443,-224
90444,-316
90445,-528
90446,-414
90447,96
90448,-19
90449,21
90450,308
90451,-48
90452,-2
90453,408
90454,-90
90455,-80
90456,-606
90457,64
90458,396
90459,164
90460,468
90461,-156
90462,-34
90463,72
90464,40
90465,-24
90466,-376
90467,635
90468,-72
90469,28
90470,612
90471,-10
90472,-441
90473,6
90474,90
90475,-1188
90476,-60
90477,88
90478,-12
90479,-20
90480,80
90481,146
90482,-720
90483,624
90484,178
90485,64
90486,-100
90487,-135
90488,-150
90489,864
90490,380
90491,-42
90492,-256
90493,525
90494,332
90495,-256
90496,18
90497,16
90498,-316
90499,280
90500,48
90501,-768
90502,117
90503,16
90504,324
90505,-576
90506,-25
90507,-524
90508,72
90509,20
90510,144
90511,431
90512,104
90513,0
90514,-64
90515,-196
90516,176
90517,420
90518,-83
90519,-960
90520,-216
90521,-120
90522,108
90523,350
90524,120
90525,-594
90526,-95
90527,524
90528,-720
90529,-338
90530,-128
90531,-108
90532,10
90533,-199
90534,0
90535,-288
90536,-546
90537,-288
90538,48
90539,243
90540,-24
90541,-440
90542,39
90543,260
90544,-25
90545,600
90546,220
90547,82
90548,162
90549,49
90550,-704
90551,576
90552,-360
90553,216
90554,-144
90555,-776
90556,268
90557,6
90558,-385
90559,-54
90560,448
90561,620
90562,96
90563,316
90564,-162
90565,1024
90566,279
90567,-2
90568,120
90569,-306
90570,-560
90571,50
90572,14
90573,264
90574,128
90575,-484
90576,-9
90577,330
90578,31
90579,-476
90580,-12
90581,96
90582,-504
90583,-152
90584,-252
90585,-512
90586,238
90587,-330
90588,-304
90589,-224
90590,488
90591,404
90592,-160
90593,-207
90594,54
90595,-576
90596,-72
90597,160
90598,432
90599,246
90600,198
90601,12
90602,0
90603,24
90604,113
90605,-512
90606,-458
90607,-352
90608,132
90609,682
90610,-540
90611,27
90612,-96
90613,-270
90614,-112
90615,1104
90616,270
90617,-104
90618,504
90619,199
90620,-288
90621,106
90622,-357
90623,735
90624,-176
90625,-88
90626,54
90627,96
90628,16
90629,-180
90630,80
90631,440
90632,414
90633,164
90634,133
90635,-408
90636,-270
90637,-275
90638,304
90639,-20
90640,-256
90641,-15
90642,276
90643,216
90644,-189
90645,32
90646,80
90647,66
90648,-36
90649,-40
90650,66
90651,504
90652,-12
90653,437
90654,68
90655,80
90656,-115
90657,-102
90658,-387
90659,-134
90660,176
90661,162
90662,-400
90663,-468
90664,513
90665,-4
90666,-64
90667,-405
90668,84
90669,-410
90670,640
90671,-45
90672,120
90673,-40
90674,357
90675,495
90676,91
90677,96
90678,-144
90679,-277
90680,96
90681,-32
90682,-294
90683,80
90684,-8
90685,720
90686,205
90687,168
90688,595
90689,-296
90690,-256
90691,0
90692,270
90693,-168
90694,-78
90695,576
90696,-264
90697,-202
90698,-52
90699,16
90700,132
90701,10
90702,68
90703,-97
90704,126
90705,576
90706,-432
90707,72
90708,-248
90709,118
90710,720
90711,-93
90712,144
90713,-207
90714,-440
90715,-340
90716,193
90717,80
90718,84
90719,90
90720,660
90721,-24
90722,-291
90723,76
90724,-12
90725,0
90726,332
90727,930
90728,324
90729,60
90730,-672
90731,282
90732,122
90733,-54
90734,-300
90735,1344
90736,-60
90737,738
90738,10
90739,16
90740,-80
90741,96
90742,352
90743,288
90744,240
90745,328
90746,-128
90747,64
90748,-32
90749,76
90750,240
90751,-84
90752,-12
90753,96
90754,66
90755,-96
90756,8
90757,-342
90758,464
90759,-632
90760,900
90761,96
90762,-90
90763,360
90764,-135
90765,28
90766,-390
90767,352
90768,-144
90769,321
90770,64
90771,-200
90772,136
90773,-126
90774,160
90775,682
90776,594
90777,160
90778,212
90779,-765
90780,0
90781,224
90782,136
90783,36
90784,420
90785,224
90786,-204
90787,448
90788,-220
90789,-210
90790,-492
90791,-2
90792,-180
90793,361
90794,-264
90795,72
90796,92
90797,-102
90798,30
90799,36
90800,121
90801,352
90802,243
90803,-270
90804,432
90805,640
90806,387
90807,626
90808,51
90809,117
90810,-216
90811,-495
90812,64
90813,-244
90814,117
90815,-324
90816,392
90817,-198
90818,-420
90819,-8
90820,384
90821,-85
90822,42
90823,383
90824,-354
90825,-264
90826,-42
90827,-768
90828,100
90829,-216
90830,-324
90831,90
90832,-135
90833,-52
90834,436
90835,-240
90836,26
90837,16
90838,104
90839,-432
90840,336
90841,404
90842,-285
90843,-384
90844,-205
90845,212
90846,-32
90847,-356
90848,120
90849,-248
90850,-880
90851,648
90852,28
90853,312
90854,9
90855,64
90856,-378
90857,-100
90858,96
90859,-161
90860,-384
90861,972
90862,-18
90863,-343
90864,-18
90865,588
90866,-142
90867,-144
90868,124
90869,0
90870,440
90871,-60
90872,-288
90873,-64
90874,-6
90875,192
90876,-126
90877,180
90878,-2
90879,4
90880,612
90881,135
90882,120
90883,-140
90884,126
90885,144
90886,-70
90887,192
90888,18
90889,-144
90890,256
90891,-56
90892,117
90893,-640
90894,-218
90895,-300
90896,-160
90897,-324
90898,-360
90899,-9
90900,22
90901,-450
90902,-63
90903,-640
90904,12
90905,16
90906,544
90907,40
90908,28
90909,-180
90910,-520
90911,336
90912,560
90913,44
90914,-3
90915,256
90916,0
90917,-421
90918,2
90919,448
90920,948
90921,180
90922,228
90923,729
90924,-186
90925,-572
90926,-216
90927,-164
90928,-86
90929,-520
90930,24
90931,220
90932,32
90933,-396
90934,-232
90935,520
90936,84
90937,780
90938,486
90939,204
90940,264
90941,-144
90942,144
90943,-250
90944,28
90945,-252
90946,138
90947,-114
90948,200
90949,-416
90950,-396
90951,-432
90952,354
90953,32
90954,9
90955,-140
90956,-48
90957,460
90958,0
90959,-464
90960,-32
90961,90
90962,171
90963,484
90964,237
90965,192
90966,-238
90967,126
90968,-81
90969,-176
90970,-448
90971,-344
90972,9
90973,-84
90974,-190
90975,1232
90976,-500
90977,-256
90978,32
90979,-540
90980,80
90981,72
90982,340
90983,144
90984,144
90985,-1296
90986,-252
90987,600
90988,287
90989,209
90990,-368
90991,-280
90992,45
90993,28
90994,187
90995,-240
90996,64
90997,-428
90998,-84
90999,-40
91000,-1080
91001,30
91002,20
91003,296
91004,86
91005,-24
91006,-400
91007,147
91008,-30
91009,-410
91010,144
91011,0
91012,16
91013,-330
91014,-216
91015,544
91016,54
91017,-96
91018,183
91019,-375
91020,216
91021,636
91022,81
91023,272
91024,-40
91025,-1144
91026,-125
91027,-297
91028,-63
91029,-528
91030,100
91031,-28
91032,-546
91033,-552
91034,288
91035,96
91036,-52
91037,-352
91038,-390
91039,-360
91040,20
91041,-172
91042,0
91043,-12
91044,330
91045,-192
91046,-48
91047,0
91048,-84
91049,96
91050,-616
91051,540
91052,-240
91053,21
91054,225
91055,-592
91056,-48
91057,288
91058,8
91059,-384
91060,128
91061,288
91062,-64
91063,606
91064,297
91065,1440
91066,57
91067,-232
91068,-220
91069,-336
91070,-324
91071,128
91072,-336
91073,-80
91074,-168
91075,-396
91076,228
91077,588
91078,90
91079,400
91080,-384
91081,-472
91082,-170
91083,-192
91084,-6
91085,-440
91086,216
91087,260
91088,-75
91089,8
91090,388
91091,96
91092,-216
91093,-234
91094,-96
91095,920
91096,480
91097,97
91098,120
91099,20
91100,-583
91101,-158
91102,72
91103,264
91104,100
91105,-144
91106,-22
91107,0
91108,-30
91109,99
91110,200
91111,96
91112,-468
91113,90
91114,106
91115,-496
91116,47
91117,-35
91118,36
91119,-744
91120,84
91121,-137
91122,-220
91123,288
91124,272
91125,-312
91126,384
91127,-494
91128,-252
91129,-346
91130,-360
91131,-144
91132,179
91133,378
91134,72
91135,208
91136,0
91137,-72
91138,-161
91139,240
91140,144
91141,127
91142,20
91143,180
91144,-252
91145,416
91146,232
91147,156
91148,242
91149,-800
91150,-99
91151,510
91152,96
91153,13
91154,90
91155,1024
91156,310
91157,544
91158,-176
91159,378
91160,420
91161,-144
91162,96
91163,120
91164,-216
91165,-432
91166,-140
91167,-566
91168,180
91169,-710
91170,-76
91171,-108
91172,200
91173,304
91174,140
91175,-561
91176,36
91177,-118
91178,-228
91179,512
91180,432
91181,120
91182,240
91183,95
91184,144
91185,768
91186,192
91187,-70
91188,24
91189,-56
91190,608
91191,-76
91192,-72
91193,540
91194,-60
91195,-1280
91196,-276
91197,-2
91198,385
91199,90
91200,-616
91201,-96
91202,-513
91203,-84
91204,142
91205,-72
91206,99
91207,-40
91208,-255
91209,454
91210,-96
91211,144
91212,-320
91213,-25
91214,-176
91215,-148
91216,34
91217,432
91218,32
91219,-40
91220,-192
91221,-510
91222,-207
91223,-56
91224,-18
91225,0
91226,-305
91227,-18
91228,32
91229,118
91230,624
91231,-174
91232,-355
91233,612
91234,-50
91235,-72
91236,-12
91237,-302
91238,-236
91239,-396
91240,-960
91241,192
91242,9
91243,91
91244,-209
91245,960
91246,210
91247,75
91248,-132
91249,-162
91250,82
91251,-71
91252,111
91253,248
91254,154
91255,132
91256,-288
91257,-96
91258,144
91259,-348
91260,192
91261,21
91262,205
91263,-40
91264,-216
91265,296
91266,-270
91267,504
91268,82
91269,78
91270,-440
91271,-300
91272,648
91273,360
91274,-342
91275,924
91276,164
91277,-540
91278,-88
91279,-111
91280,-12
91281,-356
91282,-231
91283,471
91284,-96
91285,-744
91286,-20
91287,176
91288,396
91289,-560
91290,-96
91291,-306
91292,36
91293,384
91294,-135
91295,-800
91296,100
91297,163
91298,0
91299,350
91300,-396
91301,246
91302,-344
91303,-285
91304,12
91305,4
91306,-234
91307,-81
91308,156
91309,85
91310,704
91311,-368
91312,40
91313,144
91314,0
91315,540
91316,12
91317,-448
91318,119
91319,370
91320,144
91321,-126
91322,240
91323,32
91324,80
91325,-1650
91326,360
91327,-184
91328,378
91329,-180
91330,-696
91331,-462
91332,-56
91333,96
91334,309
91335,784
91336,66
91337,-32
91338,-320
91339,40
91340,128
91341,120
91342,459
91343,-30
91344,32
91345,-24
91346,19
91347,-598
91348,18
91349,216
91350,66
91351,-20
91352,336
91353,-48
91354,357
91355,-60
91356,416
91357,189
91358,87
91359,-36
91360,420
91361,240
91362,208
91363,-24
91364,-135
91365,-800
91366,-424
91367,286
91368,270
91369,-218
91370,632
91371,-48
91372,30
91373,10
91374,384
91375,504
91376,126
91377,-180
91378,-288
91379,-48
91380,-32
91381,-506
91382,-415
91383,-36
91384,555
91385,16
91386,-110
91387,106
91388,252
91389,180
91390,240
91391,304
91392,306
91393,-174
91394,-284
91395,-192
91396,16
91397,-259
91398,252
91399,-48
91400,825
91401,-210
91402,128
91403,0
91404,-40
91405,16
91406,15
91407,-62
91408,-18
91409,-192
91410,-448
91411,-212
91412,-195
91413,-69
91414,-148
91415,900
91416,270
91417,-88
91418,14
91419,504
91420,264
91421,236
91422,-36
91423,345
91424,10
91425,-880
91426,-264
91427,-108
91428,216
91429,12
91430,288
91431,62
91432,-540
91433,147
91434,128
91435,580
91436,-28
91437,-20
91438,12
91439,0
91440,32
91441,-261
91442,-255
91443,24
91444,-267
91445,776
91446,76
91447,444
91448,648
91449,66
91450,792
91451,-408
91452,116
91453,-216
91454,336
91455,-840
91456,-266
91457,-288
91458,-47
91459,-326
91460,228
91461,56
91462,-432
91463,-510
91464,-288
91465,-560
91466,72
91467,-40
91468,-140
91469,-24
91470,760
91471,-864
91472,135
91473,-504
91474,-242
91475,33
91476,-60
91477,132
91478,-230
91479,-284
91480,684
91481,-495
91482,-400
91483,16
91484,140
91485,192
91486,-256
91487,384
91488,-180
91489,0
91490,-216
91491,-100
91492,0
91493,-116
91494,120
91495,-144
91496,279
91497,468
91498,128
91499,196
91500,-384
91501,72
91502,-122
91503,100
91504,84
91505,-84
91506,12
91507,20
91508,-147
91509,-576
91510,-748
91511,-396
91512,-243
91513,78
91514,134
91515,376
91516,-24
91517,164
91518,312
91519,360
91520,-240
91521,-125
91522,-252
91523,-28
91524,-84
91525,-165
91526,-61
91527,332
91528,36
91529,76
91530,88
91531,-320
91532,72
91533,470
91534,-107
91535,-256
91536,-2
91537,240
91538,96
91539,18
91540,-320
91541,234
91542,-64
91543,-261
91544,591
91545,576
91546,90
91547,42
91548,-81
91549,414
91550,-198
91551,344
91552,-90
91553,-216
91554,-216
91555,816
91556,-252
91557,-160
91558,304
91559,-30
91560,1224
91561,320
91562,162
91563,832
91564,320
91565,212
91566,98
91567,-384
91568,-96
91569,66
91570,-44
91571,268
91572,360
91573,-41
91574,648
91575,132
91576,-36
91577,250
91578,168
91579,-384
91580,160
91581,0
91582,-4
91583,56
91584,-140
91585,400
91586,-64
91587,272
91588,-243
91589,-378
91590,-504
91591,-297
91592,-111
91593,-18
91594,72
91595,-648
91596,156
91597,-70
91598,-96
91599,-120
91600,-22
91601,144
91602,-24
91603,54
91604,-166
91605,-648
91606,-30
91607,24
91608,-24
91609,24
91610,196
91611,-100
91612,21
91613,-160
91614,12
91615,72
91616,-75
91617,-240
91618,200
91619,-164
91620,-96
91621,-458
91622,-96
91623,324
91624,-270
91625,-312
91626,226
91627,328
91628,-77
91629,-5
91630,-96
91631,375
91632,-144
91633,-588
91634,-77
91635,576
91636,-162
91637,300
91638,-156
91639,-367
91640,240
91641,72
91642,216
91643,90
91644,144
91645,-664
91646,290
91647,21
91648,44
91649,21
91650,-990
91651,84
91652,-56
91653,-48
91654,-393
91655,-384
91656,-84
91657,84
91658,294
91659,-206
91660,-384
91661,360
91662,120
91663,-180
91664,-69
91665,576
91666,58
91667,-90
91668,32
91669,425
91670,0
91671,-272
91672,297
91673,22
91674,64
91675,880
91676,315
91677,410
91678,-192
91679,-92
91680,0
91681,222
91682,-70
91683,64
91684,-4
91685,-912
91686,144
91687,364
91688,-96
91689,320
91690,80
91691,98
91692,-176
91693,600
91694,-24
91695,408
91696,68
91697,576
91698,108
91699,-684
91700,-99
91701,72
91702,120
91703,-69
91704,-288
91705,644
91706,-56
91707,-528
91708,-22
91709,72
91710,48
91711,-120
91712,336
91713,584
91714,264
91715,540
91716,282
91717,747
91718,20
91719,-280
91720,-468
91721,-27
91722,252
91723,-196
91724,-496
91725,-858
91726,52
91727,80
91728,10
91729,-684
91730,-352
91731,116
91732,-108
91733,-76
91734,64
91735,1008
91736,339
91737,119
91738,48
91739,-220
91740,-512
91741,-430
91742,276
91743,-140
91744,-360
91745,-1024
91746,-56
91747,-544
91748,-135
91749,-36
91750,-48
91751,128
91752,156
91753,60
91754,230
91755,28
91756,-12
91757,-110
91758,-36
91759,0
91760,-108
91761,108
91762,336
91763,318
91764,30
91765,-172
91766,-207
91767,-48
91768,-465
91769,9
91770,-768
91771,-210
91772,194
91773,704
91774,156
91775,847
91776,144
91777,-128
91778,119
91779,-290
91780,240
91781,-346
91782,-4
91783,90
91784,288
91785,-384
91786,190
91787,-84
91788,-214
91789,40
91790,-84
91791,243
91792,77
91793,1280
91794,-112
91795,-640
91796,5
91797,-168
91798,270
91799,0
91800,-396
91801,380
91802,-99
91803,-108
91804,200
91805,672
91806,-480
91807,124
91808,60
91809,-97
91810,68
91811,-165
91812,60
91813,-338
91814,-110
91815,-456
91816,672
91817,240
91818,1
91819,-810
91820,-308
91821,-160
91822,-288
91823,20
91824,-144
91825,-22
91826,24
91827,-64
91828,168
91829,54
91830,496
91831,-54
91832,390
91833,-504
91834,18
91835,388
91836,-1
91837,217
91838,-486
91839,-384
91840,756
91841,456
91842,250
91843,-92
91844,118
91845,320
91846,248
91847,378
91848,0
91849,-130
91850,352
91851,444
91852,73
91853,-810
91854,219
91855,-460
91856,66
91857,350
91858,-240
91859,672
91860,344
91861,-252
91862,208
91863,-32
91864,432
91865,-640
91866,144
91867,68
91868,-180
91869,32
91870,532
91871,0
91872,40
91873,-248
91874,-9
91875,-164
91876,128
91877,-440
91878,-188
91879,32
91880,684
91881,-324
91882,-30
91883,296
91884,360
91885,-864
91886,217
91887,1020
91888,37
91889,-324
91890,12
91891,182
91892,-189
91893,552
91894,88
91895,352
91896,486
91897,-60
91898,-113
91899,-148
91900,-198
91901,40
91902,-80
91903,-480
91904,-408
91905,64
91906,234
91907,24
91908,96
91909,96
91910,-120
91911,58
91912,-96
91913,540
91914,-248
91915,720
91916,-224
91917,-132
91918,192
91919,336
91920,-80
91921,-92
91922,288
91923,140
91924,105
91925,880
91926,65
91927,96
91928,-576
91929,252
91930,-160
91931,504
91932,18
91933,32
91934,343
91935,-484
91936,180
91937,0
91938,-240
91939,260
91940,-160
91941,-144
91942,321
91943,-252
91944,135
91945,-324
91946,-81
91947,-424
91948,-16
91949,520
91950,-88
91951,34
91952,-72
91953,-84
91954,152
91955,-20
91956,-240
91957,-71
91958,-310
91959,-36
91960,240
91961,528
91962,-60
91963,54
91964,126
91965,384
91966,-165
91967,468
91968,126
91969,294
91970,-12
91971,0
91972,-139
91973,-44
91974,240
91975,880
91976,-612
91977,1008
91978,-396
91979,576
91980,24
91981,64
91982,24
91983,10
91984,-82
91985,904
91986,-136
91987,198
91988,80
91989,-368
91990,352
91991,-441
91992,-186
91993,336
91994,-411
91995,768
91996,-408
91997,450
91998,76
91999,-324
92000,960
92001,690
92002,-144
92003,-29
92004,-216
92005,732
92006,-8
92007,48
92008,-405
92009,-464
92010,-496
92011,-106
92012,112
92013,512
92014,260
92015,-1152
92016,99
92017,64
92018,-416
92019,228
92020,336
92021,-114
92022,32
92023,16
92024,-111
92025,-55
92026,0
92027,-95
92028,-80
92029,-444
92030,0
92031,-622
92032,-54
92033,-170
92034,-70
92035,440
92036,-48
92037,-272
92038,-276
92039,270
92040,-960
92041,318
92042,37
92043,-336
92044,125
92045,936
92046,-164
92047,-486
92048,20
92049,96
92050,-693
92051,-411
92052,-81
92053,120
92054,189
92055,-72
92056,288
92057,-18
92058,-28
92059,-104
92060,244
92061,-100
92062,0
92063,-413
92064,-90
92065,-744
92066,-100
92067,-486
92068,255
92069,-512
92070,576
92071,20
92072,-108
92073,396
92074,-76
92075,176
92076,-92
92077,508
92078,231
92079,90
92080,-208
92081,-30
92082,-256
92083,92
92084,175
92085,-408
92086,396
92087,369
92088,-39
92089,78
92090,-336
92091,44
92092,-480
92093,36
92094,148
92095,8
92096,-238
92097,40
92098,124
92099,-192
92100,704
92101,819
92102,62
92103,-160
92104,-132
92105,816
92106,-63
92107,-196
92108,150
92109,382
92110,-96
92111,240
92112,-16
92113,546
92114,-200
92115,0
92116,-90
92117,-18
92118,650
92119,80
92120,-216
92121,-300
92122,156
92123,-36
92124,-100
92125,-672
92126,36
92127,-648
92128,-175
92129,-48
92130,216
92131,40
92132,90
92133,-24
92134,-90
92135,544
92136,96
92137,160
92138,-608
92139,388
92140,-96
92141,351
92142,120
92143,207
92144,-45
92145,-576
92146,96
92147,-408
92148,360
92149,-322
92150,-528
92151,216
92152,-504
92153,-106
92154,132
92155,216
92156,-45
92157,480
92158,-288
92159,-576
92160,-180
92161,456
92162,-66
92163,450
92164,52
92165,-112
92166,-20
92167,135
92168,810
92169,32
92170,80
92171,-176
92172,140
92173,-494
92174,-192
92175,-1012
92176,-24
92177,-313
92178,11
92179,-92
92180,-432
92181,-544
92182,213
92183,-285
92184,-384
92185,-256
92186,122
92187,-33
92188,224
92189,312
92190,192
92191,-64
92192,-245
92193,-500
92194,-81
92195,-652
92196,45
92197,-444
92198,127
92199,28
92200,726
92201,-12
92202,-80
92203,328
92204,0
92205,576
92206,-168
92207,768
92208,12
92209,180
92210,-492
92211,402
92212,29
92213,-72
92214,153
92215,-696
92216,486
92217,-272
92218,90
92219,-452
92220,80
92221,34
92222,340
92223,-84
92224,84
92225,-891
92226,352
92227,-152
92228,50
92229,-18
92230,864
92231,56
92232,-288
92233,-499
92234,-72
92235,1120
92236,-180
92237,-190
92238,86
92239,-318
92240,104
92241,-42
92242,-291
92243,455
92244,-10
92245,-608
92246,84
92247,480
92248,-225
92249,-84
92250,216
92251,-284
92252,-99
92253,0
92254,480
92255,-1020
92256,-500
92257,172
92258,16
92259,-231
92260,108
92261,135
92262,-234
92263,48
92264,-336
92265,-160
92266,307
92267,-285
92268,44
92269,-500
92270,112
92271,-304
92272,-20
92273,-10
92274,-30
92275,-660
92276,-192
92277,53
92278,-42
92279,-140
92280,1056
92281,273
92282,-163
92283,456
92284,-123
92285,-616
92286,-264
92287,90
92288,144
92289,-176
92290,-384
92291,45
92292,-242
92293,0
92294,92
92295,108
92296,-432
92297,-199
92298,-122
92299,-528
92300,495
92301,-200
92302,-12
92303,100
92304,-9
92305,-984
92306,122
92307,120
92308,180
92309,-360
92310,48
92311,-538
92312,-120
92313,420
92314,50
92315,-336
92316,64
92317,374
92318,243
92319,264
92320,280
92321,-56
92322,-64
92323,-255
92324,21
92325,704
92326,175
92327,30
92328,-72
92329,-64
92330,0
92331,120
92332,-81
92333,202
92334,-208
92335,-256
92336,-20
92337,528
92338,69
92339,0
92340,160
92341,-552
92342,107
92343,520
92344,324
92345,256
92346,-128
92347,-312
92348,24
92349,234
92350,88
92351,240
92352,210
92353,226
92354,-112
92355,-216
92356,200
92357,-330
92358,39
92359,12
92360,-540
92361,384
92362,110
92363,267
92364,56
92365,80
92366,-254
92367,-512
92368,-72
92369,347
92370,-480
92371,243
92372,132
92373,-216
92374,170
92375,432
92376,78
92377,-83
92378,-240
92379,270
92380,288
92381,276
92382,0
92383,336
92384,480
92385,-64
92386,90
92387,282
92388,240
92389,-132
92390,-412
92391,1280
92392,-12
92393,189
92394,-64
92395,-312
92396,74
92397,528
92398,110
92399,-345
92400,264
92401,-344
92402,-252
92403,-180
92404,-80
92405,-248
92406,-130
92407,-672
92408,516
92409,-358
92410,-676
92411,288
92412,-9
92413,-320
92414,144
92415,-128
92416,51
92417,720
92418,96
92419,-334
92420,-328
92421,33
92422,-440
92423,128
92424,174
92425,-1067
92426,-177
92427,660
92428,48
92429,-342
92430,200
92431,-215
92432,-85
92433,424
92434,-10
92435,-768
92436,176
92437,-576
92438,-35
92439,-158
92440,528
92441,-216
92442,486
92443,324
92444,0
92445,1032
92446,-144
92447,-180
92448,-240
92449,-810
92450,66
92451,-130
92452,24
92453,280
92454,-360
92455,-640
92456,360
92457,-94
92458,-150
92459,118
92460,448
92461,-562
92462,18
92463,-36
92464,32
92465,-408
92466,-144
92467,212
92468,-18
92469,-830
92470,600
92471,0
92472,-702
92473,-576
92474,358
92475,132
92476,-32
92477,-492
92478,84
92479,-440
92480,224
92481,8
92482,-480
92483,656
92484,-6
92485,80
92486,-36
92487,-160
92488,-60
92489,-110
92490,-96
92491,12
92492,168
92493,-168
92494,-416
92495,-960
92496,162
92497,324
92498,27
92499,840
92500,-123
92501,-242
92502,231
92503,490
92504,-54
92505,-432
92506,-512
92507,336
92508,-200
92509,-320
92510,400
92511,4
92512,-80
92513,72
92514,72
92515,416
92516,4
92517,88
92518,-112
92519,-570
92520,24
92521,20
92522,-175
92523,434
92524,-199
92525,-1243
92526,-426
92527,-203
92528,-49
92529,256
92530,448
92531,-75
92532,-144
92533,-270
92534,130
92535,-720
92536,399
92537,-216
92538,60
92539,-126
92540,24
92541,-544
92542,99
92543,144
92544,60
92545,-288
92546,-388
92547,-30
92548,30
92549,48
92550,88
92551,-366
92552,-144
92553,-512
92554,-336
92555,192
92556,-228
92557,-145
92558,-188
92559,-236
92560,0
92561,120
92562,-80
92563,12
92564,-40
92565,-60
92566,90
92567,-108
92568,144
92569,-336
92570,-12
92571,-80
92572,-53
92573,60
92574,48
92575,1353
92576,-420
92577,650
92578,54
92579,-231
92580,-352
92581,406
92582,225
92583,104
92584,27
92585,-60
92586,-40
92587,-144
92588,90
92589,-114
92590,324
92591,205
92592,26
92593,312
92594,-280
92595,-976
92596,-252
92597,288
92598,512
92599,405
92600,-528
92601,-80
92602,-258
92603,-168
92604,4
92605,-580
92606,-276
92607,196
92608,-336
92609,208
92610,240
92611,210
92612,-36
92613,116
92614,174
92615,-480
92616,-198
92617,-18
92618,230
92619,81
92620,-112
92621,-96
92622,336
92623,-500
92624,-84
92625,-960
92626,132
92627,314
92628,81
92629,-192
92630,512
92631,-648
92632,504
92633,-78
92634,-32
92635,0
92636,40
92637,-72
92638,360
92639,-69
92640,800
92641,320
92642,396
92643,-584
92644,-160
92645,264
92646,-18
92647,155
92648,72
92649,0
92650,-561
92651,-60
92652,276
92653,144
92654,-310
92655,-72
92656,30
92657,544
92658,156
92659,-144
92660,-72
92661,308
92662,-12
92663,-168
92664,-660
92665,168
92666,177
92667,480
92668,-252
92669,20
92670,672
92671,-462
92672,-22
92673,171
92674,-23
92675,1012
92676,-216
92677,-220
92678,256
92679,-90
92680,-936
92681,-358
92682,-32
92683,11
92684,54
92685,192
92686,50
92687,-66
92688,76
92689,-144
92690,1440
92691,112
92692,218
92693,-154
92694,-90
92695,-32
92696,-408
92697,224
92698,-93
92699,300
92700,176
92701,-324
92702,144
92703,230
92704,250
92705,476
92706,-28
92707,-245
92708,56
92709,-80
92710,-64
92711,-72
92712,-336
92713,-256
92714,96
92715,624
92716,330
92717,-492
92718,-24
92719,-424
92720,128
92721,-1116
92722,-36
92723,104
92724,242
92725,-726
92726,198
92727,-96
92728,-84
92729,180
92730,960
92731,522
92732,288
92733,514
92734,-110
92735,-288
92736,-168
92737,-482
92738,0
92739,-416
92740,104
92741,464
92742,-180
92743,420
92744,-417
92745,88
92746,-360
92747,1
92748,-48
92749,36
92750,360
92751,252
92752,108
92753,-276
92754,-28
92755,1080
92756,-294
92757,-72
92758,176
92759,408
92760,-528
92761,-143
92762,111
92763,48
92764,-6
92765,-92
92766,-222
92767,-8
92768,-200
92769,-192
92770,352
92771,-150
92772,180
92773,48
92774,96
92775,-704
92776,522
92777,-6
92778,-204
92779,-368
92780,-348
92781,96
92782,56
92783,162
92784,-144
92785,-480
92786,258
92787,-288
92788,-266
92789,-22
92790,108
92791,237
92792,117
92793,-330
92794,315
92795,392
92796,96
92797,162
92798,20
92799,240
92800,-66
92801,-225
92802,288
92803,240
92804,-70
92805,-1216
92806,-112
92807,200
92808,-120
92809,-326
92810,-496
92811,456
92812,-26
92813,-18
92814,504
92815,-864
92816,-12
92817,130
92818,-464
92819,-36
92820,360
92821,-205
92822,-225
92823,546
92824,-432
92825,-990
92826,0
92827,0
92828,432
92829,192
92830,-568
92831,-458
92832,-400
92833,-300
92834,48
92835,136
92836,72
92837,-168
92838,-6
92839,252
92840,-1152
92841,180
92842,-48
92843,55
92844,77
92845,252
92846,-65
92847,140
92848,114
92849,306
92850,154
92851,-64
92852,-128
92853,32
92854,-174
92855,-32
92856,-60
92857,-418
92858,24
92859,-30
92860,364
92861,405
92862,84
92863,-189
92864,-161
92865,-216
92866,144
92867,-261
92868,-306
92869,288
92870,108
92871,84
92872,-540
92873,648
92874,-64
92875,-240
92876,-324
92877,36
92878,98
92879,12
92880,-112
92881,-180
92882,-264
92883,318
92884,-72
92885,-760
92886,-12
92887,-72
92888,324
92889,108
92890,-624
92891,120
92892,196
92893,-382
92894,261
92895,-288
92896,520
92897,336
92898,-110
92899,290
92900,0
92901,32
92902,33
92903,32
92904,120
92905,-120
92906,576
92907,297
92908,78
92909,-310
92910,-32
92911,45
92912,13
92913,182
92914,322
92915,464
92916,0
92917,192
92918,54
92919,162
92920,192
92921,-156
92922,-318
92923,-105
92924,60
92925,-264
92926,108
92927,241
92928,170
92929,56
92930,396
92931,162
92932,60
92933,-360
92934,20
92935,432
92936,618
92937,-360
92938,0
92939,324
92940,304
92941,-234
92942,376
92943,-208
92944,-48
92945,-72
92946,-36
92947,-72
92948,-156
92949,-54
92950,528
92951,74
92952,-120
92953,120
92954,-288
92955,96
92956,162
92957,52
92958,94
92959,-166
92960,-540
92961,-128
92962,85
92963,780
92964,128
92965,-388
92966,-504
92967,264
92968,258
92969,-288
92970,4
92971,600
92972,-92
92973,54
92974,12
92975,-539
92976,80
92977,-425
92978,-219
92979,101
92980,-248
92981,216
92982,236
92983,-480
92984,216
92985,208
92986,324
92987,402
92988,-297
92989,-1280
92990,-324
92991,-256
92992,42
92993,-409
92994,-160
92995,-1044
92996,7
92997,-33
92998,111
92999,16
93000,1296
93001,-424
93002,-20
93003,196
93004,92
93005,0
93006,-83
93007,-264
93008,-66
93009,-672
93010,-108
93011,-780
93012,-368
93013,324
93014,-86
93015,-400
93016,-108
93017,0
93018,162
93019,16
93020,-436
93021,128
93022,228
93023,-108
93024,60
93025,33
93026,200
93027,480
93028,330
93029,-675
93030,-216
93031,738
93032,-162
93033,168
93034,4
93035,-1408
93036,66
93037,-24
93038,432
93039,-132
93040,-176
93041,105
93042,-296
93043,-288
93044,243
93045,376
93046,98
93047,-168
93048,528
93049,-220
93050,-308
93051,-48
93052,7
93053,360
93054,-210
93055,72
93056,24
93057,-246
93058,192
93059,180
93060,-144
93061,48
93062,-360
93063,-224
93064,-276
93065,-156
93066,346
93067,-205
93068,40
93069,100
93070,-396
93071,172
93072,-84
93073,21
93074,76
93075,-132
93076,-184
93077,-567
93078,40
93079,108
93080,240
93081,576
93082,104
93083,-156
93084,138
93085,-508
93086,-408
93087,-40
93088,-410
93089,-117
93090,-192
93091,104
93092,84
93093,-1080
93094,0
93095,28
93096,-72
93097,-178
93098,226
93099,-626
93100,-88
93101,320
93102,-336
93103,596
93104,-164
93105,-52
93106,490
93107,432
93108,-136
93109,198
93110,48
93111,-252
93112,96
93113,346
93114,-54
93115,144
93116,-101
93117,440
93118,-319
93119,96
93120,-672
93121,135
93122,44
93123,376
93124,-108
93125,-328
93126,-216
93127,816
93128,-315
93129,-144
93130,-448
93131,-46
93132,50
93133,-106
93134,290
93135,-360
93136,135
93137,364
93138,-42
93139,-214
93140,-284
93141,30
93142,-174
93143,-366
93144,-354
93145,960
93146,167
93147,384
93148,-16
93149,-132
93150,968
93151,89
93152,-405
93153,-166
93154,-225
93155,-1008
93156,-324
93157,-416
93158,-415
93159,180
93160,108
93161,16
93162,194
93163,252
93164,33
93165,1128
93166,36
93167,-12
93168,1
93169,495
93170,288
93171,340
93172,116
93173,680
93174,-90
93175,88
93176,-48
93177,72
93178,-108
93179,85
93180,328
93181,-252
93182,-109
93183,0
93184,-345
93185,180
93186,-72
93187,-119
93188,-34
93189,-486
93190,-36
93191,354
93192,-288
93193,-711
93194,-153
93195,272
93196,152
93197,420
93198,-80
93199,-530
93200,121
93201,36
93202,-138
93203,24
93204,-184
93205,-156
93206,30
93207,288
93208,0
93209,-396
93210,-960
93211,309
93212,6
93213,153
93214,128
93215,128
93216,-380
93217,-600
93218,16
93219,960
93220,-320
93221,-90
93222,-4
93223,90
93224,-168
93225,-176
93226,0
93227,140
93228,-150
93229,262
93230,664
93231,572
93232,112
93233,-216
93234,72
93235,208
93236,-20
93237,-486
93238,92
93239,-252
93240,108
93241,410
93242,-296
93243,26
93244,197
93245,-720
93246,276
93247,32
93248,567
93249,60
93250,48
93251,16
93252,-40
93253,-81
93254,300
93255,-344
93256,-63
93257,-7
93258,256
93259,68
93260,40
93261,-270
93262,360
93263,169
93264,28
93265,1440
93266,-374
93267,-70
93268,-180
93269,512
93270,408
93271,-552
93272,0
93273,-88
93274,64
93275,1485
93276,60
93277,-24
93278,299
93279,-432
93280,400
93281,178
93282,192
93283,-49
93284,-228
93285,640
93286,26
93287,-372
93288,-576
93289,-24
93290,-320
93291,-20
93292,-270
93293,-176
93294,18
93295,792
93296,45
93297,66
93298,-278
93299,650
93300,-704
93301,740
93302,-312
93303,96
93304,-612
93305,200
93306,476
93307,358
93308,297
93309,264
93310,-756
93311,512
93312,-39
93313,336
93314,180
93315,-816
93316,-9
93317,36
93318,96
93319,-40
93320,720
93321,104
93322,-146
93323,-169
93324,-48
93325,979
93326,209
93327,-580
93328,-128
93329,161
93330,-96
93331,210
93332,-26
93333,-360
93334,8
93335,624
93336,162
93337,275
93338,-48
93339,-136
93340,-480
93341,-333
93342,-468
93343,-19
93344,180
93345,128
93346,-208
93347,-300
93348,-8
93349,-322
93350,88
93351,150
93352,-513
93353,280
93354,-416
93355,912
93356,-20
93357,288
93358,264
93359,168
93360,-200
93361,0
93362,74
93363,456
93364,189
93365,756
93366,-240
93367,26
93368,360
93369,492
93370,-432
93371,201
93372,162
93373,117
93374,-348
93375,-216
93376,-308
93377,224
93378,-180
93379,-440
93380,-192
93381,108
93382,236
93383,-416
93384,-123
93385,-448
93386,90
93387,24
93388,-54
93389,144
93390,-512
93391,-344
93392,130
93393,-286
93394,36
93395,-4
93396,-28
93397,440
93398,-189
93399,0
93400,1188
93401,-672
93402,24
93403,216
93404,-184
93405,360
93406,-401
93407,178
93408,-480
93409,-110
93410,560
93411,144
93412,-100
93413,-969
93414,-220
93415,-576
93416,-390
93417,-280
93418,420
93419,370
93420,64
93421,192
93422,12
93423,256
93424,110
93425,-66
93426,192
93427,-465
93428,21
93429,27
93430,-524
93431,315
93432,36
93433,-297
93434,-108
93435,-168
93436,243
93437,-216
93438,-8
93439,-315
93440,136
93441,8
93442,192
93443,-2
93444,-70
93445,224
93446,-70
93447,-232
93448,-72
93449,-576
93450,0
93451,56
93452,-80
93453,124
93454,-304
93455,456
93456,32
93457,360
93458,-81
93459,-588
93460,16
93461,-392
93462,42
93463,-236
93464,-360
93465,252
93466,-30
93467,-72
93468,192
93469,-21
93470,360
93471,-612
93472,-320
93473,216
93474,154
93475,220
93476,-78
93477,216
93478,336
93479,-384
93480,864
93481,216
93482,-182
93483,135
93484,118
93485,-468
93486,-24
93487,-214
93488,-140
93489,184
93490,740
93491,-138
93492,10
93493,-43
93494,-202
93495,512
93496,-270
93497,-310
93498,-238
93499,-27
93500,288
93501,32
93502,-102
93503,256
93504,392
93505,36
93506,-240
93507,-144
93508,120
93509,-340
93510,-180
93511,180
93512,102
93513,-96
93514,-72
93515,640
93516,-116
93517,-405
93518,384
93519,-10
93520,96
93521,720
93522,-680
93523,-283
93524,-176
93525,308
93526,-32
93527,-162
93528,-12
93529,-465
93530,360
93531,-180
93532,-28
93533,110
93534,-54
93535,-680
93536,150
93537,108
93538,-182
93539,0
93540,64
93541,-144
93542,392
93543,288
93544,24
93545,-240
93546,69
93547,-64
93548,30
93549,502
93550,-506
93551,363
93552,-12
93553,317
93554,36
93555,-480
93556,128
93557,540
93558,-108
93559,245
93560,-612
93561,240
93562,27
93563,-18
93564,16
93565,-560
93566,216
93567,202
93568,63
93569,-531
93570,-192
93571,-108
93572,128
93573,90
93574,320
93575,396
93576,36
93577,-72
93578,81
93579,540
93580,228
93581,249
93582,104
93583,-132
93584,-40
93585,48
93586,18
93587,-320
93588,32
93589,630
93590,0
93591,173
93592,270
93593,4
93594,-192
93595,664
93596,-6
93597,258
93598,-130
93599,224
93600,-275
93601,-102
93602,93
93603,-108
93604,-156
93605,960
93606,-46
93607,-286
93608,-480
93609,-184
93610,384
93611,672
93612,76
93613,-80
93614,-329
93615,168
93616,40
93617,20
93618,30
93619,-405
93620,-108
93621,-672
93622,49
93623,18
93624,-486
93625,864
93626,-168
93627,32
93628,0
93629,50
93630,80
93631,765
93632,336
93633,656
93634,18
93635,-1024
93636,-88
93637,-514
93638,323
93639,-590
93640,420
93641,-26
93642,-160
93643,604
93644,-189
93645,320
93646,276
93647,-141
93648,-128
93649,0
93650,-704
93651,-360
93652,-370
93653,-162
93654,-35
93655,1008
93656,-576
93657,-696
93658,-256
93659,-52
93660,-192
93661,-10
93662,-151
93663,-64
93664,-410
93665,240
93666,154
93667,-300
93668,143
93669,0
93670,-96
93671,-216
93672,-81
93673,416
93674,294
93675,1298
93676,24
93677,-76
93678,-410
93679,584
93680,-128
93681,27
93682,198
93683,-194
93684,-144
93685,-900
93686,368
93687,-192
93688,-144
93689,-228
93690,16
93691,55
93692,176
93693,142
93694,200
93695,-732
93696,176
93697,364
93698,-128
93699,48
93700,-132
93701,-598
93702,-576
93703,439
93704,-225
93705,136
93706,-6
93707,-54
93708,-12
93709,-504
93710,-472
93711,-604
93712,-40
93713,288
93714,-222
93715,36
93716,-72
93717,0
93718,558
93719,-516
93720,-864
93721,-72
93722,58
93723,84
93724,-76
93725,88
93726,-72
93727,-8
93728,-20
93729,-320
93730,-960
93731,-680
93732,-48
93733,182
93734,-93
93735,-56
93736,21
93737,-144
93738,-108
93739,310
93740,476
93741,-114
93742,480
93743,-150
93744,108
93745,768
93746,-148
93747,-36
93748,-96
93749,250
93750,58
93751,264
93752,-120
93753,-224
93754,-354
93755,-552
93756,280
93757,-80
93758,18
93759,-172
93760,252
93761,-38
93762,-9
93763,466
93764,-336
93765,-864
93766,-32
93767,-513
93768,-96
93769,-85
93770,-112
93771,-96
93772,-81
93773,-40
93774,18
93775,-495
93776,-120
93777,-190
93778,162
93779,189
93780,-68
93781,0
93782,-280
93783,-112
93784,48
93785,104
93786,-32
93787,-373
93788,-156
93789,12
93790,-72
93791,-450
93792,-540
93793,-6
93794,56
93795,288
93796,12
93797,224
93798,200
93799,-480
93800,-693
93801,-504
93802,281
93803,432
93804,-284
93805,-16
93806,0
93807,-81
93808,-180
93809,130
93810,320
93811,-122
93812,252
93813,-232
93814,-486
93815,8
93816,-24
93817,-40
93818,-352
93819,800
93820,472
93821,405
93822,-64
93823,-216
93824,-39
93825,704
93826,-168
93827,107
93828,-48
93829,0
93830,-400
93831,-372
93832,-180
93833,-848
93834,-135
93835,-80
93836,-79
93837,972
93838,134
93839,204
93840,192
93841,416
93842,438
93843,78
93844,88
93845,512
93846,-214
93847,-345
93848,-483
93849,-918
93850,-242
93851,-508
93852,-160
93853,-144
93854,240
93855,992
93856,-405
93857,-186
93858,-392
93859,234
93860,60
93861,-117
93862,18
93863,480
93864,486
93865,496
93866,-105
93867,504
93868,-126
93869,168
93870,96
93871,-88
93872,16
93873,180
93874,-108
93875,288
93876,258
93877,-30
93878,-52
93879,-352
93880,564
93881,76
93882,376
93883,-56
93884,18
93885,-32
93886,640
93887,92
93888,-7
93889,437
93890,72
93891,378
93892,-304
93893,570
93894,-284
93895,0
93896,180
93897,-150
93898,-144
93899,-495
93900,-176
93901,10
93902,-114
93903,56
93904,-54
93905,828
93906,-108
93907,-648
93908,87
93909,-160
93910,132
93911,286
93912,630
93913,458
93914,230
93915,168
93916,-45
93917,-228
93918,384
93919,-27
93920,720
93921,-178
93922,-96
93923,497
93924,45
93925,440
93926,288
93927,-144
93928,240
93929,-480
93930,144
93931,-180
93932,-24
93933,72
93934,-126
93935,-612
93936,-128
93937,193
93938,-10
93939,-16
93940,384
93941,-190
93942,96
93943,120
93944,-498
93945,8
93946,-96
93947,-450
93948,12
93949,-325
93950,110
93951,-40
93952,-34
93953,171
93954,498
93955,-896
93956,144
93957,576
93958,-102
93959,366
93960,-264
93961,-27
93962,-328
93963,646
93964,-192
93965,-144
93966,-40
93967,-390
93968,-72
93969,-45
93970,-344
93971,-140
93972,0
93973,16
93974,96
93975,264
93976,360
93977,315
93978,88
93979,-280
93980,96
93981,272
93982,-45
93983,-490
93984,0
93985,416
93986,-25
93987,20
93988,-62
93989,96
93990,-400
93991,-560
93992,108
93993,288
93994,-291
93995,1056
93996,6
93997,371
93998,-70
93999,-128
94000,-216
94001,-448
94002,-68
94003,15
94004,234
94005,-224
94006,-352
94007,207
94008,-228
94009,410
94010,-360
94011,610
94012,-128
94013,351
94014,8
94015,-852
94016,-70
94017,-90
94018,-132
94019,-144
94020,280
94021,-72
94022,75
94023,-207
94024,144
94025,143
94026,-72
94027,120
94028,104
94029,500
94030,-56
94031,-16
94032,-22
94033,-286
94034,146
94035,-384
94036,154
94037,8
94038,0
94039,-576
94040,384
94041,392
94042,65
94043,112
94044,-132
94045,-348
94046,96
94047,-288
94048,-55
94049,-302
94050,176
94051,14
94052,126
94053,-216
94054,243
94055,-960
94056,-216
94057,15
94058,72
94059,-30
94060,256
94061,-72
94062,-32
94063,130
94064,57
94065,-792
94066,45
94067,-782
94068,140
94069,144
94070,-160
94071,-396
94072,588
94073,0
94074,-80
94075,-495
94076,-90
94077,-66
94078,138
94079,-402
94080,-48
94081,590
94082,289
94083,568
94084,189
94085,1008
94086,65
94087,-75
94088,84
94089,-440
94090,-188
94091,243
94092,164
94093,56
94094,540
94095,432
94096,-54
94097,80
94098,344
94099,67
94100,-495
94101,-48
94102,-37
94103,192
94104,-54
94105,256
94106,-192
94107,320
94108,-48
94109,-343
94110,-336
94111,-276
94112,60
94113,-180
94114,207
94115,1056
94116,576
94117,118
94118,-101
94119,-12
94120,-120
94121,232
94122,-297
94123,352
94124,156
94125,-432
94126,28
94127,-280
94128,-30
94129,12
94130,-96
94131,-201
94132,-22
94133,24
94134,-4
94135,-840
94136,-360
94137,-252
94138,125
94139,-144
94140,-20
94141,-684
94142,400
94143,696
94144,399
94145,-400
94146,270
94147,-225
94148,-294
94149,320
94150,627
94151,-416
94152,-348
94153,-535
94154,84
94155,-616
94156,149
94157,-468
94158,-90
94159,400
94160,-192
94161,108
94162,0
94163,0
94164,-192
94165,288
94166,216
94167,-21
94168,240
94169,487
94170,-112
94171,468
94172,-320
94173,264
94174,153
94175,-693
94176,-340
94177,-513
94178,100
94179,-58
94180,-168
94181,80
94182,-432
94183,184
94184,-480
94185,-480
94186,51
94187,-456
94188,-144
94189,54
94190,-336
94191,354
94192,75
94193,36
94194,-111
94195,116
94196,105
94197,-48
94198,220
94199,-81
94200,1056
94201,338
94202,84
94203,484
94204,-236
94205,396
94206,36
94207,264
94208,8
94209,342
94210,-468
94211,-160
94212,-54
94213,168
94214,8
94215,-672
94216,-252
94217,468
94218,180
94219,-584
94220,-48
94221,-6
94222,-143
94223,-528
94224,-30
94225,-1111
94226,132
94227,-36
94228,-84
94229,344
94230,-64
94231,-240
94232,-462
94233,-128
94234,-120
94235,972
94236,-98
94237,-180
94238,192
94239,-48
94240,720
94241,168
94242,-64
94243,80
94244,89
94245,-1024
94246,-352
94247,-210
94248,-108
94249,717
94250,240
94251,0
94252,173
94253,-348
94254,-576
94255,-648
94256,21
94257,312
94258,-185
94259,-180
94260,-144
94261,175
94262,348
94263,620
94264,291
94265,648
94266,45
94267,216
94268,49
94269,108
94270,-912
94271,-702
94272,-280
94273,-73
94274,236
94275,-297
94276,30
94277,480
94278,-224
94279,42
94280,168
94281,-16
94282,216
94283,396
94284,120
94285,272
94286,174
94287,200
94288,-81
94289,-130
94290,624
94291,341
94292,-184
94293,-34
94294,-150
94295,116
94296,-330
94297,48
94298,125
94299,-36
94300,-792
94301,-34
94302,-108
94303,-472
94304,-105
94305,-96
94306,176
94307,-553
94308,-32
94309,298
94310,384
94311,336
94312,327
94313,-90
94314,304
94315,-460
94316,-24
94317,-384
94318,-99
94319,4
94320,12
94321,338
94322,330
94323,-864
94324,-123
94325,-660
94326,-200
94327,-143
94328,-180
94329,-72
94330,-184
94331,-79
94332,-264
94333,108
94334,72
94335,-832
94336,-84
94337,4
94338,-164
94339,342
94340,0
94341,720
94342,-420
94343,334
94344,-360
94345,-432
94346,216
94347,72
94348,32
94349,126
94350,-198
94351,272
94352,80
94353,-264
94354,0
94355,-64
94356,84
94357,-448
94358,-28
94359,162
94360,828
94361,80
94362,-264
94363,-81
94364,-54
94365,-484
94366,104
94367,-360
94368,-280
94369,64
94370,288
94371,-72
94372,-69
94373,272
94374,-24
94375,123
94376,-243
94377,40
94378,-285
94379,-112
94380,200
94381,-576
94382,468
94383,-168
94384,3
94385,224
94386,220
94387,3
94388,72
94389,-24
94390,-364
94391,-92
94392,384
94393,75
94394,-17
94395,-432
94396,-136
94397,389
94398,-382
94399,55
94400,-616
94401,-12
94402,48
94403,140
94404,328
94405,-960
94406,-310
94407,202
94408,96
94409,552
94410,-40
94411,-224
94412,-256
94413,144
94414,-205
94415,768
94416,180
94417,-504
94418,-27
94419,-380
94420,432
94421,-399
94422,-100
94423,162
94424,-72
94425,-264
94426,-36
94427,-542
94428,56
94429,0
94430,-432
94431,-602
94432,275
94433,-117
94434,-158
94435,96
94436,-24
94437,0
94438,-128
94439,209
94440,432
94441,252
94442,-281
94443,84
94444,-96
94445,120
94446,220
94447,-102
94448,-138
94449,104
94450,660
94451,-144
94452,96
94453,184
94454,-9
94455,200
94456,-207
94457,504
94458,120
94459,-96
94460,-180
94461,-448
94462,-2
94463,-401
94464,153
94465,828
94466,-160
94467,-600
94468,-32
94469,378
94470,-504
94471,-35
94472,-60
94473,152
94474,32
94475,-484
94476,282
94477,-518
94478,336
94479,120
94480,260
94481,-312
94482,4
94483,236
94484,-400
94485,528
94486,198
94487,-300
94488,-432
94489,-304
94490,720
94491,147
94492,76
94493,27
94494,102
94495,-720
94496,145
94497,-190
94498,-135
94499,-330
94500,288
94501,-216
94502,100
94503,-272
94504,-12
94505,-792
94506,304
94507,864
94508,108
94509,-143
94510,-160
94511,-74
94512,-32
94513,-456
94514,-336
94515,64
94516,-134
94517,-576
94518,0
94519,-855
94520,576
94521,104
94522,-128
94523,-40
94524,-276
94525,440
94526,-24
94527,250
94528,-504
94529,-204
94530,-192
94531,-324
94532,-124
94533,388
94534,200
94535,-72
94536,-30
94537,189
94538,-218
94539,586
94540,-8
94541,-29
94542,30
94543,-179
94544,128
94545,0
94546,-234
94547,234
94548,240
94549,-675
94550,-792
94551,24
94552,120
94553,-632
94554,-192
94555,496
94556,-384
94557,182
94558,-272
94559,84
94560,360
94561,419
94562,260
94563,120
94564,-54
94565,-556
94566,-72
94567,584
94568,-132
94569,-104
94570,-160
94571,-318
94572,-27
94573,186
94574,153
94575,-1320
94576,16
94577,-48
94578,-384
94579,-32
94580,392
94581,-72
94582,-9
94583,-89
94584,-162
94585,384
94586,-293
94587,-792
94588,-180
94589,-156
94590,-20
94591,-564
94592,54
94593,180
94594,-383
94595,1040
94596,-206
94597,-373
94598,-66
94599,200
94600,924
94601,-200
94602,-396
94603,-284
94604,84
94605,-360
94606,352
94607,0
94608,22
94609,243
94610,-456
94611,576
94612,-459
94613,-162
94614,-560
94615,256
94616,162
94617,-158
94618,98
94619,76
94620,-288
94621,188
94622,-120
94623,338
94624,50
94625,336
94626,-36
94627,90
94628,-126
94629,436
94630,-140
94631,108
94632,222
94633,552
94634,-70
94635,288
94636,216
94637,-24
94638,432
94639,-108
94640,144
94641,-286
94642,70
94643,567
94644,-96
94645,256
94646,39
94647,-516
94648,-414
94649,-164
94650,-396
94651,108
94652,-213
94653,220
94654,135
94655,-80
94656,-84
94657,-288
94658,180
94659,352
94660,144
94661,372
94662,248
94663,-10
94664,-546
94665,-72
94666,520
94667,-120
94668,240
94669,405
94670,-240
94671,112
94672,96
94673,360
94674,-432
94675,33
94676,24
94677,-96
94678,373
94679,-720
94680,-252
94681,82
94682,369
94683,-150
94684,-250
94685,-176
94686,28
94687,28
94688,380
94689,-264
94690,-24
94691,-164
94692,-280
94693,186
94694,-54
94695,768
94696,0
94697,690
94698,126
94699,104
94700,616
94701,-464
94702,275
94703,-27
94704,-116
94705,1620
94706,-115
94707,-21
94708,28
94709,-503
94710,-864
94711,-60
94712,312
94713,-60
94714,-144
94715,992
94716,68
94717,-144
94718,180
94719,266
94720,132
94721,-680
94722,132
94723,-4
94724,-90
94725,-77
94726,-295
94727,-318
94728,-168
94729,-497
94730,-516
94731,-30
94732,-132
94733,-328
94734,-56
94735,-528
94736,0
94737,-1008
94738,-42
94739,-624
94740,16
94741,-60
94742,-16
94743,40
94744,795
94745,1104
94746,16
94747,-395
94748,282
94749,-148
94750,-96
94751,-396
94752,-135
94753,-228
94754,-64
94755,384
94756,-32
94757,-135
94758,0
94759,-696
94760,1536
94761,146
94762,318
94763,400
94764,80
94765,1184
94766,80
94767,-216
94768,78
94769,-648
94770,260
94771,-356
94772,56
94773,492
94774,130
94775,264
94776,576
94777,-213
94778,21
94779,14
94780,144
94781,170
94782,-156
94783,800
94784,224
94785,0
94786,-189
94787,-384
94788,18
94789,-480
94790,-116
94791,-280
94792,-216
94793,-42
94794,-144
94795,636
94796,-45
94797,16
94798,-576
94799,63
94800,220
94801,-216
94802,108
94803,-102
94804,-12
94805,448
94806,-16
94807,48
94808,81
94809,-288
94810,-448
94811,320
94812,-260
94813,-120
94814,322
94815,56
94816,450
94817,-330
94818,-392
94819,-326
94820,96
94821,-348
94822,255
94823,-244
94824,-96
94825,-1001
94826,102
94827,-4
94828,-48
94829,864
94830,-272
94831,-132
94832,-111
94833,-18
94834,-24
94835,-880
94836,-36
94837,-108
94838,-48
94839,-32
94840,-996
94841,-120
94842,-36
94843,-108
94844,-6
94845,-776
94846,-486
94847,-136
94848,-120
94849,255
94850,-264
94851,352
94852,-216
94853,728
94854,348
94855,1024
94856,-216
94857,-54
94858,-322
94859,162
94860,-108
94861,130
94862,308
94863,1024
94864,-10
94865,-244
94866,-24
94867,4
94868,-27
94869,72
94870,-80
94871,-606
94872,-336
94873,230
94874,0
94875,-1536
94876,-138
94877,273
94878,-108
94879,-410
94880,-400
94881,-476
94882,298
94883,528
94884,-150
94885,768
94886,-176
94887,-225
94888,30
94889,90
94890,320
94891,-558
94892,-75
94893,-72
94894,60
94895,-112
94896,-9
94897,168
94898,272
94899,222
94900,110
94901,-105
94902,402
94903,312
94904,-27
94905,-192
94906,-252
94907,-195
94908,144
94909,180
94910,384
94911,168
94912,63
94913,80
94914,-24
94915,576
94916,-200
94917,-96
94918,-356
94919,16
94920,-144
94921,528
94922,387
94923,-50
94924,236
94925,-462
94926,-420
94927,0
94928,-12
94929,-280
94930,-736
94931,584
94932,-99
94933,-333
94934,-159
94935,-448
94936,-384
94937,-576
94938,-120
94939,595
94940,72
94941,36
94942,-78
94943,63
94944,-560
94945,96
94946,-66
94947,-60
94948,120
94949,-422
94950,-264
94951,-287
94952,540
94953,-54
94954,90
94955,1164
94956,-360
94957,-228
94958,-280
94959,204
94960,-16
94961,54
94962,-48
94963,0
94964,-133
94965,1120
94966,352
94967,-208
94968,0
94969,162
94970,648
94971,-490
94972,236
94973,54
94974,272
94975,66
94976,255
94977,32
94978,360
94979,27
94980,440
94981,-464
94982,-150
94983,-702
94984,270
94985,-320
94986,-112
94987,-238
94988,68
94989,-240
94990,-768
94991,330
94992,-72
94993,-270
94994,207
94995,-72
94996,-96
94997,702
94998,-144
94999,41
95000,-492
95001,-42
95002,240
95003,252
95004,30
95005,-76
95006,28
95007,280
95008,-150
95009,234
95010,-368
95011,210
95012,66
95013,-240
95014,162
95015,144
95016,-216
95017,-85
95018,-48
95019,-456
95020,472
95021,322
95022,-63
95023,-8
95024,-108
95025,-132
95026,259
95027,-362
95028,-64
95029,20
95030,-420
95031,66
95032,351
95033,-50
95034,414
95035,-72
95036,-8
95037,-540
95038,-288
95039,408
95040,-448
95041,-90
95042,-175
95043,-690
95044,-2
95045,496
95046,108
95047,441
95048,-540
95049,32
95050,-726
95051,56
95052,-178
95053,18
95054,-369
95055,16
95056,-125
95057,-276
95058,58
95059,432
95060,-96
95061,-168
95062,-64
95063,576
95064,-198
95065,-516
95066,-154
95067,-72
95068,-260
95069,720
95070,160
95071,105
95072,-455
95073,392
95074,-24
95075,1188
95076,-64
95077,558
95078,-3
95079,396
95080,276
95081,216
95082,400
95083,150
95084,-60
95085,-92
95086,428
95087,-165
95088,-96
95089,-536
95090,-24
95091,-40
95092,58
95093,571
95094,396
95095,960
95096,-246
95097,-190
95098,75
95099,-64
95100,440
95101,98
95102,-156
95103,-23
95104,-30
95105,896
95106,-30
95107,18
95108,360
95109,4
95110,-36
95111,-327
95112,150
95113,297
95114,280
95115,-48
95116,210
95117,-656
95118,0
95119,16
95120,-72
95121,160
95122,240
95123,-288
95124,-292
95125,144
95126,236
95127,-342
95128,-864
95129,-36
95130,-36
95131,17
95132,-78
95133,-320
95134,-15
95135,480
95136,-250
95137,-255
95138,80
95139,200
95140,252
95141,0
95142,64
95143,48
95144,126
95145,200
95146,-14
95147,-108
95148,72
95149,120
95150,176
95151,432
95152,32
95153,156
95154,368
95155,-212
95156,-82
95157,204
95158,76
95159,-42
95160,960
95161,864
95162,-59
95163,176
95164,78
95165,576
95166,-96
95167,-144
95168,63
95169,-600
95170,1152
95171,-28
95172,-384
95173,-190
95174,-104
95175,1089
95176,156
95177,-20
95178,-108
95179,276
95180,0
95181,432
95182,-34
95183,-288
95184,-2
95185,-952
95186,75
95187,-60
95188,130
95189,-108
95190,256
95191,-555
95192,6
95193,-66
95194,96
95195,-400
95196,228
95197,-16
95198,292
95199,440
95200,495
95201,-243
95202,252
95203,444
95204,-248
95205,-448
95206,-42
95207,28
95208,-144
95209,452
95210,-104
95211,-72
95212,-90
95213,-142
95214,-48
95215,-192
95216,-4
95217,-48
95218,240
95219,270
95220,164
95221,192
95222,-171
95223,78
95224,-240
95225,495
95226,304
95227,-90
95228,48
95229,-96
95230,0
95231,507
95232,414
95233,3
95234,-159
95235,-288
95236,-48
95237,-24
95238,-60
95239,360
95240,-36
95241,70
95242,-3
95243,-144
95244,-150
95245,-252
95246,-276
95247,8
95248,-41
95249,384
95250,384
95251,-90
95252,81
95253,-322
95254,-240
95255,-40
95256,-60
95257,-33
95258,-50
95259,-120
95260,16
95261,477
95262,292
95263,-216
95264,-50
95265,-16
95266,544
95267,7
95268,-216
95269,-333
95270,120
95271,-768
95272,318
95273,-235
95274,70
95275,-528
95276,76
95277,120
95278,370
95279,240
95280,-176
95281,54
95282,288
95283,-184
95284,243
95285,384
95286,-228
95287,-298
95288,-294
95289,-464
95290,260
95291,54
95292,22
95293,-128
95294,90
95295,-416
95296,-189
95297,55
95298,-450
95299,448
95300,-198
95301,-129
95302,-315
95303,-85
95304,-72
95305,-200
95306,96
95307,0
95308,-212
95309,0
95310,192
95311,414
95312,72
95313,120
95314,423
95315,-416
95316,-216
95317,-600
95318,-179
95319,0
95320,-432
95321,-90
95322,410
95323,32
95324,-84
95325,-1782
95326,-84
95327,109
95328,-130
95329,590
95330,-344
95331,-252
95332,-295
95333,510
95334,374
95335,-1216
95336,162
95337,528
95338,44
95339,182
95340,264
95341,-336
95342,-400
95343,272
95344,-16
95345,808
95346,-12
95347,-30
95348,-45
95349,270
95350,-11
95351,-336
95352,36
95353,270
95354,-240
95355,-20
95356,-396
95357,-168
95358,-640
95359,300
95360,-96
95361,-576
95362,-107
95363,9
95364,-104
95365,-288
95366,396
95367,-180
95368,135
95369,-93
95370,-256
95371,-368
95372,48
95373,32
95374,378
95375,1224
95376,-32
95377,-96
95378,-256
95379,480
95380,-144
95381,320
95382,-42
95383,16
95384,-381
95385,-688
95386,120
95387,-54
95388,-286
95389,-402
95390,224
95391,192
95392,-160
95393,-339
95394,390
95395,488
95396,276
95397,-416
95398,113
95399,256
95400,165
95401,-190
95402,-170
95403,128
95404,192
95405,448
95406,296
95407,-180
95408,0
95409,160
95410,216
95411,36
95412,130
95413,134
95414,-392
95415,832
95416,-24
95417,-420
95418,396
95419,80
95420,-40
95421,276
95422,90
95423,-231
95424,-378
95425,-44
95426,-210
95427,176
95428,-116
95429,-89
95430,-336
95431,-273
95432,-90
95433,810
95434,18
95435,-880
95436,-40
95437,316
95438,243
95439,-240
95440,-84
95441,-490
95442,-106
95443,-225
95444,96
95445,96
95446,-385
95447,-508
95448,648
95449,540
95450,-792
95451,76
95452,56
95453,370
95454,51
95455,528
95456,320
95457,216
95458,496
95459,-150
95460,168
95461,254
95462,352
95463,150
95464,-198
95465,256
95466,-474
95467,-220
95468,-16
95469,210
95470,148
95471,132
95472,60
95473,-480
95474,18
95475,-616
95476,-26
95477,-1024
95478,-212
95479,55
95480,-1296
95481,153
95482,193
95483,-260
95484,-68
95485,-96
95486,-415
95487,-396
95488,34
95489,-81
95490,120
95491,-344
95492,236
95493,-64
95494,288
95495,-684
95496,-192
95497,0
95498,10
95499,39
95500,0
95501,-12
95502,384
95503,224
95504,72
95505,464
95506,-84
95507,60
95508,-12
95509,-72
95510,680
95511,-900
95512,300
95513,-400
95514,176
95515,-1032
95516,122
95517,74
95518,9
95519,848
95520,400
95521,456
95522,-318
95523,384
95524,160
95525,-528
95526,64
95527,-303
95528,420
95529,-120
95530,-396
95531,102
95532,-216
95533,-468
95534,120
95535,-320
95536,-75
95537,795
95538,132
95539,49
95540,360
95541,-578
95542,504
95543,-420
95544,-156
95545,432
95546,56
95547,100
95548,-124
95549,414
95550,220
95551,432
95552,-70
95553,-208
95554,-311
95555,-72
95556,-184
95557,72
95558,40
95559,-280
95560,408
95561,54
95562,72
95563,-545
95564,-162
95565,896
95566,-36
95567,77
95568,16
95569,-80
95570,96
95571,-81
95572,-242
95573,108
95574,-72
95575,286
95576,270
95577,-120
95578,-141
95579,-136
95580,352
95581,40
95582,150
95583,144
95584,-160
95585,696
95586,0
95587,-280
95588,360
95589,140
95590,-200
95591,-150
95592,-18
95593,289
95594,-377
95595,-992
95596,15
95597,-71
95598,-18
95599,-128
95600,-264
95601,-400
95602,-400
95603,169
95604,-36
95605,600
95606,378
95607,80
95608,-108
95609,378
95610,512
95611,-672
95612,-180
95613,-192
95614,-216
95615,1140
95616,-27
95617,80
95618,179
95619,-710
95620,-432
95621,-234
95622,-324
95623,312
95624,-54
95625,123
95626,12
95627,216
95628,-40
95629,409
95630,-24
95631,144
95632,112
95633,492
95634,-384
95635,-144
95636,-44
95637,-468
95638,-71
95639,528
95640,288
95641,-75
95642,-72
95643,-14
95644,-206
95645,432
95646,-192
95647,112
95648,80
95649,452
95650,-792
95651,273
95652,-87
95653,-540
95654,-192
95655,1272
95656,-312
95657,-256
95658,-192
95659,208
95660,180
95661,-715
95662,438
95663,96
95664,48
95665,-60
95666,-396
95667,320
95668,267
95669,120
95670,8
95671,-88
95672,33
95673,424
95674,78
95675,0
95676,126
95677,220
95678,120
95679,-85
95680,-1120
95681,36
95682,-36
95683,-273
95684,-48
95685,824
95686,307
95687,0
95688,108
95689,-696
95690,648
95691,0
95692,-216
95693,-15
95694,450
95695,-68
95696,23
95697,135
95698,-360
95699,234
95700,176
95701,-470
95702,-136
95703,128
95704,594
95705,776
95706,25
95707,-460
95708,-207
95709,80
95710,108
95711,30
95712,620
95713,334
95714,122
95715,-64
95716,248
95717,427
95718,-210
95719,-150
95720,-696
95721,408
95722,32
95723,-431
95724,-13
95725,891
95726,640
95727,132
95728,180
95729,-32
95730,-504
95731,-71
95732,-315
95733,160
95734,60
95735,-1296
95736,408
95737,483
95738,110
95739,-648
95740,32
95741,272
95742,90
95743,-266
95744,-132
95745,-800
95746,108
95747,370
95748,-40
95749,82
95750,-240
95751,-101
95752,54
95753,576
95754,56
95755,-32
95756,3
95757,16
95758,-80
95759,-756
95760,48
95761,-63
95762,-88
95763,66
95764,0
95765,-192
95766,184
95767,696
95768,-546
95769,-272
95770,-512
95771,400
95772,16
95773,-164
95774,210
95775,990
95776,-90
95777,-204
95778,-24
95779,40
95780,-280
95781,288
95782,-126
95783,109
95784,-960
95785,-372
95786,108
95787,4
95788,384
95789,-86
95790,1152
95791,-382
95792,-112
95793,-276
95794,264
95795,192
95796,60
95797,-430
95798,-32
95799,-832
95800,297
95801,-285
95802,480
95803,-543
95804,14
95805,24
95806,249
95807,208
95808,-392
95809,300
95810,560
95811,-306
95812,-60
95813,144
95814,-14
95815,528
95816,144
95817,-320
95818,-112
95819,-140
95820,-528
95821,-1080
95822,-149
95823,-396
95824,10
95825,-341
95826,-168
95827,-560
95828,-228
95829,-60
95830,336
95831,144
95832,72
95833,63
95834,-238
95835,-152
95836,-240
95837,315
95838,-70
95839,648
95840,-140
95841,-128
95842,-56
95843,-292
95844,-4
95845,-16
95846,-180
95847,140
95848,-294
95849,20
95850,396
95851,666
95852,198
95853,0
95854,-312
95855,-864
95856,-52
95857,-35
95858,-216
95859,49
95860,-232
95861,-4
95862,460
95863,45
95864,-408
95865,864
95866,130
95867,-180
95868,-13
95869,-31
95870,-180
95871,340
95872,108
95873,202
95874,200
95875,-960
95876,208
95877,-140
95878,-84
95879,339
95880,648
95881,60
95882,0
95883,-486
95884,8
95885,-96
95886,-18
95887,-128
95888,-110
95889,80
95890,224
95891,266
95892,48
95893,-128
95894,149
95895,-336
95896,-342
95897,-315
95898,-48
95899,459
95900,-99
95901,480
95902,387
95903,168
95904,-165
95905,800
95906,280
95907,-192
95908,-207
95909,408
95910,-1024
95911,232
95912,-216
95913,182
95914,405
95915,-352
95916,-76
95917,416
95918,100
95919,-360
95920,-272
95921,540
95922,-69
95923,-468
95924,-186
95925,-286
95926,42
95927,720
95928,-378
95929,417
95930,40
95931,192
95932,-56
95933,-672
95934,-128
95935,612
95936,0
95937,64
95938,170
95939,-252
95940,180
95941,24
95942,0
95943,-432
95944,84
95945,-252
95946,2
95947,28
95948,72
95949,12
95950,-88
95951,-54
95952,-38
95953,-200
95954,78
95955,-560
95956,-192
95957,-22
95958,-64
95959,-492
95960,288
95961,-184
95962,-269
95963,315
95964,-64
95965,72
95966,300
95967,18
95968,160
95969,8
95970,-600
95971,550
95972,-178
95973,44
95974,27
95975,176
95976,-189
95977,492
95978,123
95979,960
95980,120
95981,-315
95982,-270
95983,320
95984,-171
95985,-400
95986,-216
95987,396
95988,-56
95989,-535
95990,208
95991,-88
95992,-324
95993,-416
95994,54
95995,168
95996,-176
95997,656
95998,72
95999,84
96000,-816
96001,-10
96002,336
96003,0
96004,48
96005,-1440
96006,-100
96007,36
96008,-288
96009,168
96010,280
96011,336
96012,-96
96013,-36
96014,-144
96015,96
96016,36
96017,-354
96018,-320
96019,-168
96020,-40
96021,99
96022,288
96023,39
96024,-12
96025,-704
96026,-264
96027,546
96028,156
96029,306
96030,192
96031,0
96032,-410
96033,-342
96034,386
96035,-104
96036,-30
96037,-54
96038,342
96039,384
96040,-708
96041,668
96042,-320
96043,-147
96044,40
96045,736
96046,273
96047,126
96048,16
96049,-640
96050,66
96051,80
96052,96
96053,66
96054,-342
96055,-200
96056,-474
96057,-120
96058,91
96059,312
96060,-96
96061,408
96062,56
96063,648
96064,280
96065,1084
96066,-220
96067,0
96068,54
96069,-18
96070,-360
96071,-176
96072,384
96073,0
96074,110
96075,264
96076,-50
96077,4
96078,-336
96079,8
96080,-164
96081,664
96082,399
96083,-500
96084,-48
96085,656
96086,-312
96087,-438
96088,525
96089,-30
96090,-288
96091,-256
96092,-112
96093,-104
96094,-448
96095,344
96096,600
96097,-496
96098,-80
96099,-1024
96100,-550
96101,57
96102,120
96103,-390
96104,-243
96105,448
96106,-26
96107,264
96108,194
96109,-5
96110,756
96111,-16
96112,-149
96113,48
96114,-360
96115,-180
96116,-294
96117,480
96118,24
96119,14
96120,0
96121,-256
96122,485
96123,326
96124,-84
96125,1056
96126,-6
96127,-300
96128,36
96129,152
96130,-152
96131,243
96132,-200
96133,-90
96134,108
96135,-240
96136,-216
96137,7
96138,-34
96139,-112
96140,-512
96141,-32
96142,60
96143,-420
96144,152
96145,756
96146,156
96147,44
96148,30
96149,-536
96150,-198
96151,332
96152,54
96153,-196
96154,6
96155,16
96156,-39
96157,-434
96158,-250
96159,-240
96160,560
96161,-12
96162,-648
96163,-48
96164,76
96165,104
96166,219
96167,348
96168,-342
96169,-312
96170,-32
96171,420
96172,144
96173,-708
96174,-60
96175,-132
96176,-126
96177,116
96178,-188
96179,20
96180,-48
96181,-142
96182,-187
96183,-96
96184,-120
96185,160
96186,-432
96187,-30
96188,-64
96189,458
96190,-400
96191,581
96192,56
96193,216
96194,24
96195,-200
96196,-37
96197,288
96198,426
96199,489
96200,495
96201,-288
96202,576
96203,75
96204,68
96205,288
96206,336
96207,-22
96208,135
96209,0
96210,196
96211,-231
96212,-168
96213,-370
96214,18
96215,120
96216,-576
96217,-132
96218,-266
96219,60
96220,-192
96221,167
96222,-120
96223,-515
96224,540
96225,572
96226,565
96227,-423
96228,224
96229,264
96230,288
96231,38
96232,-120
96233,-96
96234,-28
96235,-304
96236,-40
96237,-24
96238,-321
96239,80
96240,-216
96241,64
96242,-358
96243,576
96244,22
96245,-568
96246,-3
96247,-442
96248,-165
96249,-108
96250,492
96251,-40
96252,40
96253,-36
96254,-96
96255,-1152
96256,-405
96257,540
96258,336
96259,244
96260,444
96261,-288
96262,124
96263,-328
96264,0
96265,640
96266,32
96267,152
96268,-324
96269,-17
96270,192
96271,-396
96272,-108
96273,-36
96274,81
96275,319
96276,36
96277,0
96278,-615
96279,126
96280,216
96281,-122
96282,264
96283,-224
96284,-98
96285,48
96286,369
96287,0
96288,240
96289,-24
96290,56
96291,-40
96292,-24
96293,-114
96294,352
96295,-784
96296,6
96297,424
96298,0
96299,-279
96300,132
96301,400
96302,-76
96303,-648
96304,80
96305,768
96306,234
96307,560
96308,0
96309,198
96310,232
96311,36
96312,396
96313,69
96314,4
96315,-840
96316,-50
96317,1080
96318,42
96319,-16
96320,588
96321,-624
96322,-69
96323,616
96324,-64
96325,-1287
96326,216
96327,192
96328,354
96329,470
96330,384
96331,-131
96332,-160
96333,18
96334,56
96335,840
96336,-32
96337,47
96338,24
96339,-360
96340,-28
96341,117
96342,482
96343,330
96344,-366
96345,-236
96346,126
96347,576
96348,-162
96349,-352
96350,891
96351,340
96352,185
96353,594
96354,10
96355,-372
96356,-255
96357,272
96358,416
96359,-112
96360,-192
96361,8
96362,-492
96363,-252
96364,-224
96365,968
96366,336
96367,-162
96368,-80
96369,-360
96370,-864
96371,-552
96372,-61
96373,-378
96374,128
96375,96
96376,-45
96377,-138
96378,16
96379,-459
96380,320
96381,-146
96382,-460
96383,-450
96384,-54
96385,204
96386,-164
96387,0
96388,-252
96389,50
96390,396
96391,-288
96392,135
96393,512
96394,78
96395,180
96396,-56
96397,243
96398,512
96399,-137
96400,-110
96401,530
96402,154
96403,8
96404,96
96405,704
96406,224
96407,180
96408,-240
96409,-14
96410,-1152
96411,462
96412,-182
96413,-238
96414,34
96415,-992
96416,-120
96417,52
96418,-324
96419,444
96420,-120
96421,550
96422,24
96423,84
96424,-36
96425,264
96426,-112
96427,600
96428,84
96429,638
96430,8
96431,-222
96432,-36
96433,-100
96434,330
96435,-184
96436,63
96437,-60
96438,110
96439,-168
96440,600
96441,432
96442,179
96443,-363
96444,144
96445,552
96446,-6
96447,240
96448,84
96449,42
96450,572
96451,2
96452,-96
96453,-129
96454,70
96455,0
96456,432
96457,-245
96458,252
96459,-240
96460,300
96461,561
96462,88
96463,-440
96464,-75
96465,1088
96466,-16
96467,135
96468,-178
96469,74
96470,272
96471,220
96472,675
96473,90
96474,-342
96475,-363
96476,0
96477,-640
96478,236
96479,495
96480,-140
96481,-32
96482,160
96483,216
96484,9
96485,768
96486,320
96487,616
96488,666
96489,27
96490,56
96491,-144
96492,-168
96493,-334
96494,8
96495,432
96496,3
96497,514
96498,48
96499,-252
96500,480
96501,72
96502,48
96503,576
96504,-492
96505,1080
96506,4
96507,-96
96508,80
96509,405
96510,-704
96511,-192
96512,170
96513,280
96514,432
96515,480
96516,-30
96517,240
96518,-254
96519,-272
96520,384
96521,-42
96522,252
96523,-36
96524,-40
96525,-880
96526,-64
96527,-242
96528,128
96529,-396
96530,-72
96531,416
96532,-38
96533,-135
96534,-36
96535,728
96536,-720
96537,240
96538,450
96539,-188
96540,584
96541,-4
96542,28
96543,54
96544,90
96545,-56
96546,160
96547,84
96548,27
96549,144
96550,418
96551,450
96552,-264
96553,-549
96554,400
96555,-1152
96556,48
96557,-137
96558,-120
96559,8
96560,108
96561,-50
96562,17
96563,-440
96564,70
96565,0
96566,-265
96567,402
96568,-240
96569,-116
96570,-24
96571,456
96572,-282
96573,-306
96574,153
96575,-616
96576,84
96577,480
96578,308
96579,16
96580,128
96581,-606
96582,232
96583,264
96584,165
96585,-216
96586,-339
96587,337
96588,69
96589,266
96590,200
96591,656
96592,97
96593,-408
96594,336
96595,32
96596,-324
96597,-26
96598,-170
96599,120
96600,-1584
96601,-76
96602,-268
96603,70
96604,-52
96605,-468
96606,264
96607,-18
96608,-350
96609,140
96610,104
96611,258
96612,-216
96613,-312
96614,-336
96615,-32
96616,0
96617,390
96618,228
96619,45
96620,40
96621,-504
96622,136
96623,880
96624,-32
96625,-528
96626,-154
96627,810
96628,-12
96629,-495
96630,-440
96631,-90
96632,54
96633,231
96634,324
96635,432
96636,172
96637,-126
96638,-48
96639,248
96640,36
96641,270
96642,120
96643,459
96644,-66
96645,96
96646,0
96647,-48
96648,72
96649,282
96650,-792
96651,-13
96652,52
96653,392
96654,0
96655,180
96656,-138
96657,32
96658,72
96659,-20
96660,-64
96661,-326
96662,-300
96663,-366
96664,630
96665,712
96666,416
96667,56
96668,-20
96669,288
96670,348
96671,-304
96672,200
96673,-56
96674,146
96675,-880
96676,-173
96677,-116
96678,-27
96679,-135
96680,744
96681,210
96682,-54
96683,255
96684,-312
96685,-640
96686,114
96687,-392
96688,-4
96689,216
96690,-288
96691,-96
96692,40
96693,-320
96694,245
96695,396
96696,-90
96697,236
96698,339
96699,426
96700,-440
96701,256
96702,198
96703,382
96704,-154
96705,-384
96706,-107
96707,140
96708,112
96709,744
96710,384
96711,-112
96712,-576
96713,120
96714,100
96715,-800
96716,-115
96717,-256
96718,54
96719,-621
96720,-360
96721,713
96722,-36
96723,216
96724,-62
96725,-110
96726,-270
96727,180
96728,72
96729,312
96730,12
96731,-220
96732,-29
96733,30
96734,-352
96735,-112
96736,-160
96737,-40
96738,-288
96739,-219
96740,-480
96741,332
96742,72
96743,0
96744,192
96745,448
96746,-15
96747,144
96748,21
96749,274
96750,168
96751,-90
96752,-72
96753,-528
96754,54
96755,60
96756,104
96757,-141
96758,18
96759,-140
96760,864
96761,672
96762,224
96763,-56
96764,144
96765,784
96766,-121
96767,256
96768,-132
96769,-523
96770,112
96771,-362
96772,-140
96773,-162
96774,126
96775,220
96776,114
96777,-34
96778,-180
96779,69
96780,-144
96781,225
96782,-216
96783,104
96784,-168
96785,-540
96786,-64
96787,-483
96788,18
96789,648
96790,440
96791,27
96792,-306
96793,35
96794,-17
96795,1056
96796,102
96797,482
96798,60
96799,-4
96800,275
96801,-324
96802,80
96803,90
96804,88
96805,192
96806,-336
96807,-656
96808,-300
96809,-54
96810,-528
96811,-240
96812,-96
96813,9
96814,17
96815,224
96816,-14
96817,-222
96818,-210
96819,432
96820,576
96821,24
96822,-16
96823,314
96824,120
96825,-880
96826,-84
96827,63
96828,-118
96829,162
96830,-224
96831,-30
96832,0
96833,160
96834,28
96835,96
96836,-63
96837,0
96838,27
96839,-4
96840,228
96841,114
96842,-585
96843,112
96844,324
96845,-552
96846,56
96847,-128
96848,-9
96849,-288
96850,440
96851,95
96852,156
96853,-792
96854,40
96855,-1152
96856,54
96857,-144
96858,44
96859,-18
96860,64
96861,-450
96862,-120
96863,-135
96864,-540
96865,-576
96866,108
96867,-18
96868,-176
96869,-64
96870,-104
96871,104
96872,78
96873,-36
96874,-237
96875,396
96876,440
96877,-128
96878,-192
96879,-168
96880,48
96881,-16
96882,-140
96883,-432
96884,-125
96885,-132
96886,-180
96887,-180
96888,48
96889,-20
96890,-72
96891,-44
96892,-80
96893,86
96894,-132
96895,-96
96896,42
96897,-72
96898,-276
96899,-320
96900,264
96901,-408
96902,-40
96903,-144
96904,-303
96905,476
96906,-306
96907,-289
96908,174
96909,-38
96910,288
96911,312
96912,4
96913,-280
96914,243
96915,-1080
96916,-32
96917,-102
96918,-8
96919,4
96920,-228
96921,0
96922,112
96923,-720
96924,-162
96925,968
96926,-322
96927,-492
96928,275
96929,-264
96930,-384
96931,-324
96932,-284
96933,100
96934,-213
96935,640
96936,-252
96937,-360
96938,4
96939,-70
96940,36
96941,-230
96942,72
96943,144
96944,-18
96945,-1920
96946,-150
96947,104
96948,-54
96949,-336
96950,-462
96951,396
96952,-183
96953,-117
96954,80
96955,192
96956,78
96957,156
96958,-116
96959,-450
96960,-112
96961,306
96962,-162
96963,132
96964,-24
96965,-1008
96966,-128
96967,-10
96968,-648
96969,102
96970,-104
96971,-72
96972,224
96973,346
96974,-342
96975,66
96976,-32
96977,-252
96978,270
96979,-116
96980,40
96981,484
96982,53
96983,234
96984,-312
96985,36
96986,-324
96987,88
96988,78
96989,-430
96990,-320
96991,-192
96992,15
96993,190
96994,-87
96995,48
96996,-48
96997,230
96998,76
96999,-432
97000,-864
97001,103
97002,60
97003,208
97004,-222
97005,128
97006,-324
97007,-141
97008,126
97009,-320
97010,0
97011,-336
97012,-320
97013,-666
97014,192
97015,824
97016,-42
97017,36
97018,32
97019,-120
97020,32
97021,220
97022,64
97023,352
97024,-68
97025,-649
97026,512
97027,216
97028,0
97029,-131
97030,-288
97031,524
97032,960
97033,260
97034,144
97035,744
97036,-162
97037,928
97038,-77
97039,-600
97040,-224
97041,492
97042,135
97043,90
97044,-80
97045,-200
97046,198
97047,189
97048,-234
97049,144
97050,22
97051,-168
97052,180
97053,-96
97054,173
97055,-864
97056,115
97057,-486
97058,-445
97059,404
97060,768
97061,-100
97062,-264
97063,48
97064,-552
97065,-288
97066,-291
97067,-90
97068,-32
97069,240
97070,252
97071,120
97072,3
97073,-74
97074,74
97075,-528
97076,138
97077,-16
97078,232
97079,-120
97080,1056
97081,-10
97082,-10
97083,-168
97084,40
97085,412
97086,-456
97087,-378
97088,-189
97089,-342
97090,-96
97091,460
97092,72
97093,-78
97094,42
97095,-952
97096,30
97097,720
97098,20
97099,0
97100,-418
97101,82
97102,9
97103,348
97104,-48
97105,56
97106,-144
97107,594
97108,-60
97109,-57
97110,180
97111,-483
97112,-240
97113,280
97114,-64
97115,-64
97116,24
97117,-20
97118,50
97119,748
97120,-560
97121,54
97122,-184
97123,450
97124,-90
97125,432
97126,435
97127,-248
97128,-108
97129,-1152
97130,-416
97131,162
97132,48
97133,12
97134,-136
97135,-784
97136,-180
97137,63
97138,6
97139,-618
97140,456
97141,-124
97142,-4
97143,0
97144,243
97145,256
97146,24
97147,-280
97148,-8
97149,450
97150,154
97151,-322
97152,-192
97153,-441
97154,315
97155,-96
97156,-132
97157,-124
97158,-72
97159,26
97160,-36
97161,352
97162,30
97163,-48
97164,69
97165,904
97166,324
97167,-8
97168,-115
97169,186
97170,-720
97171,-200
97172,114
97173,-256
97174,216
97175,-1056
97176,-612
97177,-296
97178,-424
97179,32
97180,-56
97181,-396
97182,30
97183,-112
97184,125
97185,-1152
97186,-6
97187,-303
97188,0
97189,-405
97190,-356
97191,98
97192,27
97193,-288
97194,192
97195,108
97196,-136
97197,16
97198,-184
97199,-252
97200,-110
97201,610
97202,-45
97203,-358
97204,-52
97205,836
97206,-108
97207,-12
97208,162
97209,132
97210,-80
97211,747
97212,64
97213,526
97214,-100
97215,-800
97216,-126
97217,-161
97218,80
97219,0
97220,12
97221,320
97222,416
97223,-252
97224,-510
97225,297
97226,120
97227,280
97228,136
97229,184
97230,384
97231,292
97232,-128
97233,-180
97234,-96
97235,-668
97236,-6
97237,-54
97238,58
97239,452
97240,-720
97241,548
97242,-200
97243,-117
97244,72
97245,-60
97246,342
97247,378
97248,-190
97249,-320
97250,-600
97251,168
97252,180
97253,30
97254,-296
97255,40
97256,-345
97257,6
97258,-177
97259,136
97260,528
97261,480
97262,-120
97263,24
97264,-96
97265,-176
97266,-140
97267,-864
97268,-158
97269,-48
97270,-108
97271,528
97272,-180
97273,288
97274,-54
97275,-902
97276,81
97277,0
97278,-90
97279,735
97280,-368
97281,451
97282,80
97283,-324
97284,70
97285,-600
97286,0
97287,392
97288,-153
97289,-192
97290,-288
97291,288
97292,-230
97293,108
97294,-239
97295,-256
97296,74
97297,-176
97298,161
97299,-4
97300,-528
97301,30
97302,84
97303,-49
97304,-444
97305,-1120
97306,-212
97307,-252
97308,60
97309,126
97310,252
97311,20
97312,390
97313,-208
97314,104
97315,808
97316,159
97317,112
97318,-180
97319,640
97320,-1080
97321,273
97322,-366
97323,242
97324,-48
97325,66
97326,112
97327,-22
97328,-120
97329,-620
97330,640
97331,345
97332,-118
97333,30
97334,36
97335,768
97336,432
97337,612
97338,-134
97339,-24
97340,-576
97341,450
97342,-45
97343,256
97344,84
97345,108
97346,81
97347,102
97348,-222
97349,-330
97350,704
97351,42
97352,-336
97353,-4
97354,386
97355,1028
97356,192
97357,-710
97358,-181
97359,432
97360,-168
97361,-160
97362,308
97363,-32
97364,20
97365,-16
97366,0
97367,-9
97368,-384
97369,458
97370,-720
97371,-36
97372,-24
97373,-469
97374,180
97375,864
97376,-60
97377,-156
97378,38
97379,261
97380,4
97381,13
97382,-32
97383,-440
97384,243
97385,-520
97386,316
97387,-207
97388,-108
97389,224
97390,-544
97391,198
97392,-2
97393,-184
97394,-176
97395,-168
97396,-320
97397,-126
97398,66
97399,-36
97400,924
97401,-428
97402,-162
97403,8
97404,-276
97405,480
97406,12
97407,30
97408,18
97409,320
97410,0
97411,-84
97412,135
97413,528
97414,-90
97415,-1032
97416,432
97417,528
97418,-56
97419,522
97420,48
97421,-54
97422,-590
97423,100
97424,-98
97425,11
97426,-381
97427,-204
97428,192
97429,-74
97430,-88
97431,-720
97432,-108
97433,-702
97434,-38
97435,0
97436,-66
97437,-660
97438,448
97439,-288
97440,240
97441,222
97442,-324
97443,270
97444,-144
97445,228
97446,-272
97447,150
97448,180
97449,-232
97450,-66
97451,-256
97452,92
97453,-358
97454,-315
97455,0
97456,100
97457,-207
97458,-48
97459,430
97460,-144
97461,-30
97462,46
97463,-5
97464,-162
97465,160
97466,193
97467,40
97468,-15
97469,32
97470,48
97471,-360
97472,28
97473,-264
97474,-40
97475,66
97476,-132
97477,-636
97478,-216
97479,-160
97480,-828
97481,-56
97482,576
97483,-567
97484,-168
97485,-672
97486,-40
97487,-415
97488,-12
97489,156
97490,108
97491,122
97492,136
97493,728
97494,-100
97495,324
97496,-18
97497,-512
97498,80
97499,384
97500,-410
97501,516
97502,29
97503,-546
97504,-280
97505,724
97506,26
97507,-30
97508,104
97509,-234
97510,-80
97511,132
97512,432
97513,-168
97514,226
97515,-144
97516,115
97517,576
97518,148
97519,92
97520,160
97521,-36
97522,-284
97523,-340
97524,-231
97525,-891
97526,225
97527,128
97528,-48
97529,-231
97530,168
97531,366
97532,-27
97533,162
97534,144
97535,-200
97536,272
97537,76
97538,-30
97539,-720
97540,-168
97541,896
97542,-12
97543,624
97544,0
97545,0
97546,36
97547,143
97548,-144
97549,-322
97550,-704
97551,8
97552,105
97553,366
97554,-36
97555,-272
97556,108
97557,180
97558,-314
97559,16
97560,-96
97561,-118
97562,223
97563,432
97564,238
97565,800
97566,-96
97567,-525
97568,475
97569,-27
97570,240
97571,453
97572,-72
97573,315
97574,-184
97575,-594
97576,390
97577,332
97578,-320
97579,-452
97580,-324
97581,-80
97582,72
97583,-284
97584,-96
97585,32
97586,-224
97587,-114
97588,-162
97589,416
97590,16
97591,-820
97592,648
97593,272
97594,-441
97595,96
97596,64
97597,-198
97598,-124
97599,-472
97600,616
97601,0
97602,372
97603,-576
97604,-110
97605,440
97606,0
97607,16
97608,108
97609,500
97610,-308
97611,-132
97612,-240
97613,442
97614,24
97615,-408
97616,-47
97617,700
97618,184
97619,567
97620,-416
97621,27
97622,24
97623,-68
97624,-360
97625,-864
97626,320
97627,297
97628,258
97629,372
97630,-240
97631,-111
97632,40
97633,0
97634,326
97635,1024
97636,-240
97637,-7
97638,152
97639,-225
97640,528
97641,-84
97642,190
97643,-90
97644,-320
97645,-832
97646,-8
97647,-190
97648,-72
97649,250
97650,-297
97651,107
97652,66
97653,-196
97654,-512
97655,-476
97656,240
97657,48
97658,-640
97659,-52
97660,32
97661,96
97662,396
97663,-352
97664,153
97665,240
97666,-405
97667,-80
97668,97
97669,720
97670,-696
97671,654
97672,42
97673,-164
97674,-32
97675,-176
97676,133
97677,150
97678,-6
97679,240
97680,-96
97681,216
97682,-96
97683,-592
97684,-52
97685,-240
97686,91
97687,317
97688,207
97689,56
97690,188
97691,-432
97692,-264
97693,-384
97694,164
97695,160
97696,-315
97697,-3
97698,-456
97699,216
97700,-594
97701,176
97702,180
97703,324
97704,-192
97705,-1080
97706,-124
97707,520
97708,50
97709,200
97710,736
97711,-584
97712,81
97713,-432
97714,-126
97715,4
97716,-54
97717,192
97718,40
97719,-306
97720,144
97721,115
97722,0
97723,320
97724,128
97725,-176
97726,-6
97727,-672
97728,336
97729,370
97730,-184
97731,-118
97732,-110
97733,246
97734,-120
97735,256
97736,312
97737,156
97738,-414
97739,-553
97740,32
97741,168
97742,200
97743,90
97744,-72
97745,-32
97746,-256
97747,160
97748,-234
97749,170
97750,576
97751,-120
97752,-438
97753,-308
97754,-150
97755,-480
97756,44
97757,48
97758,10
97759,-48
97760,-900
97761,-482
97762,459
97763,104
97764,192
97765,732
97766,319
97767,-297
97768,30
97769,-576
97770,-296
97771,-108
97772,-52
97773,1360
97774,-324
97775,891
97776,36
97777,130
97778,212
97779,-720
97780,120
97781,168
97782,56
97783,48
97784,-162
97785,-180
97786,-65
97787,-563
97788,120
97789,0
97790,-384
97791,108
97792,0
97793,-72
97794,-256
97795,120
97796,-16
97797,426
97798,300
97799,120
97800,-66
97801,-60
97802,-70
97803,165
97804,-56
97805,648
97806,436
97807,720
97808,-51
97809,-20
97810,96
97811,0
97812,80
97813,46
97814,164
97815,-360
97816,87
97817,64
97818,-54
97819,-432
97820,56
97821,-176
97822,304
97823,-244
97824,120
97825,1155
97826,189
97827,620
97828,-6
97829,-152
97830,-104
97831,24
97832,369
97833,-644
97834,-16
97835,624
97836,378
97837,-66
97838,225
97839,-123
97840,156
97841,225
97842,64
97843,-517
97844,-216
97845,640
97846,60
97847,330
97848,99
97849,491
97850,-704
97851,-480
97852,102
97853,-52
97854,-18
97855,-900
97856,448
97857,27
97858,2
97859,234
97860,264
97861,83
97862,-72
97863,416
97864,675
97865,-492
97866,-114
97867,972
97868,-7
97869,48
97870,148
97871,46
97872,-14
97873,-648
97874,84
97875,-192
97876,-171
97877,780
97878,-72
97879,-448
97880,972
97881,480
97882,-442
97883,184
97884,48
97885,416
97886,-105
97887,392
97888,-480
97889,-220
97890,360
97891,-40
97892,-69
97893,-16
97894,-270
97895,-300
97896,30
97897,64
97898,18
97899,310
97900,0
97901,-126
97902,24
97903,135
97904,48
97905,-768
97906,90
97907,-112
97908,-180
97909,243
97910,-532
97911,224
97912,-198
97913,-108
97914,208
97915,-264
97916,285
97917,-32
97918,-64
97919,-71
97920,36
97921,2
97922,408
97923,-60
97924,-145
97925,-418
97926,360
97927,11
97928,-291
97929,450
97930,-312
97931,551
97932,-182
97933,256
97934,48
97935,40
97936,57
97937,72
97938,108
97939,-66
97940,-288
97941,288
97942,315
97943,-32
97944,-360
97945,432
97946,-110
97947,-127
97948,-153
97949,-306
97950,-484
97951,-38
97952,310
97953,640
97954,-147
97955,240
97956,48
97957,256
97958,-54
97959,-188
97960,-1080
97961,-238
97962,36
97963,28
97964,-160
97965,384
97966,64
97967,54
97968,-160
97969,-249
97970,-96
97971,32
97972,-114
97973,-115
97974,-25
97975,-396
97976,234
97977,240
97978,174
97979,-702
97980,576
97981,790
97982,233
97983,0
97984,-301
97985,-384
97986,-360
97987,-263
97988,-36
97989,0
97990,864
97991,306
97992,30
97993,420
97994,505
97995,-1152
97996,-25
97997,-30
97998,-92
97999,-96
98000,48
98001,18
98002,-308
98003,-960
98004,96
98005,-312
98006,176
98007,720
98008,-18
98009,308
98010,220
98011,-250
98012,24
98013,-156
98014,198
98015,-24
98016,30
98017,-230
98018,-216
98019,-12
98020,96
98021,336
98022,-300
98023,585
98024,294
98025,-396
98026,-672
98027,120
98028,-75
98029,-288
98030,-600
98031,-216
98032,-8
98033,640
98034,264
98035,636
98036,-96
98037,248
98038,183
98039,60
98040,672
98041,-28
98042,216
98043,728
98044,-160
98045,-248
98046,135
98047,243
98048,-170
98049,64
98050,-165
98051,-261
98052,-138
98053,-360
98054,-172
98055,208
98056,432
98057,479
98058,-224
98059,-440
98060,-416
98061,-360
98062,-64
98063,-87
98064,44
98065,-1056
98066,-77
98067,552
98068,25
98069,120
98070,-864
98071,-76
98072,1080
98073,27
98074,354
98075,-638
98076,80
98077,-264
98078,0
98079,358
98080,-80
98081,-39
98082,-26
98083,560
98084,54
98085,240
98086,-207
98087,120
98088,336
98089,378
98090,168
98091,-132
98092,12
98093,77
98094,142
98095,800
98096,-48
98097,-40
98098,300
98099,42
98100,187
98101,-418
98102,-16
98103,-40
98104,-498
98105,1260
98106,-162
98107,60
98108,-123
98109,100
98110,-328
98111,405
98112,-84
98113,522
98114,-47
98115,1728
98116,-160
98117,-280
98118,-320
98119,-108
98120,384
98121,376
98122,-360
98123,-433
98124,-90
98125,656
98126,21
98127,58
98128,-96
98129,-45
98130,648
98131,225
98132,-234
98133,-24
98134,-192
98135,16
98136,54
98137,760
98138,109
98139,-132
98140,-216
98141,216
98142,-72
98143,-428
98144,-310
98145,128
98146,495
98147,152
98148,24
98149,-584
98150,-165
98151,-66
98152,-246
98153,276
98154,-108
98155,252
98156,80
98157,-426
98158,288
98159,-288
98160,40
98161,36
98162,276
98163,-120
98164,-384
98165,-96
98166,-496
98167,0
98168,-558
98169,-84
98170,-248
98171,176
98172,20
98173,-332
98174,0
98175,-792
98176,-120
98177,414
98178,86
98179,-19
98180,-552
98181,-2
98182,426
98183,-504
98184,-42
98185,-152
98186,-56
98187,-768
98188,-47
98189,324
98190,-96
98191,-72
98192,9
98193,396
98194,-18
98195,-324
98196,32
98197,80
98198,156
98199,-208
98200,-660
98201,16
98202,120
98203,420
98204,-99
98205,784
98206,336
98207,216
98208,-180
98209,255
98210,768
98211,592
98212,-147
98213,-110
98214,-88
98215,-440
98216,171
98217,-24
98218,180
98219,-220
98220,264
98221,295
98222,91
98223,24
98224,51
98225,-605
98226,-144
98227,124
98228,300
98229,-144
98230,576
98231,261
98232,108
98233,656
98234,130
98235,96
98236,63
98237,-480
98238,306
98239,-180
98240,-896
98241,80
98242,13
98243,-96
98244,-86
98245,-216
98246,264
98247,380
98248,-288
98249,160
98250,144
98251,211
98252,-30
98253,616
98254,220
98255,-700
98256,0
98257,-35
98258,-8
98259,-342
98260,-300
98261,-228
98262,80
98263,-24
98264,-108
98265,704
98266,-45
98267,620
98268,48
98269,-279
98270,720
98271,-32
98272,135
98273,-96
98274,216
98275,-660
98276,320
98277,-486
98278,-104
98279,704
98280,-720
98281,50
98282,-128
98283,354
98284,189
98285,-192
98286,428
98287,-216
98288,72
98289,-7
98290,-456
98291,-11
98292,136
98293,-305
98294,-48
98295,736
98296,96
98297,-559
98298,-56
98299,470
98300,-308
98301,162
98302,208
98303,252
98304,-186
98305,-344
98306,-200
98307,-416
98308,-12
98309,261
98310,32
98311,147
98312,144
98313,184
98314,288
98315,336
98316,58
98317,-3
98318,612
98319,-80
98320,184
98321,298
98322,-210
98323,412
98324,-45
98325,-352
98326,264
98327,-192
98328,180
98329,-540
98330,272
98331,-104
98332,-360
98333,-216
98334,-308
98335,504
98336,120
98337,-350
98338,284
98339,-80
98340,256
98341,-399
98342,372
98343,16
98344,12
98345,0
98346,54
98347,464
98348,-392
98349,-630
98350,990
98351,136
98352,36
98353,-456
98354,74
98355,720
98356,-14
98357,-69
98358,288
98359,-216
98360,576
98361,-144
98362,-252
98363,-288
98364,-192
98365,0
98366,72
98367,72
98368,-70
98369,469
98370,-40
98371,-1080
98372,-99
98373,80
98374,56
98375,432
98376,-360
98377,-410
98378,12
98379,-78
98380,-392
98381,-36
98382,-368
98383,39
98384,-140
98385,288
98386,26
98387,396
98388,-212
98389,122
98390,672
98391,188
98392,54
98393,144
98394,738
98395,-1056
98396,144
98397,125
98398,201
98399,426
98400,990
98401,-16
98402,-214
98403,172
98404,-46
98405,124
98406,108
98407,103
98408,-219
98409,-668
98410,-280
98411,335
98412,-256
98413,252
98414,428
98415,-88
98416,20
98417,-800
98418,72
98419,254
98420,144
98421,-70
98422,384
98423,-70
98424,162
98425,-792
98426,-78
98427,-714
98428,332
98429,-6
98430,480
98431,20
98432,132
98433,136
98434,0
98435,-128
98436,-180
98437,-4
98438,180
98439,-512
98440,1152
98441,531
98442,-36
98443,133
98444,-76
98445,-80
98446,26
98447,-90
98448,-54
98449,315
98450,-176
98451,60
98452,3
98453,-246
98454,-304
98455,288
98456,594
98457,90
98458,-240
98459,605
98460,108
98461,212
98462,-15
98463,864
98464,30
98465,-972
98466,14
98467,-332
98468,384
98469,-204
98470,56
98471,-320
98472,-48
98473,68
98474,0
98475,-220
98476,-153
98477,72
98478,-88
98479,577
98480,-128
98481,-228
98482,369
98483,156
98484,-64
98485,1048
98486,-472
98487,108
98488,-840
98489,-16
98490,112
98491,22
98492,136
98493,562
98494,-72
98495,-196
98496,-308
98497,384
98498,150
98499,276
98500,216
98501,465
98502,-6
98503,54
98504,252
98505,-160
98506,111
98507,222
98508,122
98509,-264
98510,24
98511,-708
98512,27
98513,-140
98514,35
98515,-384
98516,0
98517,670
98518,297
98519,-232
98520,-576
98521,-36
98522,44
98523,0
98524,-136
98525,-297
98526,210
98527,-240
98528,-300
98529,24
98530,256
98531,39
98532,72
98533,269
98534,32
98535,-440
98536,102
98537,864
98538,80
98539,128
98540,-80
98541,-166
98542,-28
98543,-225
98544,32
98545,224
98546,-12
98547,768
98548,9
98549,288
98550,88
98551,64
98552,288
98553,-90
98554,-360
98555,1824
98556,0
98557,399
98558,-63
98559,99
98560,816
98561,-562
98562,-124
98563,374
98564,-252
98565,-1096
98566,-120
98567,27
98568,84
98569,-50
98570,-68
98571,256
98572,-164
98573,-70
98574,-282
98575,407
98576,16
98577,462
98578,-368
98579,-160
98580,-360
98581,573
98582,32
98583,432
98584,432
98585,832
98586,66
98587,-640
98588,12
98589,32
98590,-656
98591,96
98592,500
98593,84
98594,-162
98595,96
98596,-99
98597,102
98598,128
98599,273
98600,-198
98601,-608
98602,18
98603,66
98604,-144
98605,-540
98606,-90
98607,436
98608,-129
98609,-384
98610,128
98611,378
98612,0
98613,67
98614,-215
98615,20
98616,-648
98617,36
98618,455
98619,-288
98620,-228
98621,86
98622,-122
98623,120
98624,-392
98625,-1008
98626,-464
98627,-80
98628,28
98629,-32
98630,-240
98631,-600
98632,-252
98633,140
98634,-240
98635,-696
98636,32
98637,-128
98638,208
98639,-360
98640,12
98641,-236
98642,189
98643,54
98644,-120
98645,136
98646,486
98647,56
98648,384
98649,-24
98650,-638
98651,-342
98652,170
98653,450
98654,264
98655,616
98656,-60
98657,550
98658,60
98659,632
98660,-8
98661,466
98662,123
98663,-371
98664,474
98665,720
98666,292
98667,-56
98668,69
98669,-562
98670,1280
98671,-590
98672,54
98673,-540
98674,144
98675,-308
98676,51
98677,-108
98678,99
98679,-144
98680,-444
98681,308
98682,-448
98683,540
98684,-219
98685,336
98686,-40
98687,-162
98688,12
98689,129
98690,-576
98691,-280
98692,24
98693,-96
98694,103
98695,-384
98696,-72
98697,-144
98698,-352
98699,12
98700,-594
98701,0
98702,312
98703,-248
98704,90
98705,-720
98706,-104
98707,-576
98708,243
98709,-470
98710,-64
98711,346
98712,300
98713,-113
98714,108
98715,-240
98716,48
98717,106
98718,106
98719,-39
98720,80
98721,-105
98722,210
98723,38
98724,8
98725,1056
98726,274
98727,478
98728,-567
98729,74
98730,-240
98731,-479
98732,-240
98733,320
98734,89
98735,-360
98736,30
98737,42
98738,-198
98739,-440
98740,432
98741,-207
98742,-192
98743,276
98744,393
98745,-176
98746,288
98747,0
98748,-120
98749,-207
98750,410
98751,-478
98752,308
98753,144
98754,102
98755,1024
98756,72
98757,18
98758,-72
98759,-456
98760,-192
98761,540
98762,-64
98763,-384
98764,204
98765,168
98766,288
98767,-64
98768,122
98769,144
98770,-324
98771,-399
98772,-220
98773,-49
98774,-30
98775,88
98776,-204
98777,-144
98778,-4
98779,-79
98780,416
98781,-208
98782,-144
98783,-84
98784,-75
98785,-1440
98786,-84
98787,-240
98788,133
98789,-72
98790,0
98791,-312
98792,-165
98793,12
98794,-45
98795,-280
98796,158
98797,-576
98798,258
98799,-330
98800,220
98801,-296
98802,112
98803,-184
98804,-18
98805,1080
98806,200
98807,-128
98808,192
98809,452
98810,360
98811,-156
98812,138
98813,800
98814,140
98815,-472
98816,-220
98817,152
98818,-160
98819,120
98820,-352
98821,198
98822,182
98823,126
98824,528
98825,-616
98826,60
98827,117
98828,-108
98829,160
98830,-44
98831,-400
98832,36
98833,-14
98834,144
98835,224
98836,-208
98837,438
98838,-32
98839,30
98840,-432
98841,-324
98842,24
98843,144
98844,-176
98845,-40
98846,176
98847,-60
98848,420
98849,118
98850,-198
98851,-450
98852,-330
98853,-396
98854,-768
98855,528
98856,189
98857,-140
98858,-84
98859,-36
98860,-228
98861,-168
98862,-284
98863,204
98864,-24
98865,-20
98866,380
98867,-420
98868,-288
98869,-266
98870,-16
98871,278
98872,72
98873,404
98874,-72
98875,-144
98876,-108
98877,768
98878,-540
98879,0
98880,-896
98881,-528
98882,108
98883,-104
98884,-216
98885,-352
98886,90
98887,-120
98888,-567
98889,252
98890,288
98891,240
98892,63
98893,-590
98894,-81
98895,-32
98896,-78
98897,-454
98898,-320
98899,165
98900,-616
98901,120
98902,-73
98903,270
98904,-600
98905,-36
98906,-246
98907,-348
98908,80
98909,-266
98910,-192
98911,452
98912,600
98913,-466
98914,-9
98915,64
98916,-20
98917,-390
98918,307
98919,8
98920,288
98921,567
98922,156
98923,492
98924,-144
98925,0
98926,141
98927,402
98928,-8
98929,-454
98930,-120
98931,16
98932,161
98933,-288
98934,0
98935,-252
98936,216
98937,136
98938,0
98939,-452
98940,288
98941,-28
98942,360
98943,560
98944,-66
98945,-96
98946,-192
98947,294
98948,-50
98949,296
98950,-396
98951,-40
98952,-648
98953,189
98954,227
98955,-208
98956,80
98957,-405
98958,-270
98959,-504
98960,128
98961,-336
98962,80
98963,368
98964,10
98965,-760
98966,36
98967,-256
98968,0
98969,-1040
98970,-352
98971,-36
98972,-187
98973,54
98974,-243
98975,-396
98976,270
98977,108
98978,-25
98979,-256
98980,-16
98981,-237
98982,-495
98983,-800
98984,-126
98985,240
98986,364
98987,-120
98988,8
98989,396
98990,272
98991,-3
98992,152
98993,-235
98994,-84
98995,80
98996,114
98997,-362
98998,210
98999,-224
99000,288
99001,147
99002,-192
99003,-16
99004,-180
99005,-540
99006,4
99007,54
99008,-315
99009,320
99010,-608
99011,440
99012,48
99013,-45
99014,-594
99015,1728
99016,-234
99017,-155
99018,-135
99019,-189
99020,144
99021,400
99022,-312
99023,247
99024,-68
99025,-363
99026,-126
99027,-205
99028,-32
99029,126
99030,-128
99031,160
99032,-564
99033,656
99034,-108
99035,288
99036,-36
99037,36
99038,-264
99039,-462
99040,140
99041,-70
99042,-228
99043,141
99044,20
99045,324
99046,258
99047,-540
99048,-396
99049,183
99050,-528
99051,-60
99052,-58
99053,-57
99054,121
99055,1184
99056,27
99057,0
99058,-82
99059,-336
99060,320
99061,128
99062,292
99063,-429
99064,-144
99065,-728
99066,-320
99067,288
99068,25
99069,-32
99070,-128
99071,174
99072,119
99073,-290
99074,154
99075,1100
99076,-243
99077,-508
99078,-92
99079,-110
99080,84
99081,34
99082,-192
99083,4
99084,-384
99085,384
99086,240
99087,-562
99088,36
99089,178
99090,-32
99091,-54
99092,156
99093,-84
99094,-212
99095,704
99096,156
99097,-558
99098,-302
99099,-75
99100,-275
99101,-34
99102,-180
99103,276
99104,-20
99105,72
99106,57
99107,1152
99108,-31
99109,262
99110,240
99111,-484
99112,270
99113,432
99114,-438
99115,-616
99116,-36
99117,308
99118,148
99119,-609
99120,192
99121,-280
99122,-132
99123,216
99124,203
99125,960
99126,-135
99127,120
99128,561
99129,0
99130,192
99131,-50
99132,-96
99133,-293
99134,-72
99135,-284
99136,-266
99137,572
99138,810
99139,308
99140,184
99141,-648
99142,-180
99143,-376
99144,-117
99145,360
99146,0
99147,548
99148,-60
99149,-57
99150,-44
99151,210
99152,-12
99153,72
99154,344
99155,276
99156,-320
99157,2
99158,-182
99159,-70
99160,252
99161,384
99162,-54
99163,230
99164,-5
99165,-896
99166,56
99167,-42
99168,10
99169,675
99170,-864
99171,-8
99172,144
99173,331
99174,418
99175,-264
99176,192
99177,810
99178,108
99179,-320
99180,32
99181,135
99182,-40
99183,270
99184,-26
99185,-864
99186,128
99187,288
99188,-6
99189,192
99190,-1020
99191,4
99192,-324
99193,-360
99194,395
99195,600
99196,-94
99197,90
99198,128
99199,352
99200,297
99201,-616
99202,40
99203,-432
99204,390
99205,0
99206,16
99207,6
99208,417
99209,-256
99210,672
99211,510
99212,132
99213,-256
99214,16
99215,-848
99216,-25
99217,-162
99218,-24
99219,-72
99220,-180
99221,-160
99222,288
99223,276
99224,-480
99225,-242
99226,280
99227,224
99228,-232
99229,-390
99230,-488
99231,-864
99232,-135
99233,-482
99234,-24
99235,0
99236,171
99237,-16
99238,200
99239,-126
99240,-672
99241,570
99242,20
99243,-9
99244,-98
99245,1472
99246,-288
99247,416
99248,-47
99249,-318
99250,-528
99251,64
99252,-72
99253,480
99254,-83
99255,960
99256,-264
99257,159
99258,198
99259,-134
99260,48
99261,-171
99262,-108
99263,-330
99264,504
99265,24
99266,-213
99267,12
99268,-360
99269,320
99270,-184
99271,-207
99272,-603
99273,-194
99274,38
99275,-132
99276,148
99277,458
99278,-26
99279,320
99280,24
99281,-360
99282,66
99283,-56
99284,-13
99285,472
99286,-328
99287,315
99288,-81
99289,-62
99290,-280
99291,-544
99292,160
99293,324
99294,280
99295,-1008
99296,-120
99297,-96
99298,12
99299,-901
99300,-572
99301,280
99302,-108
99303,540
99304,-153
99305,616
99306,-44
99307,-80
99308,-96
99309,-588
99310,560
99311,-207
99312,26
99313,260
99314,-192
99315,-60
99316,204
99317,570
99318,-378
99319,-264
99320,0
99321,228
99322,-60
99323,74
99324,0
99325,66
99326,108
99327,36
99328,-276
99329,234
99330,-672
99331,420
99332,-72
99333,320
99334,158
99335,-88
99336,12
99337,96
99338,-40
99339,-120
99340,272
99341,120
99342,-72
99343,171
99344,45
99345,-96
99346,240
99347,60
99348,-168
99349,-175
99350,-176
99351,108
99352,72
99353,-20
99354,84
99355,324
99356,-56
99357,-144
99358,-81
99359,-705
99360,640
99361,63
99362,-28
99363,-296
99364,-14
99365,-288
99366,184
99367,-212
99368,57
99369,16
99370,80
99371,-131
99372,48
99373,-308
99374,36
99375,410
99376,-141
99377,20
99378,-62
99379,330
99380,-224
99381,768
99382,90
99383,128
99384,108
99385,1280
99386,-54
99387,-50
99388,159
99389,-360
99390,16
99391,-332
99392,-287
99393,-216
99394,-243
99395,1280
99396,36
99397,-342
99398,-130
99399,36
99400,-891
99401,252
99402,454
99403,0
99404,-13
99405,-136
99406,-120
99407,480
99408,-136
99409,-194
99410,300
99411,-300
99412,-114
99413,0
99414,-252
99415,736
99416,-168
99417,-882
99418,-148
99419,87
99420,104
99421,-2
99422,257
99423,-114
99424,-600
99425,1188
99426,44
99427,-444
99428,105
99429,192
99430,32
99431,190
99432,87
99433,120
99434,63
99435,-1344
99436,64
99437,535
99438,-188
99439,161
99440,32
99441,64
99442,0
99443,-336
99444,272
99445,536
99446,216
99447,10
99448,729
99449,-594
99450,-165
99451,-348
99452,369
99453,16
99454,352
99455,232
99456,54
99457,-16
99458,-159
99459,-14
99460,-300
99461,120
99462,-30
99463,-150
99464,-198
99465,128
99466,504
99467,-120
99468,352
99469,530
99470,120
99471,648
99472,43
99473,-680
99474,480
99475,-352
99476,-360
99477,-6
99478,177
99479,-216
99480,912
99481,110
99482,386
99483,-112
99484,-144
99485,72
99486,122
99487,-365
99488,255
99489,10
99490,40
99491,-264
99492,-48
99493,-264
99494,222
99495,-448
99496,-150
99497,232
99498,-768
99499,-36
99500,240
99501,384
99502,0
99503,180
99504,40
99505,1200
99506,468
99507,-792
99508,-227
99509,27
99510,864
99511,0
99512,144
99513,-122
99514,272
99515,-860
99516,-28
99517,-612
99518,-246
99519,-48
99520,896
99521,-192
99522,-192
99523,172
99524,64
99525,-1144
99526,-432
99527,-129
99528,-240
99529,-140
99530,-228
99531,-94
99532,64
99533,-240
99534,-80
99535,384
99536,102
99537,-360
99538,320
99539,-380
99540,120
99541,-432
99542,-162
99543,84
99544,24
99545,448
99546,-216
99547,-426
99548,252
99549,-506
99550,88
99551,378
99552,-240
99553,-36
99554,-405
99555,144
99556,106
99557,56
99558,40
99559,61
99560,144
99561,-144
99562,70
99563,-250
99564,252
99565,864
99566,76
99567,120
99568,-16
99569,120
99570,-160
99571,68
99572,72
99573,-140
99574,-330
99575,-33
99576,264
99577,-113
99578,-85
99579,328
99580,-200
99581,578
99582,498
99583,40
99584,-425
99585,-24
99586,-12
99587,-50
99588,-280
99589,27
99590,32
99591,0
99592,-576
99593,-45
99594,-24
99595,-48
99596,-288
99597,-488
99598,-336
99599,-24
99600,198
99601,-640
99602,-227
99603,-324
99604,12
99605,1024
99606,-450
99607,320
99608,534
99609,322
99610,576
99611,543
99612,-46
99613,-576
99614,60
99615,32
99616,-320
99617,-96
99618,-168
99619,600
99620,-108
99621,-170
99622,112
99623,-140
99624,360
99625,288
99626,425
99627,560
99628,-188
99629,63
99630,360
99631,546
99632,-45
99633,-370
99634,-135
99635,-592
99636,48
99637,360
99638,-12
99639,86
99640,540
99641,162
99642,-208
99643,228
99644,90
99645,-240
99646,-33
99647,-198
99648,28
99649,-488
99650,264
99651,-144
99652,78
99653,-88
99654,-324
99655,-160
99656,-387
99657,-240
99658,155
99659,168
99660,-96
99661,-98
99662,-110
99663,-768
99664,21
99665,-936
99666,4
99667,11
99668,-37
99669,-268
99670,64
99671,540
99672,-636
99673,120
99674,-224
99675,-99
99676,-193
99677,-84
99678,-156
99679,395
99680,0
99681,128
99682,-288
99683,-369
99684,180
99685,368
99686,-112
99687,-108
99688,-117
99689,-423
99690,-648
99691,-18
99692,110
99693,-80
99694,-36
99695,-512
99696,-126
99697,200
99698,180
99699,-160
99700,682
99701,459
99702,0
99703,-8
99704,240
99705,512
99706,-48
99707,-522
99708,-24
99709,-12
99710,384
99711,352
99712,108
99713,-377
99714,230
99715,-96
99716,24
99717,308
99718,-72
99719,-221
99720,-168
99721,-142
99722,-243
99723,810
99724,-132
99725,748
99726,176
99727,792
99728,-64
99729,-165
99730,112
99731,16
99732,118
99733,-351
99734,270
99735,-1088
99736,135
99737,-640
99738,32
99739,-48
99740,-228
99741,-96
99742,-325
99743,42
99744,-450
99745,40
99746,-225
99747,-4
99748,-32
99749,230
99750,576
99751,784
99752,-207
99753,810
99754,-197
99755,-1080
99756,3
99757,204
99758,657
99759,256
99760,-56
99761,-528
99762,130
99763,-189
99764,48
99765,288
99766,-252
99767,198
99768,504
99769,0
99770,192
99771,-708
99772,104
99773,162
99774,-80
99775,-1760
99776,-56
99777,140
99778,36
99779,52
99780,-280
99781,-720
99782,-94
99783,87
99784,-414
99785,852
99786,420
99787,-428
99788,-40
99789,108
99790,432
99791,-108
99792,132
99793,-299
99794,378
99795,-464
99796,40
99797,-992
99798,-194
99799,-285
99800,-924
99801,-125
99802,384
99803,672
99804,192
99805,-736
99806,132
99807,384
99808,-120
99809,174
99810,216
99811,6
99812,127
99813,-360
99814,-80
99815,372
99816,192
99817,-146
99818,10
99819,-388
99820,864
99821,-56
99822,-48
99823,-146
99824,-6
99825,528
99826,108
99827,-900
99828,-72
99829,432
99830,224
99831,-768
99832,570
99833,-122
99834,-138
99835,-1008
99836,-300
99837,66
99838,-84
99839,116
99840,440
99841,216
99842,-24
99843,-768
99844,34
99845,-80
99846,24
99847,-64
99848,-594
99849,-486
99850,-286
99851,495
99852,-160
99853,-350
99854,410
99855,-240
99856,-21
99857,-264
99858,0
99859,82
99860,4
99861,-188
99862,-24
99863,-207
99864,-24
99865,744
99866,320
99867,106
99868,298
99869,492
99870,-16
99871,-521
99872,50
99873,39
99874,236
99875,648
99876,-108
99877,442
99878,-116
99879,-216
99880,-528
99881,558
99882,36
99883,-144
99884,-18
99885,0
99886,372
99887,72
99888,-160
99889,-112
99890,-648
99891,216
99892,30
99893,0
99894,-288
99895,96
99896,-6
99897,-378
99898,-90
99899,192
99900,-132
99901,306
99902,384
99903,316
99904,168
99905,-200
99906,272
99907,68
99908,-85
99909,66
99910,-768
99911,-14
99912,-96
99913,324
99914,-246
99915,800
99916,-240
99917,621
99918,-120
99919,-4
99920,-236
99921,-496
99922,18
99923,124
99924,-112
99925,-693
99926,-33
99927,-452
99928,180
99929,222
99930,480
99931,25
99932,189
99933,-2
99934,-148
99935,1280
99936,-5
99937,-56
99938,432
99939,0
99940,-336
99941,288
99942,290
99943,-171
99944,750
99945,128
99946,-120
99947,0
99948,-82
99949,-144
99950,-209
99951,116
99952,-17
99953,-153
99954,44
99955,-524
99956,-40
99957,-440
99958,-360
99959,504
99960,-144
99961,448
99962,-78
99963,20
99964,14
99965,184
99966,400
99967,105
99968,-108
99969,72
99970,-880
99971,176
99972,9
99973,50
99974,180
99975,-1386
99976,-312
99977,162
99978,136
99979,-256
99980,-464
99981,492
99982,114
99983,605
99984,28
99985,-468
99986,-163
99987,-258
99988,-39
99989,174
99990,32
99991,-24
99992,-36
99993,370
99994,-32
99995,-24
99996,-90
99997,42
99998,354
99999,72
100000,-220
