start,worst_stop,worst_half_surplus,first_recovery,recovery_length
2,3,[-0.2163669852151686212562080999600917448073 +/- 4.51e-41],6,4
3,4,[0.09396284862302250949987833114591159487619 +/- 7.19e-43],4,1
4,5,[0.03464181992519313658423491636355869036390 +/- 3.62e-42],5,1
5,6,[0.09177377691654590289581804988715291121360 +/- 3.20e-42],6,1
6,7,[0.01055168517116157038720782472177437809700 +/- 3.41e-42],7,1
7,8,[0.04171420067753639388152958604729739827727 +/- 2.13e-42],8,1
8,9,[0.03061053771549523595887365347894970999337 +/- 3.83e-44],9,1
9,10,[0.02343153373183834539548029259787935086300 +/- 2.81e-42],10,1
10,11,[0.003458585204713878650626769498767706581050 +/- 1.36e-44],11,1
11,12,[0.01510714942281986933800502780545078078992 +/- 4.15e-42],12,1
12,13,[0.01251724581258946990399214599666574644071 +/- 3.76e-42],13,1
13,14,[0.01895072236354159205151570611723105014649 +/- 3.76e-42],14,1
14,15,[0.009298486991922791810412437294257284187696 +/- 4.48e-43],15,1
15,16,[0.002162974970174448976549547634152420798294 +/- 4.57e-43],16,1
16,17,[0.001803329985619811148974878211413992244799 +/- 3.75e-43],17,1
17,18,[0.006146717410362573434113895264937362171046 +/- 3.56e-44],18,1
18,19,[0.005466028795595418932648293740767236686520 +/- 2.11e-43],19,1
19,20,[0.008444661155744673265422482841662720621684 +/- 4.75e-43],20,1
20,21,[0.007592739302762510238995046536167833953628 +/- 3.68e-43],21,1
21,22,[0.004156272464161289994254735444745954989188 +/- 3.25e-43],22,1
22,23,[0.001324623045973100494440244291479822101476 +/- 1.58e-44],23,1
23,24,[0.003455279121865700662839959137890987681795 +/- 4.33e-43],24,1
24,25,[0.003174051812936849549534312037154465938159 +/- 3.76e-43],25,1
25,26,[0.002926790045917572477601046616510793280200 +/- 3.30e-43],26,1
26,27,[0.001012644205711537152705468533088987130112 +/- 2.35e-43],27,1
27,28,[0.0009239023109938239380372280592882322587134 +/- 3.18e-44],28,1
28,29,[0.0008454305806953079415767282306769070118163 +/- 3.63e-44],29,1
29,30,[0.002152531379917396423498174517558661552632 +/- 3.57e-43],30,1
30,31,[0.003283375396224852821445734278371644774816 +/- 4.88e-43],31,1
31,32,[0.004241301938400431653657573476367648723763 +/- 1.45e-43],32,1
32,33,[0.003972975644106183296815810769154557227277 +/- 3.06e-43],33,1
33,34,[0.002765652289269575240004987874026966867162 +/- 3.07e-43],34,1
34,35,[0.001712016749119905718738703127256901354986 +/- 4.36e-43],35,1
35,36,[0.0007751932774604110038557490593908745689173 +/- 1.35e-44],36,1
36,37,[0.0007290323211736169474506918396094083180160 +/- 1.92e-44],37,1
37,38,[0.001448684210946561305763752994313712918451 +/- 4.08e-43],38,1
38,41,[0.0005554639357569075205029025766887161322111 +/- 1.21e-44],39,1
39,41,[-0.0001097378074045142273203043280017595363696 +/- 4.60e-44],42,3
40,41,[-6.065979627045152315865392723233655756566e-5 +/- 1.57e-45],42,2
41,42,[0.0005560768957400678160877914145240989254079 +/- 1.55e-46],42,1
42,43,[0.001122309509284818090361167448282865985883 +/- 3.73e-43],43,1
43,44,[0.001635783371576117923225266398288101823538 +/- 1.13e-43],44,1
44,45,[0.001566416074197250611013436711574469275607 +/- 4.60e-43],45,1
45,46,[0.001501554799231792155092935806691602046820 +/- 1.04e-43],46,1
46,47,[0.0009692262655664641028312208326364559608678 +/- 6.42e-45],47,1
47,48,[0.001382731319901055605113595899287006710884 +/- 1.65e-43],48,1
48,49,[0.001329305150262928208063717013653070519373 +/- 3.18e-43],49,1
49,50,[0.001279052113874316280398397546820337289865 +/- 1.05e-43],50,1
50,51,[0.001231721287138716764590853822839735898019 +/- 2.79e-43],51,1
51,52,[0.0008199164037944327316536462783636823620869 +/- 1.65e-45],52,1
52,53,[0.0007910021758954270985241816341962497317836 +/- 4.56e-44],53,1
53,54,[0.001102564115481993193376884482248313306244 +/- 2.91e-43],54,1
54,55,[0.001064944732664217322838164434145620491517 +/- 1.69e-43],55,1
55,56,[0.0007225684635754764945106123981859016048299 +/- 1.86e-44],56,1
56,57,[0.0006990754466753474867364181182444766231388 +/- 3.86e-45],57,1
57,58,[0.0003934126501033793083678616543367956039487 +/- 1.08e-44],58,1
58,59,[0.0001052315391756481815572554691845061858352 +/- 4.02e-44],59,1
59,60,[0.0003661889668586100427040854211164660745892 +/- 1.45e-45],60,1
60,61,[0.0003540056121802302100311656306006834194376 +/- 7.38e-45],61,1
61,62,[0.0005923013202798361752895712015758331686989 +/- 1.20e-44],62,1
62,63,[0.0003351495671418608508890221646912845333014 +/- 1.49e-44],63,1
63,64,[0.0003245450686673218884699126405665549709813 +/- 3.68e-44],64,1
64,65,[0.0003144344134391209136516983842422139401906 +/- 4.68e-44],65,1
65,66,[8.631551050509181849699680339680460109009e-5 +/- 5.38e-46],66,1
66,67,[0.0002945936543994258601583534352079244534269 +/- 2.34e-44],67,1
67,68,[0.0004926576786945007286717420679501814048697 +/- 3.25e-44],68,1
68,69,[0.0004796138732958536581911775211481491278767 +/- 1.89e-45],69,1
69,70,[0.0002739431605170670681994042165971513707983 +/- 3.55e-44],70,1
70,71,[0.0004544596104598308476020887176615694502182 +/- 2.52e-44],71,1
71,72,[0.0006252088054178891975527775089899648740303 +/- 3.21e-44],72,1
72,73,[0.0006095942854550487940489990497726432586480 +/- 2.15e-44],73,1
73,74,[0.0007644088460831025327971538218636919826219 +/- 2.32e-44],74,1
74,75,[0.0005818685152768484390091237313398718712830 +/- 1.63e-44],75,1
75,76,[0.0005679359768341212445626722245552268712247 +/- 3.29e-44],76,1
76,77,[0.0005545248430699445630833650261357546573362 +/- 1.14e-44],77,1
77,78,[0.0003932412906561377001356787554149757113294 +/- 2.13e-44],78,1
78,79,[0.0005289339349474950222200629094788253048101 +/- 4.22e-44],79,1
79,80,[0.0006573013760076921376740882117443798714721 +/- 4.84e-44],80,1
80,81,[0.0006420846045224357510182996186751607626751 +/- 4.18e-44],81,1
81,82,[0.0006274085839123891289235021313606575042931 +/- 1.11e-45],82,1
82,83,[0.0004865840108811204504004177672439505276184 +/- 4.11e-44],83,1
83,84,[0.0005993848117402061314889390563384082212693 +/- 2.90e-44],84,1
84,85,[0.0005861898489323317511910787440403601661304 +/- 6.41e-45],85,1
85,86,[0.0004585897803102625062530974761298599709664 +/- 9.05e-45],86,1
86,87,[0.0003374137680281230278930190293923905813445 +/- 1.15e-44],87,1
87,88,[0.0002215522535118994567888455583239206327711 +/- 2.59e-44],88,1
88,89,[0.0002168018089411538819368681124761842581759 +/- 1.23e-44],89,1
89,90,[0.0003167117004808099973754051067148417042162 +/- 4.67e-44],90,1
90,91,[0.0003104836717020453785860181198998222169663 +/- 1.75e-45],91,1
91,92,[0.0002056220954434610091300070462064386817317 +/- 3.97e-44],92,1
92,101,[0.0001374652562123700248335986476526484953180 +/- 1.33e-44],93,1
93,101,[-6.395083154636513166775711365367133209801e-5 +/- 3.21e-45],94,1
94,101,[-0.0001668273775901227981390095212962161652208 +/- 1.91e-44],95,1
95,101,[-0.0001740937006704931758058895284638583774730 +/- 1.59e-44],103,8
96,101,[-8.799474190417853909217892025544839425121e-5 +/- 1.17e-45],103,7
97,101,[-9.556617563167081218505536263546850766772e-7 +/- 2.79e-47],98,1
98,101,[-2.859472603774581692805962109803220321909e-6 +/- 3.83e-46],99,1
99,101,[-3.295547071514467995362093085147096483542e-6 +/- 4.06e-46],102,3
100,101,[-2.323439356068641117273700009337765391276e-6 +/- 3.88e-46],102,2
101,102,[8.069897149042369791878983303438874603339e-5 +/- 1.66e-45],102,1
102,103,[0.0001613648559962033846070399738434118015054 +/- 1.91e-44],103,1
103,104,[0.0002394678536750252904306142991150371601617 +/- 1.07e-44],104,1
104,105,[0.0002354068650853968336084762810518501216135 +/- 3.72e-44],105,1
105,106,[0.0003090007633422204557374915439825799996760 +/- 9.37e-45],106,1
106,107,[0.0002282391588414497390051426831667802520278 +/- 1.15e-46],107,1
107,108,[0.0002986447789910631701658010765525310624035 +/- 1.03e-44],108,1
108,109,[0.0002937874983973295415001161045190406264499 +/- 1.87e-44],109,1
109,110,[0.0003598957000368914022774136398868804443227 +/- 8.55e-45],110,1
110,111,[0.0004230285635377710917535071476738254075643 +/- 3.67e-45],111,1
111,112,[0.0003487057391083928311622383834385072277439 +/- 3.84e-44],112,1
112,113,[0.0003430927842929948293905996501794680800208 +/- 3.75e-44],113,1
113,114,[0.0004019106379560311646760374934397518246521 +/- 2.02e-44],114,1
114,115,[0.0004578465169347558049721418932720141870229 +/- 4.39e-44],115,1
115,116,[0.0003893279029627207824722413308602455992605 +/- 9.54e-45],116,1
116,117,[0.0003830401281255182191567374733978682608073 +/- 1.31e-44],117,1
117,118,[0.0003769066162190516773920803763767409806009 +/- 2.43e-44],118,1
118,119,[0.0003146718807690229728549379778415247659281 +/- 3.60e-44],119,1
119,120,[0.0002548397657011886359097392712393956596711 +/- 2.79e-44],120,1
120,121,[0.0002511140625238375328655615054076250328715 +/- 3.69e-44],121,1
121,122,[0.0002474743006283067343352854304712925935774 +/- 4.85e-44],122,1
122,123,[0.0001919791872344452651881555100692266713831 +/- 1.84e-44],123,1
123,124,[0.0001381875600634314045758138278990230898166 +/- 2.33e-44],124,1
124,125,[0.0001361191427834100483824986728269566414527 +/- 3.41e-44],125,1
125,126,[0.0001340979847579079811703534348854665876724 +/- 2.63e-44],126,1
126,127,[0.0001321226325394713086336064560641988187276 +/- 3.66e-44],127,1
127,128,[0.0001785325206159317230729705757473605093239 +/- 6.81e-45],128,1
128,129,[0.0001760868013787610044516675729540240565649 +/- 2.41e-44],129,1
129,130,[0.0001270507815427806059330872244476988224479 +/- 9.35e-45],130,1
130,131,[0.0001712526230074954485569902737021739547788 +/- 3.11e-44],131,1
131,132,[0.0002142121814696532614634764967020100314273 +/- 9.52e-45],132,1
132,133,[0.0002113720986010349585168489327379325083779 +/- 3.13e-44],133,1
133,134,[0.0001651421731552588054452140947522144418000 +/- 7.17e-45],134,1
134,135,[0.0001201890809082189085030975099829300745628 +/- 3.02e-44],135,1
135,136,[0.0001185475967394243560444993949126853497277 +/- 2.50e-44],136,1
136,137,[0.0001169404355330889992521627367573144453278 +/- 1.55e-44],137,1
137,138,[0.0001565015036140008574088586787018128356666 +/- 1.32e-44],138,1
138,139,[0.0001949308998222593949377350563232927467031 +/- 4.25e-45],139,1
139,140,[0.0002321509072816748536138064057724391755501 +/- 4.72e-44],140,1
140,141,[0.0002291851765291763004607194696289091989693 +/- 3.15e-44],141,1
141,142,[0.0001883188051574537377596188707953889449904 +/- 2.26e-44],142,1
142,143,[0.0001487548938892752978440606071675888601903 +/- 1.78e-44],143,1
143,144,[0.0001103027632956226927415435974805191730105 +/- 3.53e-44],144,1
144,145,[0.0001089043552626081737360047892431637348287 +/- 2.36e-44],145,1
145,146,[7.191640243431359735660759066365793940850e-5 +/- 2.22e-45],146,1
146,147,[3.563192589501080051887679167079408264962e-5 +/- 4.18e-45],147,1
147,148,[3.483908747457485350869989559925871109680e-5 +/- 3.05e-45],148,1
148,149,[3.406410991064946529687158795781847665965e-5 +/- 1.85e-45],149,1
149,150,[6.756775063574844456424278630674665592250e-5 +/- 1.40e-45],150,1
150,151,[6.660476700418448781310903269604242310404e-5 +/- 3.13e-45],151,1
151,152,[9.910839323543668396899976720107883910650e-5 +/- 2.88e-45],152,1
152,153,[9.791240357144680644908001510260567101881e-5 +/- 2.29e-45],153,1
153,154,[9.673854744794701925151018092245033397440e-5 +/- 3.70e-45],154,1
154,155,[0.0001277213449623434983679650868037864848741 +/- 4.42e-44],155,1
155,156,[9.465035381660366275765099285830980293079e-5 +/- 2.67e-45],156,1
156,157,[9.353802508078818363986134820900685845813e-5 +/- 6.63e-46],157,1
157,158,[0.0001232828670742099815739282843955198775894 +/- 4.69e-44],158,1
158,159,[9.159956280629329189470205589532211606595e-5 +/- 2.56e-45],159,1
159,160,[6.062727643471231226683395495827245547662e-5 +/- 1.40e-45],160,1
160,161,[5.981857999326418202230982172618694868109e-5 +/- 2.46e-45],161,1
161,162,[2.977055965593281365504734332788273498586e-5 +/- 3.89e-45],162,1
162,163,[2.916603639334597380796026437404797558651e-5 +/- 4.58e-45],163,1
163,164,[5.736307308353704709170638912463528003398e-5 +/- 1.54e-45],164,1
164,165,[5.661299123216428931569538502339986089707e-5 +/- 4.45e-45],165,1
165,166,[8.405834091501650506429216053425755019868e-5 +/- 3.53e-45],166,1
166,167,[5.528748190194679802623266770657969045534e-5 +/- 1.66e-45],167,1
167,168,[8.215981743165633071100045137893495394043e-5 +/- 5.07e-46],168,1
168,169,[8.126314541418204696363644787647275232083e-5 +/- 2.86e-45],169,1
169,170,[8.038146640875504691831693270413197258166e-5 +/- 6.74e-46],170,1
170,171,[0.0001061298390765371661333312289067923636938 +/- 4.84e-44],171,1
171,172,[0.0001050543409271453101395383403794414007608 +/- 1.49e-44],172,1
172,173,[0.0001039960985092299464603878240996001359403 +/- 4.26e-44],173,1
173,174,[0.0001286196782897859740918394439148864151858 +/- 4.70e-44],174,1
174,175,[0.0001526413460085601432517481974883434557109 +/- 3.56e-44],175,1
175,176,[0.0001511172607388573277824264901325291713283 +/- 2.06e-44],176,1
176,177,[0.0001496171486927882911491164009965504063739 +/- 1.63e-44],177,1
177,178,[0.0001240075860149870938959767511508915733522 +/- 1.98e-44],178,1
178,179,[9.897520868357385619106716951119478353845e-5 +/- 4.62e-45],179,1
179,180,[0.0001216208521727208214173661630902793206165 +/- 5.94e-45],180,1
180,181,[0.0001204615058321814365846452292345197427513 +/- 4.34e-44],181,1
181,182,[0.0001423056425709476811076084852565538516098 +/- 3.27e-44],182,1
182,183,[0.0001635656912278820329690046908112507156805 +/- 2.27e-46],183,1
183,184,[0.0001397203710973743987872681835805285528775 +/- 3.62e-44],184,1
184,185,[0.0001383961759838404212870170585813397905711 +/- 4.76e-44],185,1
185,186,[0.0001154719518860918308547435942406463272757 +/- 4.19e-44],186,1
186,187,[0.0001357798157552267743968879280174346355076 +/- 1.65e-44],187,1
187,188,[0.0001134321617296011555033455287028710385641 +/- 3.70e-44],188,1
188,189,[0.0001123970327438141817202177973375779025343 +/- 4.45e-44],189,1
189,190,[0.0001113769296973268775865825420928709901482 +/- 4.08e-44],190,1
190,191,[0.0001308004495285186890396038476273946888240 +/- 8.45e-45],191,1
191,192,[0.0001497797257644477562700729218434727338307 +/- 4.77e-44],192,1
192,193,[0.0001483795653257250710457435375107856478475 +/- 1.80e-44],193,1
193,194,[0.0001665901607440021219610748577097520812686 +/- 8.71e-45],194,1
194,195,[0.0001457286070364127775635606877802448925401 +/- 3.35e-44],195,1
195,196,[0.0001633812510396898671479625728627138630557 +/- 4.35e-44],196,1
196,197,[0.0001618264908891536840296518274815433412953 +/- 2.60e-44],197,1
197,198,[0.0001786988684924277510699010694879985876894 +/- 3.78e-44],198,1
198,199,[0.0001769408932087315088945163987629822364312 +/- 4.22e-44],199,1
199,200,[0.0001929871228893357456638224054852484927063 +/- 7.50e-45],200,1
200,201,[0.0001910190253961972880780447288682885498020 +/- 2.83e-45],201,1
201,202,[0.0001720069098140794047319042956760092659005 +/- 1.34e-44],202,1
202,203,[0.0001535657579792318458581009907011344832218 +/- 2.00e-44],203,1
203,204,[0.0001356355081225182085639276126800407798081 +/- 2.71e-44],204,1
204,205,[0.0001344430628012348787826636738016263638958 +/- 2.41e-44],205,1
205,206,[0.0001172102591882325072036683713476050953326 +/- 6.21e-45],206,1
206,207,[0.0001003728252773351889638864791627747243772 +/- 6.85e-46],207,1
207,208,[9.955052916911552186312226346350503175499e-5 +/- 3.01e-45],208,1
208,209,[9.873900845194452377620266860903022292693e-5 +/- 2.44e-45],209,1
209,210,[8.263380931458521178196336297885854518394e-5 +/- 3.01e-46],210,1
210,211,[6.679348226277111173424022188455450411846e-5 +/- 2.10e-45],211,1
211,212,[8.127748230732689258877896449828811301633e-5 +/- 3.43e-45],212,1
212,213,[8.062991611247381093615274938340748476595e-5 +/- 3.82e-45],213,1
213,214,[6.530268376845230876974483374489070208272e-5 +/- 4.08e-45],214,1
214,215,[5.020704849952789774538638551720068490553e-5 +/- 7.71e-46],215,1
215,216,[3.530761267337744303838736530442963364669e-5 +/- 2.89e-45],216,1
216,223,[1.094663869950780835021736067049381870557e-5 +/- 1.83e-45],217,1
217,223,[-2.398966732275432698109604170173309348259e-5 +/- 4.68e-45],218,1
218,223,[-4.429642378614364970551167791269046724976e-5 +/- 4.90e-45],219,1
219,223,[-5.009989935826748050494060361521502816857e-5 +/- 1.64e-45],231,12
220,223,[-4.148378209992871213585208560951009614504e-5 +/- 4.55e-45],231,11
221,223,[-3.260712290266314597064453580950053689757e-5 +/- 2.60e-45],231,10
222,223,[-9.410832690103896357664724270030688442668e-6 +/- 4.25e-46],226,4
223,227,[1.994934862170506270799349455195751925974e-6 +/- 2.94e-48],224,1
224,227,[-2.332860089187092203021436232755783177922e-6 +/- 5.94e-47],225,1
225,227,[-6.402980129710805750461893148302218390051e-6 +/- 1.73e-46],226,1
226,227,[-1.021972632017478056051801971923693262649e-5 +/- 4.78e-45],230,4
227,228,[3.311715568610007647721101412769254701315e-6 +/- 2.49e-46],228,1
228,229,[3.070739956979390482219967329455297786910e-6 +/- 6.94e-47],229,1
229,230,[1.646317560685415985246796480703609822904e-5 +/- 1.84e-45],230,1
230,231,[2.973572301344156555725963265000032571771e-5 +/- 4.92e-45],231,1
231,232,[4.285887414751714250072489291067831723042e-5 +/- 2.28e-45],232,1
232,233,[4.250191220981890608076635949348872467196e-5 +/- 2.85e-45],233,1
233,234,[5.533161133917787159732702859522141489963e-5 +/- 3.93e-45],234,1
234,235,[5.491514847592109456610724407586456547722e-5 +/- 4.49e-47],235,1
235,236,[4.161036921748144971290083626719610493251e-5 +/- 4.83e-45],236,1
236,237,[4.126944884509022164650753596300299936424e-5 +/- 3.96e-45],237,1
237,238,[2.824386469422452424584001248892439251621e-5 +/- 1.72e-45],238,1
238,239,[4.058340407713437952308547884999802471399e-5 +/- 3.34e-45],239,1
239,240,[5.278293429494977932531723889156401936239e-5 +/- 6.36e-46],240,1
240,241,[5.239575808084709868490870271786110528968e-5 +/- 1.45e-45],241,1
241,242,[6.431581209547886562813331149957944671741e-5 +/- 2.90e-45],242,1
242,243,[6.386499902237822428169620150834287324452e-5 +/- 1.96e-45],243,1
243,244,[6.341923124852362269446062323231574994212e-5 +/- 3.89e-46],244,1
244,245,[6.297843135070071884469123940813893857998e-5 +/- 3.29e-45],245,1
245,246,[6.254252341194318653305605314720298092451e-5 +/- 2.55e-45],246,1
246,247,[7.381820151917459399350579522976258340241e-5 +/- 1.53e-45],247,1
247,248,[6.173466184717998907108136851022469609984e-5 +/- 1.37e-45],248,1
248,249,[6.131269998924517961090370401409334600208e-5 +/- 3.20e-45],249,1
249,250,[4.951641064997425533702822377155534057346e-5 +/- 2.81e-45],250,1
250,251,[4.916806308414421766786514613223158616586e-5 +/- 1.39e-46],251,1
251,252,[6.004024074102481135800459034694047361417e-5 +/- 4.66e-45],252,1
252,253,[5.963635484062879403746769809414995709812e-5 +/- 6.08e-46],253,1
253,254,[4.822722093778949336519108994478462894240e-5 +/- 4.98e-45],254,1
254,255,[3.695995835911090290378178596720008747034e-5 +/- 4.78e-45],255,1
255,256,[4.754944728903342485790427971296829665836e-5 +/- 3.21e-45],256,1
256,257,[4.722287028024345643739667024435593412136e-5 +/- 3.28e-45],257,1
257,258,[5.760162312769678183509499538119762488682e-5 +/- 2.45e-45],258,1
258,259,[6.782321257366922973100612170120299473552e-5 +/- 3.23e-45],259,1
259,260,[5.688844494787319979161975515951503939149e-5 +/- 3.68e-45],260,1
260,261,[5.651783785141833744799605226033855602871e-5 +/- 2.28e-45],261,1
261,262,[5.615108587330369636716332979054226930724e-5 +/- 2.20e-45],262,1
262,263,[4.554211287126089322829679068601639729772e-5 +/- 1.84e-45],263,1
263,264,[5.541164153468442292864875167198260909300e-5 +/- 4.74e-45],264,1
264,265,[5.505624326979762952132602280901922862929e-5 +/- 1.63e-45],265,1
265,266,[4.470855193760356636362613980813730925501e-5 +/- 1.63e-45],266,1
266,267,[5.434224516833101572896541823005956380457e-5 +/- 4.80e-45],267,1
267,268,[4.415192340869433682004533461535630078159e-5 +/- 3.40e-45],268,1
268,269,[4.386243053025670453629030562577818867727e-5 +/- 2.52e-45],269,1
269,270,[5.331176867979426559893812370240439106089e-5 +/- 1.21e-45],270,1
270,271,[5.297771276450456128157629632758466485627e-5 +/- 2.15e-45],271,1
271,272,[6.224634296003427219421205255505077623447e-5 +/- 7.17e-46],272,1
272,273,[6.186172671162470871246413968449388572629e-5 +/- 2.36e-46],273,1
273,274,[7.091987442036863656029135336285899548601e-5 +/- 2.29e-46],274,1
274,275,[6.113050043186776606815542089886298192351e-5 +/- 4.79e-45],275,1
275,276,[6.075692059754459068424717379150996278848e-5 +/- 3.17e-45],276,1
276,277,[6.038700020650923578709530110010607724600e-5 +/- 1.60e-45],277,1
277,278,[6.915125169927429600525193587752447551226e-5 +/- 4.69e-45],278,1
278,279,[5.968460386274025598170915454456299415031e-5 +/- 4.90e-45],279,1
279,280,[5.932513004665118018665574665468994940180e-5 +/- 2.46e-45],280,1
280,281,[5.896912630844583047242038397237930592075e-5 +/- 3.00e-45],281,1
281,282,[6.745730476444106661038181482015127491695e-5 +/- 1.20e-45],282,1
282,283,[7.580749439023590358079581306576711279861e-5 +/- 4.38e-45],283,1
283,284,[8.401120598624257403179899816575079089345e-5 +/- 5.38e-46],284,1
284,285,[8.348099495670510256349005156848569557844e-5 +/- 4.23e-45],285,1
285,286,[9.144198579364879859618507012131400178225e-5 +/- 2.78e-45],286,1
286,287,[9.923208129955813953675890554009437316362e-5 +/- 8.05e-46],287,1
287,288,[9.029129652681879823480870119406541296801e-5 +/- 2.1e-47],288,1
288,289,[8.970874040200574086016913676766503357696e-5 +/- 2.15e-45],289,1
289,290,[8.913185544773282944992924642377640359447e-5 +/- 3.23e-45],290,1
290,291,[9.655135480845252203664390760580783441884e-5 +/- 3.64e-46],291,1
291,292,[8.801988312764833072449954870465241810693e-5 +/- 2.60e-45],292,1
292,293,[8.745939995554832868630248647370241303626e-5 +/- 3.88e-45],293,1
293,294,[9.463494800496937144113412577856074897089e-5 +/- 2.18e-45],294,1
294,295,[9.401251829181432444381803417747805016172e-5 +/- 3.11e-45],295,1
295,296,[8.585672666955919503454571625679119179163e-5 +/- 4.46e-45],296,1
296,297,[8.531703118566663114939753161974901502712e-5 +/- 9.67e-46],297,1
297,298,[8.478244827827218957337514256591671669615e-5 +/- 1.51e-45],298,1
298,299,[7.695556623653997486110056451222546256990e-5 +/- 3.64e-45],299,1
299,300,[6.926797894956450481247918009275549231880e-5 +/- 4.04e-45],300,1
300,301,[6.886637612152087147894105743605127852207e-5 +/- 4.81e-46],301,1
301,302,[6.137199810873334940994485464349748524147e-5 +/- 4.09e-46],302,1
302,303,[5.398318735353735972689968714856085814034e-5 +/- 4.00e-45],303,1
303,304,[4.668509562177741156653011747199243313549e-5 +/- 4.64e-45],304,1
304,305,[4.642663883977595698265064753638306032760e-5 +/- 9.45e-46],305,1
305,306,[3.925015404056345486144927547070515324106e-5 +/- 1.36e-45],306,1
306,307,[3.902773951917335562499024442205621435910e-5 +/- 4.73e-45],307,1
307,308,[4.566811333725709916750369875358133336409e-5 +/- 4.33e-45],308,1
308,309,[4.541854411749495560190604730690749505870e-5 +/- 4.23e-45],309,1
309,310,[3.840256902055585607677859893056094503886e-5 +/- 1.48e-45],310,1
310,311,[4.491908179774470916344100017074434602593e-5 +/- 3.62e-45],311,1
311,312,[5.135924212484180534938237137809093967367e-5 +/- 3.32e-45],312,1
312,313,[5.108329865344748808721318314761063422327e-5 +/- 2.74e-46],313,1
313,314,[5.738584210268944574139830678898474289208e-5 +/- 4.53e-45],314,1
314,315,[5.056291331107400018026596087548717329465e-5 +/- 1.41e-45],315,1
315,316,[5.029390547467979635501802333835616937871e-5 +/- 1.15e-45],316,1
316,317,[5.002719200436870403560387299854311961690e-5 +/- 4.55e-45],317,1
317,318,[5.612237293314371649485892132743066720250e-5 +/- 3.96e-46],318,1
318,319,[6.212124161202327058200087271905741534258e-5 +/- 4.53e-45],319,1
319,320,[5.554508007174895690461064418621252540770e-5 +/- 1.33e-45],320,1
320,321,[5.525038723101375838638363690112800762700e-5 +/- 6.75e-46],321,1
321,322,[4.881967569616526606561704233007803166942e-5 +/- 4.82e-45],322,1
322,323,[5.466107957030860602186933531160538535393e-5 +/- 2.47e-45],323,1
323,324,[4.833392851623546883857113123788808157583e-5 +/- 1.98e-45],324,1
324,325,[4.808408635280700451971464008974348376575e-5 +/- 3.41e-45],325,1
325,326,[4.783631468902718349960910169414150640208e-5 +/- 3.81e-45],326,1
326,327,[4.169079115961311965168244520638505075104e-5 +/- 3.95e-45],327,1
327,328,[3.561853940978087571370311245264713351471e-5 +/- 8.86e-46],328,1
328,329,[3.543181499438700050055076258870793161207e-5 +/- 9.69e-46],329,1
329,330,[2.945641715047120576536974526099856116089e-5 +/- 2.97e-45],330,1
330,331,[2.352543378459796181599500847240979239522e-5 +/- 3.88e-46],331,1
331,332,[2.912365019940654832620119355851336274014e-5 +/- 4.83e-45],332,1
332,333,[2.896357649622686489503276009306436441112e-5 +/- 1.62e-45],333,1
333,334,[2.880484278897539140991485524490762764507e-5 +/- 6.38e-46],334,1
334,335,[2.300985293809074682259764815958319029296e-5 +/- 3.76e-45],335,1
335,336,[1.725747837888096805474755224250874807569e-5 +/- 4.47e-45],336,1
336,337,[1.713131813080568586306751763827998057131e-5 +/- 3.68e-45],337,1
337,338,[2.258737599693253312516825995056062260714e-5 +/- 2.45e-45],338,1
338,339,[2.245111524653095958569055431447045389522e-5 +/- 4.55e-45],339,1
339,340,[1.678987833339794424891089367973493061521e-5 +/- 1.40e-45],340,1
340,341,[1.666820329417792371509226891703939561564e-5 +/- 2.68e-45],341,1
341,342,[1.106234048454358641335508629240876211905e-5 +/- 6.00e-46],342,1
342,343,[1.095135703397612633155716805106565960132e-5 +/- 2.00e-45],343,1
343,344,[1.084143562114222011509434504950792544165e-5 +/- 2.68e-45],344,1
344,345,[1.073256355297857501203625692696861132655e-5 +/- 2.17e-45],345,1
345,346,[1.604765565170240185347619306226700449680e-5 +/- 4.33e-45],346,1
346,347,[1.053080896415453769512882842140538044213e-5 +/- 3.71e-45],347,1
347,348,[1.581211279030161444430127423420025570212e-5 +/- 1.23e-45],348,1
348,349,[1.569878601879820130598704603344558196852e-5 +/- 2.93e-45],349,1
349,350,[2.092924115174406531173961699506691685356e-5 +/- 2.85e-45],350,1
350,351,[2.080607348948324239219816103483546822497e-5 +/- 3.63e-45],351,1
351,352,[2.068392549840252500757939510510039828684e-5 +/- 1.12e-45],352,1
352,353,[2.056278595354527788945288854615796406253e-5 +/- 4.89e-45],353,1
353,354,[2.567993088316595691816763013052187942242e-5 +/- 1.66e-45],354,1
354,355,[3.075187432327356199124165642767777538663e-5 +/- 5.41e-46],355,1
355,356,[2.542992313354137669252446195448827319816e-5 +/- 4.58e-45],356,1
356,357,[2.529814607776882351786242369023040695777e-5 +/- 7.53e-47],357,1
357,358,[3.028819859240357104464912360270212476939e-5 +/- 3.78e-45],358,1
358,359,[2.505187423717836747984590886922554623998e-5 +/- 2.25e-45],359,1
359,360,[2.998895523202331643849109821743294701443e-5 +/- 4.52e-45],360,1
360,361,[2.984421795778606048678499867795792857469e-5 +/- 9.25e-46],361,1
361,362,[2.970057561546258819664031980640665776067e-5 +/- 1.70e-45],362,1
362,363,[2.458084724395081479888655088370044259598e-5 +/- 3.29e-45],363,1
363,364,[2.445586156811279984151693281859378817885e-5 +/- 3.81e-45],364,1
364,365,[2.433183579445960781528509596593072433854e-5 +/- 2.78e-45],365,1
365,366,[1.930274010475284837287445723496608729017e-5 +/- 9.66e-46],366,1
366,367,[2.408069950831319895150891267731649088158e-5 +/- 4.65e-45],367,1
367,368,[2.882328491484662504430518948873331468957e-5 +/- 3.77e-46],368,1
368,369,[2.868725783331843796661103026166293171940e-5 +/- 4.57e-45],369,1
369,370,[2.855223697842039887695849545131135169189e-5 +/- 1.45e-45],370,1
370,371,[3.319982375401573628361872815896658976364e-5 +/- 7.64e-46],371,1
371,372,[2.829821342155460551024276119121362316109e-5 +/- 3.72e-45],372,1
372,373,[2.816609994295652189561316583973324249199e-5 +/- 9.37e-46],373,1
373,374,[3.273548090868075263245531952404176584364e-5 +/- 2.69e-45],374,1
374,375,[3.725573735307972429033064410820704557492e-5 +/- 4.26e-45],375,1
375,376,[3.708872310632549647391620526247328198457e-5 +/- 4.66e-45],376,1
376,377,[3.692290473692774603386881243253736222974e-5 +/- 3.52e-45],377,1
377,378,[3.219255887587339212795679849889465361935e-5 +/- 2.53e-45],378,1
378,379,[3.204875386185456907013597657403187490062e-5 +/- 3.48e-45],379,1
379,380,[3.642148563041831158046795561140677545974e-5 +/- 1.98e-45],380,1
380,381,[3.626035662075037541073868934946841956103e-5 +/- 5.06e-46],381,1
381,382,[3.164954965012770977269779812087541172914e-5 +/- 1.64e-45],382,1
382,383,[2.708519947565183562834749182013009206818e-5 +/- 4.34e-45],383,1
383,384,[3.136616708003743987594331213848412344159e-5 +/- 1.87e-45],384,1
384,385,[3.122829776125374373219533161254208390012e-5 +/- 1.47e-45],385,1
385,386,[3.543898421083217248725994928781074637572e-5 +/- 1.06e-45],386,1
386,387,[3.096982223294409366280172501146776384940e-5 +/- 4.97e-45],387,1
387,388,[3.083475939220857848458273922866194163234e-5 +/- 8.77e-46],388,1
388,389,[3.070063489915740467616445095596611339893e-5 +/- 1.95e-45],389,1
389,390,[3.480158878309995264120028105278230647431e-5 +/- 3.62e-45],390,1
390,391,[3.044768654520454262262804946170279130521e-5 +/- 1.78e-45],391,1
391,392,[2.613998027652321032096959601631018833543e-5 +/- 3.92e-45],392,1
392,393,[2.602445162885898430082545163373343304539e-5 +/- 4.09e-45],393,1
393,394,[2.177676259369429000727943192302016501061e-5 +/- 2.18e-47],394,1
394,395,[1.755967150561475847137337374039139453540e-5 +/- 4.27e-45],395,1
395,396,[1.336750404171633940931887434379935449842e-5 +/- 1.38e-45],396,1
396,397,[1.328514305654557886838026185765929541725e-5 +/- 2.08e-45],397,1
397,398,[1.728428046943389584463201848833679612823e-5 +/- 3.33e-45],398,1
398,399,[1.312989408595585882793491516864371363917e-5 +/- 3.46e-45],399,1
399,400,[1.710388089884039585429008674506520427947e-5 +/- 2.03e-45],400,1
400,401,[1.701645248234048152635854364175828562322e-5 +/- 8.77e-46],401,1
401,402,[2.095105342318026899944236505205545437427e-5 +/- 4.61e-45],402,1
402,403,[2.485624005348808359327222884416314073886e-5 +/- 8.03e-46],403,1
403,404,[2.077024271760758983261356851836830623881e-5 +/- 4.20e-46],404,1
404,405,[2.067581566071743087471310810466889812062e-5 +/- 3.34e-45],405,1
405,406,[2.058203809176087707404887841203857251681e-5 +/- 2.49e-45],406,1
406,407,[2.442051989323030650229034380422052056903e-5 +/- 7.48e-46],407,1
407,408,[2.040673036885782134523240955588030501464e-5 +/- 3.30e-45],408,1
408,409,[2.031483091229844613680998053150033761968e-5 +/- 1.45e-45],409,1
409,410,[2.410368831453339403617150807539474631802e-5 +/- 3.26e-45],410,1
410,411,[2.786250023269714330313975049590789700855e-5 +/- 2.11e-45],411,1
411,412,[2.391119137591587409991685518602792963204e-5 +/- 1.75e-45],412,1
412,413,[2.381090510225579342597160306784508184261e-5 +/- 2.73e-45],413,1
413,414,[1.991100004420502533470547962019299008615e-5 +/- 5.19e-46],414,1
414,415,[1.982257635310651939220168763056586841299e-5 +/- 2.99e-45],415,1
415,416,[1.596593188672342336403074865794636436801e-5 +/- 3.91e-45],416,1
416,417,[1.588717895107310456500394803602386898157e-5 +/- 3.33e-45],417,1
417,418,[1.206433480542406921292840500099561459098e-5 +/- 2.97e-45],418,1
418,419,[1.572914086529027720630958067997237458435e-5 +/- 3.01e-45],419,1
419,420,[1.937611260884705644265529274824635473984e-5 +/- 3.79e-45],420,1
420,421,[1.929120596820694472982592282518354220401e-5 +/- 1.94e-45],421,1
421,422,[2.290108286853273996556614001501431548416e-5 +/- 1.85e-45],422,1
422,423,[1.913096997334719294345255186511232526872e-5 +/- 6.55e-46],423,1
423,424,[1.904769561331453304516691829062744448803e-5 +/- 3.97e-45],424,1
424,425,[1.896496847313455745004148064247787153417e-5 +/- 2.63e-45],425,1
425,426,[1.888278368390203251865263916337742484082e-5 +/- 2.38e-45],426,1
426,427,[2.242873014061976690029642696180613189307e-5 +/- 7.11e-46],427,1
427,428,[1.872412539165932777078183121644215302383e-5 +/- 4.69e-45],428,1
428,429,[1.864351379242771117113143820898478120192e-5 +/- 4.47e-45],429,1
429,430,[2.215799897741507778226388509095012444853e-5 +/- 3.40e-45],430,1
430,431,[2.564982848377286576058675749239135576925e-5 +/- 1.11e-45],431,1
431,432,[2.911503508769033770108548219148191572795e-5 +/- 6.13e-46],432,1
432,433,[2.900349643224530996752464768677074587788e-5 +/- 1.25e-45],433,1
433,434,[3.241782742466142746418888255121116217134e-5 +/- 4.49e-45],434,1
434,435,[3.579592766921042474123220142540069587592e-5 +/- 3.04e-45],435,1
435,436,[3.913504346181130446169309294094641328949e-5 +/- 2.34e-45],436,1
436,437,[3.897958674941915098501427942467680386681e-5 +/- 1.30e-45],437,1
437,438,[3.539542209661403013621162811631678805600e-5 +/- 1.81e-46],438,1
438,439,[3.866981015400702791948605958896385983468e-5 +/- 9.95e-46],439,1
439,440,[4.190793496628732243585074294251291082737e-5 +/- 1.06e-45],440,1
440,441,[4.173812029753085258677977372528837847009e-5 +/- 3.22e-45],441,1
441,442,[4.156936489445005148457607452472586608859e-5 +/- 3.06e-45],442,1
442,443,[4.472038572565152166277117616156733943478e-5 +/- 3.74e-46],443,1
443,444,[4.782622292113015954083980417849866617253e-5 +/- 4.07e-45],444,1
444,445,[4.762074016720299205740286783958376483659e-5 +/- 1.53e-45],445,1
445,446,[4.418632281315458619921517048749386559652e-5 +/- 2.23e-45],446,1
446,447,[4.079931256128711076118158487987415933265e-5 +/- 1.81e-47],447,1
447,448,[3.745475897631014114903582909597441616403e-5 +/- 4.20e-45],448,1
448,449,[3.731000173971209439801268658004812388517e-5 +/- 8.88e-46],449,1
449,450,[4.030855833022538076368409215211056062652e-5 +/- 8.35e-47],450,1
450,451,[4.014877732038562592437060098225849041699e-5 +/- 2.36e-45],451,1
451,452,[3.689263371093554536772057430137075380924e-5 +/- 2.62e-45],452,1
452,453,[3.675128953473865061143350771059741789813e-5 +/- 3.46e-45],453,1
453,454,[3.354833893648778122996200543030462482163e-5 +/- 2.14e-46],454,1
454,455,[3.037491686722261428019189608831552151085e-5 +/- 3.62e-45],455,1
455,456,[3.330090919525125454994877083252979025344e-5 +/- 3.49e-46],456,1
456,457,[3.317755130838395462101727417569392552024e-5 +/- 3.34e-45],457,1
457,458,[3.605928658112299371018387216100895533318e-5 +/- 6.51e-46],458,1
458,459,[3.293765456467466828344514268395213453725e-5 +/- 1.01e-45],459,1
459,460,[3.281644748993314372771795477025606657813e-5 +/- 4.25e-45],460,1
460,461,[3.269594930083641560420106201157758176406e-5 +/- 2.61e-45],461,1
461,462,[3.551359268585691677236944647269483028238e-5 +/- 3.89e-45],462,1
462,463,[3.246143039232737059634362582194781758057e-5 +/- 3.90e-45],463,1
463,464,[3.524573913084342055832331795806231364684e-5 +/- 4.88e-45],464,1
464,465,[3.511414752233478009515765279118765877806e-5 +/- 4.90e-45],465,1
465,466,[3.785039403251756648828088884012606988400e-5 +/- 4.57e-45],466,1
466,467,[3.485824493833613681819364688291255719865e-5 +/- 3.56e-45],467,1
467,468,[3.755969096249334146105092024506154267678e-5 +/- 3.93e-45],468,1
468,469,[3.741641215534739692591169134532449059998e-5 +/- 4.13e-45],469,1
469,470,[3.448374358022578896472386482872793791794e-5 +/- 1.97e-45],470,1
470,471,[3.712948613322479554134637105941793761427e-5 +/- 2.05e-45],471,1
471,472,[3.423638198755534689928997974980744401671e-5 +/- 4.46e-45],472,1
472,473,[3.411065052086016075836115071143313249026e-5 +/- 2.54e-45],473,1
473,474,[3.126623496272388699306871000798186690384e-5 +/- 2.28e-45],474,1
474,475,[3.386046689206121180351445298327539843070e-5 +/- 4.43e-45],475,1
475,476,[3.373689548521465011658154225353589852167e-5 +/- 1.96e-45],476,1
476,477,[3.361402959397966638068216878492191143917e-5 +/- 3.33e-45],477,1
477,478,[3.349186370863349713370463242872795236617e-5 +/- 4.26e-45],478,1
478,479,[3.072802200987614344349638048789259515709e-5 +/- 2.17e-45],479,1
479,480,[3.324792915887332963041951929517000727249e-5 +/- 4.54e-45],480,1
480,481,[3.312783945501315143524649519965668401532e-5 +/- 3.20e-45],481,1
481,482,[3.041358034930224788268607143659262271592e-5 +/- 3.90e-45],482,1
482,483,[2.772473055776386251758545038960972800170e-5 +/- 2.42e-45],483,1
483,484,[3.020095080251015457576235521445597215908e-5 +/- 3.60e-45],484,1
484,485,[3.009542203710432582809946901456243372277e-5 +/- 2.29e-45],485,1
485,486,[2.744738693804528574190485273007762996147e-5 +/- 3.90e-45],486,1
486,487,[2.735356699459781595037661608031488943496e-5 +/- 4.36e-45],487,1
487,488,[2.977964809136698063041605775407443155466e-5 +/- 5.99e-46],488,1
488,489,[2.967644178354833228069144688379292426686e-5 +/- 4.40e-46],489,1
489,490,[2.708407942959537994931261163457282199810e-5 +/- 3.93e-45],490,1
490,491,[2.699226379799569809261509546890583109196e-5 +/- 4.89e-45],491,1
491,492,[2.936772351017520066667713330754496564503e-5 +/- 1.34e-45],492,1
492,493,[2.926677611761711367994957617061055649633e-5 +/- 4.25e-45],493,1
493,494,[2.672710240553470765982331396642174345442e-5 +/- 3.59e-45],494,1
494,495,[2.906564598275902234519146993928565806493e-5 +/- 2.61e-45],495,1
495,496,[2.896634710260808826817363512884522780051e-5 +/- 4.51e-45],496,1
496,497,[2.886758655752932908175504943294317154800e-5 +/- 4.29e-45],497,1
497,498,[2.638319242212361275282328913636825515384e-5 +/- 3.62e-46],498,1
498,499,[2.867034044486522158944140173596518024330e-5 +/- 4.72e-45],499,1
499,500,[3.093561231477225533075824252264615465318e-5 +/- 2.39e-45],500,1
500,501,[3.082834914768042175849607553753006135695e-5 +/- 4.71e-45],501,1
501,502,[2.839058372871228043087445511189005124824e-5 +/- 4.41e-45],502,1
502,503,[2.597667944131181877960879114685891413338e-5 +/- 4.88e-45],503,1
503,504,[2.819854779056384162400239123747809237341e-5 +/- 3.40e-45],504,1
504,505,[2.810393345888463534054667237776947811384e-5 +/- 1.84e-45],505,1
505,506,[2.572900891049804862193492523618012452298e-5 +/- 4.14e-45],506,1
506,507,[2.791496394946211069013467008748976462918e-5 +/- 1.27e-45],507,1
507,508,[2.782185459368938641774430039333047521954e-5 +/- 2.97e-45],508,1
508,509,[2.772923793663440867283795125379752607253e-5 +/- 4.12e-45],509,1
509,510,[2.986919293952540849373992366241054521682e-5 +/- 7.66e-46],510,1
510,511,[2.754964466627019855609325544951731563873e-5 +/- 1.10e-46],511,1
511,512,[2.525434675545258452108555175437249102971e-5 +/- 8.15e-46],512,1
512,513,[2.517251160605982114724503162250002845688e-5 +/- 2.63e-45],513,1
513,514,[2.509110181920648255764222572924069021995e-5 +/- 1.08e-45],514,1
514,515,[2.284127983322197113310390471697679478436e-5 +/- 2.83e-45],515,1
515,516,[2.060859701258846978654326935242377871501e-5 +/- 4.90e-45],516,1
516,517,[2.054292129795068621285443584209975991939e-5 +/- 3.34e-45],517,1
517,518,[1.833412158316838196556311726871101313173e-5 +/- 4.46e-45],518,1
518,519,[2.041042922304643673339901282124311415890e-5 +/- 3.46e-46],519,1
519,520,[1.821983967267199318567957901540177380381e-5 +/- 1.93e-45],520,1
520,521,[1.816121910368169022262639411083303116695e-5 +/- 4.33e-45],521,1
521,522,[2.021433414114393383172236081856566747399e-5 +/- 7.81e-47],522,1
522,523,[2.015063616124140003825288104358217422213e-5 +/- 5.00e-45],523,1
523,524,[2.217985757567639717701598773371816713722e-5 +/- 4.67e-45],524,1
524,525,[2.211030065957946214122170277996436996119e-5 +/- 4.04e-45],525,1
525,526,[2.204109548438997241244166195386212698281e-5 +/- 3.64e-45],526,1
526,527,[1.991402548442230813161484558581063960789e-5 +/- 4.98e-45],527,1
527,528,[1.780318352250100317561280479455822475515e-5 +/- 8.74e-46],528,1
528,529,[1.774682964719993762340123010679006468691e-5 +/- 1.73e-45],529,1
529,530,[1.769076059568897525532165701222937812728e-5 +/- 4.20e-45],530,1
530,531,[1.966003675138612086358187021137191654595e-5 +/- 3.43e-45],531,1
531,532,[1.959915046969762146212208094562388162114e-5 +/- 3.53e-45],532,1
532,533,[1.953856807700136730535380489200484322845e-5 +/- 2.07e-45],533,1
533,534,[1.748072011546745118550742863091693422831e-5 +/- 4.95e-45],534,1
534,535,[1.941531835626888731710754006888563513228e-5 +/- 3.54e-45],535,1
535,536,[1.737599203645226232708444811104617292895e-5 +/- 2.64e-45],536,1
536,537,[1.732184124863758765657880325478538402884e-5 +/- 1.63e-45],537,1
537,538,[1.530472382548765698382716737665013050804e-5 +/- 4.23e-45],538,1
538,539,[1.329871318535531636469552196581162965697e-5 +/- 1.73e-46],539,1
539,540,[1.325328131047706580259829926945490320935e-5 +/- 1.01e-45],540,1
540,541,[1.320808298562086759504879281851533819309e-5 +/- 1.05e-45],541,1
541,542,[1.510315468654749211135919709964853683768e-5 +/- 7.98e-46],542,1
542,543,[1.312213780886160366561904300015832464342e-5 +/- 4.20e-45],543,1
543,544,[1.115092951589959334397661719162503393189e-5 +/- 3.15e-45],544,1
544,545,[1.110936484387809590898777852488682911983e-5 +/- 1.19e-45],545,1
545,546,[9.151227342666966484418999369064801902214e-6 +/- 2.69e-46],546,1
546,547,[7.198265353462436619576524480803751319579e-6 +/- 1.09e-46],547,1
547,548,[9.070722670216210620326890159497984940788e-6 +/- 3.53e-47],548,1
548,549,[9.031953053426100632951603738206909813514e-6 +/- 1.71e-47],549,1
549,550,[8.993394688494378897127707631504978790073e-6 +/- 1.50e-46],550,1
550,551,[8.955046070723486927519148935781980811986e-6 +/- 2.06e-46],551,1
551,552,[7.026124104620512115843164742283349449299e-6 +/- 1.84e-46],552,1
552,553,[6.989374161087511797855629349333361901399e-6 +/- 4.20e-46],553,1
553,554,[5.068471177980289217917132437245355305229e-6 +/- 2.73e-47],554,1
554,555,[3.150400769186395413847833596208866603128e-6 +/- 1.48e-46],555,1
555,556,[4.995388171834540721582568985172848595085e-6 +/- 2.16e-47],556,1
556,557,[4.959932092807915251775712120959515505532e-6 +/- 3.73e-47],557,1
557,558,[6.799566631172528571220602638064592714007e-6 +/- 3.87e-46],558,1
558,559,[6.764017539965705013085593820572742670304e-6 +/- 3.08e-46],559,1
559,560,[4.862314159734197877124927239654933024171e-6 +/- 2.12e-46],560,1
560,561,[4.827693946594227393692517763454663008486e-6 +/- 3.04e-46],561,1
561,562,[6.654453955352545936304299901088755150119e-6 +/- 7.76e-47],562,1
562,563,[4.762845012669622978012633175667781927593e-6 +/- 1.99e-47],563,1
563,564,[6.583115267971563736667743647126521919753e-6 +/- 2.66e-46],564,1
564,565,[6.548735133790293394028202416221154331649e-6 +/- 3.52e-47],565,1
565,566,[4.669233248475610834002517858392376943160e-6 +/- 2.11e-46],566,1
566,567,[2.793871309936885507048937016156574860738e-6 +/- 1.96e-46],567,1
567,568,[2.760539122901494210916755634151649378650e-6 +/- 2.21e-46],568,1
568,569,[2.727412779495225482046736974775176291821e-6 +/- 4.60e-46],569,1
569,570,[4.530291095589064633097230061306551088564e-6 +/- 2.73e-46],570,1
570,571,[2.665379577659615264115000839428423782355e-6 +/- 3.14e-46],571,1
571,572,[4.462614362206641722654515174165394046942e-6 +/- 3.74e-46],572,1
572,573,[4.430340949702823049770969790117504956283e-6 +/- 2.16e-46],573,1
573,574,[2.576011478830813488164976348919669490595e-6 +/- 9.76e-47],574,1
574,575,[4.364653988727609385751611278634057070321e-6 +/- 4.63e-46],575,1
575,576,[4.332944592622886797283337714687088314256e-6 +/- 3.92e-47],576,1
576,577,[4.301418876567436303257424424885096551003e-6 +/- 4.05e-46],577,1
577,578,[6.081036243777936204190006345995963923816e-6 +/- 2.70e-46],578,1
578,579,[6.049251900755025869721503976935290703387e-6 +/- 4.00e-46],579,1
579,580,[4.216923121818346891224230303718036298829e-6 +/- 3.52e-47],580,1
580,581,[4.186096464567961170455930995076531531234e-6 +/- 6.03e-47],581,1
581,582,[2.360638835996277041975353804506337143665e-6 +/- 4.98e-46],582,1
582,583,[4.122811019574489742890549747817153798811e-6 +/- 2.06e-47],583,1
583,584,[2.303104693241325271323440200734147822010e-6 +/- 2.94e-46],584,1
584,585,[2.272967541778505977089924023368801243202e-6 +/- 4.26e-46],585,1
585,586,[2.243012567696832792831099876493331888766e-6 +/- 3.64e-46],586,1
586,587,[4.281414497080297735151082170961453506239e-7 +/- 3.00e-47],587,1
587,588,[2.182183010534803792977563096663304021039e-6 +/- 2.22e-47],588,1
588,589,[2.152771524846139959690526351582235000036e-6 +/- 1.03e-46],589,1
589,590,[3.442061106696419929883768111568230133749e-7 +/- 2.07e-47],590,1
590,591,[2.093601806194151146507038449680666964414e-6 +/- 4.40e-46],591,1
591,592,[2.873550885713973924972665591323926652294e-7 +/- 4.51e-47],592,1
592,593,[2.580700586456434819472860820077997641284e-7 +/- 1.32e-47],593,1
593,594,[2.005836395284836437542958382130476083936e-6 +/- 2.07e-46],594,1
594,595,[1.977475688497764533893020094372798321893e-6 +/- 5.42e-47],595,1
595,596,[3.721678956815677137471083350509203443753e-6 +/- 4.64e-46],596,1
596,597,[3.693613305730736675541930137258134812017e-6 +/- 3.79e-46],597,1
597,598,[1.899144430375234697117649400330918614566e-6 +/- 2.90e-46],598,1
598,599,[3.636757479123239903284613809604364010325e-6 +/- 4.92e-46],599,1
599,600,[5.372192527434393053834187442110772560425e-6 +/- 2.41e-46],600,1
600,601,[5.344130206619731900116440226900325470112e-6 +/- 3.93e-46],601,1
601,602,[7.073043926792940540769758389876559217365e-6 +/- 2.01e-46],602,1
602,603,[8.796243758158740558964735500591250564520e-6 +/- 3.96e-46],603,1
603,604,[8.765717072826612912452491401576655846294e-6 +/- 3.76e-46],604,1
604,605,[8.735336545511215253825937668174200227047e-6 +/- 2.28e-46],605,1
605,606,[8.705101246688580918275231468465545001044e-6 +/- 1.25e-46],606,1
606,607,[1.041068956557337534237181003493837937761e-5 +/- 1.94e-45],607,1
607,608,[1.211042673348598381517425035965875314077e-5 +/- 4.66e-45],608,1
608,609,[1.207562612280042474409083599453652306707e-5 +/- 1.82e-45],609,1
609,610,[1.376276011750701331519406108741826098711e-5 +/- 1.39e-45],610,1
610,611,[1.544057055291975129190797214112778724944e-5 +/- 3.04e-45],611,1
611,612,[1.369028412352997723590558856248115369401e-5 +/- 2.51e-45],612,1
612,613,[1.365284160286668360162799762266181952407e-5 +/- 3.79e-45],613,1
613,614,[1.531426884247914059064062823976664571536e-5 +/- 2.77e-45],614,1
614,615,[1.358097636151882177272184138524070257242e-5 +/- 9.86e-46],615,1
615,616,[1.523175819890923867180963341756590549545e-5 +/- 9.08e-46],616,1
616,617,[1.519127498141355232874761966474444994269e-5 +/- 1.51e-45],617,1
617,618,[1.682676333739583544183558106662010895295e-5 +/- 2.79e-45],618,1
618,619,[1.845091199675942354634921209893821952336e-5 +/- 1.20e-45],619,1
619,620,[2.006286392458032033189140225860565885061e-5 +/- 3.86e-45],620,1
620,621,[2.000923421199164335258219214265938503691e-5 +/- 2.01e-45],621,1
621,622,[1.995583413148609091766916133391158888675e-5 +/- 2.12e-45],622,1
622,623,[1.826869496107683573653459405709918614814e-5 +/- 1.22e-45],623,1
623,624,[1.659406026228791808828845337797698285154e-5 +/- 1.12e-46],624,1
624,625,[1.655079841256146344262603371735399336545e-5 +/- 3.42e-45],625,1
625,626,[1.650771915846249584688157501655852368220e-5 +/- 3.79e-45],626,1
626,627,[1.485721953893328896549973452856656485528e-5 +/- 1.70e-46],627,1
627,628,[1.642035293102519985022384805728446084891e-5 +/- 2.77e-45],628,1
628,629,[1.637782169577136719180877938171553459410e-5 +/- 2.54e-45],629,1
629,630,[1.474609350652307367655487485470730943945e-5 +/- 7.29e-46],630,1
630,631,[1.470774971546348272992069217822102946916e-5 +/- 3.28e-46],631,1
631,632,[1.624936070742109252761757925280767027310e-5 +/- 4.14e-45],632,1
632,633,[1.620754583984595095768047860497291658544e-5 +/- 9.37e-46],633,1
633,634,[1.459737440039834078726708428382624620893e-5 +/- 9.58e-46],634,1
634,635,[1.299548610156578754964949440818260496329e-5 +/- 2.85e-45],635,1
635,636,[1.140045288716696811687266393325169467445e-5 +/- 1.20e-45],636,1
636,637,[1.136905603793115393506802338000033185471e-5 +/- 8.19e-47],637,1
637,638,[1.133779315232576873272097449193551345646e-5 +/- 1.22e-45],638,1
638,639,[1.285993489683963435839596905451776349406e-5 +/- 1.63e-45],639,1
639,640,[1.282620730737925154432237619097687413487e-5 +/- 3.39e-45],640,1
640,641,[1.279262044369375779672739839554626903988e-5 +/- 3.39e-45],641,1
641,642,[1.430207817087524615835731819019149534813e-5 +/- 1.83e-45],642,1
642,643,[1.580401931228441051855342802202346563327e-5 +/- 1.92e-45],643,1
643,644,[1.729795256095069507503471888603226106682e-5 +/- 4.34e-45],644,1
644,645,[1.725422375894473891221464667514726041893e-5 +/- 3.59e-45],645,1
645,646,[1.873374866589809306644640950575677054127e-5 +/- 4.56e-45],646,1
646,647,[2.020244997493150985261803435374293238208e-5 +/- 1.66e-46],647,1
647,648,[2.165935609315111938264949716110539504970e-5 +/- 4.81e-47],648,1
648,649,[2.160193736551148972843441557632828198938e-5 +/- 3.17e-47],649,1
649,650,[2.005077582995035367672002679601485006277e-5 +/- 9.01e-46],650,1
650,651,[1.999899623416443215753784016715262056203e-5 +/- 9.70e-46],651,1
651,652,[2.142894517834577348282568652158555064085e-5 +/- 1.78e-45],652,1
652,653,[2.137248896513414448576906174021195875888e-5 +/- 1.53e-45],653,1
653,654,[2.278305423842508419403029073450238288171e-5 +/- 1.23e-45],654,1
654,655,[2.418007326872950972964408585172423204173e-5 +/- 4.90e-45],655,1
655,656,[2.266313477577786302702303808999808398291e-5 +/- 2.99e-45],656,1
656,657,[2.260217859873208931695151671196364275249e-5 +/- 1.11e-46],657,1
657,658,[2.254147519712753714018902895616029883353e-5 +/- 3.67e-46],658,1
658,659,[2.390979715712520641151805858013539355740e-5 +/- 4.66e-45],659,1
659,660,[2.526539007140783347235157667042074555697e-5 +/- 2.50e-45],660,1
660,661,[2.519365057852325087486983223825723503567e-5 +/- 2.97e-45],661,1
661,662,[2.652769899022462648855280426450853088546e-5 +/- 4.77e-45],662,1
662,663,[2.505345268965586697155995271217016965720e-5 +/- 1.14e-46],663,1
663,664,[2.637152210918359329749954769264559617053e-5 +/- 2.39e-45],664,1
664,665,[2.629461422329641670536821978979522416049e-5 +/- 4.15e-45],665,1
665,666,[2.758968484922281124497739986295158614349e-5 +/- 1.50e-45],666,1
666,667,[2.750674375726705982693091602839851407894e-5 +/- 1.56e-45],667,1
667,668,[2.607168976642954974335448157950611203285e-5 +/- 4.41e-45],668,1
668,669,[2.599605112679650433829050843044888818502e-5 +/- 1.30e-45],669,1
669,670,[2.458519298663196821435265235172594923319e-5 +/- 4.00e-46],670,1
670,671,[2.584464184335309269586467194021060390648e-5 +/- 3.52e-45],671,1
671,672,[2.444949732943809052778486336298027396186e-5 +/- 3.71e-45],672,1
672,673,[2.438118323318472548021948710888211587369e-5 +/- 2.14e-45],673,1
673,674,[2.562010121928638173064962996411094035511e-5 +/- 4.06e-45],674,1
674,675,[2.424720892389169612939406019078739094410e-5 +/- 1.44e-45],675,1
675,676,[2.417973353390727067784605240734467222080e-5 +/- 4.17e-45],676,1
676,677,[2.411253627620397522781896589170432171580e-5 +/- 4.91e-45],677,1
677,678,[2.532473345374440965686528210316320893961e-5 +/- 6.30e-46],678,1
678,679,[2.652341255144600794506514906142180545672e-5 +/- 1.36e-45],679,1
679,680,[2.518184809216729307438334481966031595971e-5 +/- 2.91e-45],680,1
680,681,[2.510993169648701277867353408573692619411e-5 +/- 1.96e-45],681,1
681,682,[2.378915371616915917929009860575225669926e-5 +/- 1.42e-45],682,1
682,683,[2.496659302713248428838597852195552598448e-5 +/- 2.08e-45],683,1
683,684,[2.613176789929728030158961528564460072138e-5 +/- 3.85e-45],684,1
684,685,[2.605498320185286716774243865074046358637e-5 +/- 8.46e-46],685,1
685,686,[2.475806150142323778697547368782013101510e-5 +/- 9.90e-47],686,1
686,687,[2.468789680732712723251139222420762315859e-5 +/- 4.87e-45],687,1
687,688,[2.341140082608221665795405414210896198683e-5 +/- 1.32e-45],688,1
688,689,[2.334736915911252893803466826108555369900e-5 +/- 4.34e-45],689,1
689,690,[2.208972469892248566705289146244460216127e-5 +/- 2.24e-45],690,1
690,691,[2.084295494391755146754697137687259025247e-5 +/- 4.45e-45],691,1
691,692,[2.197251443529756133755475770664604630026e-5 +/- 2.99e-45],692,1
692,693,[2.191461054504165412864731619614342054848e-5 +/- 2.57e-45],693,1
693,694,[2.185693694905965939551369867825752435281e-5 +/- 3.41e-46],694,1
694,695,[2.063519026424106481567959794978478725774e-5 +/- 8.42e-46],695,1
695,696,[1.942370333788297885112065755721464302347e-5 +/- 3.95e-45],696,1
696,697,[1.937567306104448999539983165523233526056e-5 +/- 2.79e-45],697,1
697,698,[1.817798054829048397641035879103144477239e-5 +/- 2.00e-45],698,1
698,699,[1.698837852268651640157339076999925772951e-5 +/- 4.21e-45],699,1
699,700,[1.580594094294434508525209933123456626686e-5 +/- 8.98e-46],700,1
700,701,[1.576928035407321080166242466442301146988e-5 +/- 4.93e-45],701,1
701,702,[1.686906290506486227568211172295827568529e-5 +/- 4.54e-45],702,1
702,703,[1.682950076251218920679292764140204675294e-5 +/- 2.93e-45],703,1
703,704,[1.566137900557776261236627649286847795033e-5 +/- 4.14e-46],704,1
704,705,[1.562525805468014139440332444924940649874e-5 +/- 2.92e-45],705,1
705,706,[1.671214865028950559176676536384043726865e-5 +/- 1.68e-45],706,1
706,707,[1.555437687583320173016983078164139913788e-5 +/- 1.76e-46],707,1
707,708,[1.440280133647690614764940900350379810495e-5 +/- 1.10e-45],708,1
708,709,[1.436997371698756737501770202835578603598e-5 +/- 9.20e-46],709,1
709,710,[1.544870599894526711336056178819840760902e-5 +/- 3.80e-45],710,1
710,711,[1.652156482200956209567946811410132020762e-5 +/- 4.96e-45],711,1
711,712,[1.648331999965952045298994355944639551052e-5 +/- 3.94e-45],712,1
712,713,[1.644521736000014585321021918302439695336e-5 +/- 4.75e-45],713,1
713,714,[1.531059212515680248673872370585651165453e-5 +/- 3.78e-45],714,1
714,715,[1.418208897021054244087517696911841396393e-5 +/- 1.83e-45],715,1
715,716,[1.524051084562036174640646193165811855182e-5 +/- 4.83e-45],716,1
716,717,[1.520595784193643246062785148419183449634e-5 +/- 4.99e-45],717,1
717,718,[1.408914215233076116762210998670270876154e-5 +/- 2.07e-45],718,1
718,719,[1.297815542842779598445819279274605110653e-5 +/- 1.26e-46],719,1
719,720,[1.402574213690530465094338109466298764270e-5 +/- 7.89e-46],720,1
720,721,[1.399432131276403874262210684919580471109e-5 +/- 4.25e-45],721,1
721,722,[1.289307955438851677408569853968416384738e-5 +/- 2.58e-45],722,1
722,723,[1.286418523260253765194161919850285910739e-5 +/- 1.33e-45],723,1
723,724,[1.177044554444875016346898829539367728921e-5 +/- 1.90e-45],724,1
724,725,[1.174373575159951227911419655704629864839e-5 +/- 9.90e-46],725,1
725,726,[1.171712338383695190672119342493981408110e-5 +/- 4.07e-45],726,1
726,727,[1.169060795046893566337217023830510737993e-5 +/- 1.32e-45],727,1
727,728,[1.272158608167717177227285413238422437295e-5 +/- 3.88e-45],728,1
728,729,[1.269331156161397379621896830192472434389e-5 +/- 1.31e-45],729,1
729,730,[1.266513893962204235446128202395305681477e-5 +/- 2.69e-46],730,1
730,731,[1.368541148595696448326245422920811779486e-5 +/- 3.43e-45],731,1
731,732,[1.261010188285902919453263494198276794926e-5 +/- 1.12e-46],732,1
732,733,[1.258223130808103289290485232527273145971e-5 +/- 5.55e-46],733,1
733,734,[1.359456484032331349218288956458808281178e-5 +/- 2.11e-46],734,1
734,735,[1.252774865658915848600282801478435973397e-5 +/- 1.68e-45],735,1
735,736,[1.250017478125368285690523469134431377762e-5 +/- 3.41e-45],736,1
736,737,[1.247269931626982524452707737637603750971e-5 +/- 9.05e-46],737,1
737,738,[1.141578717235226619904552390496569631992e-5 +/- 4.69e-45],738,1
738,739,[1.139038746289495553904756984883899591664e-5 +/- 1.19e-45],739,1
739,740,[1.239108366960344533485033318518898213267e-5 +/- 1.42e-45],740,1
740,741,[1.236399655931135881330466421312121281579e-5 +/- 3.80e-45],741,1
741,742,[1.335801953027871695783581391540350708058e-5 +/- 3.73e-45],742,1
742,743,[1.434654416829770425721260678310636870617e-5 +/- 9.53e-46],743,1
743,744,[1.532896254466679357830741031318089766913e-5 +/- 4.07e-45],744,1
744,745,[1.529506549241642802354403136676090873967e-5 +/- 1.15e-45],745,1
745,746,[1.425638269912470082295561223409364408759e-5 +/- 3.2e-48],746,1
746,747,[1.322411777202960110642796426761257026738e-5 +/- 3.96e-45],747,1
747,748,[1.319557224004037942843291783843044690961e-5 +/- 1.49e-45],748,1
748,749,[1.316712679329126846873883143395662841313e-5 +/- 4.18e-45],749,1
749,750,[1.214791015810024739788599252728868671672e-5 +/- 1.72e-45],750,1
750,751,[1.212171684417430096315235531558484757607e-5 +/- 2.32e-45],751,1
751,752,[1.308067159070662066466497076780812542274e-5 +/- 3.86e-45],752,1
752,753,[1.305262465795943060419238537432954785912e-5 +/- 2.05e-45],753,1
753,754,[1.204663916400311106737028088108684815849e-5 +/- 5.68e-46],754,1
754,755,[1.299605777155391345380026989253489326964e-5 +/- 1.29e-45],755,1
755,756,[1.199638542626368584013840087245108015263e-5 +/- 3.69e-46],756,1
756,757,[1.197072690626555778517142704093394005849e-5 +/- 7.82e-46],757,1
757,758,[1.291163807098299371703996432222588909545e-5 +/- 4.65e-45],758,1
758,759,[1.192102689940874473332008472502710130850e-5 +/- 5.53e-46],759,1
759,760,[1.285614169008955388188782907865588897619e-5 +/- 3.55e-45],760,1
760,761,[1.282886676096787568229347917333077611139e-5 +/- 4.20e-45],761,1
761,762,[1.375573127161351964313394405879595632833e-5 +/- 3.83e-45],762,1
762,763,[1.467640376847948866080277792448307036644e-5 +/- 4.23e-45],763,1
763,764,[1.369906654623737644766046608543274784708e-5 +/- 4.43e-45],764,1
764,765,[1.366996886271722053307896180049774934130e-5 +/- 9.06e-46],765,1
765,766,[1.364097118100531568111000890503452733065e-5 +/- 1.18e-45],766,1
766,767,[1.267635294197553442110564177090431516653e-5 +/- 1.44e-45],767,1
767,768,[1.171706915024740922327174630261635664669e-5 +/- 4.31e-45],768,1
768,769,[1.169241160355643605948759759663687970939e-5 +/- 4.28e-45],769,1
769,770,[1.259550442332247198597008130476209808777e-5 +/- 2.09e-45],770,1
770,771,[1.164436920919612056512359135033272535553e-5 +/- 1.92e-46],771,1
771,772,[1.069783163678306234230526706780273915807e-5 +/- 3.43e-45],772,1
772,773,[1.067512421411119475502225568403642084204e-5 +/- 2.90e-45],773,1
773,774,[1.157062862456578890340480880214384139340e-5 +/- 3.98e-45],774,1
774,775,[1.154647058045829637492636153744470435835e-5 +/- 4.92e-45],775,1
775,776,[1.152239433271451800037708153557167061030e-5 +/- 1.99e-45],776,1
776,777,[1.149839949781772488936894301438721215648e-5 +/- 1.11e-45],777,1
777,778,[1.238153826059849426332479105732594893893e-5 +/- 4.18e-46],778,1
778,779,[1.145222072920341359804150176790825005877e-5 +/- 4.90e-45],779,1
779,780,[1.052746721328672574373078586368746395965e-5 +/- 1.39e-45],780,1
780,781,[1.050535261468638232514987408101295838315e-5 +/- 3.35e-45],781,1
781,782,[9.586839405444092755619526800479470562990e-6 +/- 1.70e-46],782,1
782,783,[1.046112154328061019836059809324152698680e-5 +/- 4.26e-45],783,1
783,784,[1.043923038870064237163934853582140736047e-5 +/- 1.89e-45],784,1
784,785,[1.041741292527292067498942308633697062232e-5 +/- 2.41e-45],785,1
785,786,[9.507305790691254485093045856398294364683e-6 +/- 4.32e-46],786,1
786,787,[1.037361178251569393501412473350344889508e-5 +/- 4.40e-45],787,1
787,788,[1.123643886502906198263131382284131242903e-5 +/- 3.97e-45],788,1
788,789,[1.121339492888807364743818430796163896984e-5 +/- 2.18e-45],789,1
789,790,[1.031109865361158402250385436305729860151e-5 +/- 4.75e-46],790,1
790,791,[1.116712728258921221056168188397043293144e-5 +/- 3.80e-45],791,1
791,792,[1.026938979611178629347861580735525984587e-5 +/- 1.13e-45],792,1
792,793,[1.024814756066959898962419588728260518063e-5 +/- 4.80e-45],793,1
793,794,[9.356131056848561203722974384122402120646e-6 +/- 3.86e-47],794,1
794,795,[8.466885143377137376703735892259576240853e-6 +/- 6.2e-48],795,1
795,796,[9.316485321949626975683318846252505972157e-6 +/- 3.79e-46],796,1
796,797,[9.296780006408909167282508820123753812663e-6 +/- 5.55e-47],797,1
797,798,[1.014265622114485807951248883749294280880e-5 +/- 1.56e-45],798,1
798,799,[9.258258210674138439205887368391181364689e-6 +/- 2.06e-46],799,1
799,800,[8.377011473776630414478628069446717277772e-6 +/- 8.25e-47],800,1
800,801,[8.358597997096748434151231148954280609637e-6 +/- 3.81e-46],801,1
801,802,[8.340246907515501122059753398690138259697e-6 +/- 3.60e-46],802,1
802,803,[7.464470660388076035690800799806958261036e-6 +/- 1.98e-46],803,1
803,804,[6.590470704133296443933624392598508380413e-6 +/- 2.92e-46],804,1
804,805,[6.573699837811111206764862812249718555249e-6 +/- 4.50e-46],805,1
805,806,[7.412127627885997711585465492669477104445e-6 +/- 2.01e-46],806,1
806,807,[8.248516484123455015781968883154979148815e-6 +/- 5.97e-47],807,1
807,808,[7.378752557267874091263578932203161463300e-6 +/- 4.26e-46],808,1
808,809,[7.361626565080622168744581170734752970081e-6 +/- 4.55e-46],809,1
809,810,[8.193827941556123368922883846728762682286e-6 +/- 2.44e-46],810,1
810,811,[8.176013954548302818089698562803483510667e-6 +/- 3.53e-47],811,1
811,812,[9.004070614285459816932442541437948847429e-6 +/- 7.76e-47],812,1
812,813,[8.985363536109879193641461533245662777786e-6 +/- 1.05e-47],813,1
813,814,[8.125422316981511128715159245619901009855e-6 +/- 2.77e-46],814,1
814,815,[8.947193309382832001648170000509977665272e-6 +/- 2.18e-47],815,1
815,816,[8.091791747621458355373344750439725486903e-6 +/- 3.77e-46],816,1
816,817,[8.074327391912705238953131135023918191891e-6 +/- 2.88e-46],817,1
817,818,[7.223689656702368147196714955525731081531e-6 +/- 3.24e-46],818,1
818,819,[6.374972381553694126143424919375898777005e-6 +/- 1.59e-46],819,1
819,820,[6.359054063567982456210490002904053901947e-6 +/- 1.31e-46],820,1
820,821,[6.343191209574563784063833929686358080376e-6 +/- 3.61e-46],821,1
821,822,[7.156802345735494437748869671914163813862e-6 +/- 4.84e-46],822,1
822,823,[7.968500644609429665850488404190469935066e-6 +/- 3.18e-46],823,1
823,824,[8.777829998208752993342312876121687018279e-6 +/- 4.09e-46],824,1
824,825,[8.759835407191993765657972523223675095788e-6 +/- 3.53e-46],825,1
825,826,[8.741899068888455402916437672063443478171e-6 +/- 2.42e-46],826,1
826,827,[9.544867153233629655731917372407000218535e-6 +/- 5.97e-47],827,1
827,828,[1.034464057403684743283503338364464281943e-5 +/- 1.74e-45],828,1
828,829,[1.032435046486303061063395138324934188141e-5 +/- 4.24e-45],829,1
829,830,[1.111796836423686445239876835775209099124e-5 +/- 2.16e-45],830,1
830,831,[1.190703792037272519257002335125063541535e-5 +/- 4.22e-45],831,1
831,832,[1.107592209633055297586429654163660445237e-5 +/- 4.39e-45],832,1
832,833,[1.105435075869592032425930110034057508768e-5 +/- 3.13e-45],833,1
833,834,[1.103284739845686640114059092751275904846e-5 +/- 1.35e-45],834,1
834,835,[1.181108264690170756687610910860737060873e-5 +/- 2.64e-45],835,1
835,836,[1.099142604765246642615522978062559829478e-5 +/- 8.22e-46],836,1
836,837,[1.097012370444933525000578168373460239853e-5 +/- 7.30e-46],837,1
837,838,[1.094888816400257058587267256086770362676e-5 +/- 4.32e-45],838,1
838,839,[1.013889646804835876717693607386429090822e-5 +/- 2.80e-45],839,1
839,840,[1.090604375512140887736544428402809648504e-5 +/- 7.85e-46],840,1
840,841,[1.088500697593452031332834557245475346030e-5 +/- 4.67e-46],841,1
841,842,[1.086403585029265225251498291823025043348e-5 +/- 1.91e-45],842,1
842,843,[1.006399377486289613249013790701926158623e-5 +/- 4.46e-45],843,1
843,844,[9.267553114383378577958087762783564658503e-6 +/- 1.07e-46],844,1
844,845,[9.249524234098516865650788300052907766865e-6 +/- 4.05e-46],845,1
845,846,[9.231551663475699945787183886300680423058e-6 +/- 3.07e-46],846,1
846,847,[9.213635159624795282278572880645740760319e-6 +/- 1.10e-46],847,1
847,848,[9.195774480992130749687796764526532982086e-6 +/- 2.04e-46],848,1
848,849,[9.177969387351556370078401705265901410161e-6 +/- 9.9e-48],849,1
849,850,[8.392899345281035622660852426884532905980e-6 +/- 3.9e-48],850,1
850,851,[8.376283499338777544026448874277150644385e-6 +/- 4.60e-46],851,1
851,852,[7.595485403389023140618841871625196803757e-6 +/- 2.89e-46],852,1
852,853,[7.579868566251036170021886614135518391161e-6 +/- 4.37e-46],853,1
853,854,[8.326123463620487063504743566586659501735e-6 +/- 2.70e-47],854,1
854,855,[9.069643788590463429733636499735129194034e-6 +/- 3.30e-46],855,1
855,856,[9.052215989934753118628753393939046286149e-6 +/- 4.07e-46],856,1
856,857,[9.034841930351712540058891165658078343287e-6 +/- 6.77e-47],857,1
857,858,[9.771563726978165340373245620411089516582e-6 +/- 2.61e-46],858,1
858,859,[9.000962010200271581683636796347390187400e-6 +/- 4.05e-46],859,1
859,860,[9.734165352053365811477386184708812999251e-6 +/- 7.4e-48],860,1
860,861,[9.715778412273687504240900785665025768013e-6 +/- 2.38e-46],861,1
861,862,[1.044368072471426961871150550492062716305e-5 +/- 2.80e-45],862,1
862,863,[9.680318327658601874685995267008211069223e-6 +/- 4.32e-46],863,1
863,864,[1.040367671033791050885464451117425977622e-5 +/- 3.16e-45],864,1
864,865,[1.038413527776845786756208625765976339445e-5 +/- 3.13e-45],865,1
865,866,[9.628273725814448488285365685367830717171e-6 +/- 3.94e-46],866,1
866,867,[8.876050552394983068567238270640002112281e-6 +/- 4.28e-46],867,1
867,868,[8.859233558984690099669750738116538546318e-6 +/- 2.53e-46],868,1
868,869,[8.842467692919914512411233764649972944615e-6 +/- 5.00e-46],869,1
869,870,[8.097533531011041995110754123145110192256e-6 +/- 1.56e-46],870,1
870,871,[7.355053153007433681769281227653268133743e-6 +/- 4.18e-46],871,1
871,872,[6.614831634920666452916916162715977795518e-6 +/- 1.75e-46],872,1
872,873,[6.600773151268535059048810630520674542572e-6 +/- 4.81e-47],873,1
873,874,[6.586759166037450592809828603980159178113e-6 +/- 3.62e-46],874,1
874,875,[7.294965644094490854953076629085870095238e-6 +/- 2.74e-47],875,1
875,876,[7.280377219636449616151955051423421925060e-6 +/- 8.79e-47],876,1
876,877,[7.265833854833811528836078166409635015580e-6 +/- 4.59e-46],877,1
877,878,[7.969321496322378042481059321330046045878e-6 +/- 8.24e-47],878,1
878,879,[7.237841403405819601754069266055171613635e-6 +/- 2.31e-46],879,1
879,880,[6.508620638790618793875251364517679093067e-6 +/- 1.56e-46],880,1
880,881,[6.494907992943070029084395887114972588446e-6 +/- 3.89e-47],881,1
881,882,[7.193812845624130015688589334521858903255e-6 +/- 8.53e-47],882,1
882,883,[7.179536073840316289703714204149107889230e-6 +/- 4.86e-46],883,1
883,884,[7.875113845289002665176445057728663574314e-6 +/- 2.00e-46],884,1
884,885,[7.860121445987874558222907441501002494062e-6 +/- 3.95e-46],885,1
885,886,[8.551552231438925823314012584756717051154e-6 +/- 2.31e-46],886,1
886,887,[7.831338639458724471924261851963147297223e-6 +/- 2.28e-46],887,1
887,888,[8.519165253028419300026256532629238368870e-6 +/- 9.98e-47],888,1
888,889,[8.503406946124608179954039937959784554345e-6 +/- 1.86e-46],889,1
889,890,[7.789257029007565017808568608526104329768e-6 +/- 4.12e-46],890,1
890,891,[8.471076967146434253285693787922169255122e-6 +/- 4.17e-46],891,1
891,892,[8.455460721567254490858431982687670803975e-6 +/- 2.32e-46],892,1
892,893,[8.439890659996416353557220596582045172935e-6 +/- 2.24e-46],893,1
893,894,[7.733987001494614922435957439218305510199e-6 +/- 1.92e-46],894,1
894,895,[8.408150513658608818489469689251245209818e-6 +/- 3.27e-46],895,1
895,896,[7.705986110405683498835743720505181161287e-6 +/- 1.35e-46],896,1
896,897,[7.691506869869599529716323862275548017575e-6 +/- 2.14e-46],897,1
897,898,[8.360367778855836247975237832676703252084e-6 +/- 4.72e-46],898,1
898,899,[7.663794701579374601802732423646478298426e-6 +/- 4.33e-46],899,1
899,900,[6.969758703614858695496484985550254441397e-6 +/- 2.88e-46],900,1
900,901,[6.956193827772191357679328421669444882009e-6 +/- 2.31e-46],901,1
901,902,[6.265445949239353548384464685608465853949e-6 +/- 1.04e-46],902,1
902,903,[6.928896827515892100266063212403824596714e-6 +/- 3.51e-46],903,1
903,904,[7.590548082067113090153493166645290321591e-6 +/- 4.64e-47],904,1
904,905,[7.576410196580678935683013154418341852620e-6 +/- 5.02e-47],905,1
905,906,[6.890295326374279045110035049188252696182e-6 +/- 3.11e-46],906,1
906,907,[7.547716214404692242124329696952515240952e-6 +/- 3.46e-46],907,1
907,908,[8.202803843265414334640359188964474839814e-6 +/- 3.34e-46],908,1
908,909,[8.187960243219481858348631796006195422150e-6 +/- 3.03e-46],909,1
909,910,[8.173159718194779480142229238120829157197e-6 +/- 6.86e-47],910,1
910,911,[7.494591589997166831225349261376194665000e-6 +/- 2.78e-46],911,1
911,912,[8.143170369760880925807559737470542243791e-6 +/- 1.05e-46],912,1
912,913,[8.128498206600085328249409069580151619745e-6 +/- 2.53e-46],913,1
913,914,[7.455019873446344286822216788773829869837e-6 +/- 2.03e-46],914,1
914,915,[6.783899426400501444409628352772593898772e-6 +/- 3.71e-46],915,1
915,916,[7.427055543679198333104287687740040328684e-6 +/- 2.86e-46],916,1
916,917,[7.413403462767198797782882041495560942348e-6 +/- 1.54e-46],917,1
917,918,[6.746687610105838074522474629767430963599e-6 +/- 4.46e-46],918,1
918,919,[6.733818542240845394415659547193211667878e-6 +/- 4.43e-46],919,1
919,920,[7.371675760114057427846221606917839852130e-6 +/- 2.85e-46],920,1
920,921,[7.358181133406826599420275428790508475963e-6 +/- 1.73e-46],921,1
921,922,[6.697182472319318691846197369726457458617e-6 +/- 3.94e-46],922,1
922,923,[6.037994597013416470696775762031724364260e-6 +/- 3.18e-46],923,1
923,924,[5.380315543793373845691566148357033459958e-6 +/- 1.65e-46],924,1
924,925,[5.368646781470923206090525354628043615046e-6 +/- 3.62e-46],925,1
925,926,[5.357013767384964221381037535021620333244e-6 +/- 4.80e-46],926,1
926,927,[4.701745197554116024571813403462851398713e-6 +/- 3.68e-46],927,1
927,928,[4.690467110009742812644810531089062728296e-6 +/- 3.00e-46],928,1
928,929,[4.679224534121429703622341390560421046435e-6 +/- 2.59e-47],929,1
929,930,[5.310887565100302772932361609891869812171e-6 +/- 2.86e-46],930,1
930,931,[4.657157359456357623275166033940607165726e-6 +/- 1.85e-46],931,1
931,932,[4.646019999730490684270404956363351672174e-6 +/- 4.38e-46],932,1
932,933,[4.634917567849112443276908908539241438859e-6 +/- 4.05e-46],933,1
933,934,[3.983427900679316117103034613137380434807e-6 +/- 4.77e-46],934,1
934,935,[3.332339576479853127880102765008443735167e-6 +/- 3.32e-46],935,1
935,936,[3.961626891679187795933790324713450412246e-6 +/- 3.76e-46],936,1
936,937,[3.950815488514447801929679689279488457281e-6 +/- 2.68e-46],937,1
937,938,[4.579160552522593257890533856358384057805e-6 +/- 2.30e-46],938,1
938,939,[5.206544919759160748746005294439423985174e-6 +/- 2.04e-46],939,1
939,940,[4.558062602542015368130456325909277052816e-6 +/- 1.06e-46],940,1
940,941,[4.547234252692055342240713897589070890809e-6 +/- 1.23e-46],941,1
941,942,[5.172195091646869424022675892855147167113e-6 +/- 3.74e-46],942,1
942,943,[5.795661534368548737051934128358171126069e-6 +/- 3.23e-46],943,1
943,944,[5.151001880954499384280803155624067050397e-6 +/- 3.29e-46],944,1
944,945,[5.140024202844394673750683141336811659010e-6 +/- 2.16e-46],945,1
945,946,[5.129079474081333646832321640992645318320e-6 +/- 2.21e-46],946,1
946,947,[5.748507488580222712090677710783013289034e-6 +/- 4.22e-46],947,1
947,948,[6.366374114828689968978919466973429162866e-6 +/- 6.89e-47],948,1
948,949,[6.354593715809639652720215805154007871620e-6 +/- 2.86e-46],949,1
949,950,[5.716557708550726006908086988360807466584e-6 +/- 3.81e-46],950,1
950,951,[5.705369422257734406991107778101826404111e-6 +/- 3.63e-46],951,1
951,952,[5.070142134337399421763963778910808003510e-6 +/- 2.62e-46],952,1
952,953,[5.059416749475365458969836821735520849034e-6 +/- 2.50e-46],953,1
953,954,[5.670974442033652384419448370006066478938e-6 +/- 1.65e-46],954,1
954,955,[5.659916144942258377612253528110483311888e-6 +/- 4.69e-46],955,1
955,956,[5.029278451572903556243785181189167222800e-6 +/- 2.46e-46],956,1
956,957,[5.018677718606930744344875660300556328830e-6 +/- 4.81e-48],957,1
957,958,[5.625922740330655165601653200980434452549e-6 +/- 4.01e-46],958,1
958,959,[4.998397625994002559708388077187792289444e-6 +/- 3.99e-46],959,1
959,960,[4.372220421990526215363703579440343717199e-6 +/- 1.24e-46],960,1
960,961,[4.362012808376654946440956872010889490497e-6 +/- 2.56e-46],961,1
961,962,[4.351836281544662867606177947014970009108e-6 +/- 2.39e-46],962,1
962,963,[4.955522701580509784578399960489339404102e-6 +/- 3.89e-46],963,1
963,964,[4.945139325396062933825339758990476681862e-6 +/- 3.43e-46],964,1
964,965,[4.934786519704573487215026462251526252331e-6 +/- 4.01e-46],965,1
965,966,[4.312822620114138555531979099132543201202e-6 +/- 4.92e-46],966,1
966,967,[3.691364434380071505881949613017126607278e-6 +/- 1.20e-46],967,1
967,968,[4.292619246912764196368055349428707009948e-6 +/- 1.91e-46],968,1
968,969,[4.282655867471788399491442103055778363820e-6 +/- 6.03e-47],969,1
969,970,[4.882482173893647651956359837512077104420e-6 +/- 2.32e-46],970,1
970,971,[5.481176188609115049643710220083025121986e-6 +/- 1.35e-46],971,1
971,972,[6.078520429184229008529424223572176876681e-6 +/- 4.26e-46],972,1
972,973,[6.067527944451646749742097865889216146965e-6 +/- 1.46e-46],973,1
973,974,[5.450996561594486638717066797082980515446e-6 +/- 3.56e-47],974,1
974,975,[4.835729967491903415570395876738940313362e-6 +/- 3.03e-46],975,1
975,976,[4.825699299161164821987473494215276176262e-6 +/- 4.48e-46],976,1
976,977,[4.815697815268140075820762037088685149875e-6 +/- 3.19e-46],977,1
977,978,[5.408587296637861657789129552094477691040e-6 +/- 1.20e-46],978,1
978,979,[5.999988552402462280852925323688046107653e-6 +/- 1.35e-46],979,1
979,980,[5.388706711531884119333708168109495612598e-6 +/- 4.70e-46],980,1
980,981,[5.378445909228819523600878899596638390473e-6 +/- 2.40e-46],981,1
981,982,[5.368214032635934495196334354805800396154e-6 +/- 2.40e-46],982,1
982,983,[4.759844936062008184711298237880026795321e-6 +/- 4.40e-46],983,1
983,984,[5.347737109507850601863998963929444666657e-6 +/- 3.40e-46],984,1
984,985,[5.337591561925352781711178306199987589970e-6 +/- 1.77e-46],985,1
985,986,[4.731413100384647556878762550878408958827e-6 +/- 3.36e-46],986,1
986,987,[5.317344881359433489763701671570192916081e-6 +/- 4.18e-46],987,1
987,988,[5.902189092721486913333620862888427693735e-6 +/- 8.80e-47],988,1
988,989,[5.891683088632171431670522743516086382460e-6 +/- 2.68e-46],989,1
989,990,[5.288350154665991372172896380202953086834e-6 +/- 4.80e-46],990,1
990,991,[5.278372287168497670396202167499455579893e-6 +/- 6.38e-48],991,1
991,992,[5.859824776207058865595950790152242586311e-6 +/- 4.98e-46],992,1
992,993,[5.849434273404411549091680884571132961832e-6 +/- 5.72e-47],993,1
993,994,[5.249552575440064121076206716686370929621e-6 +/- 3.16e-46],994,1
994,995,[5.828578373964970067549432112581044314975e-6 +/- 7.35e-47],995,1
995,996,[5.230271140062503288552882540163140633387e-6 +/- 2.13e-46],996,1
996,997,[5.220455362900216062898682095504095516746e-6 +/- 1.90e-46],997,1
997,998,[5.797679851668924106523960248569061791724e-6 +/- 2.41e-46],998,1
998,999,[5.201313460280607020975078635059458541205e-6 +/- 3.18e-46],999,1
999,1000,[5.191577870380076536567234678669173296230e-6 +/- 4.87e-46],1000,1
1000,1001,[5.181869216248504742656143520520605674701e-6 +/- 3.86e-46],1001,1
1001,1002,[5.756420594926942445883024218107485663215e-6 +/- 2.34e-47],1002,1
1002,1003,[6.329396494980629268549931035033302744397e-6 +/- 4.81e-46],1003,1
1003,1004,[5.736856437766857987990631003110374435660e-6 +/- 2.82e-46],1004,1
1004,1005,[5.726802450915693880506332079051844249898e-6 +/- 3.62e-46],1005,1
1005,1006,[6.297205199698298500865110210246711364044e-6 +/- 2.42e-46],1006,1
1006,1007,[5.707196697513623473883501223270000144491e-6 +/- 1.57e-46],1007,1
1007,1008,[5.118531903619002826700985312027781368483e-6 +/- 4.81e-46],1008,1
1008,1009,[5.109026523260038088725332291116003938995e-6 +/- 4.62e-46],1009,1
1009,1010,[5.676894361545366632788890092957551025052e-6 +/- 1.10e-46],1010,1
1010,1011,[6.243365306927949455189358873453945243145e-6 +/- 4.27e-46],1011,1
1011,1012,[5.657533642798799009105973248193263806612e-6 +/- 3.43e-46],1012,1
1012,1013,[5.647692481493058391334825179541879516515e-6 +/- 1.13e-46],1013,1
1013,1014,[6.212105713959670561199740474688853674240e-6 +/- 3.10e-46],1014,1
1014,1015,[6.201781835288271333883466309240389628718e-6 +/- 9.83e-47],1015,1
1015,1016,[6.763710387618632057022072230671662432308e-6 +/- 2.90e-46],1016,1
1016,1017,[6.752809641187993890787604777970463083180e-6 +/- 3.13e-46],1017,1
1017,1018,[6.741937093833106440530620113920221230134e-6 +/- 4.29e-47],1018,1
1018,1019,[6.162196391940013766894963069990871557343e-6 +/- 3.03e-47],1019,1
1019,1020,[6.720090973733228735222387930433600398578e-6 +/- 4.02e-46],1020,1
1020,1021,[6.709303390475030689598189463508480018318e-6 +/- 2.32e-46],1021,1
1021,1022,[7.264386071843717013595587133458161167651e-6 +/- 1.32e-46],1022,1
1022,1023,[7.817467000732738864093427280963756120457e-6 +/- 3.28e-46],1023,1
1023,1024,[8.368341600593375036536960018208525017845e-6 +/- 1.73e-46],1024,1
1024,1025,[8.355245836905708241247372239606814256369e-6 +/- 8.30e-47],1025,1
1025,1026,[8.342183380250927224278734992076395906225e-6 +/- 4.89e-46],1026,1
1026,1027,[8.329154113145417347002963351855643782020e-6 +/- 2.46e-46],1027,1
1027,1028,[7.758763240261326747176792707618326924522e-6 +/- 2.84e-46],1028,1
1028,1029,[7.746687375720484113363467902322729106135e-6 +/- 4.41e-46],1029,1
1029,1030,[7.734642083450927752268506280058719568051e-6 +/- 3.90e-46],1030,1
1030,1031,[8.276957257660781909582880565946221287567e-6 +/- 2.69e-46],1031,1
1031,1032,[8.817379831762903182380406127977362079683e-6 +/- 1.47e-46],1032,1
1032,1033,[8.803580127517006103082837097096905084164e-6 +/- 4.72e-46],1033,1
1033,1034,[9.340541983584182906251194280421093326064e-6 +/- 4.23e-46],1034,1
1034,1035,[9.874856903689195919776516929510833559081e-6 +/- 2.24e-47],1035,1
1035,1036,[9.858960719297355584182092701198328927335e-6 +/- 2.98e-47],1036,1
1036,1037,[9.843105181328955237536786000969824433339e-6 +/- 1.70e-46],1037,1
1037,1038,[9.283404030197031856217534959863880878165e-6 +/- 2.84e-46],1038,1
1038,1039,[9.811205809967889812076091461104523417777e-6 +/- 4.89e-47],1039,1
1039,1040,[1.033640535277142187931756713713238172305e-5 +/- 2.47e-45],1040,1
1040,1041,[1.031949586931695478985654277388353675432e-5 +/- 8.78e-47],1041,1
1041,1042,[9.765235657980152795506754737291921587185e-6 +/- 5.77e-47],1042,1
1042,1043,[9.213813996203040740834696989733015454828e-6 +/- 4.95e-46],1043,1
1043,1044,[8.664940682721465404550658121905175392464e-6 +/- 1.90e-46],1044,1
1044,1045,[8.651525836332390599691693297792819810955e-6 +/- 3.48e-47],1045,1
1045,1046,[9.170114952641989815996426166304509820196e-6 +/- 4.73e-46],1046,1
1046,1047,[8.625315419759989287746176915115835422873e-6 +/- 8.3e-48],1047,1
1047,1048,[8.082915419660171576223592948163558095909e-6 +/- 9.87e-47],1048,1
1048,1049,[8.070543161023651436759810547646678796499e-6 +/- 2.68e-47],1049,1
1049,1050,[8.585087982250043187359798565831469455562e-6 +/- 4.22e-46],1050,1
1050,1051,[8.571873131833363157064411746356157354181e-6 +/- 3.49e-46],1051,1
1051,1052,[9.082972257873025980670012509535942567405e-6 +/- 3.55e-46],1052,1
1052,1053,[9.068836271739651329789914663955383761798e-6 +/- 2.47e-46],1053,1
1053,1054,[9.054735588853034410812448323713720697885e-6 +/- 3.59e-46],1054,1
1054,1055,[9.561102765102017689345277241490600642849e-6 +/- 9.08e-47],1055,1
1055,1056,[9.026960907337547848053972612486556719750e-6 +/- 1.36e-46],1056,1
1056,1057,[9.012964371365662919896190960938095697083e-6 +/- 4.72e-46],1057,1
1057,1058,[8.482525209396117685167755658827696112331e-6 +/- 5.46e-47],1058,1
1058,1059,[8.469563420888175432793614403935973470361e-6 +/- 3.67e-46],1059,1
1059,1060,[7.942424700740389355699979100427491086816e-6 +/- 3.56e-46],1060,1
1060,1061,[7.930398926171099530968225030443744925802e-6 +/- 2.50e-46],1061,1
1061,1062,[8.430945816566292729434741543052487929775e-6 +/- 4.36e-46],1062,1
1062,1063,[8.418111869737455665110947297939436347675e-6 +/- 3.98e-46],1063,1
1063,1064,[8.915651865858209361690233000593669023113e-6 +/- 3.07e-46],1064,1
1064,1065,[8.901933373903279857805497581292835829378e-6 +/- 8.76e-47],1065,1
1065,1066,[9.396044518190500148009432212521610287916e-6 +/- 3.10e-46],1066,1
1066,1067,[9.887627937431002685259183059033333513041e-6 +/- 2.09e-46],1067,1
1067,1068,[9.367264235735974585560020689281939570789e-6 +/- 4.44e-47],1068,1
1068,1069,[9.352659064474086879239573569879588327244e-6 +/- 1.98e-46],1069,1
1069,1070,[9.839882074468570018532940979564198580396e-6 +/- 1.37e-46],1070,1
1070,1071,[1.032429932711356126445389691283047270994e-5 +/- 9.49e-47],1071,1
1071,1072,[1.030753673464748496678087302294246831448e-5 +/- 1.54e-45],1072,1
1072,1073,[1.029081624622753549087770510293426429107e-5 +/- 2.16e-45],1073,1
1073,1074,[9.779904405477177297967060275588067084114e-6 +/- 2.30e-47],1074,1
1074,1075,[1.025697163443857846188211505819120026080e-5 +/- 2.78e-46],1075,1
1075,1076,[1.024037771292685488526422170270913383148e-5 +/- 2.87e-45],1076,1
1076,1077,[1.022382531748090023371740260769099411414e-5 +/- 4.22e-45],1077,1
1077,1078,[9.719963194005834988007306419213554180863e-6 +/- 2.07e-46],1078,1
1078,1079,[9.704637513361627486526214872046398608741e-6 +/- 3.23e-46],1079,1
1079,1080,[9.204916286517722417598531271739353674261e-6 +/- 2.67e-46],1080,1
1080,1081,[9.190720647581021372029624282207607434377e-6 +/- 2.56e-46],1081,1
1081,1082,[8.694505703150597360919442223360095131648e-6 +/- 4.51e-46],1082,1
1082,1083,[8.200303117629110441871968242322936738851e-6 +/- 1.74e-46],1083,1
1083,1084,[8.188057011874826423556265202164383165237e-6 +/- 2.84e-46],1084,1
1084,1085,[8.175840455020509193574607806258308941950e-6 +/- 2.63e-46],1085,1
1085,1086,[8.642151748563485365172722690634093313949e-6 +/- 3.93e-46],1086,1
1086,1087,[9.106580370956090373324897012813258585981e-6 +/- 1.26e-46],1087,1
1087,1088,[9.569000092372649624071043672305594958963e-6 +/- 4.95e-47],1088,1
1088,1089,[9.554052336483573064718217888898263969065e-6 +/- 3.93e-47],1089,1
1089,1090,[9.539141209334323790846822347601429810872e-6 +/- 4.24e-46],1090,1
1090,1091,[9.996896048165053744531957848474928782205e-6 +/- 3.08e-46],1091,1
1091,1092,[1.045224326785973893818532354699820202166e-5 +/- 2.99e-45],1092,1
1092,1093,[1.043517166336136240688690494533297708302e-5 +/- 2.59e-45],1093,1
1093,1094,[1.088651160451343531205116523632351224639e-5 +/- 5.00e-45],1094,1
1094,1095,[1.040150300757210544186692790859049288337e-5 +/- 5.00e-45],1095,1
1095,1096,[1.084998541535675356224778561995266849994e-5 +/- 3.56e-46],1096,1
1096,1097,[1.083184544477838277377963457845490871135e-5 +/- 4.53e-45],1097,1
1097,1098,[1.127631507512215557959337613259930953687e-5 +/- 2.46e-45],1098,1
1098,1099,[1.125695991839922097418875950531656777294e-5 +/- 2.95e-45],1099,1
1099,1100,[1.077823559904839605230606600585438621365e-5 +/- 5.91e-46],1100,1
1100,1101,[1.076027421459762834758861925864813163520e-5 +/- 2.39e-45],1101,1
1101,1102,[1.028554337793024147961615428482693115246e-5 +/- 9.93e-46],1102,1
1102,1103,[1.072454321921888951991050950138311522668e-5 +/- 4.35e-45],1103,1
1103,1104,[1.116102401486266700367112960100024140369e-5 +/- 4.77e-45],1104,1
1104,1105,[1.114196196024961629242157817502892381365e-5 +/- 3.69e-46],1105,1
1105,1106,[1.157420201442105958713048145339170437798e-5 +/- 1.87e-46],1106,1
1106,1107,[1.200343308775558360632864878095400706534e-5 +/- 3.88e-45],1107,1
1107,1108,[1.198175521490926547719342429754382956084e-5 +/- 1.88e-46],1108,1
1108,1109,[1.196013259751254330279836593966148011075e-5 +/- 3.26e-45],1109,1
1109,1110,[1.238273249852581717303211923398146238283e-5 +/- 3.82e-45],1110,1
1110,1111,[1.191742763357521045476887515199395490558e-5 +/- 5.76e-46],1111,1
1111,1112,[1.145543846834554777212502071010826769051e-5 +/- 1.25e-45],1112,1
1112,1113,[1.143542500147338220592670331949874212350e-5 +/- 4.30e-45],1113,1
1113,1114,[1.185270896755042657947526217194115462981e-5 +/- 3.58e-45],1114,1
1114,1115,[1.139594865407426780376555738914431972198e-5 +/- 4.78e-45],1115,1
1115,1116,[1.094214030268501794936317978827268448531e-5 +/- 3.97e-45],1116,1
1116,1117,[1.092362435563429717490053081984485076252e-5 +/- 2.58e-45],1117,1
1117,1118,[1.133634077864010185418332704216752194841e-5 +/- 1.19e-45],1118,1
1118,1119,[1.174619373588824146479870081116255469039e-5 +/- 1.42e-45],1119,1
1119,1120,[1.129734997789522637652917251421206397062e-5 +/- 2.79e-46],1120,1
1120,1121,[1.127773398829525364970658193346928663459e-5 +/- 2.61e-45],1121,1
1121,1122,[1.083356240063065260618312869695299913767e-5 +/- 5.97e-46],1122,1
1122,1123,[1.039218028805481111124492350832814573407e-5 +/- 2.06e-45],1123,1
1123,1124,[1.079690450664890909492313254648483789717e-5 +/- 3.16e-45],1124,1
1124,1125,[1.077874855647173274052412427350102059108e-5 +/- 4.10e-45],1125,1
1125,1126,[1.076063735077727822724070284500816030553e-5 +/- 3.30e-45],1126,1
1126,1127,[1.032539054640722480570354152435191925732e-5 +/- 1.73e-45],1127,1
1127,1128,[1.030854826208440872397372700396142064553e-5 +/- 1.50e-45],1128,1
1128,1129,[1.029174697912282712983596081417755554394e-5 +/- 2.76e-45],1129,1
1129,1130,[1.068824901611219728738689993773257277572e-5 +/- 2.62e-45],1130,1
1130,1131,[1.108209947257634509157576126481358680556e-5 +/- 1.93e-45],1131,1
1131,1132,[1.147304871346389922320850581876375526536e-5 +/- 2.21e-45],1132,1
1132,1133,[1.145271670698717876492145288342508133487e-5 +/- 2.62e-45],1133,1
1133,1134,[1.102604941939360674589643245379444271418e-5 +/- 1.08e-45],1134,1
1134,1135,[1.100711010891299661753343880250463154602e-5 +/- 3.91e-45],1135,1
1135,1136,[1.058502224229374332133897112839217857815e-5 +/- 4.52e-45],1136,1
1136,1137,[1.056739021133163666625666561938336163929e-5 +/- 4.74e-45],1137,1
1137,1138,[1.014951629880835598712032124000480737388e-5 +/- 3.66e-45],1138,1
1138,1139,[9.734202916324092348028450566756736180618e-6 +/- 2.80e-46],1139,1
1139,1140,[9.321304530747061501394619588790537438933e-6 +/- 3.95e-47],1140,1
1140,1141,[9.307031528578011956451727930562782934905e-6 +/- 9.93e-47],1141,1
1141,1142,[8.897471527084795901650263623639040946572e-6 +/- 3.10e-46],1142,1
1142,1143,[8.489849356625615480855085659363973316056e-6 +/- 4.51e-47],1143,1
1143,1144,[8.477443513059840184692713907244571114006e-6 +/- 1.55e-46],1144,1
1144,1145,[8.465066393484438055653732048717223722901e-6 +/- 4.50e-47],1145,1
1145,1146,[8.060927030564272073335888428133781002731e-6 +/- 1.27e-46],1146,1
1146,1147,[8.440440017165286744016645261189960415477e-6 +/- 4.86e-46],1147,1
1147,1148,[8.037878078051865851174223969051964642474e-6 +/- 4.90e-46],1148,1
1148,1149,[8.026386071781012694528185477297425724565e-6 +/- 3.79e-46],1149,1
1149,1150,[7.626044547040837776587462784544266029842e-6 +/- 2.55e-46],1150,1
1150,1151,[7.615306234589128154334848289330764264926e-6 +/- 4.40e-46],1151,1
1151,1152,[7.992133013258930035507704199839951701403e-6 +/- 1.45e-46],1152,1
1152,1153,[7.980745217497030488777994326953254023483e-6 +/- 7.76e-47],1153,1
1153,1154,[8.355180181645407175583777850863292101139e-6 +/- 2.46e-46],1154,1
1154,1155,[7.958297087226917541936547406283073934580e-6 +/- 3.90e-46],1155,1
1155,1156,[7.563021051151487581380689622116721329973e-6 +/- 4.74e-46],1156,1
1156,1157,[7.552427055302455140358615877414223226859e-6 +/- 3.56e-46],1157,1
1157,1158,[7.159578426487429563994569486217403108271e-6 +/- 4.66e-46],1158,1
1158,1159,[7.531276792802494420559728673736697013707e-6 +/- 6.66e-47],1159,1
1159,1160,[7.139809808170331794821003988915826447354e-6 +/- 4.10e-46],1160,1
1160,1161,[7.129929765822362786423052099326904020866e-6 +/- 1.57e-47],1161,1
1161,1162,[7.120071896337795240769167750105573230594e-6 +/- 1.98e-47],1162,1
1162,1163,[7.489569928646373897201815182326862682728e-6 +/- 1.10e-46],1163,1
1163,1164,[7.857797788050134270946080703236176177767e-6 +/- 3.59e-46],1164,1
1164,1165,[7.846715056425051842676202346678186832095e-6 +/- 3.69e-46],1165,1
1165,1166,[7.458644171204692452908954965767772631612e-6 +/- 1.24e-47],1166,1
1166,1167,[7.824684325654785900566679320209184026753e-6 +/- 1.68e-46],1167,1
1167,1168,[7.438092900068922062841102155754590648297e-6 +/- 3.30e-47],1168,1
1168,1169,[7.427780382361726582404917181708529104886e-6 +/- 4.18e-46],1169,1
1169,1170,[7.043189871952135770029999124461963919781e-6 +/- 4.85e-46],1170,1
1170,1171,[7.033527998763606595775882471269748455035e-6 +/- 2.64e-47],1171,1
1171,1172,[7.397119986585988177847886135030727683029e-6 +/- 4.56e-46],1172,1
1172,1173,[7.386898778611144468715198480173075348390e-6 +/- 2.39e-46],1173,1
1173,1174,[7.748522811976531355293028390772206306386e-6 +/- 1.93e-46],1174,1
1174,1175,[7.366725498705026006033982470735219158184e-6 +/- 3.01e-46],1175,1
1175,1176,[7.356572470523553747203355505442525103170e-6 +/- 4.32e-46],1176,1
1176,1177,[7.346442017618018105341313218918853937879e-6 +/- 1.01e-46],1177,1
1177,1178,[6.967590419157347662903927438128550628952e-6 +/- 4.61e-46],1178,1
1178,1179,[7.326290076404715248397143621472153841598e-6 +/- 3.40e-47],1179,1
1179,1180,[7.316226665129019183266716174001002614502e-6 +/- 2.64e-46],1180,1
1180,1181,[7.306185553584424921906753134157726041367e-6 +/- 4.07e-46],1181,1
1181,1182,[7.662202628291625176837742808887861302117e-6 +/- 1.94e-46],1182,1
1182,1183,[8.016686330844215878354552667718199412053e-6 +/- 4.64e-46],1183,1
1183,1184,[8.005352839819327700323967421858422015170e-6 +/- 2.37e-46],1184,1
1184,1185,[7.994044707399014235563477907079605935963e-6 +/- 2.84e-46],1185,1
1185,1186,[8.345275347692595023807354998346633281259e-6 +/- 1.06e-46],1186,1
1186,1187,[7.971718539533211432710169712950409740752e-6 +/- 9.95e-47],1187,1
1187,1188,[8.321144762163543202357356117594534405732e-6 +/- 4.58e-46],1188,1
1188,1189,[8.309176313664991616701269934931681205040e-6 +/- 2.84e-46],1189,1
1189,1190,[7.938740783457291094420715140333036715863e-6 +/- 2.04e-47],1190,1
1190,1191,[7.569952773282649868956969314252600641704e-6 +/- 1.40e-47],1191,1
1191,1192,[7.202720628582847428309830742108875067608e-6 +/- 3.55e-46],1192,1
1192,1193,[7.192940988208911161306950598150424799190e-6 +/- 3.82e-46],1193,1
1193,1194,[7.538518118044578217094066974862233637923e-6 +/- 2.43e-46],1194,1
1194,1195,[7.882526237657676000382240542667323720581e-6 +/- 4.14e-46],1195,1
1195,1196,[7.518142603020000130206708858093804545481e-6 +/- 1.79e-46],1196,1
1196,1197,[7.507819102651124615831141326894995886187e-6 +/- 3.68e-46],1197,1
1197,1198,[7.497518280502643073945341875142086616405e-6 +/- 4.06e-46],1198,1
1198,1199,[7.136534191771150002672816989304221212589e-6 +/- 4.76e-46],1199,1
1199,1200,[6.777004811235087775441288582214463429394e-6 +/- 2.54e-46],1200,1
1200,1201,[6.767960747892504708368765311166177226739e-6 +/- 4.15e-46],1201,1
1201,1202,[7.107435751649813980651097358055446943576e-6 +/- 3.00e-46],1202,1
1202,1203,[6.750233392962330646567398681115173810632e-6 +/- 2.57e-46],1203,1
1203,1204,[6.394364111004159752672847480657699019223e-6 +/- 3.84e-46],1204,1
1204,1205,[6.385902212649099679554386305080958838297e-6 +/- 1.56e-46],1205,1
1205,1206,[6.031907436730251023830943870062713416102e-6 +/- 3.89e-46],1206,1
1206,1207,[6.023927079909203532654854408551480634503e-6 +/- 3.17e-47],1207,1
1207,1208,[5.671692713226351341495920848431521728782e-6 +/- 1.25e-46],1208,1
1208,1209,[5.664133827471854471840921760742865670341e-6 +/- 1.15e-46],1209,1
1209,1210,[5.999784618004278429167948710521393163417e-6 +/- 4.98e-47],1210,1
1210,1211,[5.991871691449244445731073607232975923513e-6 +/- 1.85e-46],1211,1
1211,1212,[5.642127890031268700867993302536445786289e-6 +/- 7.27e-47],1212,1
1212,1213,[5.634634418979499554985128896785872971420e-6 +/- 1.16e-46],1213,1
1213,1214,[5.967963106762408568095105956850401745300e-6 +/- 1.01e-46],1214,1
1214,1215,[5.619972366568207022632471116993572768062e-6 +/- 2.51e-46],1215,1
1215,1216,[5.612527295954189188937538207325615943214e-6 +/- 1.54e-46],1216,1
1216,1217,[5.605098188772342456963870142452627821701e-6 +/- 2.78e-46],1217,1
1217,1218,[5.936391008690372897023827028767470987863e-6 +/- 2.67e-46],1218,1
1218,1219,[5.590483744802935575011245542196340828950e-6 +/- 2.80e-46],1219,1
1219,1220,[5.245505971440454188586922551449656237941e-6 +/- 4.00e-46],1220,1
1220,1221,[5.238466366491316344239667230267805015235e-6 +/- 1.02e-46],1221,1
1221,1222,[5.568160198243036259096714022120892725732e-6 +/- 3.55e-46],1222,1
1222,1223,[5.896948489869283589847269228110551195895e-6 +/- 2.34e-46],1223,1
1223,1224,[6.224724532614849477116813513262045575159e-6 +/- 4.87e-46],1224,1
1224,1225,[6.216610811435228327503850604661285215360e-6 +/- 1.25e-46],1225,1
1225,1226,[6.208514294157464961566613369898323615431e-6 +/- 3.43e-46],1226,1
1226,1227,[5.867335046423556568997627421275841113714e-6 +/- 1.01e-47],1227,1
1227,1228,[5.527262834331934383251367608986460153625e-6 +/- 9.42e-47],1228,1
1228,1229,[5.520020818698081994937720063153486354700e-6 +/- 4.99e-46],1229,1
1229,1230,[5.844332857064145965156623593193679896685e-6 +/- 2.16e-46],1230,1
1230,1231,[5.505804431350056909444787465734321318331e-6 +/- 9.81e-47],1231,1
1231,1232,[5.828968238485685484708716810242533184764e-6 +/- 3.83e-46],1232,1
1232,1233,[5.821415285334683712594681508565856099771e-6 +/- 3.13e-46],1233,1
1233,1234,[5.813878246098256743516277906801087630083e-6 +/- 4.85e-46],1234,1
1234,1235,[5.477978617014788860885567725006260176275e-6 +/- 2.04e-47],1235,1
1235,1236,[5.798654040198468864766059368457300883350e-6 +/- 3.97e-46],1236,1
1236,1237,[5.791164602654594622218113086134948348298e-6 +/- 1.29e-46],1237,1
1237,1238,[6.110100547149643640113393291892248914734e-6 +/- 2.92e-46],1238,1
1238,1239,[5.776659616992159448665827191296281556456e-6 +/- 2.45e-46],1239,1
1239,1240,[6.094078897782043187711308143156981295617e-6 +/- 1.81e-46],1240,1
1240,1241,[6.086235297436434424511424571340556852064e-6 +/- 4.78e-46],1241,1
1241,1242,[5.755267386623212407575972138454736660124e-6 +/- 3.92e-46],1242,1
1242,1243,[5.747869892117484874094540323773351922022e-6 +/- 2.56e-46],1243,1
1243,1244,[5.418788200624019999831293222046487395578e-6 +/- 2.56e-47],1244,1
1244,1245,[5.411780710347796092942407754165836299549e-6 +/- 3.54e-46],1245,1
1245,1246,[5.725231401404789591104199886908944367792e-6 +/- 2.99e-47],1246,1
1246,1247,[6.037662765442345969772657259978220026679e-6 +/- 4.65e-46],1247,1
1247,1248,[5.710926001815035762126091964963135141043e-6 +/- 1.39e-46],1248,1
1248,1249,[5.703620955602275794783128979399724686846e-6 +/- 1.78e-46],1249,1
1249,1250,[6.014188564791166936554692073739541616700e-6 +/- 2.22e-46],1250,1
1250,1251,[6.006509548310932313552288672121114912135e-6 +/- 4.67e-46],1251,1
1251,1252,[5.998846474788727138287394305034579657376e-6 +/- 1.62e-46],1252,1
1252,1253,[5.991199298285990401485286202992097696554e-6 +/- 4.98e-46],1253,1
1253,1254,[5.668537227042412246799671323260553551160e-6 +/- 3.62e-46],1254,1
1254,1255,[5.346831443892178967991468500212500161285e-6 +/- 4.25e-46],1255,1
1255,1256,[5.025997048770279378619268754008092328471e-6 +/- 8.06e-47],1256,1
1256,1257,[5.019458136702937754629260812667276653060e-6 +/- 1.51e-47],1257,1
1257,1258,[4.699746030690340146195686856638488193672e-6 +/- 2.14e-46],1258,1
1258,1259,[5.006407533694347916181192005731220361616e-6 +/- 4.16e-46],1259,1
1259,1260,[5.312447872768081912233843270407473049885e-6 +/- 2.70e-46],1260,1
1260,1261,[5.305666354579742575135933156452084644918e-6 +/- 1.43e-46],1261,1
1261,1262,[4.987374137282438878111415737431998208950e-6 +/- 9.31e-48],1262,1
1262,1263,[4.669776072692701121412783705692638720750e-6 +/- 4.05e-46],1263,1
1263,1264,[4.352723441927421990812338395772792675670e-6 +/- 1.14e-46],1264,1
1264,1265,[4.346735182690560360223496121235431482335e-6 +/- 3.56e-46],1265,1
1265,1266,[4.651252529422592512571515194136353216186e-6 +/- 4.48e-46],1266,1
1266,1267,[4.955202577817930128266323743548907275538e-6 +/- 3.16e-46],1267,1
1267,1268,[4.639127526674846289231300855683005759631e-6 +/- 3.43e-46],1268,1
1268,1269,[4.632993633992801535537578898938488934553e-6 +/- 4.04e-46],1269,1
1269,1270,[4.626872549391804628908495814186075661993e-6 +/- 4.12e-46],1270,1
1270,1271,[4.929743584601980598405243708925234780383e-6 +/- 9.06e-47],1271,1
1271,1272,[4.614738578901880764855356558776600618560e-6 +/- 3.20e-46],1272,1
1272,1273,[4.608655923471099151530964504975862058362e-6 +/- 4.54e-46],1273,1
1273,1274,[4.294376386306887643764072712212955144736e-6 +/- 4.28e-47],1274,1
1274,1275,[4.288515694983952355780493117188470766838e-6 +/- 2.64e-46],1275,1
1275,1276,[4.282667354992593011970738421483608035852e-6 +/- 1.51e-46],1276,1
1276,1277,[4.276831330719745108018204477253330687937e-6 +/- 3.62e-46],1277,1
1277,1278,[4.578597932001432536709044145196065570908e-6 +/- 4.50e-46],1278,1
1278,1279,[4.572588834447159729922984442282664289993e-6 +/- 1.58e-46],1279,1
1279,1280,[4.873432931242328035271274671137818926793e-6 +/- 1.52e-46],1280,1
1280,1281,[4.867204219733974004167975239685848178220e-6 +/- 1.09e-46],1281,1
1281,1282,[5.166764825632719477310146605276792394730e-6 +/- 4.28e-46],1282,1
1282,1283,[4.855033640141982187632818091851416610557e-6 +/- 4.28e-46],1283,1
1283,1284,[5.153682084033488784577645147899288458296e-6 +/- 4.27e-46],1284,1
1284,1285,[5.147214545784332352940650044348313487600e-6 +/- 4.09e-46],1285,1
1285,1286,[4.837001857925621449727442789655971321735e-6 +/- 3.91e-46],1286,1
1286,1287,[4.527455713808250121412096697568343334928e-6 +/- 2.87e-46],1287,1
1287,1288,[4.521557745616402515320296949216578761116e-6 +/- 4.37e-46],1288,1
1288,1289,[4.515671909343950101761094976800508637109e-6 +/- 2.89e-46],1289,1
1289,1290,[4.812406573231891820804681902062407509800e-6 +/- 2.80e-46],1290,1
1290,1291,[4.504077475886951372555465959639961306742e-6 +/- 9.64e-47],1291,1
1291,1292,[4.800131381626230499130372484031875464319e-6 +/- 4.11e-46],1292,1
1292,1293,[4.794052973297428779223604575387511753563e-6 +/- 3.46e-46],1293,1
1293,1294,[4.487027854803085198742032615163499457812e-6 +/- 1.44e-46],1294,1
1294,1295,[4.180627765699795953203832532795669878254e-6 +/- 4.31e-46],1295,1
1295,1296,[4.475351047798330477747568941255536675905e-6 +/- 4.58e-46],1296,1
1296,1297,[4.469560563951615945979561076773094108865e-6 +/- 1.70e-46],1297,1
1297,1298,[4.763335805346129219968225118992627196394e-6 +/- 5.74e-47],1298,1
1298,1299,[5.056352384771191491097226637518476822033e-6 +/- 4.63e-46],1299,1
1299,1300,[4.751648269368397394609659954764022846560e-6 +/- 1.65e-46],1300,1
1300,1301,[4.745668508659125381357663880754838287794e-6 +/- 4.09e-46],1301,1
1301,1302,[5.037315528611237660844856365340271924123e-6 +/- 2.94e-46],1302,1
1302,1303,[4.733913241888102416168078190947119457504e-6 +/- 5.36e-47],1303,1
1303,1304,[5.024781051126073674119750495469824352818e-6 +/- 4.42e-46],1304,1
1304,1305,[5.018572073366815997313707121466240781558e-6 +/- 3.75e-46],1305,1
1305,1306,[5.012375497620328956615313316147706759700e-6 +/- 4.87e-46],1306,1
1306,1307,[4.710879320178817879367778652411827310689e-6 +/- 4.22e-46],1307,1
1307,1308,[4.999904677222618028448959183185032699369e-6 +/- 1.35e-46],1308,1
1308,1309,[4.993745418198589967416052257284897165727e-6 +/- 2.23e-46],1309,1
1309,1310,[5.281398886995920176022958480494843785012e-6 +/- 1.48e-46],1310,1
1310,1311,[5.568059410555488820052008176696802968964e-6 +/- 3.82e-46],1311,1
1311,1312,[5.853591521438262809658696213578861075137e-6 +/- 4.47e-46],1312,1
1312,1313,[5.846411142174888353396974573528684114977e-6 +/- 2.53e-46],1313,1
1313,1314,[5.548598495365416125043454288928739262765e-6 +/- 3.38e-46],1314,1
1314,1315,[5.541843111141543490118188608585501705216e-6 +/- 5.00e-46],1315,1
1315,1316,[5.245772166187912988762490426389326924628e-6 +/- 2.16e-47],1316,1
1316,1317,[5.239394774984838354592154610421564319684e-6 +/- 4.91e-46],1317,1
1317,1318,[4.944902930079039506331759796525722539070e-6 +/- 3.16e-46],1318,1
1318,1319,[4.651253613962481132248345628198569831936e-6 +/- 2.32e-46],1319,1
1319,1320,[4.932644469538600698577232233063572060455e-6 +/- 3.36e-46],1320,1
1320,1321,[4.926622986771994051100415559646743983893e-6 +/- 4.60e-46],1321,1
1321,1322,[5.206652603039239565740479391308470862447e-6 +/- 2.33e-46],1322,1
1322,1323,[4.914944515989035373365565924612963556942e-6 +/- 4.75e-47],1323,1
1323,1324,[4.908958109578936681729444814473231295217e-6 +/- 2.16e-46],1324,1
1324,1325,[4.902983487637655398895836384341754246673e-6 +/- 4.74e-46],1325,1
1325,1326,[4.897020618021884687239505685587397856092e-6 +/- 1.49e-46],1326,1
1326,1327,[4.607729690735346652245714202082748256454e-6 +/- 3.01e-46],1327,1
1327,1328,[4.884978451183356816958080679666490026121e-6 +/- 1.13e-46],1328,1
1328,1329,[4.879051037439513528780197053332842137736e-6 +/- 3.90e-46],1329,1
1329,1330,[4.591243648036670570176816857782432466363e-6 +/- 6.19e-47],1330,1
1330,1331,[4.304101569519374543719730635918156092837e-6 +/- 4.69e-46],1331,1
1331,1332,[4.298673641162852436339559021937786882776e-6 +/- 3.81e-46],1332,1
1332,1333,[4.293256510086634086569308068063965149672e-6 +/- 2.42e-46],1333,1
1333,1334,[4.007498956682424104659704699201533779277e-6 +/- 1.28e-46],1334,1
1334,1335,[4.282300121841579951074278358552805947757e-6 +/- 2.43e-46],1335,1
1335,1336,[4.556496246431735018624248234152064295085e-6 +/- 2.90e-46],1336,1
1336,1337,[4.550915300889937561950910601210982557390e-6 +/- 4.13e-46],1337,1
1337,1338,[4.266794070006146589458357908973263129363e-6 +/- 4.51e-46],1338,1
1338,1339,[4.539619515911897254343187028381147458201e-6 +/- 3.54e-46],1339,1
1339,1340,[4.256383398305548053580769353150010606645e-6 +/- 1.45e-46],1340,1
1340,1341,[4.251050475242653560556908577172523737309e-6 +/- 1.49e-48],1341,1
1341,1342,[4.245728089469783958040984323833940932621e-6 +/- 3.45e-47],1342,1
1342,1343,[4.516853680291040134929495324480640003928e-6 +/- 1.58e-46],1343,1
1343,1344,[4.235471298901666053546716603752373065418e-6 +/- 2.17e-46],1344,1
1344,1345,[4.230180052764948746519886338923710472098e-6 +/- 1.77e-46],1345,1
1345,1346,[3.949940688557085216224285826556378064129e-6 +/- 3.43e-46],1346,1
1346,1347,[3.670268892652636610704329624913742583111e-6 +/- 5.00e-46],1347,1
1347,1348,[3.391050960096033853449534738783642710746e-6 +/- 8.59e-47],1348,1
1348,1349,[3.386164198867721574317469593687264598853e-6 +/- 3.50e-46],1349,1
1349,1350,[3.107553250198232133006048094383586921803e-6 +/- 2.59e-46],1350,1
1350,1351,[3.102728424042512870906334476314088883900e-6 +/- 3.22e-46],1351,1
1351,1352,[2.824554664950863452960944884692851759284e-6 +/- 2.14e-46],1352,1
1352,1353,[2.819753144375146634965062356619483160745e-6 +/- 2.05e-46],1353,1
1353,1354,[3.088120733094118591163176941681974115809e-6 +/- 3.02e-47],1354,1
1354,1355,[2.810381645921923424885075983591491930320e-6 +/- 4.36e-46],1355,1
1355,1356,[2.532772990445432065944846439657082043884e-6 +/- 3.61e-46],1356,1
1356,1357,[2.527978105739393700520467511370107899857e-6 +/- 4.81e-46],1357,1
1357,1358,[2.250505429443711053536693795901164287010e-6 +/- 1.72e-47],1358,1
1358,1359,[2.518320092236193354762609240529368121327e-6 +/- 4.16e-46],1359,1
1359,1360,[2.513557002936750316510328828678297238780e-6 +/- 1.57e-46],1360,1
1360,1361,[2.508804456890053418258580187025416470661e-6 +/- 1.56e-46],1361,1
1361,1362,[2.776264791583454006784173219128752800805e-6 +/- 3.27e-46],1362,1
1362,1363,[3.043473369722301106326325467260248568238e-6 +/- 8.03e-47],1363,1
1363,1364,[2.767156319970205093674733133966357895593e-6 +/- 2.55e-46],1364,1
1364,1365,[2.762477468316562502310639668259942856025e-6 +/- 3.03e-46],1365,1
1365,1366,[2.486587520865316589377544806370234489913e-6 +/- 2.05e-46],1366,1
1366,1367,[2.210854728440638860957762040886718545242e-6 +/- 2.88e-46],1367,1
1367,1368,[2.477053521250985729647042924097187623735e-6 +/- 4.64e-46],1368,1
1368,1369,[2.472384042601523352404185730893480982798e-6 +/- 3.82e-46],1369,1
1369,1370,[2.467724838479280918271666597622849445271e-6 +/- 1.58e-46],1370,1
1370,1371,[2.733489918810201271364725102331762250730e-6 +/- 1.11e-46],1371,1
1371,1372,[2.458757463669868417450268686728955303994e-6 +/- 4.09e-46],1372,1
1372,1373,[2.454128757133938832693595942523087918967e-6 +/- 2.03e-46],1373,1
1373,1374,[2.719282815551505803810799195402385741902e-6 +/- 1.35e-46],1374,1
1374,1375,[2.984198540862980996985437471412352029619e-6 +/- 3.76e-48],1375,1
1375,1376,[2.979621999641761018710513401597258948173e-6 +/- 1.21e-46],1376,1
1376,1377,[2.975054974057211631041803880772394167652e-6 +/- 4.92e-46],1377,1
1377,1378,[2.970497437823863064077085552319349042002e-6 +/- 4.95e-46],1378,1
1378,1379,[3.234067985899262403394502973197671361440e-6 +/- 2.11e-46],1379,1
1379,1380,[2.961830712302365344155422007296269893205e-6 +/- 4.91e-46],1380,1
1380,1381,[2.957301201620043510879546536648982215540e-6 +/- 2.20e-46],1381,1
1381,1382,[3.219802405268375778414663569722100848955e-6 +/- 3.25e-46],1382,1
1382,1383,[2.948622200049654067765269233206023288597e-6 +/- 4.13e-47],1383,1
1383,1384,[2.677830742852854132290663960125885735181e-6 +/- 1.28e-46],1384,1
1384,1385,[2.673346031435045076286080713182172704246e-6 +/- 4.40e-46],1385,1
1385,1386,[2.403217085703808707546460672166059043846e-6 +/- 2.33e-46],1386,1
1386,1387,[2.398722936731199605632945554123880653076e-6 +/- 4.08e-46],1387,1
1387,1388,[2.129029030761518844277363967160517918201e-6 +/- 1.47e-46],1388,1
1388,1389,[2.124490453277193204112039555087640716650e-6 +/- 2.66e-46],1389,1
1389,1390,[1.854946430335906807387748418586881247427e-6 +/- 2.37e-46],1390,1
1390,1391,[2.115314621792385940758782326892266131471e-6 +/- 1.29e-46],1391,1
1391,1392,[1.845901947487110389317269070706150078640e-6 +/- 4.46e-46],1392,1
1392,1393,[1.841305927267253114518974489386567426351e-6 +/- 2.44e-46],1393,1
1393,1394,[1.571837160920303465936581086339664494160e-6 +/- 3.20e-47],1394,1
1394,1395,[1.832089783631106060025906927489381612150e-6 +/- 3.56e-46],1395,1
1395,1396,[1.827524970790867531346542703409064585865e-6 +/- 3.45e-46],1396,1
1396,1397,[1.822970575771526873967560448175215939039e-6 +/- 2.12e-46],1397,1
1397,1398,[1.553555104421536228390630226598891702635e-6 +/- 8.02e-47],1398,1
1398,1399,[1.813836177885569574492193482522525205852e-6 +/- 4.16e-47],1399,1
1399,1400,[2.074229570434012243181300831738600799578e-6 +/- 1.34e-46],1400,1
1400,1401,[2.069808529454683532544980271751683968534e-6 +/- 8.10e-47],1401,1
1401,1402,[1.800719342372371965649742173562545451444e-6 +/- 2.17e-46],1402,1
1402,1403,[1.531607977618009510910974816006777832444e-6 +/- 1.16e-46],1403,1
1403,1404,[1.262375613688025399954943923546007605129e-6 +/- 3.72e-46],1404,1
1404,1405,[1.257619959373403567011642450838196334209e-6 +/- 3.68e-46],1405,1
1405,1406,[9.880201678489200674639195998581017005160e-7 +/- 1.86e-47],1406,1
1406,1407,[1.248125722828697872665860972828168806239e-6 +/- 3.43e-46],1407,1
1407,1408,[1.508501845887448706217988568445362548193e-6 +/- 1.24e-46],1408,1
1408,1409,[1.503946688378942583045219485957072165082e-6 +/- 4.57e-46],1409,1
1409,1410,[1.764613466738634262921978082155815347050e-6 +/- 2.83e-46],1410,1
1410,1411,[1.495011956780628051018610159755980306774e-6 +/- 2.91e-48],1411,1
1411,1412,[1.225354020596532594469781556747484230109e-6 +/- 1.14e-46],1412,1
1412,1413,[1.220688821387100831697323049262512666306e-6 +/- 1.16e-46],1413,1
1413,1414,[1.216034724077132207638453637682953989802e-6 +/- 4.62e-46],1414,1
1414,1415,[1.476710424943985061758799598754274531206e-6 +/- 4.83e-46],1415,1
1415,1416,[1.206910127269924425112164447413366437307e-6 +/- 1.11e-46],1416,1
1416,1417,[1.202289314888249462912287180210628197460e-6 +/- 9.33e-47],1417,1
1417,1418,[9.321768675537137033622016857014565774223e-7 +/- 4.42e-47],1418,1
1418,1419,[6.617047675691835200528134154270070910993e-7 +/- 5.26e-48],1419,1
1419,1420,[9.226506970001785639997713760686747154682e-7 +/- 3.30e-47],1420,1
1420,1421,[9.178936949837297621992171190891825598574e-7 +/- 4.16e-47],1421,1
1421,1422,[9.131482367208325715082033780115023579392e-7 +/- 1.87e-47],1422,1
1422,1423,[9.084142886495157777482500566957604334173e-7 +/- 2.02e-47],1423,1
1423,1424,[1.170150164091941962200211065329539961928e-6 +/- 3.16e-46],1424,1
1424,1425,[1.165614742568878270277618653821092275736e-6 +/- 3.93e-46],1425,1
1425,1426,[1.161090048110152123096076843547605820217e-6 +/- 7.52e-47],1426,1
1426,1427,[1.423050108456735330171827163447971402914e-6 +/- 2.06e-46],1427,1
1427,1428,[1.685077189562811880714962966054384292058e-6 +/- 6.61e-47],1428,1
1428,1429,[1.680831805556726686123897450360219403098e-6 +/- 2.50e-46],1429,1
1429,1430,[1.942774029027593411745904916077214818611e-6 +/- 2.53e-46],1430,1
1430,1431,[1.672615737926341506862900313218206674547e-6 +/- 1.63e-46],1431,1
1431,1432,[1.668398704239399129487903939555084524849e-6 +/- 4.44e-46],1432,1
1432,1433,[1.664191102179477856703273602163659497984e-6 +/- 4.73e-47],1433,1
1433,1434,[1.925665747909107355553372367093718996750e-6 +/- 3.45e-46],1434,1
1434,1435,[2.187038427006254796727482952934202030468e-6 +/- 4.90e-46],1435,1
1435,1436,[2.448268512192474399466410742022814663164e-6 +/- 4.94e-47],1436,1
1436,1437,[2.444217182812232545111270996289502090347e-6 +/- 2.92e-46],1437,1
1437,1438,[2.175326057169184607123917257469409371950e-6 +/- 4.37e-48],1438,1
1438,1439,[1.906519964355340981486743045328789730527e-6 +/- 2.72e-46],1439,1
1439,1440,[2.167163761718268761561234515714435470671e-6 +/- 4.20e-46],1440,1
1440,1441,[2.163138746670022976298799593081868060875e-6 +/- 4.63e-46],1441,1
1441,1442,[1.894690274656547558048854605889513521543e-6 +/- 2.35e-46],1442,1
1442,1443,[2.155045739229543575011888652371675204973e-6 +/- 1.03e-47],1443,1
1443,1444,[2.415363920250142295624311693964999054502e-6 +/- 1.15e-47],1444,1
1444,1445,[2.411378722451396612217544900532398901336e-6 +/- 3.53e-46],1445,1
1445,1446,[2.407401671311693021191260895440180858714e-6 +/- 6.55e-48],1446,1
1446,1447,[2.667376062769536368300198125656600526093e-6 +/- 2.45e-46],1447,1
1447,1448,[2.927167413554725562323938517424450631409e-6 +/- 2.65e-46],1448,1
1448,1449,[2.923131139474334289692690665426188644884e-6 +/- 2.22e-46],1449,1
1449,1450,[2.919102699883747798088983708237376129277e-6 +/- 1.68e-47],1450,1
1450,1451,[2.915082074418833959182536997648251122673e-6 +/- 2.35e-46],1451,1
1451,1452,[3.173978703304945918628510015695387615353e-6 +/- 2.90e-46],1452,1
1452,1453,[3.169884930859785771457205376618038872359e-6 +/- 4.81e-46],1453,1
1453,1454,[3.428103658734820428730181614223284668016e-6 +/- 4.41e-46],1454,1
1454,1455,[3.162014473461892460553892100213180526512e-6 +/- 8.19e-47],1455,1
1455,1456,[3.419486868701704174116984454926047930406e-6 +/- 7.24e-47],1456,1
1456,1457,[3.415305034406959864947279396314894897694e-6 +/- 1.08e-46],1457,1
1457,1458,[3.150372021188092670494279344989502285122e-6 +/- 1.25e-46],1458,1
1458,1459,[3.146323858767237309469203407621611351712e-6 +/- 4.67e-46],1459,1
1459,1460,[3.402462081389417130801901488192090002218e-6 +/- 1.60e-47],1460,1
1460,1461,[3.398311491097391201449715268367659216853e-6 +/- 3.48e-47],1461,1
1461,1462,[3.134763816047812368832749440706768774774e-6 +/- 3.57e-46],1462,1
1462,1463,[3.389876362518994752158645764340083814605e-6 +/- 4.46e-46],1463,1
1463,1464,[3.644554810705159778132298781784824113027e-6 +/- 2.61e-47],1464,1
1464,1465,[3.640288198061601293482174218721298322095e-6 +/- 3.15e-46],1465,1
1465,1466,[3.378060510062904507153245325105816049605e-6 +/- 4.13e-46],1466,1
1466,1467,[3.116317666624389341774800312086968753313e-6 +/- 2.89e-46],1467,1
1467,1468,[3.112335841085144057825358670666781409347e-6 +/- 2.50e-46],1468,1
1468,1469,[3.108361488864004917716949948260405743586e-6 +/- 3.15e-46],1469,1
1469,1470,[2.847545574297651622222527475416602739153e-6 +/- 2.51e-46],1470,1
1470,1471,[2.843671363400144166108425534522438549101e-6 +/- 4.48e-46],1471,1
1471,1472,[3.096299279441707402915443221986255571546e-6 +/- 3.39e-46],1472,1
1472,1473,[3.092354642914543069367168347046157431398e-6 +/- 8.02e-47],1473,1
1473,1474,[2.832425809606530863260811894255729825598e-6 +/- 1.58e-46],1474,1
1474,1475,[3.084417165755766516497794946308155995316e-6 +/- 1.07e-46],1475,1
1475,1476,[3.080494633775723824467049598343073953318e-6 +/- 4.60e-46],1476,1
1476,1477,[3.076579425214132765267377187619777274617e-6 +/- 1.65e-46],1477,1
1477,1478,[2.817491121806509893508923627287031990122e-6 +/- 3.98e-46],1478,1
1478,1479,[2.558623201611169869101547843947972586610e-6 +/- 4.26e-46],1479,1
1479,1480,[2.809847740994344939611137144802731762396e-6 +/- 3.29e-46],1480,1
1480,1481,[2.806046327423128516664976853522997576361e-6 +/- 2.10e-46],1481,1
1481,1482,[3.056970626006367491071094429505540017848e-6 +/- 3.15e-46],1482,1
1482,1483,[2.798592137836287812189693294675835797871e-6 +/- 4.15e-46],1483,1
1483,1484,[3.049130724299352736329361067347701174137e-6 +/- 3.31e-47],1484,1
1484,1485,[3.045273406677265667700875456847188805622e-6 +/- 4.12e-46],1485,1
1485,1486,[3.041423248509535020172559823904866959373e-6 +/- 1.61e-46],1486,1
1486,1487,[2.784092101880867739906192837408602478195e-6 +/- 5.38e-48],1487,1
1487,1488,[3.033617750784438801344348085581924909740e-6 +/- 1.82e-46],1488,1
1488,1489,[3.029789150486939117467210468059063360569e-6 +/- 3.54e-46],1489,1
1489,1490,[3.278668053157977221593295527832416646573e-6 +/- 4.02e-46],1490,1
1490,1491,[3.527095793669116151949760567836882928067e-6 +/- 3.71e-46],1491,1
1491,1492,[3.775040851013689553441132832649801523425e-6 +/- 3.43e-46],1492,1
1492,1493,[3.770822158959886584975808884368651209926e-6 +/- 4.68e-46],1493,1
1493,1494,[4.017904846195718816144464816559575532402e-6 +/- 4.88e-46],1494,1
1494,1495,[4.013506295357382787238624632343125322620e-6 +/- 1.31e-46],1495,1
1495,1496,[4.259610396363777135569691742394716180697e-6 +/- 8.31e-47],1496,1
1496,1497,[4.255005485371938999673046614895086908809e-6 +/- 9.77e-47],1497,1
1497,1498,[4.000864250346498540300137520600260142710e-6 +/- 5.25e-47],1498,1
1498,1499,[4.245686867334524967138043122052837821586e-6 +/- 2.02e-46],1499,1
1499,1500,[4.489876870455928435031779077785316373929e-6 +/- 4.57e-46],1500,1
1500,1501,[4.485057362663748618898979992977271785464e-6 +/- 5.1e-49],1501,1
1501,1502,[4.232443599270330408918631259417630769567e-6 +/- 3.89e-46],1502,1
1502,1503,[3.980492333400054139181599291657196746784e-6 +/- 4.28e-46],1503,1
1503,1504,[3.976159627783234392425063407894142845030e-6 +/- 4.49e-46],1504,1
1504,1505,[3.971834467830342343148092617127420078143e-6 +/- 3.68e-46],1505,1
1505,1506,[4.213885066089572677591553641062715899328e-6 +/- 1.42e-46],1506,1
1506,1507,[4.455312818800343694796816352502554061792e-6 +/- 2.62e-46],1507,1
1507,1508,[4.205040628558464730191437333568390976561e-6 +/- 3.64e-46],1508,1
1508,1509,[4.200530836426147309996486419116550532250e-6 +/- 2.51e-46],1509,1
1509,1510,[3.951292720264891318155172242957060668153e-6 +/- 1.64e-46],1510,1
1510,1511,[4.191409814098382670172621046919720003075e-6 +/- 3.98e-46],1511,1
1511,1512,[4.430916406662700277125550716548579636124e-6 +/- 1.81e-47],1512,1
1512,1513,[4.426199345632061406579777859290561223778e-6 +/- 1.56e-46],1513,1
1513,1514,[4.178485370619714499157932492870294569460e-6 +/- 4.14e-46],1514,1
1514,1515,[3.931421191324742720150365555325605955947e-6 +/- 4.54e-46],1515,1
1515,1516,[4.169427178289790478095014731212601697062e-6 +/- 3.53e-46],1516,1
1516,1517,[4.164978961914239494143974568517457835530e-6 +/- 4.96e-46],1517,1
1517,1518,[3.919067341542311614719170606699140727915e-6 +/- 3.44e-46],1518,1
1518,1519,[3.673635782466741369117512003439299307670e-6 +/- 4.63e-46],1519,1
1519,1520,[3.669598863453351292160684941367027006864e-6 +/- 3.76e-46],1520,1
1520,1521,[3.665568956330328573562746534681396617058e-6 +/- 2.50e-46],1521,1
1521,1522,[3.661546044321603555355360083239908252285e-6 +/- 3.00e-46],1522,1
1522,1523,[3.417407705318342103805498642696323771476e-6 +/- 2.17e-46],1523,1
1523,1524,[3.653440655387170919149454846185076347390e-6 +/- 2.74e-46],1524,1
1524,1525,[3.649438785021614175226066974358957980223e-6 +/- 3.79e-46],1525,1
1525,1526,[3.645443842858568020265604584874091577836e-6 +/- 3.49e-47],1526,1
1526,1527,[3.880397615115270079227755156547307628788e-6 +/- 3.88e-47],1527,1
1527,1528,[3.637637131313509391264365578101039625197e-6 +/- 2.80e-46],1528,1
1528,1529,[3.633662628277483366442590961530972879565e-6 +/- 2.53e-46],1529,1
1529,1530,[3.391619925475733807102095850218519567257e-6 +/- 5.78e-47],1530,1
1530,1531,[3.387808958986685566880468866553231069395e-6 +/- 3.15e-47],1531,1
1531,1532,[3.621638297891138941859076952813995046443e-6 +/- 3.65e-46],1532,1
1532,1533,[3.617691323641755051539111899936136666885e-6 +/- 3.78e-46],1533,1
1533,1534,[3.850797307413686256480191850314415270826e-6 +/- 3.63e-46],1534,1
1534,1535,[4.083388866729527769509670227281902772129e-6 +/- 3.24e-46],1535,1
1535,1536,[3.842808455216839514773529776735221614410e-6 +/- 4.07e-46],1536,1
1536,1537,[3.838714370724617711139435407712715332800e-6 +/- 1.46e-46],1537,1
1537,1538,[3.598991650996928819225819328217088299231e-6 +/- 6.22e-47],1538,1
1538,1539,[3.359673539595318733072910796030401958764e-6 +/- 4.96e-46],1539,1
1539,1540,[3.355919479595776239805747072185894423780e-6 +/- 3.82e-47],1540,1
1540,1541,[3.352171928948320355393567015073538462795e-6 +/- 4.28e-46],1541,1
1541,1542,[3.113543599537374544704957513984415767457e-6 +/- 4.01e-47],1542,1
1542,1543,[3.344677817244993154706604155561810252482e-6 +/- 2.33e-46],1543,1
1543,1544,[3.575536503117880915611736706701960405419e-6 +/- 3.18e-46],1544,1
1544,1545,[3.571669365345285040496218559829623062252e-6 +/- 2.66e-46],1545,1
1545,1546,[3.801967028169888126607841226353923582177e-6 +/- 3.45e-46],1546,1
1546,1547,[3.564029078648206466449410301622373374217e-6 +/- 3.32e-46],1547,1
1547,1548,[3.793924700533305587522239793205469583338e-6 +/- 2.18e-47],1548,1
1548,1549,[3.789914097528955098681494252589131952122e-6 +/- 2.29e-46],1549,1
1549,1550,[4.019201584298213811659442046509296055912e-6 +/- 5.49e-47],1550,1
1550,1551,[4.015010395586279952548749796141858518714e-6 +/- 4.47e-46],1551,1
1551,1552,[4.243542494114981080529860014232538071820e-6 +/- 2.48e-46],1552,1
1552,1553,[4.239147382929018152328862314232127285826e-6 +/- 4.62e-46],1553,1
1553,1554,[4.466819191201026998525508790679465658549e-6 +/- 4.27e-46],1554,1
1554,1555,[4.230514111909077453144973598367949091026e-6 +/- 4.24e-46],1555,1
1555,1556,[3.994791053937312582291527230105184360044e-6 +/- 4.20e-46],1556,1
1556,1557,[3.990640376574887169692941851080892204800e-6 +/- 2.36e-46],1557,1
1557,1558,[3.986496645725350026470049089586207984056e-6 +/- 1.65e-46],1558,1
1558,1559,[4.212896898019090975160804284406476453982e-6 +/- 4.05e-46],1559,1
1559,1560,[4.438763928011335708046613355293814398159e-6 +/- 1.44e-46],1560,1
1560,1561,[4.434189814907813158562597855503358281108e-6 +/- 1.92e-47],1561,1
1561,1562,[4.200176870599312869284200331009091318983e-6 +/- 4.75e-46],1562,1
1562,1563,[4.425001882594080894157805491497271855888e-6 +/- 1.38e-48],1563,1
1563,1564,[4.191642304827256957303656264972304510055e-6 +/- 2.70e-46],1564,1
1564,1565,[4.187334014642753366025946812298336337272e-6 +/- 7.64e-47],1565,1
1565,1566,[3.954789181771382183543880270422475773203e-6 +/- 2.06e-46],1566,1
1566,1567,[3.950705136319406719479087587831138469289e-6 +/- 5.02e-47],1567,1
1567,1568,[4.174400492426685160923590390570881080678e-6 +/- 2.14e-46],1568,1
1568,1569,[4.170120921157572592514072845488538742725e-6 +/- 9.79e-47],1569,1
1569,1570,[3.938689903548003414610168244693112987725e-6 +/- 3.35e-46],1570,1
1570,1571,[4.161541134276821631805849489282893393130e-6 +/- 2.78e-46],1571,1
1571,1572,[4.383918255317096281565946502491460260847e-6 +/- 7.25e-47],1572,1
1572,1573,[4.379435958001713447265750537030505476628e-6 +/- 6.34e-48],1573,1
1573,1574,[4.374961067221080688987277221908760828845e-6 +/- 2.67e-46],1574,1
1574,1575,[4.144805414191750518806602099361160786564e-6 +/- 4.23e-46],1575,1
1575,1576,[4.140574747144163060161381488281760293627e-6 +/- 1.05e-46],1576,1
1576,1577,[4.136351058034286002116693039340198934174e-6 +/- 2.16e-46],1577,1
1577,1578,[3.907218744547229153422311450144506522063e-6 +/- 3.72e-46],1578,1
1578,1579,[4.127942633912868740985888201287301944109e-6 +/- 1.27e-46],1579,1
1579,1580,[4.348253173324934314749084200389338430970e-6 +/- 3.25e-46],1580,1
1580,1581,[4.343830559578349151050367992629754958530e-6 +/- 2.98e-46],1581,1
1581,1582,[4.563393504096454229141864873469528531205e-6 +/- 4.56e-46],1582,1
1582,1583,[4.782389199899035831478582998702492304402e-6 +/- 2.32e-46],1583,1
1583,1584,[5.000753117770618099013224419381322222312e-6 +/- 2.99e-47],1584,1
1584,1585,[4.995545440745380192509369357806829069178e-6 +/- 4.73e-46],1585,1
1585,1586,[4.767950715120703833544364588179146195239e-6 +/- 2.26e-46],1586,1
1586,1587,[4.985058686410311430752079272456821093814e-6 +/- 1.25e-46],1587,1
1587,1588,[4.979877037693101736532850602530209651359e-6 +/- 4.31e-46],1588,1
1588,1589,[4.974703959636604137431905656831471396700e-6 +/- 1.31e-46],1589,1
1589,1590,[4.748745411050584034127751762208383301759e-6 +/- 3.35e-46],1590,1
1590,1591,[4.523376778040778202480378967969144586029e-6 +/- 1.48e-47],1591,1
1591,1592,[4.298595106915010362454115164512399169252e-6 +/- 4.25e-46],1592,1
1592,1593,[4.294254205161686651114955395227592407298e-6 +/- 6.70e-47],1593,1
1593,1594,[4.289920386112025117714370367195318767308e-6 +/- 8.52e-47],1594,1
1594,1595,[4.066130907839103631040406745769460370660e-6 +/- 2.07e-46],1595,1
1595,1596,[4.281312082241638823297113028387335491863e-6 +/- 3.29e-46],1596,1
1596,1597,[4.276999447715174876488113034192417529170e-6 +/- 8.94e-48],1597,1
1597,1598,[4.491506111002611903045050221233397150390e-6 +/- 4.23e-46],1598,1
1598,1599,[4.705494365305345971904365367150900498040e-6 +/- 5.95e-47],1599,1
1599,1600,[4.918899862527997266528819737481111910182e-6 +/- 6.03e-47],1600,1
1600,1601,[4.913829780690446352409360930462162274109e-6 +/- 1.05e-46],1601,1
1601,1602,[5.126274307387120147169311083610766069735e-6 +/- 3.30e-46],1602,1
1602,1603,[5.120915391931616324360722053075710648694e-6 +/- 1.79e-46],1603,1
1603,1604,[4.898885082004500096790725129124207122718e-6 +/- 4.65e-47],1604,1
1604,1605,[4.893847706888366506554807688559076035215e-6 +/- 2.65e-46],1605,1
1605,1606,[5.104850898049286073495561365056016492880e-6 +/- 4.53e-46],1606,1
1606,1607,[5.315172882965181101239115103665172817547e-6 +/- 2.13e-47],1607,1
1607,1608,[5.524761364840191364051935743219913910110e-6 +/- 1.26e-47],1608,1
1608,1609,[5.518786496821734183249334517458189907780e-6 +/- 1.50e-46],1609,1
1609,1610,[5.727111429483391605202454629430865314191e-6 +/- 1.97e-46],1610,1
1610,1611,[5.507009998055905469196221638658918330336e-6 +/- 3.47e-46],1611,1
1611,1612,[5.501064696514043378037450272808860518763e-6 +/- 3.94e-46],1612,1
1612,1613,[5.495129280222875168994360632456054582955e-6 +/- 1.37e-46],1613,1
1613,1614,[5.701598128538742796380140987284017976052e-6 +/- 2.64e-46],1614,1
1614,1615,[5.907190659144741895863712599351269950401e-6 +/- 4.21e-46],1615,1
1615,1616,[6.111887928577644452884179716155781813958e-6 +/- 1.50e-46],1616,1
1616,1617,[6.104844266551453791830487553631630547273e-6 +/- 4.74e-46],1617,1
1617,1618,[6.097812565868959052107044808535156686253e-6 +/- 7.08e-47],1618,1
1618,1619,[5.881046373925689144959410066953022967271e-6 +/- 4.67e-46],1619,1
1619,1620,[6.083736738342747798411212864917796003635e-6 +/- 1.15e-46],1620,1
1620,1621,[6.076740968479230246179630645929124525034e-6 +/- 7.74e-47],1621,1
1621,1622,[6.278037022226320156610351819781268036618e-6 +/- 4.85e-46],1622,1
1622,1623,[6.062921212526538981945700519633041154875e-6 +/- 3.36e-46],1623,1
1623,1624,[5.848747283498525312933114878772488625298e-6 +/- 2.36e-46],1624,1
1624,1625,[5.842194327074189215436015448528643694997e-6 +/- 4.86e-46],1625,1
1625,1626,[5.835652355110461426498470426489389471376e-6 +/- 4.80e-47],1626,1
1626,1627,[6.034969532463625589203590501005892832589e-6 +/- 1.50e-46],1627,1
1627,1628,[6.233403343976485990064047108392597366963e-6 +/- 2.97e-47],1628,1
1628,1629,[6.226088600661506387596068427411599419829e-6 +/- 4.51e-46],1629,1
1629,1630,[6.218786291274018339352407914129450900937e-6 +/- 2.84e-47],1630,1
1630,1631,[6.415163756656330443655897546799736407171e-6 +/- 4.49e-46],1631,1
1631,1632,[6.204413245746643468818234924645624723192e-6 +/- 4.96e-46],1632,1
1632,1633,[6.197147764111957917047390367910450197221e-6 +/- 4.04e-46],1633,1
1633,1634,[5.987899681891957534552512604807530673847e-6 +/- 2.46e-46],1634,1
1634,1635,[6.182614960221220731805679044555495911931e-6 +/- 6.84e-47],1635,1
1635,1636,[6.376433531676705673571379034146790813553e-6 +/- 4.21e-46],1636,1
1636,1637,[6.368791471896775834176765457520253317276e-6 +/- 2.88e-46],1637,1
1637,1638,[6.561158541722183407718504239416089534491e-6 +/- 1.87e-46],1638,1
1638,1639,[6.553097772252965680831965001440229797417e-6 +/- 1.06e-47],1639,1
1639,1640,[6.346197724852674570538849185512858971917e-6 +/- 1.03e-46],1640,1
1640,1641,[6.338607143651001133723871215615874066598e-6 +/- 3.62e-46],1641,1
1641,1642,[6.133152101229626847503843735162684523368e-6 +/- 3.66e-46],1642,1
1642,1643,[5.928560230597346947251887761905331879357e-6 +/- 4.35e-46],1643,1
1643,1644,[5.724775061801952642633859679254489584777e-6 +/- 2.11e-48],1644,1
1644,1645,[5.718427625924124433390894344226228163688e-6 +/- 7.09e-47],1645,1
1645,1646,[5.908385127719809030209732237600771461939e-6 +/- 2.96e-46],1646,1
1646,1647,[5.705859676506969055888986456120809757659e-6 +/- 4.62e-46],1647,1
1647,1648,[5.699543531134883258334878459047865169850e-6 +/- 4.20e-46],1648,1
1648,1649,[5.693237831012440676920776513348357844760e-6 +/- 3.14e-47],1649,1
1649,1650,[5.492287568431398694835017201352964221289e-6 +/- 2.84e-46],1650,1
1650,1651,[5.486353456294929460091742484397484367177e-6 +/- 8.08e-47],1651,1
1651,1652,[5.286469306654660781589110860437264486548e-6 +/- 3.98e-46],1652,1
1652,1653,[5.280883494130294875951172689366702002950e-6 +/- 1.58e-46],1653,1
1653,1654,[5.468659489072596030525495397267433693410e-6 +/- 4.01e-46],1654,1
1654,1655,[5.269772277552783633107546634341035866838e-6 +/- 3.94e-46],1655,1
1655,1656,[5.071522450680505928646742725810293576307e-6 +/- 2.82e-46],1656,1
1656,1657,[5.066278540375154354964784813097674005177e-6 +/- 4.44e-46],1657,1
1657,1658,[5.253172750090376039544822269148589013499e-6 +/- 4.67e-46],1658,1
1658,1659,[5.055875832297950684035951784140725589576e-6 +/- 1.86e-46],1659,1
1659,1660,[5.242124588120797869295545971351489479708e-6 +/- 2.42e-46],1660,1
1660,1661,[5.236610960305598247014162559752282770204e-6 +/- 1.53e-46],1661,1
1661,1662,[5.040336999962679256327968747944040370695e-6 +/- 2.04e-46],1662,1
1662,1663,[5.225618096617625183207059760616358631232e-6 +/- 1.58e-46],1663,1
1663,1664,[5.410271611148897161520187002273344638917e-6 +/- 5.26e-47],1664,1
1664,1665,[5.404473506889981668578793106026419557423e-6 +/- 1.68e-47],1665,1
1665,1666,[5.398684818381707919770759245566973570823e-6 +/- 1.44e-46],1666,1
1666,1667,[5.392905524787536453459865568305604292646e-6 +/- 4.92e-46],1667,1
1667,1668,[5.575737347705476646984143898336484127788e-6 +/- 1.49e-47],1668,1
1668,1669,[5.569640111300064287365256038329235999483e-6 +/- 1.33e-46],1669,1
1669,1670,[5.751248355921341266509069133505985557519e-6 +/- 4.78e-46],1670,1
1670,1671,[5.931994098991352507593914345643900175782e-6 +/- 1.48e-46],1671,1
1671,1672,[5.738562676001619547528961876578251344333e-6 +/- 3.17e-46],1672,1
1672,1673,[5.732151596179835842608680314559609636796e-6 +/- 4.84e-46],1673,1
1673,1674,[5.540070546728445604509487380739259817363e-6 +/- 3.81e-46],1674,1
1674,1675,[5.534031284194145860042195830801131412566e-6 +/- 4.00e-47],1675,1
1675,1676,[5.528001849287820065592743199947442745205e-6 +/- 1.46e-46],1676,1
1676,1677,[5.521982220295771429382617832913069746032e-6 +/- 1.59e-46],1677,1
1677,1678,[5.699850656469822384566145849547963271722e-6 +/- 1.14e-46],1678,1
1678,1679,[5.510096667563509261308647809864759680456e-6 +/- 1.84e-47],1679,1
1679,1680,[5.321130052248764478817887685001635593080e-6 +/- 5.15e-47],1680,1
1680,1681,[5.315475649954417960979868844425759960007e-6 +/- 3.28e-46],1681,1
1681,1682,[5.309830345194430400670780225509331842940e-6 +/- 2.47e-46],1682,1
1682,1683,[5.304194118025873296478297296276875410167e-6 +/- 1.61e-46],1683,1
1683,1684,[5.298566948561306637941328916488783550358e-6 +/- 1.48e-46],1684,1
1684,1685,[5.292948816968591651996937854511950516938e-6 +/- 2.33e-46],1685,1
1685,1686,[5.106807928615727063081764938146848362358e-6 +/- 1.48e-46],1686,1
1686,1687,[5.281685441843588009605925153578555840118e-6 +/- 4.23e-47],1687,1
1687,1688,[5.096333731399420187127223761500758554886e-6 +/- 4.23e-46],1688,1
1688,1689,[5.091053298639811800474176546163297183012e-6 +/- 4.45e-46],1689,1
1689,1690,[4.906720544008266692757526324835165791474e-6 +/- 1.35e-46],1690,1
1690,1691,[4.901738410510699631998493944887142761885e-6 +/- 3.84e-46],1691,1
1691,1692,[4.718262044196303071738030944766827653633e-6 +/- 3.83e-47],1692,1
1692,1693,[4.713557279080998725828927391263109169762e-6 +/- 2.05e-46],1693,1
1693,1694,[4.886913670837353584218103357225164728654e-6 +/- 2.19e-46],1694,1
1694,1695,[4.881962803070370139918171111223472864499e-6 +/- 4.26e-46],1695,1
1695,1696,[5.054517049488653038701824892129209575362e-6 +/- 2.86e-46],1696,1
1696,1697,[5.049303340119243833649577889714378225192e-6 +/- 3.84e-46],1697,1
1697,1698,[5.220905013956408507456753732076894219036e-6 +/- 3.21e-46],1698,1
1698,1699,[5.391812480724229339795628616915651796328e-6 +/- 7.34e-47],1699,1
1699,1700,[5.562004802265993782802516305767514562908e-6 +/- 3.65e-46],1700,1
1700,1701,[5.555884566176946416062354333125407474321e-6 +/- 5.88e-47],1701,1
1701,1702,[5.549774218697296959575757637625078518838e-6 +/- 2.51e-46],1702,1
1702,1703,[5.718327666885462500111125385590258131832e-6 +/- 1.27e-46],1703,1
1703,1704,[5.537694768977191619643521241414587137100e-6 +/- 2.45e-46],1704,1
1704,1705,[5.531613822110188473452582014943936118078e-6 +/- 4.56e-46],1705,1
1705,1706,[5.698897630043017571138174672249965255837e-6 +/- 4.55e-46],1706,1
1706,1707,[5.519598824744099086013884369134847644478e-6 +/- 4.39e-46],1707,1
1707,1708,[5.341079226490316840999693032364443393740e-6 +/- 1.32e-46],1708,1
1708,1709,[5.335362841791888899158727603487559790507e-6 +/- 5.51e-47],1709,1
1709,1710,[5.501298468349240765459399202235772304680e-6 +/- 2.28e-46],1710,1
1710,1711,[5.495276100899755525318145245195159957771e-6 +/- 4.81e-46],1711,1
1711,1712,[5.318532757889742855558156833044676589755e-6 +/- 2.61e-46],1712,1
1712,1713,[5.312852379954321698595983226120128507425e-6 +/- 1.54e-46],1713,1
1713,1714,[5.137223998736929108530953149140538827008e-6 +/- 1.58e-46],1714,1
1714,1715,[4.962239058342974687694265706081136259104e-6 +/- 2.10e-46],1715,1
1715,1716,[4.957173078607628662740879614859734663206e-6 +/- 1.55e-46],1716,1
1716,1717,[4.952115025615568122558231211114310519773e-6 +/- 4.48e-46],1717,1
1717,1718,[4.778312144786701525563262121200358525805e-6 +/- 4.82e-46],1718,1
1718,1719,[4.605040790682139876992183927058509430966e-6 +/- 2.50e-46],1719,1
1719,1720,[4.600517832116116421224714461400263204897e-6 +/- 2.15e-46],1720,1
1720,1721,[4.596001838185419935117320315084687763649e-6 +/- 1.73e-46],1721,1
1721,1722,[4.759344380913531690256029624270160036878e-6 +/- 1.48e-46],1722,1
1722,1723,[4.587010037297477832630215959732851512436e-6 +/- 1.19e-46],1723,1
1723,1724,[4.749856912413625797829392342173416245749e-6 +/- 3.84e-46],1724,1
1724,1725,[4.745124003203912653081316376548157862486e-6 +/- 7.05e-47],1725,1
1725,1726,[4.740398408643802106218118240705985278095e-6 +/- 2.06e-46],1726,1
1726,1727,[4.569215209564998504682970841111719703707e-6 +/- 4.49e-46],1727,1
1727,1728,[4.398537172657921740346564837237742154405e-6 +/- 3.69e-46],1728,1
1728,1729,[4.394301035812716163182591090388449277916e-6 +/- 4.95e-46],1729,1
1729,1730,[4.555891631655944328443367877745823732022e-6 +/- 3.71e-47],1730,1
1730,1731,[4.716989620690800331041941223131467114205e-6 +/- 1.07e-47],1731,1
1731,1732,[4.547060473179649697772892489737248915509e-6 +/- 2.65e-46],1732,1
1732,1733,[4.542626617838440966434071099438052074655e-6 +/- 4.18e-46],1733,1
1733,1734,[4.702948788425851803811533198198498850471e-6 +/- 3.37e-46],1734,1
1734,1735,[4.698288892863669137461380348975327749657e-6 +/- 3.00e-46],1735,1
1735,1736,[4.529476897391557025899792864056190194932e-6 +/- 1.47e-46],1736,1
1736,1737,[4.525069851095578796279124948070307091534e-6 +/- 5.28e-47],1737,1
1737,1738,[4.520669524949442881507408725651346912292e-6 +/- 2.46e-46],1738,1
1738,1739,[4.679699091814733700136234402674767818010e-6 +/- 4.33e-46],1739,1
1739,1740,[4.511933874646001288806255940654204405172e-6 +/- 3.64e-46],1740,1
1740,1741,[4.507553574142010326570299265788056478047e-6 +/- 1.05e-46],1741,1
1741,1742,[4.665881635589251034274409224975301478585e-6 +/- 4.72e-46],1742,1
1742,1743,[4.823725961772279299404262481557022102074e-6 +/- 1.99e-46],1743,1
1743,1744,[4.981021518609153855457936293005685305945e-6 +/- 2.64e-46],1744,1
1744,1745,[4.975911538721090742033201480234909092492e-6 +/- 5.36e-47],1745,1
1745,1746,[4.809336165536643999122454664166447971036e-6 +/- 3.85e-46],1746,1
1746,1747,[4.804510040114922135850608479081024584412e-6 +/- 2.70e-46],1747,1
1747,1748,[4.960584517876441964737923863684080237554e-6 +/- 3.11e-46],1748,1
1748,1749,[4.955506203571960122611988546892078661972e-6 +/- 4.47e-46],1749,1
1749,1750,[5.110637980168316248000205584216296710412e-6 +/- 4.72e-46],1750,1
1750,1751,[5.105292622440163167425002097523429095947e-6 +/- 3.79e-47],1751,1
1751,1752,[4.940527544196347897949002438197039210889e-6 +/- 7.58e-48],1752,1
1752,1753,[4.935480283607863556264640640563834862492e-6 +/- 2.20e-46],1753,1
1753,1754,[5.089219826863457664471356389347829464856e-6 +/- 7.39e-47],1754,1
1754,1755,[4.925496063032667764575229418714385350675e-6 +/- 2.16e-46],1755,1
1755,1756,[4.920472032518027263537522244293682288717e-6 +/- 2.35e-46],1756,1
1756,1757,[4.915455743776520633174985538726702233130e-6 +/- 3.87e-46],1757,1
1757,1758,[4.753019999742028435036821280138401604140e-6 +/- 1.88e-46],1758,1
1758,1759,[4.905429189644504192664136580116517451166e-6 +/- 4.30e-46],1759,1
1759,1760,[5.057273743757207274330765364906337524683e-6 +/- 2.07e-47],1760,1
1760,1761,[5.052011220245977015424018174552275127485e-6 +/- 1.45e-46],1761,1
1761,1762,[4.890634582631959802215094231750893994378e-6 +/- 1.40e-47],1762,1
1762,1763,[4.729858401213885040058890790877268120811e-6 +/- 1.12e-47],1763,1
1763,1764,[4.569623678027619836448772635248289351854e-6 +/- 8.38e-47],1764,1
1764,1765,[4.565169118512173046589759919869320773815e-6 +/- 4.94e-46],1765,1
1765,1766,[4.405691605962054782049229746044375116078e-6 +/- 2.34e-46],1766,1
1766,1767,[4.246659536642042495577883846464690929356e-6 +/- 4.81e-46],1767,1
1767,1768,[4.397277609957651343945568359964049414486e-6 +/- 2.45e-46],1768,1
1768,1769,[4.393073907010064217561426214263825893744e-6 +/- 3.73e-46],1769,1
1769,1770,[4.234776098890058090761091655078180739662e-6 +/- 4.50e-46],1770,1
1770,1771,[4.076906814384761640450912041446041357896e-6 +/- 1.40e-46],1771,1
1771,1772,[4.226773805924969289383757420414428798820e-6 +/- 1.4e-49],1772,1
1772,1773,[4.222801628771917674569498750805154812679e-6 +/- 1.58e-47],1773,1
1773,1774,[4.218835351789603368614536862262119016287e-6 +/- 6.81e-47],1774,1
1774,1775,[4.061947059769170566956492117665980268606e-6 +/- 1.71e-46],1775,1
1775,1776,[4.058181829199610241978843526318137752795e-6 +/- 2.49e-47],1776,1
1776,1777,[4.054422155348022090465936550772513886522e-6 +/- 1.14e-46],1777,1
1777,1778,[4.203076072882141954567858609944080816650e-6 +/- 6.22e-47],1778,1
1778,1779,[4.351302445701708147236429896633844636468e-6 +/- 3.95e-46],1779,1
1779,1780,[4.195280928358402056213287669063778878129e-6 +/- 3.96e-46],1780,1
1780,1781,[4.191355574040050317857340743669640301700e-6 +/- 1.37e-46],1781,1
1781,1782,[4.036039371965059949487112025011322780513e-6 +/- 3.65e-46],1782,1
1782,1783,[4.032312413737777176402489017825148531813e-6 +/- 9.06e-47],1783,1
1783,1784,[4.179588993847129705696235857806232848497e-6 +/- 4.02e-46],1784,1
1784,1785,[4.175686872570007017135981964228046206357e-6 +/- 4.29e-46],1785,1
1785,1786,[4.021289092056102846560411744397488412785e-6 +/- 2.49e-47],1786,1
1786,1787,[4.167872698899224898618764664133860818655e-6 +/- 2.13e-46],1787,1
1787,1788,[4.314036608936800763105561573312016995980e-6 +/- 1.95e-46],1788,1
1788,1789,[4.309957100181492798454516672185049677684e-6 +/- 4.54e-46],1789,1
1789,1790,[4.455392883760916284628990337914082663372e-6 +/- 1.63e-46],1790,1
1790,1791,[4.600302155351695435216774158697179255963e-6 +/- 4.05e-46],1791,1
1791,1792,[4.595795563817972656175180753500416772695e-6 +/- 4.04e-46],1792,1
1792,1793,[4.591295726648132099456483279637704051611e-6 +/- 4.44e-46],1793,1
1793,1794,[4.438666880241341698610024611127010852087e-6 +/- 5.13e-47],1794,1
1794,1795,[4.286572202377361491381408808989318782730e-6 +/- 4.77e-47],1795,1
1795,1796,[4.134982223132035031949545721899394294095e-6 +/- 3.27e-46],1796,1
1796,1797,[4.131146623662787755128330366605382824969e-6 +/- 4.10e-46],1797,1
1797,1798,[3.980201094773852034106858130954773861059e-6 +/- 1.97e-47],1798,1
1798,1799,[4.123494401191911246495930477963498814940e-6 +/- 8.73e-47],1799,1
1799,1800,[3.972976657023603582622235322031279716414e-6 +/- 7.32e-47],1800,1
1800,1801,[3.969343624669517410075621920580987719583e-6 +/- 4.06e-46],1801,1
1801,1802,[4.112055056428388268578415015383085936923e-6 +/- 4.69e-46],1802,1
1802,1803,[4.254373505690934826344354917049933975976e-6 +/- 1.19e-46],1803,1
1803,1804,[4.104516682578949212481725274994365778727e-6 +/- 4.43e-46],1804,1
1804,1805,[4.100725668390653360539806683429573952992e-6 +/- 2.24e-46],1805,1
1805,1806,[4.096940185690870646692198246298909454628e-6 +/- 4.85e-46],1806,1
1806,1807,[3.947967376883142971626525988633677757999e-6 +/- 3.21e-46],1807,1
1807,1808,[3.799397697217592726147145505786573676201e-6 +/- 2.03e-48],1808,1
1808,1809,[3.795969421290510488582513359505165212397e-6 +/- 2.34e-46],1809,1
1809,1810,[3.792546094704158034148330618499414114932e-6 +/- 2.83e-46],1810,1
1810,1811,[3.933494223521105622426404379655331626389e-6 +/- 4.56e-46],1811,1
1811,1812,[4.074037275331792196445438228975628447331e-6 +/- 1.44e-46],1812,1
1812,1813,[4.070290086490323149166069219922565102183e-6 +/- 1.72e-46],1813,1
1813,1814,[4.066548341359818389979401847782303070040e-6 +/- 4.74e-46],1814,1
1814,1815,[3.919612552509464280024469488763268153905e-6 +/- 3.59e-46],1815,1
1815,1816,[3.916057582823331455916280221054985324423e-6 +/- 3.92e-46],1816,1
1816,1817,[3.912507743886013271355866867901909466916e-6 +/- 1.47e-46],1817,1
1817,1818,[3.766613117363609881082842285475573123442e-6 +/- 7.06e-47],1818,1
1818,1819,[3.763233594696599503560354099263205247954e-6 +/- 4.39e-46],1819,1
1819,1820,[3.618017889662685940697402697016842884637e-6 +/- 5.79e-47],1820,1
1820,1821,[3.614792818289187280168617412823339960325e-6 +/- 9.02e-47],1821,1
1821,1822,[3.470153324953221374866271648343810429669e-6 +/- 3.05e-46],1822,1
1822,1823,[3.325805002815110227895615024203575723450e-6 +/- 1.44e-46],1823,1
1823,1824,[3.463967800392804282728524480320429041586e-6 +/- 9.23e-47],1824,1
1824,1825,[3.460890281871203584294671249160416792926e-6 +/- 4.37e-46],1825,1
1825,1826,[3.457817155061216109419276556160885815025e-6 +/- 5.69e-47],1826,1
1826,1827,[3.595387540075431135923832399307617469268e-6 +/- 2.42e-47],1827,1
1827,1828,[3.592194385829073348411705421043125055568e-6 +/- 4.31e-46],1828,1
1828,1829,[3.589005783151230405229158598114086840676e-6 +/- 3.00e-46],1829,1
1829,1830,[3.445747775930580461179371750466565393173e-6 +/- 1.36e-46],1830,1
1830,1831,[3.302765741137962052337994320892720227105e-6 +/- 2.73e-46],1831,1
1831,1832,[3.439624532480979861870080462819532732717e-6 +/- 5.65e-47],1832,1
1832,1833,[3.436581885562310803726273992546921565979e-6 +/- 4.30e-46],1833,1
1833,1834,[3.572968000913860759752355387955945509707e-6 +/- 1.61e-46],1834,1
1834,1835,[3.709021304786598948015849743329104877859e-6 +/- 1.93e-46],1835,1
1835,1836,[3.566745706060816738262254495202038945146e-6 +/- 1.29e-46],1836,1
1836,1837,[3.563593131704602277724713108089992518663e-6 +/- 4.37e-46],1837,1
1837,1838,[3.421874364649761720022821264299635856242e-6 +/- 1.83e-46],1838,1
1838,1839,[3.280466922416639984392684655944605991917e-6 +/- 2.64e-46],1839,1
1839,1840,[3.139332680966533796112067172744692721149e-6 +/- 3.77e-46],1840,1
1840,1841,[3.136533826366850959355089000402579661217e-6 +/- 8.95e-47],1841,1
1841,1842,[2.995766623672801162258593242910200876261e-6 +/- 2.45e-46],1842,1
1842,1843,[3.130942610465779559041975984528817859578e-6 +/- 4.04e-46],1843,1
1843,1844,[2.990384284601500524177785376671372717238e-6 +/- 3.45e-48],1844,1
1844,1845,[2.987684308742876845042917230984209353796e-6 +/- 2.73e-46],1845,1
1845,1846,[2.984988185015417369970439380581114392130e-6 +/- 9.09e-48],1846,1
1846,1847,[3.119820149522003972780676964806454792372e-6 +/- 2.42e-46],1847,1
1847,1848,[3.254443941071360720071259695416263865118e-6 +/- 4.94e-46],1848,1
1848,1849,[3.251579462269614533293416930523480333941e-6 +/- 3.76e-46],1849,1
1849,1850,[3.248719023716563792722317889808418558095e-6 +/- 2.72e-47],1850,1
1850,1851,[3.245862617528567230390876660088871751302e-6 +/- 2.28e-46],1851,1
1851,1852,[3.106191360740045939956306802637463951495e-6 +/- 1.36e-46],1852,1
1852,1853,[3.103439636094782416566214298419611758286e-6 +/- 3.29e-46],1853,1
1853,1854,[2.964087816357193681855111934820310965527e-6 +/- 2.39e-46],1854,1
1854,1855,[2.961426401585271907370826632377980330962e-6 +/- 1.03e-46],1855,1
1855,1856,[3.095217922779012004356882099072437797321e-6 +/- 3.98e-47],1856,1
1856,1857,[3.092481527762149454598243419250970026658e-6 +/- 3.55e-46],1857,1
1857,1858,[2.953553118655541038501587145361998013852e-6 +/- 2.67e-46],1858,1
1858,1859,[2.814775135005110810493596722241415629579e-6 +/- 3.67e-46],1859,1
1859,1860,[2.812201203656652514175673743045600558390e-6 +/- 4.36e-46],1860,1
1860,1861,[2.809630944067962401542708856406933066656e-6 +/- 4.29e-46],1861,1
1861,1862,[2.943037893148273854218991869403965383766e-6 +/- 3.14e-46],1862,1
1862,1863,[2.940406399317348747578828511377232629034e-6 +/- 3.10e-46],1863,1
1863,1864,[2.937778623254687426693512918333444307646e-6 +/- 1.18e-46],1864,1
1864,1865,[2.935154557722087196098171243065981273833e-6 +/- 4.73e-47],1865,1
1865,1866,[2.796905915495375304845236863944792643401e-6 +/- 3.58e-47],1866,1
1866,1867,[2.929924418078180978196883742209803634300e-6 +/- 3.40e-46],1867,1
1867,1868,[3.062797207872054040554391394931840909219e-6 +/- 3.01e-46],1868,1
1868,1869,[3.060105968306940084704455623036055610437e-6 +/- 4.41e-46],1869,1
1869,1870,[3.192680103390375983055120738487602157312e-6 +/- 3.89e-46],1870,1
1870,1871,[3.054771295256172688269851427270047006835e-6 +/- 4.06e-46],1871,1
1871,1872,[3.187115210240399770552132781242625543643e-6 +/- 3.86e-46],1872,1
1872,1873,[3.184343866927781963305291326693771122179e-6 +/- 1.75e-46],1873,1
1873,1874,[3.316344038750992731024209241570322510747e-6 +/- 4.47e-46],1874,1
1874,1875,[3.178863836276963133122763456888907679522e-6 +/- 3.47e-46],1875,1
1875,1876,[3.176104033467398718992211193446591489495e-6 +/- 5.33e-47],1876,1
1876,1877,[3.173348067917274874003803921700853836250e-6 +/- 4.53e-46],1877,1
1877,1878,[3.304826578763436092610313187906998399054e-6 +/- 1.83e-46],1878,1
1878,1879,[3.436047106054258662541845838576336724472e-6 +/- 4.17e-46],1879,1
1879,1880,[3.567007656597901035911143095777212040344e-6 +/- 2.38e-48],1880,1
1880,1881,[3.563904639322058270143666937228164633204e-6 +/- 4.49e-46],1881,1
1881,1882,[3.560805933041776921160252504466047035484e-6 +/- 5.01e-47],1882,1
1882,1883,[3.424384265856300712076816005459299203310e-6 +/- 4.96e-46],1883,1
1883,1884,[3.288272457395452452402110873574027024292e-6 +/- 4.24e-46],1884,1
1884,1885,[3.285439543251985093302284495638783904346e-6 +/- 3.99e-46],1885,1
1885,1886,[3.415440365176680232183129105185469185003e-6 +/- 2.91e-46],1886,1
1886,1887,[3.545107661341579769190131997243159525401e-6 +/- 1.66e-46],1887,1
1887,1888,[3.674402233688859154177312348568553725817e-6 +/- 7.68e-47],1888,1
1888,1889,[3.671188357308147519184255086442134987395e-6 +/- 3.43e-46],1889,1
1889,1890,[3.799799920558644883802673037743442114912e-6 +/- 3.52e-46],1890,1
1890,1891,[3.796437105769838911921092002321675741643e-6 +/- 1.29e-46],1891,1
1891,1892,[3.661855733582194715419075875565456273368e-6 +/- 1.53e-46],1892,1
1892,1893,[3.658659484577418894377723620004048552218e-6 +/- 4.71e-46],1893,1
1893,1894,[3.524756625150416991362793801281640363616e-6 +/- 4.72e-46],1894,1
1894,1895,[3.391223135307986280403131503755170754437e-6 +/- 1.23e-46],1895,1
1895,1896,[3.258023331752615794772336684332988397102e-6 +/- 3.66e-46],1896,1
1896,1897,[3.255235365289138792159200084711204440054e-6 +/- 3.56e-46],1897,1
1897,1898,[3.122498693307563298591602149661887428024e-6 +/- 8.41e-47],1898,1
1898,1899,[3.249633261394901835162996250740011748462e-6 +/- 3.61e-47],1899,1
1899,1900,[3.246856746677657477191487446640513408750e-6 +/- 4.87e-46],1900,1
1900,1901,[3.244084038209408049684164675888549796498e-6 +/- 2.73e-46],1901,1
1901,1902,[3.370573676061172178223238586250773268293e-6 +/- 5.23e-47],1902,1
1902,1903,[3.496714716346919715533248662317086151373e-6 +/- 2.01e-47],1903,1
1903,1904,[3.364934854319933903723079572011661151327e-6 +/- 1.39e-46],1904,1
1904,1905,[3.362061387004448934326430901935943974984e-6 +/- 1.18e-47],1905,1
1905,1906,[3.487580614300807413093683472311173558103e-6 +/- 2.00e-46],1906,1
1906,1907,[3.356407064751175543452191431099142636777e-6 +/- 3.49e-46],1907,1
1907,1908,[3.481546261036139094560178231461482322218e-6 +/- 4.12e-46],1908,1
1908,1909,[3.478560601082440134074891416099115146154e-6 +/- 4.12e-46],1909,1
1909,1910,[3.348027465186306475514845259768321353781e-6 +/- 3.63e-46],1910,1
1910,1911,[3.472554542852834426025669833160053642451e-6 +/- 4.92e-46],1911,1
1911,1912,[3.469581104620928729464352990824140570049e-6 +/- 2.01e-47],1912,1
1912,1913,[3.466611730623960879071768750255607347530e-6 +/- 7.77e-47],1913,1
1913,1914,[3.590375357566334022265936646746033772913e-6 +/- 3.60e-46],1914,1
1914,1915,[3.460793196105765946776765654070071922010e-6 +/- 2.38e-46],1915,1
1915,1916,[3.331586736773745653612762094609654338287e-6 +/- 1.76e-46],1916,1
1916,1917,[3.328759914720349749491597735573082587790e-6 +/- 4.62e-46],1917,1
1917,1918,[3.325936936246530543451785468158486599775e-6 +/- 1.12e-46],1918,1
1918,1919,[3.448776599158615316241484493230977338306e-6 +/- 3.25e-46],1919,1
1919,1920,[3.320409753842200040878124019894971093059e-6 +/- 1.52e-46],1920,1
1920,1921,[3.317598259862724865066242719363864414318e-6 +/- 4.64e-46],1921,1
1921,1922,[3.189712176107508791967137205385440033545e-6 +/- 1.13e-46],1922,1
1922,1923,[3.187021217402452549760259064570754016102e-6 +/- 4.80e-47],1923,1
1923,1924,[3.059532703920389000830150287194211386997e-6 +/- 5.22e-47],1924,1
1924,1925,[3.056949346239108508852715670823020283761e-6 +/- 4.54e-46],1925,1
1925,1926,[3.054369485365355719481311477495881008195e-6 +/- 3.44e-46],1926,1
1926,1927,[3.051793114749671893418477440484554731823e-6 +/- 4.80e-46],1927,1
1927,1928,[2.924942436203654502979841121659637624439e-6 +/- 3.33e-46],1928,1
1928,1929,[2.922460661024445998327619879073070514252e-6 +/- 2.20e-46],1929,1
1929,1930,[2.795971186127790166776236062595757435459e-6 +/- 3.21e-46],1930,1
1930,1931,[2.917488353781282265585219364328375135572e-6 +/- 4.76e-46],1931,1
1931,1932,[3.038817260685253678301690543200840707966e-6 +/- 2.00e-46],1932,1
1932,1933,[3.036261370861629553174376681349893817942e-6 +/- 3.59e-47],1933,1
1933,1934,[3.157176711669920203505562757101763308762e-6 +/- 2.24e-47],1934,1
1934,1935,[3.031257182903335387302967350947790815468e-6 +/- 3.20e-46],1935,1
1935,1936,[3.028711629244089474220020454993532193947e-6 +/- 2.95e-46],1936,1
1936,1937,[3.026169501798938830626133121824651105061e-6 +/- 2.30e-46],1937,1
1937,1938,[2.900819710398274725189089122343916709875e-6 +/- 1.08e-46],1938,1
1938,1939,[2.775673809780221143177491233744749650970e-6 +/- 1.53e-46],1939,1
1939,1940,[2.650723971089496082380659783096359115242e-6 +/- 1.17e-46],1940,1
1940,1941,[2.648419578869881477236048658891627597876e-6 +/- 2.56e-46],1941,1
1941,1942,[2.523746628855869234391097742645069804017e-6 +/- 1.73e-47],1942,1
1942,1943,[2.399202967025972513185894636297997891143e-6 +/- 4.54e-46],1943,1
1943,1944,[2.274746587164077593416617654138549136970e-6 +/- 1.76e-46],1944,1
1944,1945,[2.272570382509600086310539669745141637467e-6 +/- 1.77e-46],1945,1
1945,1946,[2.148200922833554289121993506655988959195e-6 +/- 1.82e-46],1946,1
1946,1947,[2.268248820141912989018983673112183757764e-6 +/- 2.66e-46],1947,1
1947,1948,[2.388272212877297968391937958258408408374e-6 +/- 6.38e-47],1948,1
1948,1949,[2.386081369901171006301717617348011449180e-6 +/- 4.86e-46],1949,1
1949,1950,[2.505978798336051972416257421893872575357e-6 +/- 2.28e-47],1950,1
1950,1951,[2.503755274086593029225911247297371160565e-6 +/- 1.87e-46],1951,1
1951,1952,[2.623472837010823271454110029491128101229e-6 +/- 1.26e-46],1952,1
1952,1953,[2.621204811461899776456888210885875590072e-6 +/- 2.46e-46],1953,1
1953,1954,[2.618939857096540712789274805598758813694e-6 +/- 4.76e-46],1954,1
1954,1955,[2.494986724936654392711520970097937705856e-6 +/- 4.31e-46],1955,1
1955,1956,[2.614398390039855451120289285289064450787e-6 +/- 4.94e-46],1956,1
1956,1957,[2.612142612199038088512294166455598805594e-6 +/- 2.60e-46],1957,1
1957,1958,[2.488519674038368649881392014353373466530e-6 +/- 1.48e-46],1958,1
1958,1959,[2.607586322120274985114264820803537818073e-6 +/- 2.63e-46],1959,1
1959,1960,[2.484206186557736932087375216333473002168e-6 +/- 2.71e-46],1960,1
1960,1961,[2.482012795445835250503754564477315834290e-6 +/- 2.87e-46],1961,1
1961,1962,[2.358913826020489705534704157990760305862e-6 +/- 2.26e-47],1962,1
1962,1963,[2.356764972725680912727568001091059856707e-6 +/- 3.90e-46],1963,1
1963,1964,[2.233912371085662723267218039775019471878e-6 +/- 1.16e-46],1964,1
1964,1965,[2.231796450615334128818270171982446289770e-6 +/- 4.94e-46],1965,1
1965,1966,[2.350252662916680973184570836873554294407e-6 +/- 2.67e-46],1966,1
1966,1967,[2.227644364604571175583118035552158614926e-6 +/- 2.82e-46],1967,1
1967,1968,[2.105146118257708505503551880351476575679e-6 +/- 4.10e-46],1968,1
1968,1969,[2.103057686387866899182027282781675632624e-6 +/- 2.83e-46],1969,1
1969,1970,[1.980692659359619208519328143825363370349e-6 +/- 4.19e-47],1970,1
1970,1971,[2.098868843870639155663550314393984948181e-6 +/- 1.43e-46],1971,1
1971,1972,[2.096789187124578497527675036497710417609e-6 +/- 3.35e-48],1972,1
1972,1973,[2.094712464284467410864421791299543473341e-6 +/- 4.36e-46],1973,1
1973,1974,[2.212745012431789429375464503861517099702e-6 +/- 3.43e-46],1974,1
1974,1975,[2.090642733902071824768327808188204620961e-6 +/- 2.32e-46],1975,1
1975,1976,[2.088574819909227792147507540877852970707e-6 +/- 4.22e-46],1976,1
1976,1977,[2.086509817544696527094717451765216323402e-6 +/- 2.65e-46],1977,1
1977,1978,[1.964641450453800753646295763592804675267e-6 +/- 4.04e-46],1978,1
1978,1979,[2.082355764860500329437861517686676624425e-6 +/- 1.72e-46],1979,1
1979,1980,[2.199996759221753626052143765232049486633e-6 +/- 1.32e-46],1980,1
1980,1981,[2.197926813407670566566358999332686395304e-6 +/- 1.9e-49],1981,1
1981,1982,[2.076332897920050113001705563470413704761e-6 +/- 1.00e-46],1982,1
1982,1983,[1.954795854051016140533547992184558315955e-6 +/- 3.55e-46],1983,1
1983,1984,[1.833292274183638658335967971286589997340e-6 +/- 4.28e-46],1984,1
1984,1985,[1.831249995703988022184583916857973777426e-6 +/- 3.21e-46],1985,1
1985,1986,[1.709767165811968414462917656273155707496e-6 +/- 2.85e-46],1986,1
1986,1987,[1.827172254833329106094788152418201609892e-6 +/- 1.51e-46],1987,1
1987,1988,[1.944587714251999271238898998394839516973e-6 +/- 1.79e-46],1988,1
1988,1989,[1.942562458294980725999715637406941442907e-6 +/- 3.77e-46],1989,1
1989,1990,[1.940540085337857436347623939474205401794e-6 +/- 4.71e-48],1990,1
1990,1991,[2.057845455131658582840357842606061729178e-6 +/- 3.34e-47],1991,1
1991,1992,[1.936548368476172072213317053443914241806e-6 +/- 3.29e-46],1992,1
1992,1993,[1.934534642218412822894234209718597595925e-6 +/- 2.15e-46],1993,1
1993,1994,[2.051792668989071476523938878770717102569e-6 +/- 1.96e-48],1994,1
1994,1995,[1.930541676447964335000381814098047864238e-6 +/- 4.74e-46],1995,1
1995,1996,[1.809304033651113257958491596416095388546e-6 +/- 2.59e-46],1996,1
1996,1997,[1.807297228761713520523701078551019702972e-6 +/- 3.23e-46],1997,1
1997,1998,[1.924568028219910943657558551538078770530e-6 +/- 1.42e-46],1998,1
1998,1999,[1.922571337166147619992780013897935587998e-6 +/- 2.81e-46],1999,1
1999,2000,[2.039855700269603385446019340634071523950e-6 +/- 5.00e-46],2000,1
2000,2001,[2.037857936308699457544682418321081514588e-6 +/- 1.70e-46],2001,1
2001,2002,[2.155113571084089857739875146424104095791e-6 +/- 1.97e-47],2002,1
2002,2003,[2.033896342774222766712872144149362154418e-6 +/- 3.13e-46],2003,1
2003,2004,[2.151079421182001744834290535752513326621e-6 +/- 1.83e-46],2004,1
2004,2005,[2.149075076876411279453044759731057145359e-6 +/- 2.00e-46],2005,1
2005,2006,[2.028051420773649181605054067011212640113e-6 +/- 4.45e-46],2006,1
2006,2007,[2.145064105494104044522733426126969655088e-6 +/- 1.83e-46],2007,1
2007,2008,[2.143067980394097558209217682062016158922e-6 +/- 5.66e-47],2008,1
2008,2009,[2.141074580543013000187177683203142573966e-6 +/- 4.22e-46],2009,1
2009,2010,[2.139083900906733296463482148146783342991e-6 +/- 4.09e-46],2010,1
2010,2011,[2.018296878511423983579408708898856931621e-6 +/- 3.03e-46],2011,1
2011,2012,[2.135076628971845254498096418726002722458e-6 +/- 1.37e-46],2012,1
2012,2013,[2.133094087861423588332999276094494358908e-6 +/- 3.03e-47],2013,1
2013,2014,[2.249712595722086712306335404942285403138e-6 +/- 4.38e-46],2014,1
2014,2015,[2.366205593319614963894848054627195018873e-6 +/- 4.03e-46],2015,1
2015,2016,[2.482535948860703943862441563993345003168e-6 +/- 4.80e-46],2016,1
2016,2017,[2.480447541088170951592904358010837579462e-6 +/- 2.01e-46],2017,1
2017,2018,[2.596453903736375402841226167319298092862e-6 +/- 2.28e-46],2018,1
2018,2019,[2.476382264292650184424414064807736695131e-6 +/- 2.99e-46],2019,1
2019,2020,[2.356511986996647379354360053234554813855e-6 +/- 1.77e-46],2020,1
2020,2021,[2.354483554336518638905482462312058889676e-6 +/- 4.33e-46],2021,1
2021,2022,[2.234873512927801232728405626758973066304e-6 +/- 4.89e-46],2022,1
2022,2023,[2.350402148947038772621489548695233117333e-6 +/- 4.36e-46],2023,1
2023,2024,[2.348381749538302504071105965025479052048e-6 +/- 3.98e-46],2024,1
2024,2025,[2.346364018947416540600411498251918597462e-6 +/- 2.39e-46],2025,1
2025,2026,[2.344348952350649698112513672669405013082e-6 +/- 2.57e-46],2026,1
2026,2027,[2.225177613344797350424821391638358520906e-6 +/- 2.95e-47],2027,1
2027,2028,[2.340288434995156896236990342205576812283e-6 +/- 6.10e-47],2028,1
2028,2029,[2.338281324078219007366092663731271900941e-6 +/- 1.11e-46],2029,1
2029,2030,[2.453124413592978954828121447145188950929e-6 +/- 7.85e-47],2030,1
2030,2031,[2.334379106473006929892702807112071023169e-6 +/- 4.37e-46],2031,1
2031,2032,[2.215814205368759488107711162019803852288e-6 +/- 3.25e-46],2032,1
2032,2033,[2.213855814452850096743969721773295777174e-6 +/- 2.61e-46],2033,1
2033,2034,[2.095522934761093018635276819332597487196e-6 +/- 2.26e-46],2034,1
2034,2035,[2.093597542879728454467564806540904610563e-6 +/- 4.70e-46],2035,1
2035,2036,[2.207908236123240130738984450426042895013e-6 +/- 3.96e-46],2036,1
2036,2037,[2.205960230780393767931736859205401638877e-6 +/- 3.06e-46],2037,1
2037,2038,[2.320057185655818493856053323932730254673e-6 +/- 2.30e-46],2038,1
2038,2039,[2.202150106074086269463437394081662974133e-6 +/- 4.90e-46],2039,1
2039,2040,[2.316052441289668029756025938979690068511e-6 +/- 2.11e-46],2040,1
2040,2041,[2.314076800952347413329761909841250500327e-6 +/- 3.48e-46],2041,1
2041,2042,[2.196507073179202743484856181052481362948e-6 +/- 3.33e-46],2042,1
2042,2043,[2.079070849297725464578348608801559134937e-6 +/- 3.40e-46],2043,1
2043,2044,[2.077168370138813312300742918007869497883e-6 +/- 3.03e-46],2044,1
2044,2045,[2.075268442930692770095238893148610734163e-6 +/- 4.52e-46],2045,1
2045,2046,[1.958103682917150604830802836721670454197e-6 +/- 6.45e-47],2046,1
2046,2047,[1.841028727098211042390529318288783608890e-6 +/- 1.51e-46],2047,1
2047,2048,[1.724032978482648463928386438999788296684e-6 +/- 7.86e-47],2048,1
