n,P_n,log_n_P_n,weight,decrement,kappa_n,kappa_minus_half,half_surplus
2,[2.106230071704746901741123202564027986596 +/- 3.17e-40],[1.459927435812716756760190139648429539430 +/- 1.78e-40],[0.3690702464285425629004728856572391457004 +/- 1.44e-41],[0.5609798663841091901235250840862522567225 +/- 3.31e-41],[0.3608298311300643367263333383808590643203 +/- 7.86e-42],[-0.1391701688699356632736666616191409356797 +/- 7.86e-42],[-0.2163669852151686212562080999600917448073 +/- 4.51e-41]
3,[1.545250205320637711617598118477775729874 +/- 1.51e-40],[1.697630864632172207784504250943681803365 +/- 1.54e-40],[0.2075187496394219092731305280260917456201 +/- 7.21e-42],[0.4146312391112212278878041862487419283015 +/- 1.14e-41],[0.6465109306220822270334045142434527854787 +/- 3.02e-42],[0.1465109306220822270334045142434527854787 +/- 3.02e-42],[0.09396284862302250949987833114591159487619 +/- 7.19e-43]
4,[1.130618966209416483729793932229033801572 +/- 3.62e-40],[1.567370697431314224019890735259688233981 +/- 4.35e-40],[0.1386468838532138986597868624720687358604 +/- 1.62e-41],[0.1913986164154708733604251220547033314769 +/- 2.89e-41],[0.6104954320986703371933818070870285177538 +/- 4.83e-41],[0.1104954320986703371933818070870285177538 +/- 4.83e-41],[0.03464181992519313658423491636355869036390 +/- 3.62e-42]
5,[0.9392203497939456103693688101743304700955 +/- 9.77e-42],[1.511616839087993359072650490096577552667 +/- 1.59e-40],[0.1017555982960728269267670419135313277494 +/- 8.65e-42],[0.1873447055416756393290686338848714661458 +/- 4.86e-41],[0.9801343789204042645777619942139612975113 +/- 3.21e-41],[0.4801343789204042645777619942139612975113 +/- 3.21e-41],[0.09177377691654590289581804988715291121360 +/- 3.20e-42]
6,[0.7518756442522699710403001762894590039496 +/- 4.18e-41],[1.347180305270949146016646986987476070063 +/- 2.34e-40],[0.07921777883839820968127275482380093455901 +/- 4.93e-42],[0.07011360367151606299320143248976723216475 +/- 4.12e-42],[0.5885774454284810376640523011159530422845 +/- 4.30e-41],[0.08857744542848103766405230111595304228454 +/- 2.94e-42],[0.01055168517116157038720782472177437809700 +/- 3.41e-42]
7,[0.6817620405807539080470987437996917717849 +/- 1.24e-41],[1.326647674006749395500153334961325023011 +/- 5.12e-41],[0.06421502598079863085267689425605639711966 +/- 2.22e-42],[0.08549356782615179657455230982167235408421 +/- 2.81e-42],[0.9764139296021742147247650449432337826724 +/- 1.75e-41],[0.4764139296021742147247650449432337826724 +/- 1.75e-41],[0.04171420067753639388152958604729739827727 +/- 2.13e-42]
8,[0.5962684727546021114725464339780194177007 +/- 1.96e-41],[1.239905432239911060184671985372492180003 +/- 3.07e-40],[0.05360536964281384435070932848585871855062 +/- 1.54e-42],[0.06257372960386175782905060608521470396889 +/- 2.04e-42],[0.9788404396908244248990315821499416432743 +/- 3.24e-41],[0.4788404396908244248990315821499416432743 +/- 3.24e-41],[0.03061053771549523595887365347894970999337 +/- 3.83e-44]
9,[0.5336947431507403536434958278928047137318 +/- 7.56e-42],[1.172647206445947637911831794189352001331 +/- 3.32e-40],[0.04575749056067512540994419348976938159974 +/- 2.28e-42],[0.04785206590384028266658831917999718830720 +/- 3.83e-42],[0.9797506779705342487903526027252177521043 +/- 2.98e-41],[0.4797506779705342487903526027252177521043 +/- 2.98e-41],[0.02343153373183834539548029259787935086300 +/- 2.81e-42]
10,[0.4858426772469000709769075087128075254246 +/- 1.14e-41],[1.118694106169029523074196140270277078314 +/- 3.23e-40],[0.03974743221087250259388835498073961032372 +/- 3.19e-43],[0.02276958408373384765054517235209739452852 +/- 4.91e-42],[0.5895496195298158874160794698768666749079 +/- 3.13e-41],[0.08954961952981588741607946987686667490793 +/- 1.30e-42],[0.003458585204713878650626769498767706581050 +/- 1.36e-44]
11,[0.4630730931631662233263623363607101308961 +/- 3.63e-41],[1.110400781056075728793504462047620068149 +/- 1.63e-40],[0.03501595401865624914188699375274508741819 +/- 2.23e-42],[0.03132209556029821930531093413026266793315 +/- 3.91e-42],[0.9658402591884662759549156886110218056361 +/- 1.67e-41],[0.4658402591884662759549156886110218056361 +/- 1.67e-41],[0.01510714942281986933800502780545078078992 +/- 4.15e-42]
12,[0.4317509976028680040210514022304474629629 +/- 1.77e-41],[1.072860924995969684714315906510153916937 +/- 3.95e-40],[0.03120635011396583642100961517775083429608 +/- 6.68e-43],[0.02599061860583859340869065285196383658151 +/- 1.99e-42],[0.9645179052293897753690781108708923314947 +/- 3.65e-41],[0.4645179052293897753690781108708923314947 +/- 3.65e-41],[0.01251724581258946990399214599666574644071 +/- 3.76e-42]
13,[0.4057603789970294106123607493784836263814 +/- 9.61e-42],[1.040754823391780212602378672801537609760 +/- 6.51e-41],[0.02808122859707859747989842017896651616938 +/- 3.77e-42],[0.03034497232179442425808538044683749452501 +/- 2.99e-43],[1.331591479604834461277211734734498863616 +/- 4.89e-40],[0.8315914796048344612772117347344988636155 +/- 1.14e-41],[0.01895072236354159205151570611723105014649 +/- 3.76e-42]
14,[0.3754154066752349863542753689316461318564 +/- 6.98e-43],[0.9907427806367719765169032382711454093504 +/- 7.07e-43],[0.02547695440020664900620776365841239111162 +/- 2.24e-42],[0.01886292818892278838774945386663376639043 +/- 7.89e-43],[0.9860967201533621984535338747211403022809 +/- 4.00e-41],[0.4860967201533621984535338747211403022809 +/- 4.00e-41],[0.009298486991922791810412437294257284187696 +/- 4.48e-43]
15,[0.3565524784863121979665259150650123654660 +/- 3.00e-41],[0.9655620110683491758091272649981848890409 +/- 6.43e-42],[0.02327735109787036766898540664069832884384 +/- 1.46e-42],[0.01046257219671620886694124171019185478171 +/- 2.66e-42],[0.6303060203486349173558460951700783040518 +/- 2.52e-41],[0.1303060203486349173558460951700783040518 +/- 2.52e-41],[0.002162974970174448976549547634152420798294 +/- 4.57e-43]
16,[0.3460899062895959890995846733548205106843 +/- 3.73e-41],[0.9595649710595565713887862037004488334189 +/- 4.71e-41],[0.02139783152709587844095403507208877042296 +/- 3.87e-42],[0.009208903493632986357267694037893083118548 +/- 2.14e-43],[0.6217549176757562512451380522698635716245 +/- 2.10e-41],[0.1217549176757562512451380522698635716245 +/- 2.10e-41],[0.001803329985619811148974878211413992244799 +/- 3.75e-43]
17,[0.3368810027959630027423169793169274275657 +/- 1.46e-41],[0.9544557524805618181875626114190994034656 +/- 7.52e-42],[0.01977545403417341386663189495123638845782 +/- 4.27e-42],[0.01280869219614038511289887879440972370750 +/- 3.31e-42],[0.9613284805193780146006428705706402066230 +/- 2.85e-41],[0.4613284805193780146006428705706402066230 +/- 2.85e-41],[0.006146717410362573434113895264937362171046 +/- 3.56e-44]
18,[0.3240723105998226176294181005225177038582 +/- 1.13e-41],[0.9366894540738811856876158829010823078969 +/- 1.12e-41],[0.01836248659008786579656980375277207371336 +/- 2.74e-43],[0.01141680225320345147696425147162134848137 +/- 4.58e-42],[0.9592704490041651549779392006336501034754 +/- 1.08e-41],[0.4592704490041651549779392006336501034754 +/- 1.08e-41],[0.005466028795595418932648293740767236686520 +/- 2.11e-43]
19,[0.3126555083466191661524538490508963553768 +/- 3.67e-41],[0.9205950658268838423213301794092335600534 +/- 1.15e-41],[0.01712212230724432025354305113570075940193 +/- 1.55e-42],[0.01379798700968913405130602978854483024603 +/- 2.35e-42],[1.288730350640101740486277360428503480832 +/- 4.85e-40],[0.7887303506401017404862773604285034808315 +/- 1.56e-41],[0.008444661155744673265422482841662720621684 +/- 4.75e-43]
20,[0.2988575213369300321011478192623515251308 +/- 9.00e-42],[0.8952971218633917790493689177563886468791 +/- 2.15e-41],[0.01602555578664593939979280273909809467890 +/- 3.69e-42],[0.01238209718320621161836670303134534522263 +/- 2.73e-42],[1.292667774292437577176944613499085979213 +/- 4.99e-40],[0.7926677742924375771769446134990859792135 +/- 1.80e-42],[0.007592739302762510238995046536167833953628 +/- 3.68e-43]
21,[0.2864754241537238204827811162310061799082 +/- 2.38e-41],[0.8721808566923468183262539500511858447457 +/- 1.84e-41],[0.01504994393860569325263889315986106205013 +/- 4.07e-42],[0.008467711537463120817912542856045850387749 +/- 3.10e-43],[0.9820052415791521862598640920550358937128 +/- 1.06e-41],[0.4820052415791521862598640920550358937128 +/- 1.06e-41],[0.004156272464161289994254735444745954989188 +/- 3.25e-43]
22,[0.2780077126162606996648685733749603295204 +/- 2.76e-41],[0.8593336420579000915994804873763121983395 +/- 3.88e-41],[0.01417695569170786154043206809593870579421 +/- 3.31e-42],[0.005265926069686881087398286596507651051411 +/- 2.49e-43],[0.6680437964301644731875463297339962176903 +/- 4.91e-41],[0.1680437964301644731875463297339962176903 +/- 4.91e-41],[0.001324623045973100494440244291479822101476 +/- 1.58e-44]
23,[0.2727417865465738185774702867784526784690 +/- 1.64e-41],[0.8551802941589649828599480562710225962202 +/- 4.96e-42],[0.01339172232149898408703008853000780775684 +/- 2.08e-42],[0.007107761392766964586512969864326135931996 +/- 4.82e-43],[0.9730042291229379968945647204276807663748 +/- 4.33e-41],[0.4730042291229379968945647204276807663748 +/- 4.33e-41],[0.003455279121865700662839959137890987681795 +/- 4.33e-43]
24,[0.2656340251538068539909573169141265425370 +/- 1.99e-41],[0.8441992311107984068876652839957760049693 +/- 9.96e-42],[0.01268206564691777642755696721852542538298 +/- 2.60e-42],[0.006542839957992435965295608244683005076966 +/- 1.92e-44],[0.9710969755690107910954097063664038893669 +/- 2.36e-41],[0.4710969755690107910954097063664038893669 +/- 2.36e-41],[0.003174051812936849549534312037154465938159 +/- 3.76e-43]
25,[0.2590911851958144180256617086694435374601 +/- 4.62e-41],[0.8339823524632568972719477851637075244574 +/- 2.60e-42],[0.01203792235606945575219626010614112970919 +/- 3.04e-42],[0.006045709616446798471134484902159022975203 +/- 1.16e-43],[0.9691993460769088536347641920825519124359 +/- 3.25e-41],[0.4691993460769088536347641920825519124359 +/- 3.25e-41],[0.002926790045917572477601046616510793280200 +/- 3.30e-43]
26,[0.2530454755793676195545272237672845144849 +/- 4.91e-41],[0.8244465879471371199124620819475466729673 +/- 1.17e-41],[0.01145090898524995650695682613757021661288 +/- 2.60e-42],[0.003910244915700166271257513598054502717724 +/- 3.03e-43],[0.6747383968779312957678143728976132302882 +/- 8.82e-42],[0.1747383968779312957678143728976132302882 +/- 8.82e-42],[0.001012644205711537152705468533088987130112 +/- 2.35e-43]
27,[0.2491352306636674532832697101692300117671 +/- 2.67e-41],[0.8211090778418073641911564464580987361267 +/- 3.93e-41],[0.01091398924040309759178787928459008549224 +/- 4.39e-42],[0.003642961537862434393619078517038194490126 +/- 1.39e-43],[0.6698937452086747909596288418997167348274 +/- 1.76e-41],[0.1698937452086747909596288418997167348274 +/- 1.76e-41],[0.0009239023109938239380372280592882322587134 +/- 3.18e-44]
28,[0.2454922691258050188896506316521918172770 +/- 7.84e-43],[0.8180304463941524501724596515027156864046 +/- 2.51e-41],[0.01042121678136341835411502794009627342557 +/- 1.16e-42],[0.003403758735404131800957240929394895207509 +/- 8.39e-44],[0.6652310668471556242335766373454811695325 +/- 3.24e-41],[0.1652310668471556242335766373454811695325 +/- 3.24e-41],[0.0008454305806953079415767282306769070118163 +/- 3.63e-44]
29,[0.2420885103904008870886933907227969220695 +/- 8.14e-42],[0.8151836315252340965112753661822135715518 +/- 4.77e-41],[0.009967534333192317541545635561810576836599 +/- 4.64e-44],[0.004565556918905102366343109254682191776924 +/- 2.44e-43],[0.9460233315268619078131402741267737321333 +/- 3.69e-41],[0.4460233315268619078131402741267737321333 +/- 3.69e-41],[0.002152531379917396423498174517558661552632 +/- 3.57e-43]
30,[0.2375229534714957847223502814681147302926 +/- 3.24e-41],[0.8078624474319134215753766321109699424739 +/- 3.23e-41],[0.009548615318124637846063957476553368299091 +/- 2.53e-43],[0.005551390708148983097129435378693110045302 +/- 2.31e-43],[1.223843304532039333377265908568724033372 +/- 3.78e-40],[0.7238433045320393333772659085687240333716 +/- 2.26e-41],[0.003283375396224852821445734278371644774816 +/- 4.88e-43]
31,[0.2319715627633468016252208460894216202473 +/- 3.47e-41],[0.7965873783337559298322940140144032270598 +/- 3.54e-41],[0.009160737922624958238775280164889115290196 +/- 4.65e-43],[0.006366332630377198350253675892319325584638 +/- 1.02e-43],[1.497938983755346742077526629661967126128 +/- 2.31e-40],[0.9979389837553467420775266296619671261278 +/- 3.06e-41],[0.004241301938400431653657573476367648723763 +/- 1.45e-43]
32,[0.2256052301329696032749671701971022946626 +/- 2.75e-41],[0.7818881459312274796435689149427472674148 +/- 4.08e-41],[0.008800684147197341970186359499105496884537 +/- 1.20e-43],[0.005958456016462216966989480886997207297867 +/- 1.59e-43],[1.500507408540061520038758509584754513717 +/- 5.68e-42],[1.000507408540061520038758509584754513717 +/- 5.68e-42],[0.003972975644106183296815810769154557227277 +/- 3.06e-43]
33,[0.2196467741165073863079776893101050873648 +/- 3.94e-41],[0.7679966065500880500454721965884949945880 +/- 3.31e-42],[0.008465658273250606081106376998585460253792 +/- 1.60e-43],[0.004625106819761793078057721643504169624384 +/- 3.00e-43],[1.243673008378827364818700334413081096524 +/- 4.40e-40],[0.7436730083788273648187003344130810965244 +/- 3.99e-41],[0.002765652289269575240004987874026966867162 +/- 3.07e-43]
34,[0.2150216672967455932299199676666009177404 +/- 2.31e-41],[0.7582439194923935029669793655520657034590 +/- 1.47e-41],[0.008153220548850784477125427690098055904059 +/- 3.39e-43],[0.003465135825371888599771035670419963259521 +/- 3.60e-43],[0.9882773715462755711547721309478719798598 +/- 1.89e-42],[0.4882773715462755711547721309478719798598 +/- 1.89e-42],[0.001712016749119905718738703127256901354986 +/- 4.36e-43]
35,[0.2115565314713737046301489319961809544809 +/- 4.37e-41],[0.7521571040621726382964536372509633990932 +/- 4.83e-42],[0.007861232897190491970362495492854997415314 +/- 1.55e-43],[0.002438288442278689604998074326352272740673 +/- 4.26e-44],[0.7330574022037740811245038294674733906989 +/- 2.91e-41],[0.2330574022037740811245038294674733906989 +/- 2.91e-41],[0.0007751932774604110038557490593908745689173 +/- 1.35e-44]
36,[0.2091182430290950150251508576698286817402 +/- 1.67e-41],[0.7493791842714293935118308474408808405785 +/- 4.76e-41],[0.007587814193220072115709010663476084044790 +/- 2.24e-43],[0.002315782693691028508580843780130210668518 +/- 1.81e-43],[0.7297249566789111332627146128472099892397 +/- 1.76e-41],[0.2297249566789111332627146128472099892397 +/- 1.76e-41],[0.0007290323211736169474506918396094083180160 +/- 1.92e-44]
37,[0.2068024603354039865165700138896984710717 +/- 3.45e-41],[0.7467467084040069827724199250935365817949 +/- 4.73e-41],[0.007331303207995291565690999065453305847106 +/- 4.69e-43],[0.002964815751824827592289242461255818236784 +/- 2.89e-43],[0.9777567684224041602730020157463818843626 +/- 5.14e-42],[0.4777567684224041602730020157463818843626 +/- 5.14e-42],[0.001448684210946561305763752994313712918451 +/- 4.08e-43]
38,[0.2038376445835791589242807714284426528349 +/- 1.82e-41],[0.7414769947684536314827046386408358388485 +/- 3.59e-41],[0.007090227737999808541079901062436673555237 +/- 3.87e-43],[0.002110457064836461133211545188857086195491 +/- 2.11e-43],[0.7301329506230284056262122250983519055963 +/- 4.48e-41],[0.2301329506230284056262122250983519055963 +/- 4.48e-41],[0.0006652017431614217478232069046904756685808 +/- 4.20e-44]
39,[0.2017271875187426977910692262395855666394 +/- 9.39e-42],[0.7390399871752688629510157060623004530325 +/- 2.49e-41],[0.006863278754217567012159042903172006323696 +/- 4.91e-43],[0.001335431909111387211840137570930870443797 +/- 4.29e-43],[0.4822760348566653777929051606535292595662 +/- 3.96e-41],[-0.01772396514333462220709483934647074043376 +/- 4.59e-43],[-4.907801113406270416165040076942297880398e-5 +/- 4.40e-45]
40,[0.2003917556096313105792290886686546961956 +/- 5.97e-42],[0.7392210300421900818670852652813960849028 +/- 4.63e-41],[0.006649288648997597002243278906131342783285 +/- 1.41e-43],[0.001271802829657370484411612321505154848837 +/- 1.42e-43],[0.4772377119289883198304431365421075512930 +/- 1.45e-42],[-0.02276228807101168016955686345789244870700 +/- 1.45e-42],[-6.065979627045152315865392723233655756566e-5 +/- 1.57e-45]
41,[0.1991199527799739400948174763471495413468 +/- 4.29e-41],[0.7394462945671920047925886415874443003219 +/- 2.35e-42],[0.006447212846524405215328862412062386637886 +/- 3.73e-43],[0.001839845613302448755926188255765533242558 +/- 8.19e-44],[0.7165798590247416999299679742391785098133 +/- 4.70e-41],[0.2165798590247416999299679742391785098133 +/- 4.70e-41],[0.0005560768957400678160877914145240989254079 +/- 1.55e-46]
42,[0.1972801071666714913388912880913840081042 +/- 7.39e-43],[0.7373678628485550251232317831451874679955 +/- 3.64e-41],[0.006256114188663719063190544074404012869200 +/- 4.04e-43],[0.002356516386871330655976317694379628345843 +/- 1.62e-44],[0.9546683095298782462174787957489353954347 +/- 4.65e-41],[0.4546683095298782462174787957489353954347 +/- 4.65e-41],[0.001122309509284818090361167448282865985883 +/- 3.73e-43]
43,[0.1949235907798001606829149703970043797584 +/- 4.38e-41],[0.7331466321923889820508650846661843940210 +/- 2.19e-42],[0.006075149622164869311861603012698030024880 +/- 2.13e-43],[0.002819973350453040472911074900824879417924 +/- 3.15e-43],[1.190676074259420507919614698724020381382 +/- 3.69e-41],[0.6906760742594205079196146987240203813820 +/- 3.69e-41],[0.001635783371576117923225266398288101823538 +/- 1.13e-43]
44,[0.1921036174293471202100038954961795003404 +/- 3.20e-41],[0.7269565177143347733943804488149407380997 +/- 4.83e-41],[0.005903558803137949146892119997109331369093 +/- 1.66e-43],[0.002700511075986917563211173046691522447846 +/- 2.64e-43],[1.190601788970657755000504373252664724292 +/- 4.02e-40],[0.6906017889706577550005043732526647242924 +/- 1.19e-42],[0.001566416074197250611013436711574469275607 +/- 4.60e-43]
45,[0.1894031063533602026467927224494879778926 +/- 1.39e-41],[0.7209937004013148174562538889624477597141 +/- 4.28e-41],[0.005740654305971338746312367899433618664405 +/- 3.81e-43],[0.002588852557283556829505859825866968276203 +/- 1.05e-43],[1.190498434358173900427819371448912280220 +/- 2.94e-40],[0.6904984343581739004278193714489122802203 +/- 6.76e-42],[0.001501554799231792155092935806691602046820 +/- 1.04e-43]
46,[0.1868142537960766458172868626236210096164 +/- 1.68e-41],[0.7152447855378791060671304236401466251764 +/- 3.21e-41],[0.005585813180619755669385053562178995387558 +/- 1.74e-43],[0.002012735786748233256239670426814086470875 +/- 3.15e-43],[0.9644070063054241965488697707312395404985 +/- 4.16e-41],[0.4644070063054241965488697707312395404985 +/- 4.16e-41],[0.0009692262655664641028312208326364559608678 +/- 6.42e-45]
47,[0.1848015180093284125610471921968069231455 +/- 8.62e-42],[0.7115131213559939879631243105017164850830 +/- 1.06e-41],[0.005438469647664925821590761042603714000954 +/- 3.46e-43],[0.002387768766437191340875117106418637312166 +/- 1.72e-43],[1.187900398471043452337079836802246751250 +/- 2.75e-40],[0.6879003984710434523370798368022467512503 +/- 2.54e-41],[0.001382731319901055605113595899287006710884 +/- 1.65e-43]
48,[0.1824137492428912212201720750903882858333 +/- 4.25e-41],[0.7061602904725790191818712963138892203742 +/- 2.44e-41],[0.005298108757165840069370760409964673332872 +/- 2.82e-43],[0.002295753032554143816037356484075453333167 +/- 2.64e-43],[1.187727281843416762260305092128989441411 +/- 2.31e-40],[0.6877272818434167622603050921289894414112 +/- 3.05e-41],[0.001329305150262928208063717013653070519373 +/- 3.18e-43]
49,[0.1801179962103370774041347186063128325002 +/- 2.49e-41],[0.7009868737064027586221029349175880982096 +/- 2.48e-41],[0.005164260866944567078839029384612042118632 +/- 4.57e-43],[0.002209228433135829883432120798827437320063 +/- 3.61e-43],[1.187532077192516819481967222396263355473 +/- 4.07e-40],[0.6875320771925168194819672223962633554726 +/- 6.60e-42],[0.001279052113874316280398397546820337289865 +/- 1.05e-43]
50,[0.1779087677772012475207025978074853951801 +/- 1.26e-41],[0.6959831924117849325332151030231551874681 +/- 3.35e-41],[0.005036496820043022849001286641625112397202 +/- 2.71e-43],[0.002127758230306363458280988840603664477578 +/- 9.61e-44],[1.187316129391031264302591915491162363133 +/- 4.74e-40],[0.6873161293910312643025919154911623631325 +/- 2.67e-41],[0.001231721287138716764590853822839735898019 +/- 2.79e-43]
51,[0.1757810095468948840624216089668817307025 +/- 3.47e-41],[0.6911402790826407265468506214926158154667 +/- 3.81e-41],[0.004914423720760269958728873386717350591030 +/- 9.78e-44],[0.001683778766770880423110198466396682990937 +/- 3.80e-43],[0.9745642586912811823371598590253294238494 +/- 3.45e-41],[0.4745642586912811823371598590253294238494 +/- 3.45e-41],[0.0008199164037944327316536462783636823620869 +/- 1.65e-45]
52,[0.1740972307801240036393114105004850477116 +/- 1.99e-42],[0.6879005895423861010266431331484574435186 +/- 3.70e-41],[0.004797681224817681233060162947639710502494 +/- 2.59e-43],[0.001626265191301978941512865206411715125561 +/- 1.70e-43],[0.9735048489549238334890097966295899919604 +/- 2.56e-41],[0.4735048489549238334890097966295899919604 +/- 2.56e-41],[0.0007910021758954270985241816341962497317836 +/- 4.56e-44]
53,[0.1724709655888220246977985452940733325860 +/- 3.72e-41],[0.6847600799998263537115238713660927554298 +/- 3.01e-41],[0.004685938272491249399242931323303478614732 +/- 2.10e-43],[0.001910752414028175592537185020440414980372 +/- 2.10e-43],[1.182120811118740320531637351007266136281 +/- 3.78e-40],[0.6821208111187403205316373510072661362806 +/- 2.26e-41],[0.001102564115481993193376884482248313306244 +/- 2.91e-43]
54,[0.1705602131747938491052613602736329176057 +/- 3.47e-41],[0.6803619693328544325762165331498142392835 +/- 8.82e-42],[0.004578890204541870717303377568266542891980 +/- 1.55e-43],[0.001845921222054854203282142373620122928517 +/- 1.68e-43],[1.181803323871598825948197905652142990647 +/- 2.59e-40],[0.6818033238715988259481979056521429906467 +/- 4.13e-41],[0.001064944732664217322838164434145620491517 +/- 1.69e-43]
55,[0.1687142919527389949019792179000127946771 +/- 4.86e-41],[0.6760943809652105923560278412669896211418 +/- 3.12e-41],[0.004476256209898419676549962049938789222076 +/- 2.92e-44],[0.001477776860627539394602551851668499346581 +/- 3.23e-43],[0.9783901148318824512511908160266188505540 +/- 2.25e-41],[0.4783901148318824512511908160266188505540 +/- 2.25e-41],[0.0007225684635754764945106123981859016048299 +/- 1.86e-44]
56,[0.1672365150921114555073766660483442953306 +/- 3.28e-41],[0.6731857887786851489542487795192112068090 +/- 3.62e-41],[0.004377777061649968817377706427884348335072 +/- 2.53e-43],[0.001431199626315871838648722438653121870102 +/- 3.80e-43],[0.9774295577961897708025656773696491383615 +/- 3.90e-41],[0.4774295577961897708025656773696491383615 +/- 3.90e-41],[0.0006990754466753474867364181182444766231388 +/- 3.86e-45]
57,[0.1658053154657955836687279436096911734605 +/- 3.52e-41],[0.6703593909076923808404679177616405208555 +/- 3.66e-41],[0.004283213104258974621905531944397936816677 +/- 4.88e-43],[0.001103592150062268185005767436866135688067 +/- 5.84e-44],[0.7769811365479807004532346048271344901556 +/- 2.74e-41],[0.2769811365479807004532346048271344901556 +/- 2.74e-41],[0.0003934126501033793083678616543367956039487 +/- 1.08e-44]
58,[0.1647017233157333154837221761728250377724 +/- 2.09e-42],[0.6687619612623195702711472646150546885350 +/- 1.70e-41],[0.004192342460238942778400934879749558341188 +/- 1.75e-43],[0.0007957175671067232334727227423384104465536 +/- 1.77e-44],[0.5762010633951252741599616136542249344752 +/- 3.52e-41],[0.07620106339512527415996161365422493447516 +/- 4.83e-42],[0.0001052315391756481815572554691845061858352 +/- 4.02e-44]
59,[0.1639060057486265922502494534304866273258 +/- 4.44e-41],[0.6683328757210510332052030439377085372563 +/- 3.71e-41],[0.004104959429027536719082348008921873315045 +/- 3.62e-44],[0.001039016470630676409998094890908497769851 +/- 2.33e-43],[0.7721269306067664873616313934475987900146 +/- 4.26e-41],[0.2721269306067664873616313934475987900146 +/- 4.26e-41],[0.0003661889668586100427040854211164660745892 +/- 1.45e-45]
60,[0.1628669892779959158402513585395781295560 +/- 6.47e-42],[0.6668335719158477541336623248801384149853 +/- 1.46e-41],[0.004020873054574875516239168747192429732005 +/- 2.71e-43],[0.001008873100847859147694791150088544155369 +/- 4.94e-44],[0.7702879729916642811620284391326409190432 +/- 3.40e-41],[0.2702879729916642811620284391326409190432 +/- 3.40e-41],[0.0003540056121802302100311656306006834194376 +/- 7.38e-45]
61,[0.1618581161771480566925565673894895854006 +/- 2.45e-41],[0.6653782994969653725510300198056754444008 +/- 2.41e-41],[0.003939905841375371185714703682570731475358 +/- 3.50e-43],[0.001230007057680195267561338290303494449430 +/- 1.53e-43],[0.9644001814178304194266627024993460722762 +/- 3.49e-41],[0.4644001814178304194266627024993460722762 +/- 3.49e-41],[0.0005923013202798361752895712015758331686989 +/- 1.20e-44]
62,[0.1606281091194678614249952290991860909512 +/- 5.37e-42],[0.6629337923517308550620604012471506386701 +/- 4.50e-41],[0.003861892601396683463500013049174474893227 +/- 4.66e-43],[0.0009554780733266729246444730990209578181419 +/- 1.06e-44],[0.7701387763099274983067012237897503357254 +/- 2.52e-41],[0.2701387763099274983067012237897503357254 +/- 2.52e-41],[0.0003351495671418608508890221646912845333014 +/- 1.49e-44]
63,[0.1596726310461411885003507560001651331331 +/- 4.73e-41],[0.6615452225415703207916120043888046788023 +/- 4.37e-41],[0.003786679416680588275092132478756028973224 +/- 9.32e-44],[0.0009291741340569785937370824692681001864744 +/- 2.12e-45],[0.7683836150501356878151863802760740710438 +/- 7.08e-42],[0.2683836150501356878151863802760740710438 +/- 7.08e-42],[0.0003245450686673218884699126405665549709813 +/- 3.68e-44]
64,[0.1587434569120842099066136735308970329466 +/- 2.17e-41],[0.6601954775457019927073722752155706812912 +/- 1.92e-41],[0.003714122704373058977747189545015308899871 +/- 7.18e-44],[0.0009040270909269592813854311144900745118142 +/- 3.65e-44],[0.7666539336774639707250911889340598160378 +/- 1.16e-42],[0.2666539336774639707250911889340598160378 +/- 1.16e-42],[0.0003144344134391209136516983842422139401906 +/- 4.68e-44]
65,[0.1578394298211572506252282424164069584348 +/- 3.59e-41],[0.6588829065330246247293301000632425426146 +/- 3.69e-41],[0.003644088372638543588935340046616768829959 +/- 1.97e-43],[0.0006614963414602683510773902602057643005989 +/- 3.65e-44],[0.5750333685162556556019338523955858673837 +/- 1.61e-41],[0.07503336851625565560193385239558586738372 +/- 4.01e-42],[8.631551050509181849699680339680460109009e-5 +/- 5.38e-46]
66,[0.1571779334796969822741508521562011941342 +/- 3.48e-41],[0.6585212743451265350424225432375415152577 +/- 7.30e-42],[0.003576451057370917847383290413595223013037 +/- 1.97e-43],[0.0008567328407882639211948937321884216477272 +/- 2.73e-44],[0.7620291037633267598546355672910296206456 +/- 2.89e-41],[0.2620291037633267598546355672910296206456 +/- 2.89e-41],[0.0002945936543994258601583534352079244534269 +/- 2.34e-44]
67,[0.1563212006389087183529559584240127724864 +/- 3.82e-41],[0.6572825985807538561301126378788011561379 +/- 3.31e-41],[0.003511093430867976656447696308605869596418 +/- 1.85e-43],[0.001041516019363168085112975631980207282189 +/- 3.67e-43],[0.9488022156084044805806005925485959487042 +/- 7.45e-42],[0.4488022156084044805806005925485959487042 +/- 7.45e-42],[0.0004926576786945007286717420679501814048697 +/- 3.25e-44]
68,[0.1552796846195455502678429827920325652042 +/- 4.88e-41],[0.6552038257094882356467808339707637294218 +/- 3.86e-41],[0.003447905574718483549168658646339660589325 +/- 2.47e-43],[0.001015003563536112729225811597609163985917 +/- 2.73e-43],[0.9479110095308561994152709965635475398521 +/- 3.43e-41],[0.4479110095308561994152709965635475398521 +/- 3.43e-41],[0.0004796138732958536581911775211481491278767 +/- 1.89e-45]
69,[0.1542646810560094375386171711944234012183 +/- 3.21e-41],[0.6531730894888711758707411874178548689448 +/- 1.48e-41],[0.003386784410086539215779485674502114643083 +/- 1.65e-44],[0.0007964043773445321125891211616787061906033 +/- 4.68e-44],[0.7621660246673703581872015304947804788909 +/- 3.72e-41],[0.2621660246673703581872015304947804788909 +/- 3.72e-41],[0.0002739431605170670681994042165971513707983 +/- 3.55e-44]
70,[0.1534682766786649054260280500327446950277 +/- 2.87e-41],[0.6520092432748224526142207526492091145806 +/- 2.05e-41],[0.003327633179388983152410909084622292614773 +/- 1.44e-43],[0.0009651457399194046823781734622881919613814 +/- 3.84e-44],[0.9449500233546152088345743584220053270871 +/- 5.00e-42],[0.4449500233546152088345743584220053270871 +/- 5.00e-42],[0.0004544596104598308476020887176615694502182 +/- 2.52e-44]
71,[0.1525031309387455007436498765704565030663 +/- 4.73e-41],[0.6500720274383872967530401076756968417006 +/- 1.48e-41],[0.003270360974065879153582213251311164282779 +/- 1.53e-43],[0.001123949093262821244887780035816434534230 +/- 2.46e-43],[1.126787950216966075481000729949447362521 +/- 3.63e-41],[0.6267879502169660754810007299494473625210 +/- 3.62e-41],[0.0006252088054178891975527775089899648740303 +/- 3.21e-44]
72,[0.1513791818454826794987620965346400685321 +/- 1.75e-41],[0.6473982181229461084635327481098963686714 +/- 4.28e-41],[0.003214882303757164927589220726936788598740 +/- 1.90e-43],[0.001096260538327328948123140594201571456734 +/- 2.55e-43],[1.126296031271177600314174562683195002511 +/- 4.58e-40],[0.6262960312711776003141745626831950025105 +/- 4.29e-41],[0.0006095942854550487940489990497726432586480 +/- 2.15e-44]
73,[0.1502829213071553505506389559404384970754 +/- 1.63e-41],[0.6447827785656453869996827835177659537341 +/- 1.58e-41],[0.003161116702733199178020705308149327565572 +/- 1.52e-43],[0.001239470698762690297904400164996130359724 +/- 2.20e-43],[1.304536127002675765051302795834665394170 +/- 2.78e-40],[0.8045361270026757650513027958346653941703 +/- 2.25e-41],[0.0007644088460831025327971538218636919826219 +/- 2.32e-44]
74,[0.1490434506083926602527345557754423667157 +/- 4.01e-41],[0.6414927131342826264452345525300820441001 +/- 9.96e-43],[0.003108988369894164868767979520760418141360 +/- 3.71e-43],[0.001045242869827236610973824326207871652822 +/- 2.22e-43],[1.127860076375434148042360942627197203823 +/- 3.75e-40],[0.6278600763754341480423609426271972038226 +/- 2.54e-41],[0.0005818685152768484390091237313398718712830 +/- 1.63e-44]
75,[0.1479982077385654236417607314492344950628 +/- 3.82e-41],[0.6389805027359338122459125438869100751418 +/- 4.09e-41],[0.003058425839062378261476202877732078546385 +/- 2.11e-43],[0.001020577519516671363920940351260901720481 +/- 4.07e-43],[1.127357327244298323131941379223899433375 +/- 2.35e-40],[0.6273573272442983231319413792238994333752 +/- 3.45e-41],[0.0005679359768341212445626722245552268712247 +/- 3.29e-44]
76,[0.1469776302190487522778397910979735933424 +/- 4.25e-41],[0.6365209234659101980015217393331170798311 +/- 4.27e-41],[0.003009361676650416166084795437179530346195 +/- 3.18e-43],[0.0009968336907760459901112162595675142635987 +/- 4e-47],[1.126852532959511012184091895226618723201 +/- 3.67e-40],[0.6268525329595110121840918952266187232014 +/- 3.36e-41],[0.0005545248430699445630833650261357546573362 +/- 1.14e-44]
77,[0.1459807965282727062877285748384060790788 +/- 4.12e-41],[0.6341121754460304096237399006404620301337 +/- 3.36e-41],[0.002961732204103350753491228778430848925907 +/- 2.37e-43],[0.0008255973169145815961587245038620373879833 +/- 1.88e-44],[0.9547655945254188686650881576100870651766 +/- 3.70e-41],[0.4547655945254188686650881576100870651766 +/- 3.70e-41],[0.0003932412906561377001356787554149757113294 +/- 2.13e-44]
78,[0.1451551992113581246915698503345440416908 +/- 2.44e-41],[0.6323989376440100072298564679179597426786 +/- 4.30e-41],[0.002915477242791034176833849814736000097099 +/- 4.39e-43],[0.0009521306149210087061914432373591939151875 +/- 4.50e-44],[1.124926848410766174044201639123277364662 +/- 2.27e-40],[0.6249268484107661740442016391232773646622 +/- 2.62e-41],[0.0005289339349474950222200629094788253048101 +/- 4.22e-44]
79,[0.1442030685964371159853784070971848477756 +/- 1.20e-41],[0.6300877883978567438556183670642104541277 +/- 6.04e-42],[0.002870539879271239056283321526118132928323 +/- 4.57e-43],[0.001071242035127050940665121991991242527221 +/- 3.45e-43],[1.293956043610300252829770108630891128925 +/- 4.15e-40],[0.7939560436103002528297701086308911289246 +/- 1.50e-41],[0.0006573013760076921376740882117443798714721 +/- 4.84e-44]
80,[0.1431318265613100650447132851051936052484 +/- 3.26e-41],[0.6272074762611832450084469698319856849672 +/- 1.40e-41],[0.002826866249060771101212783737579046623431 +/- 2.69e-43],[0.001046699134195023181835922261898327236659 +/- 3.55e-43],[1.293452233465278940406594594083840758585 +/- 3.24e-40],[0.7934522334652789404065945940838407585853 +/- 2.40e-41],[0.0006420846045224357510182996186751607626751 +/- 4.18e-44]
81,[0.1420851274271150418628773628432952780117 +/- 8.06e-42],[0.6243858681136114400695016294009408396642 +/- 4.72e-41],[0.002784405337243069418532324372361492079315 +/- 9.80e-44],[0.001023031171063309879305276349562211246032 +/- 2.83e-43],[1.292938275378406857582203664130531000226 +/- 2.54e-40],[0.7929382753784068575822036641305310002263 +/- 4.65e-41],[0.0006274085839123891289235021313606575042931 +/- 1.11e-45]
82,[0.1410620962560517319835720864937330667657 +/- 2.43e-41],[0.6216210546309859056617209164104039410071 +/- 3.75e-41],[0.002743108794410437403220429922524912447313 +/- 4.54e-43],[0.0008735326876790675926036496240957509202736 +/- 4.17e-44],[1.128744895715459257674754600014754626777 +/- 4.78e-40],[0.6287448957154592576747546000147546267765 +/- 2.29e-41],[0.0004865840108811204504004177672439505276184 +/- 4.11e-44]
83,[0.1401885635683726643909684368696373158454 +/- 2.22e-42],[0.6194709174445998689531691538385686218959 +/- 9.66e-42],[0.002702930766589612794642325992950487649895 +/- 1.15e-44],[0.0009783047933331643213671218718674203917669 +/- 1.40e-44],[1.290912119783742010809362311270569610983 +/- 3.20e-41],[0.7909121197837420108093623112705696109830 +/- 3.20e-41],[0.0005993848117402061314889390563384082212693 +/- 2.90e-44]
84,[0.1392102587750395000696013149977698954536 +/- 3.54e-41],[0.6168151531517698266412198070353318602604 +/- 2.24e-41],[0.002663827737933234015349960796869227034307 +/- 4.27e-43],[0.0009570219976621453635216333849899246501839 +/- 1.68e-44],[1.290370860428590627113971311869154411981 +/- 4.57e-40],[0.7903708604285906271139713118691544119815 +/- 4.37e-41],[0.0005861898489323317511910787440403601661304 +/- 6.41e-45]
85,[0.1382532367773773547060796816127799708035 +/- 4.87e-41],[0.6142109160828687341991843512841874491897 +/- 4.36e-41],[0.002625758385078923128597968739457150725510 +/- 1.41e-43],[0.0008216093760427628516669717847941559595714 +/- 3.40e-44],[1.131632266826974999796474148026530984834 +/- 3.27e-40],[0.6316322668269749997964741480265309848343 +/- 2.64e-41],[0.0004585897803102625062530974761298599709664 +/- 9.05e-45]
86,[0.1374316274013345918544127098279858148439 +/- 2.00e-41],[0.6121681979348542263078726714142446100096 +/- 9.87e-42],[0.002588683442183947693711872708781996638114 +/- 2.48e-43],[0.0006931807463143516054319101941216700676003 +/- 1.02e-45],[0.9742061357879318587002628112689102165696 +/- 2.98e-41],[0.4742061357879318587002628112689102165696 +/- 2.98e-41],[0.0003374137680281230278930190293923905813445 +/- 1.15e-44]
87,[0.1367384466550202402489807996338641447763 +/- 2.03e-41],[0.6106613390488715972663270593034944198886 +/- 2.33e-41],[0.002552565575738278678401797692648993420142 +/- 4.57e-43],[0.0005705861053234291026598064337019493934598 +/- 2.85e-44],[0.8173793206045994683117598710362998164796 +/- 1.67e-41],[0.3173793206045994683117598710362998164796 +/- 1.67e-41],[0.0002215522535118994567888455583239206327711 +/- 2.59e-44]
88,[0.1361678605496968111463209932001621953828 +/- 1.99e-41],[0.6096693749878921613197946961753839419595 +/- 4.82e-41],[0.002517369268343666017082131138663706191555 +/- 2.19e-43],[0.0005595865964250664873239257871021142381767 +/- 1.82e-45],[0.8162360420550003403164671400920361137789 +/- 9.59e-42],[0.3162360420550003403164671400920361137789 +/- 9.59e-42],[0.0002168018089411538819368681124761842581759 +/- 1.23e-44]
89,[0.1356082739532717446589970674130600811446 +/- 4.32e-41],[0.6086962305032551793831621514649857947342 +/- 3.69e-41],[0.002483060710722273788782310760931311182563 +/- 3.21e-43],[0.0006534352775830417443097722028066208377687 +/- 4.45e-44],[0.9702844143055863339716090101698767979369 +/- 4.13e-42],[0.4702844143055863339716090101698767979369 +/- 4.13e-42],[0.0003167117004808099973754051067148417042162 +/- 4.67e-44]
90,[0.1349548386756887029146872952102534603069 +/- 2.55e-41],[0.6072710881307248880966213063137137641927 +/- 2.30e-42],[0.002449607701286472855429545956366122295776 +/- 1.91e-43],[0.0006410700838478859647139955313141212516009 +/- 1.16e-44],[0.9695953316512495706630219271541064263579 +/- 1.31e-41],[0.4695953316512495706630219271541064263579 +/- 1.31e-41],[0.0003104836717020453785860181198998222169663 +/- 1.75e-45]
91,[0.1343137685918408169499732996789393390553 +/- 2.64e-41],[0.6058705399086094600024848476613140886434 +/- 5.70e-42],[0.002416979552662472714437535659464938377011 +/- 2.51e-43],[0.0005302557277709793046024393260532814427892 +/- 4.60e-44],[0.8166986950323307468946128800529675093681 +/- 1.28e-41],[0.3166986950323307468946128800529675093681 +/- 1.28e-41],[0.0002056220954434610091300070462064386817317 +/- 3.97e-44]
92,[0.1337835128640698376453708603528860576125 +/- 1.56e-41],[0.6049407602662443304908262658733917162809 +/- 8.81e-42],[0.002385147004615368901587539969069941028409 +/- 2.11e-43],[0.0005205094327333930023696636627352123346544 +/- 1.86e-44],[0.8156068450357864265786923369799387749476 +/- 4.54e-41],[0.3156068450357864265786923369799387749476 +/- 4.54e-41],[0.0002014160877587351565013557613063198274160 +/- 2.2e-47]
93,[0.1332630034313364446430011966901508452778 +/- 3.01e-41],[0.6040278218089561758028252646048358214504 +/- 1.96e-41],[0.002354082142872574796343669008120338732408 +/- 3.15e-43],[0.0004165886027270334520783571524555752002617 +/- 4.82e-44],[0.6639665161923024184670502682720959135883 +/- 2.51e-41],[0.1639665161923024184670502682720959135883 +/- 2.51e-41],[0.0001028765460437576664712524076425448331228 +/- 3.23e-44]
94,[0.1328464148286094111909228395376952700776 +/- 3.16e-41],[0.6035604233340976117848105858088725640168 +/- 2.62e-41],[0.002323758323387101552773540961632582231546 +/- 1.42e-43],[0.0003159692852704871688984689581439309236014 +/- 6.37e-45],[0.5117691178419845609181276859131048100573 +/- 7.22e-42],[0.01176911784198456091812768591310481005731 +/- 2.79e-42],[7.266323080370377666880007167642212252203e-6 +/- 2.36e-46]
95,[0.1325304455433389240220243705795513391540 +/- 3.30e-41],[0.6035273333933350094625052084648835081422 +/- 2.19e-41],[0.002294150101622279437875684388983351977703 +/- 4.79e-43],[0.0002179457763449823268627708747490503998471 +/- 4.96e-44],[0.3584107060186427505090905209966526035121 +/- 4.23e-41],[-0.1415892939813572494909094790033473964879 +/- 4.23e-41],[-8.609895876631463671371060820840998322178e-5 +/- 4.69e-45]
96,[0.1323124997669939416951615997048022887541 +/- 1.99e-41],[0.6039203190200673014793326539670523462040 +/- 2.30e-41],[0.002265233166475747611967021662707715413603 +/- 1.20e-43],[0.0002126795826636474736761564286864793558420 +/- 4.56e-44],[0.3547986979999973846627614434598728203480 +/- 2.58e-41],[-0.1452013020000026153372385565401271796520 +/- 2.58e-41],[-8.703908014786183097032836662909370917453e-5 +/- 1.67e-45]
97,[0.1320998201843302942214854432761158093983 +/- 2.21e-41],[0.6043184976555785608384990697464616804737 +/- 4.11e-41],[0.002236984278493292001799717637290233387965 +/- 4.02e-43],[0.0002974090317915955884396436306636930109664 +/- 4.46e-45],[0.5032212812372235037987353475075996852323 +/- 2.01e-41],[0.003221281237223503798735347507599685232320 +/- 9.71e-44],[1.903810847457873570955408483448535245231e-6 +/- 4.46e-46]
98,[0.1318024111525386986330457996454521163873 +/- 1.16e-41],[0.6043097687447574262271066151561944356059 +/- 5.55e-42],[0.002209381212052749128790867527366177714473 +/- 1.29e-44],[0.0002916378453714106155261697413957786073063 +/- 3.83e-44],[0.5007487496837444359577992296403639407211 +/- 1.95e-41],[0.0007487496837444359577992296403639407210806 +/- 3.75e-44],[4.360744677398863025561309753438761616338e-7 +/- 1.19e-47]
99,[0.1315107733071672880175196299040563377800 +/- 5.17e-42],[0.6043077649303145777996902810476002971775 +/- 1.63e-41],[0.002182402701225042329872111123372569946520 +/- 4.06e-44],[0.0002860373591903102559785193496799090509315 +/- 4.32e-45],[0.4983064884132114129715767359009881548086 +/- 2.89e-41],[-0.001693511586788587028423264099011845191429 +/- 1.58e-43],[-9.721077154458268780883930758093310922668e-7 +/- 7.22e-48]
100,[0.1312247359479769777615411105543764287291 +/- 2.64e-41],[0.6043122416517833179168543585462612578121 +/- 3.43e-41],[0.002156028389043763725098280463180630675710 +/- 2.41e-43],[0.0002806008166925414333251523133272956778914 +/- 1.54e-45],[0.4958938844825142105254394831185448114212 +/- 1.72e-42],[-0.004106115517485789474560516881455188578802 +/- 2.84e-43],[-2.323439356068641117273700009337765391276e-6 +/- 3.88e-46]
101,[0.1309441351312844363282159582410491330512 +/- 1.78e-41],[0.6043229646044251467468957786014020603071 +/- 2.61e-41],[0.002130238779936816224679686385070041490148 +/- 2.46e-43],[0.0003596412461523726505819484149305896788447 +/- 3.94e-44],[0.6446517412755435568046837972177564027417 +/- 4.95e-41],[0.1446517412755435568046837972177564027417 +/- 4.95e-41],[8.069897149042369791878983303438874603339e-5 +/- 1.66e-45]
102,[0.1305844938851320636776340098261185433723 +/- 3.77e-41],[0.6039497340552219346703042757132980386642 +/- 4.95e-41],[0.002105015195093712115834587056455157332727 +/- 2.00e-43],[0.0004362471998680283124473315672879952655604 +/- 3.65e-44],[0.7935162253844981606829694198381536604387 +/- 7.38e-42],[0.2935162253844981606829694198381536604387 +/- 7.38e-42],[0.0001613648559962033846070399738434118015054 +/- 1.91e-44]
103,[0.1301482466852640353651866782588305481068 +/- 2.28e-41],[0.6032018516794548300826406618744634254202 +/- 3.21e-41],[0.002080339730560390620172094229860140102312 +/- 1.91e-43],[0.0005102204221171547254152030246865565078183 +/- 3.79e-44],[0.9422263749017935369857480523932903178046 +/- 3.62e-41],[0.4422263749017935369857480523932903178046 +/- 3.62e-41],[0.0002394678536750252904306142991150371601617 +/- 1.07e-44]
104,[0.1296380262631468806397714752341439915990 +/- 4.11e-41],[0.6020896693592096247116804028061139425200 +/- 4.10e-41],[0.002056195217870046527966687137660895894324 +/- 2.91e-43],[0.0005019679547417909475911494325331771682915 +/- 2.12e-45],[0.9415626927936930220904023782422595224973 +/- 2.12e-41],[0.4415626927936930220904023782422595224973 +/- 2.12e-41],[0.0002354068650853968336084762810518501216135 +/- 3.72e-44]
105,[0.1291360583084050896921803258016108144307 +/- 3.26e-41],[0.6009940951429473064010823526506342974503 +/- 2.58e-42],[0.002032565187033616415818924905869754701768 +/- 4.18e-44],[0.0005714782198506278419727420982110583583567 +/- 2.29e-44],[1.088623433518228424756313114536594869638 +/- 4.72e-41],[0.5886234335182284247563131145365948696380 +/- 4.72e-41],[0.0003090007633422204557374915439825799996760 +/- 9.37e-45]
106,[0.1285645800885544618502075837033997560723 +/- 1.08e-41],[0.5995530889030667245941234900869200119658 +/- 1.65e-41],[0.002009433831727391675946836486771609201107 +/- 3.36e-43],[0.0004865811756332168559109635699014161734150 +/- 1.75e-44],[0.9417383623381299305468428122942469238877 +/- 4.30e-41],[0.4417383623381299305468428122942469238877 +/- 4.30e-41],[0.0002282391588414497390051426831667802520278 +/- 1.15e-46]
107,[0.1280779989129212449942966201334983398989 +/- 4.26e-42],[0.5984865663804790671428798159900687153747 +/- 2.35e-41],[0.001986785976527847063629515249328250841148 +/- 3.91e-43],[0.0005531083511330039405546595267576387923580 +/- 4.51e-44],[1.086812439354733947408096286990187458721 +/- 3.73e-40],[0.5868124393547339474080962869901874587206 +/- 2.71e-41],[0.0002986447789910631701658010765525310624035 +/- 1.03e-44]
108,[0.1275248905617882410537419606067407011065 +/- 3.78e-41],[0.5970882723349473991571485486746267225509 +/- 1.39e-41],[0.001964607046055304672201249697784218227389 +/- 4.36e-43],[0.0005443237969424503405042639650833573633574 +/- 1.61e-44],[1.086317232479626774523758595581046747087 +/- 1.86e-40],[0.5863172324796267745237585955810467470872 +/- 1.41e-41],[0.0002937874983973295415001161045190406264499 +/- 1.87e-44]
109,[0.1269805667648457907132376966416573437432 +/- 1.96e-41],[0.5957100129765156892636685888670798936261 +/- 2.94e-43],[0.001942883035898599196831517762407692540719 +/- 2.61e-43],[0.0006066040890930997587534250559588978145788 +/- 2.26e-44],[1.229394937508378000390727853343432203981 +/- 3.94e-40],[0.7293949375083780003907278533434322039806 +/- 6.88e-42],[0.0003598957000368914022774136398868804443227 +/- 8.55e-45]
110,[0.1263739626757526909544842715856984459286 +/- 1.59e-42],[0.5940183303047591642585008685494372713144 +/- 8.26e-43],[0.001921600485202563468299906563169736913655 +/- 8.57e-44],[0.0006658688315324681086141026422880734239014 +/- 2.17e-45],[1.371001681539506673202776032838453187618 +/- 4.10e-40],[0.8710016815395066732027760328384531876184 +/- 9.36e-42],[0.0004230285635377710917535071476738254075643 +/- 3.67e-45]
111,[0.1257080938442202228458701689434103725047 +/- 1.84e-43],[0.5920260645087602576368672073082457992859 +/- 1.58e-41],[0.001900746450808996517848060043866649911120 +/- 4.47e-43],[0.0005876449523207586829400263166617898845302 +/- 2.14e-45],[1.229695503764942962232218525900521032594 +/- 2.64e-40],[0.7296955037649429622322185259005210325943 +/- 3.63e-41],[0.0003487057391083928311622383834385072277439 +/- 3.84e-44]
112,[0.1251204488918994641629301426267485826202 +/- 3.01e-41],[0.5903806968723631843557587328989580309727 +/- 1.79e-41],[0.001880308482849884475897926550916174455602 +/- 1.20e-43],[0.0005783578257224188200780175083094931666819 +/- 2.39e-45],[1.229162272066497299808346119679691888367 +/- 2.53e-40],[0.7291622720664972998083461196796918883673 +/- 4.79e-41],[0.0003430927842929948293905996501794680800208 +/- 3.75e-44]
113,[0.1245420910661770453428521251184390894535 +/- 1.20e-41],[0.5887587642232083799475209252188260285887 +/- 1.35e-41],[0.001860274601699084538258662724751640630843 +/- 2.07e-43],[0.0006335931268089347825233373424876153237288 +/- 2.86e-44],[1.367373792352529194241966076108594737911 +/- 9.93e-41],[0.8673737923525291942419660761085947379111 +/- 7.41e-43],[0.0004019106379560311646760374934397518246521 +/- 2.02e-44]
114,[0.1239084979393681105603287877759514741298 +/- 4.08e-41],[0.5868552356833277833308131145311828858052 +/- 3.39e-41],[0.001840633276195514514225336189341316743399 +/- 2.99e-43],[0.0006859166214453600894657366919091370615875 +/- 4.12e-44],[1.503740753127659263128412977206495898654 +/- 1.04e-40],[1.003740753127659263128412977206495898654 +/- 1.04e-40],[0.0004578465169347558049721418932720141870229 +/- 4.39e-44]
115,[0.1232225813179227504708630510840423370682 +/- 2.83e-41],[0.5846827850352648516547431446445360511013 +/- 4.75e-41],[0.001821373403057169610551692317397657483326 +/- 3.64e-43],[0.0006137622352312345543735968996577032841264 +/- 3.88e-44],[1.367353713283331242342042849850895098995 +/- 3.51e-40],[0.8673537132833312423420428498508950989954 +/- 4.97e-41],[0.0003893279029627207824722413308602455992605 +/- 9.54e-45]
116,[0.1226088190826915159164894541843846337840 +/- 4.54e-41],[0.5828320797346172515799277961502890427160 +/- 1.12e-41],[0.001802484287411063292935015480648759149308 +/- 7.65e-44],[0.0006040405980200954151794248574259100766999 +/- 3.32e-44],[1.366604782126115006227144525028586988158 +/- 4.43e-40],[0.8666047821261150062271445250285869881584 +/- 4.30e-41],[0.0003830401281255182191567374733978682608073 +/- 1.31e-44]
117,[0.1220047784846714205013100293269587237073 +/- 4.55e-41],[0.5810079760204763158304425680538860480452 +/- 5.23e-42],[0.001783955624369504732445405450151907696434 +/- 2.37e-43],[0.0005945577269967367988185007751842186556139 +/- 3.01e-44],[1.365850431160984389197425121484408618151 +/- 1.90e-40],[0.8658504311609843891974251214844086181512 +/- 1.02e-41],[0.0003769066162190516773920803763767409806009 +/- 2.43e-44]
118,[0.1214102207576746837024915285517745050517 +/- 3.16e-41],[0.5792098734216207048482501605835161970172 +/- 2.65e-41],[0.001765777481588021656173146549121800444572 +/- 7.19e-44],[0.0005290553146175555263468704255238393650950 +/- 2.12e-44],[1.233899712118956923766475691077042629982 +/- 1.76e-40],[0.7338997121189569237664756910770426299818 +/- 2.49e-41],[0.0003146718807690229728549379778415247659281 +/- 3.60e-44]
119,[0.1208811654430571281761446581262506656866 +/- 3.66e-41],[0.5777060176436158770905717896798959117498 +/- 6.16e-42],[0.001747940282744750726404249771611836479560 +/- 1.99e-43],[0.0004661328242042409032483688020285750941895 +/- 4.45e-44],[1.103048125448729087604838262444216189453 +/- 3.56e-41],[0.6030481254487290876048382624442161894530 +/- 3.56e-41],[0.0002548397657011886359097392712393956596711 +/- 2.79e-44]
120,[0.1204150326188528872728962893242220905924 +/- 4.70e-41],[0.5764859743695889252386280310395948020555 +/- 6.75e-42],[0.001730434791885280789624052843729929508256 +/- 4.69e-43],[0.0004594844244335015266728065196425658680190 +/- 4.32e-44],[1.102566651568000977031346352022997765414 +/- 3.33e-40],[0.6025666515680009770313463520229977654137 +/- 3.25e-41],[0.0002511140625238375328655615054076250328715 +/- 3.69e-44]
121,[0.1199555481944193857462234828045795247244 +/- 2.80e-41],[0.5752816839226707162824815597735273452537 +/- 5.13e-42],[0.001713252098580777305115726889896951167616 +/- 3.21e-43],[0.0004529883953088033188709086973749764682789 +/- 4.30e-44],[1.102085956715143488047707635354396983132 +/- 4.10e-40],[0.6020859567151434880477076353543969831324 +/- 9.50e-42],[0.0002474743006283067343352854304712925935774 +/- 4.85e-44]
122,[0.1195025597991105824273525741072045482561 +/- 4.91e-41],[0.5740928121744216861547340323607105402956 +/- 3.82e-41],[0.001696383603850766054169124474121174360788 +/- 1.83e-43],[0.0003947013702958521524650955059880500915688 +/- 1.12e-44],[0.9735031567223517794495782765395045699022 +/- 3.52e-41],[0.4735031567223517794495782765395045699022 +/- 3.52e-41],[0.0001919791872344452651881555100692266713831 +/- 1.84e-44]
123,[0.1191078584288147302748874786012164981646 +/- 1.98e-41],[0.5731689729330549765244394760004838443876 +/- 4.05e-41],[0.001679821006805235425349771220102573290798 +/- 3.69e-43],[0.0003382674427277384112182209312853325426070 +/- 5.21e-45],[0.8453309703686746429677266468368787022202 +/- 3.66e-41],[0.3453309703686746429677266468368787022202 +/- 3.66e-41],[0.0001381875600634314045758138278990230898166 +/- 2.33e-44]
124,[0.1187695909860869918636692576699311656220 +/- 2.68e-41],[0.5725028699846852793262305098143545824415 +/- 4.35e-41],[0.001663556291963751505918439792151211761428 +/- 4.82e-43],[0.0003336990431622763293407299716957508062200 +/- 3.44e-44],[0.8444660679613586508871804919791665263185 +/- 4.56e-42],[0.3444660679613586508871804919791665263185 +/- 4.56e-42],[0.0001361191427834100483824986728269566414527 +/- 3.41e-44]
125,[0.1184358919429247155343285276982354148158 +/- 4.68e-41],[0.5718456440576743272040870292449741704765 +/- 2.88e-41],[0.001647581717212089199106075188385729077191 +/- 4.30e-44],[0.0003292307949847773234597275691770635365027 +/- 3.32e-44],[0.8436069633856044239604584279817490758803 +/- 1.32e-41],[0.3436069633856044239604584279817490758803 +/- 1.32e-41],[0.0001340979847579079811703534348854665876724 +/- 2.63e-44]
126,[0.1181066611479399382108688001290583512793 +/- 4.95e-41],[0.5711971084002310017623586866363750649754 +/- 4.14e-41],[0.001631889802359484121796425715610535209008 +/- 4.99e-43],[0.0003248596884575215764695085983264329704197 +/- 2.57e-44],[0.8427535818427371773651079031524982775850 +/- 3.76e-41],[0.3427535818427371773651079031524982775850 +/- 3.76e-41],[0.0001321226325394713086336064560641988187276 +/- 3.66e-44]
127,[0.1177818014594824166343992915307319183088 +/- 3.08e-41],[0.5705570816498543811775535945617241097804 +/- 4.37e-41],[0.001616473318262020959999443956899604331205 +/- 5.05e-44],[0.0003689236600520198083415138836165035859605 +/- 1.64e-45],[0.9688572197863830957779442972907462053801 +/- 3.41e-41],[0.4688572197863830957779442972907462053801 +/- 3.41e-41],[0.0001785325206159317230729705757473605093239 +/- 6.81e-45]
128,[0.1174128777994303968260577776471154147229 +/- 2.98e-41],[0.5696908364567320274866283173108342900464 +/- 1.96e-41],[0.001601325276479909624126035670767597439224 +/- 3.13e-43],[0.0003641030103832357273442248677019071201358 +/- 4.62e-44],[0.9682755872781431240080719207747069709431 +/- 3.79e-41],[0.4682755872781431240080719207747069709431 +/- 3.79e-41],[0.0001760868013787610044516675729540240565649 +/- 2.41e-44]
129,[0.1170487747890471610987135527794135076027 +/- 3.45e-41],[0.5688350876351471547691875906188661085571 +/- 3.30e-41],[0.001586438919438474959571736285336404092244 +/- 3.04e-43],[0.0003127415133407139940200979247226130223184 +/- 8.58e-45],[0.8421031849910416341205763995221303455986 +/- 2.09e-41],[0.3421031849910416341205763995221303455986 +/- 2.09e-41],[0.0001270507815427806059330872244476988224479 +/- 9.35e-45]
130,[0.1167360332757064471046934548546908945804 +/- 1.61e-41],[0.5682166635790303639184891813873996525489 +/- 2.20e-41],[0.001571807711064611718437000909049054963312 +/- 2.39e-43],[0.0003547392202693459468020233842053823042147 +/- 4.60e-44],[0.9666624853342934905563970404558559262386 +/- 8.06e-42],[0.4666624853342934905563970404558559262386 +/- 8.06e-42],[0.0001712526230074954485569902737021739547788 +/- 3.11e-44]
131,[0.1163812940554371011578914314704855122762 +/- 1.30e-42],[0.5673817732497530461691918613052064830129 +/- 5.70e-42],[0.001557425327872245668832015356853148033180 +/- 9.75e-44],[0.0003954673565221386245351578252264432619251 +/- 3.78e-45],[1.090913284014165843686257276031205197327 +/- 3.86e-40],[0.5909132840141658436862572760312051973274 +/- 1.44e-41],[0.0002142121814696532614634764967020100314273 +/- 9.52e-45]
132,[0.1159858266989149625333562736452590690143 +/- 2.39e-41],[0.5663358175982316026595963905385553663029 +/- 4.85e-41],[0.001543285650472004791206382587372239733529 +/- 6.61e-44],[0.0003903713606036031566787863480220939518747 +/- 1.27e-44],[1.090427290694646243713031553766035614877 +/- 3.93e-40],[0.5904272906946462437130315537660356148766 +/- 7.48e-42],[0.0002113720986010349585168489327379325083779 +/- 3.13e-44]
133,[0.1155954553383113593766774872972369750624 +/- 1.51e-42],[0.5653021342401076287716110946743868825111 +/- 4.96e-41],[0.001529382755481851259923207962473974472078 +/- 1.28e-43],[0.0003419318691617447050926744372651274786301 +/- 3.81e-44],[0.9670582530703605585908952091477357818774 +/- 3.89e-41],[0.4670582530703605585908952091477357818774 +/- 3.89e-41],[0.0001651421731552588054452140947522144418000 +/- 7.17e-45]
134,[0.1152535234691496146715848128599718475838 +/- 2.87e-41],[0.5644932943317774172181872073750560051719 +/- 3.14e-41],[0.001515710907816864281146514879877784843263 +/- 3.52e-43],[0.0002948801035947359440738957156270483590062 +/- 3.46e-44],[0.8440047435176396043382587417094433830263 +/- 4.94e-42],[0.3440047435176396043382587417094433830263 +/- 4.94e-42],[0.0001201890809082189085030975099829300745628 +/- 3.02e-44]
135,[0.1149586433655548787275109171443447992248 +/- 3.49e-41],[0.5639037338645546352409115275532674797371 +/- 3.15e-41],[0.001502264553337704053467520657226399984184 +/- 1.08e-43],[0.0002912458917672880713787277752994779884464 +/- 3.67e-44],[0.8432216766248256644817423827176916530591 +/- 4.51e-41],[0.3432216766248256644817423827176916530591 +/- 4.51e-41],[0.0001185475967394243560444993949126853497277 +/- 2.50e-44]
136,[0.1146673974737875906561321893690453212363 +/- 1.88e-41],[0.5633213504342404349094184910450826704682 +/- 1.11e-42],[0.001489038311838535652059826781858372013329 +/- 3.78e-43],[0.0002876845834903760409262150054234102876142 +/- 4.46e-44],[0.8424434656534833223305065472518169645200 +/- 1.87e-41],[0.3424434656534833223305065472518169645200 +/- 1.87e-41],[0.0001169404355330889992521627367573144453278 +/- 1.55e-44]
137,[0.1143797128902972146152059743636219109487 +/- 4.62e-42],[0.5627460057219596035384977503372060591931 +/- 5.30e-42],[0.001476026970356355406397859284954471389332 +/- 1.87e-43],[0.0003253290447016960265674731971263496057056 +/- 6.02e-45],[0.9634951815495206457709490623775859345959 +/- 1.92e-41],[0.4634951815495206457709490623775859345959 +/- 1.92e-41],[0.0001565015036140008574088586787018128356666 +/- 1.32e-44]
138,[0.1140543838455955185886385011664955613430 +/- 9.97e-43],[0.5619748831115448742256232070170175668703 +/- 9.52e-42],[0.001463225476784747676329518954030470439598 +/- 3.70e-43],[0.0003618181800041215208260885827004040535019 +/- 4.88e-44],[1.084019643707529078930745958631002940604 +/- 1.15e-41],[0.5840196437075290789307459586310029406040 +/- 1.15e-41],[0.0001949308998222593949377350563232927467031 +/- 4.25e-45]
139,[0.1136925656655913970678124125837951572895 +/- 2.85e-42],[0.5610130016676102250463104391413865404991 +/- 4.87e-41],[0.001450628933776112647038119152381477399566 +/- 2.56e-43],[0.0003970766325914223748435437747170014516242 +/- 3.08e-44],[1.203804415125874109640073553622637071157 +/- 1.07e-40],[0.7038044151258741096400735536226370711571 +/- 6.76e-42],[0.0002321509072816748536138064057724391755501 +/- 4.72e-44]
140,[0.1132954890329999746929688688090781558379 +/- 2.71e-41],[0.5598657948957398613407649941337338826803 +/- 1.75e-41],[0.001438232592917351205795037553882724342737 +/- 3.79e-43],[0.0003921304414869471810748834700078054472207 +/- 4.90e-44],[1.203258166441879261113220923335476634460 +/- 1.34e-40],[0.7032581664418792611132209233354766344599 +/- 3.33e-41],[0.0002291851765291763004607194696289091989693 +/- 3.15e-44]
141,[0.1129033585915130275118939853390703503907 +/- 4.79e-41],[0.5587316124866630336867056835865479127501 +/- 4.15e-42],[0.001426031849164876049223649303564917458207 +/- 3.70e-43],[0.0003493225903866341557986425506277637381856 +/- 1.62e-44],[1.084827260083953386146494453614020842566 +/- 1.06e-40],[0.5848272600839533861464944536140208425661 +/- 5.62e-42],[0.0001883188051574537377596188707953889449904 +/- 2.26e-44]
142,[0.1125540360011263933560953427884425866525 +/- 3.35e-41],[0.5577983370566085846054884682868428845975 +/- 1.06e-41],[0.001414022235525643424280673920331274953428 +/- 3.32e-43],[0.0003079088034930217919951780224444059882647 +/- 2.32e-44],[0.9673303164830755663993227494382171237311 +/- 4.92e-42],[0.4673303164830755663993227494382171237311 +/- 4.92e-42],[0.0001487548938892752978440606071675888601903 +/- 1.78e-44]
143,[0.1122461271976333715641001647659981806642 +/- 1.89e-42],[0.5570600896302453123991168004322710544135 +/- 1.38e-41],[0.001402199417971671496633503862525530296643 +/- 3.03e-43],[0.0002676942175217184125339082875854515490221 +/- 3.42e-44],[0.8504089972291975390259477294215997226322 +/- 3.37e-42],[0.3504089972291975390259477294215997226322 +/- 3.37e-42],[0.0001103027632956226927415435974805191730105 +/- 3.53e-44]
144,[0.1119784329801116531515662564784127291152 +/- 2.02e-41],[0.5565119054902387432121470191966560117903 +/- 2.51e-41],[0.001390559190576233106603379105503473029078 +/- 3.93e-43],[0.0002646169943894272005607157309326596775706 +/- 4.19e-44],[0.8496965817075125590282214521921683745369 +/- 3.78e-41],[0.3496965817075125590282214521921683745369 +/- 3.78e-41],[0.0001089043552626081737360047892431637348287 +/- 2.36e-44]
145,[0.1117138159857222259510055407474800694376 +/- 9.18e-42],[0.5559699175107067634589237989010142018529 +/- 2.96e-41],[0.001379097470860586155891734469336902645060 +/- 3.51e-43],[0.0002259806435204080387475569616093350895761 +/- 1.34e-44],[0.7333974513726554851901276160140056124527 +/- 4.64e-41],[0.2333974513726554851901276160140056124527 +/- 4.64e-41],[7.191640243431359735660759066365793940850e-5 +/- 2.22e-45]
146,[0.1114878353422018179122579837858707343480 +/- 3.31e-41],[0.5556115144513256766891763550207427690426 +/- 2.61e-41],[0.001367810295340737334211843403391548887477 +/- 4.41e-43],[0.0001881261348813273628385294561900760204603 +/- 4.67e-45],[0.6168304230431730169656361777885880357270 +/- 1.19e-41],[0.1168304230431730169656361777885880357270 +/- 1.19e-41],[3.563192589501080051887679167079408264962e-5 +/- 4.18e-45]
147,[0.1112997092073204905494194543296806583276 +/- 2.73e-41],[0.5554336957272095297012544285550317995217 +/- 1.73e-41],[0.001356693815264327358745355921977931526857 +/- 2.27e-43],[0.0001858387145968646739237604180273014827112 +/- 2.66e-44],[0.6153615016756292347107953130674835567917 +/- 2.56e-41],[0.1153615016756292347107953130674835567917 +/- 2.56e-41],[3.483908747457485350869989559925871109680e-5 +/- 3.05e-45]
148,[0.1111138704927236258754956939116533568449 +/- 3.85e-41],[0.5552595974116748425963160220468214794395 +/- 4.76e-41],[0.001345744292528281145706480427882462485540 +/- 1.53e-43],[0.0001835949669469588751601409467254395364730 +/- 4.87e-44],[0.6139032791819615652965030174429952104381 +/- 3.40e-41],[0.1139032791819615652965030174429952104381 +/- 3.40e-41],[3.406410991064946529687158795781847665965e-5 +/- 1.85e-45]
149,[0.1109302755257766670003355529649279173084 +/- 1.14e-41],[0.5550891424347221281001987214300578480964 +/- 4.83e-41],[0.001334958095768386935571349470385930214180 +/- 4.33e-43],[0.0002156550200147017618117971012758997247607 +/- 4.62e-44],[0.7281349062586990025147101983926003414709 +/- 2.09e-41],[0.2281349062586990025147101983926003414709 +/- 2.09e-41],[6.756775063574844456424278630674665592250e-5 +/- 1.40e-45]
150,[0.1107146205057619652385237558636520175836 +/- 2.79e-41],[0.5547505850786439522212453214513456856526 +/- 2.19e-41],[0.001324331696612456731080922611706771106693 +/- 1.21e-43],[0.0002132276482183845235675600989748148327200 +/- 4.41e-44],[0.7271295122992508532905171216889758168995 +/- 6.64e-42],[0.2271295122992508532905171216889758168995 +/- 6.64e-42],[6.660476700418448781310903269604242310404e-5 +/- 3.13e-45]
151,[0.1105013928575435807149561957646772027509 +/- 7.85e-42],[0.5544164103241181014178711070150038076136 +/- 4.09e-43],[0.001313861666089178681151304441529439712635 +/- 7.01e-44],[0.0002442919373604237620751754946481924529696 +/- 1.02e-44],[0.8413210286081570231029208228465528021119 +/- 8.61e-42],[0.3413210286081570231029208228465528021119 +/- 8.61e-42],[9.910839323543668396899976720107883910650e-5 +/- 2.88e-45]
152,[0.1102571009201831569528810202700290102979 +/- 3.83e-41],[0.5539185015978902181945122438936399819284 +/- 3.31e-41],[0.001303544671185202291788976306232982846440 +/- 2.40e-44],[0.0002416374599362806248153910361998944336412 +/- 2.76e-44],[0.8406239873822157584042137126369844760042 +/- 2.60e-41],[0.3406239873822157584042137126369844760042 +/- 2.60e-41],[9.791240357144680644908001510260567101881e-5 +/- 2.29e-45]
153,[0.1100154634602468763280656292338291158643 +/- 2.98e-42],[0.5534259593299897320470835218961025711412 +/- 2.58e-41],[0.001293377471543401453912801604915691438016 +/- 4.79e-43],[0.0002390300694088365959895423227303630279903 +/- 3.84e-44],[0.8399308198928981016279669756615200485754 +/- 5.45e-42],[0.3399308198928981016279669756615200485754 +/- 5.45e-42],[9.673854744794701925151018092245033397440e-5 +/- 3.70e-45]
154,[0.1097764333908380397320760869110987528363 +/- 6.77e-42],[0.5529386918516680809649228997909692181195 +/- 3.11e-41],[0.001283356916295639996007178492166372898724 +/- 4.95e-43],[0.0002686036900007431320233573737495494490681 +/- 3.16e-44],[0.9532908113061686195702528680994680757227 +/- 2.64e-42],[0.4532908113061686195702528680994680757227 +/- 2.64e-42],[0.0001277213449623434983679650868037864848741 +/- 4.42e-44]
155,[0.1095078297008372966000527295373492033872 +/- 3.87e-41],[0.5522945388125182902763084288119205905996 +/- 4.50e-41],[0.001273479941023721417625226235169272917803 +/- 2.29e-44],[0.0002341063783256616718440513583136371459327 +/- 1.95e-44],[0.8393555572439822824419395775460309592088 +/- 2.21e-41],[0.3393555572439822824419395775460309592088 +/- 2.21e-41],[9.465035381660366275765099285830980293079e-5 +/- 2.67e-45]
156,[0.1092737233225116349282086781790355662413 +/- 6.02e-42],[0.5518165681547092201238724479678575361116 +/- 1.74e-41],[0.001263743564842540141320397376443811479520 +/- 1.02e-43],[0.0002316319897359964568862576229400434219940 +/- 3.42e-44],[0.8386752828566152576242431312328967080535 +/- 2.53e-41],[0.3386752828566152576242431312328967080535 +/- 2.53e-41],[9.353802508078818363986134820900685845813e-5 +/- 6.63e-46]
157,[0.1090420913327756384713224205560955228193 +/- 1.21e-41],[0.5513436169077539200364386210257538122887 +/- 3.61e-41],[0.001254144887599767430750943528255561793270 +/- 1.96e-43],[0.0002600374484523974590432663665107647034842 +/- 3.15e-44],[0.9507449250759570868809297108055335138389 +/- 2.40e-41],[0.4507449250759570868809297108055335138389 +/- 2.40e-41],[0.0001232828670742099815739282843955198775894 +/- 4.69e-44]
158,[0.1087820538843232410122791541895847581158 +/- 2.79e-41],[0.5507194856772467007964610059695507551279 +/- 3.02e-41],[0.001244681087186702356797698130182106775135 +/- 3.03e-43],[0.0002269985279014351816147259954228972545896 +/- 2.60e-44],[0.8382579872081307403751408633229594826326 +/- 6.87e-42],[0.3382579872081307403751408633229594826326 +/- 6.87e-42],[9.159956280629329189470205589532211606595e-5 +/- 2.56e-45]
159,[0.1085550553564218058306644281941618608612 +/- 3.83e-41],[0.5502551762684163447056759373247362411481 +/- 1.66e-41],[0.001235349416955198054794345848700078732429 +/- 9.89e-44],[0.0001947307007768072396639572941303016673901 +/- 4.37e-44],[0.7260467125733249167991936030914192565216 +/- 7.69e-42],[0.2260467125733249167991936030914192565216 +/- 7.69e-42],[6.062727643471231226683395495827245547662e-5 +/- 1.40e-45]
160,[0.1083603246556449985910004709000315591938 +/- 4.82e-41],[0.5499474823025659499319822076209587384799 +/- 2.58e-41],[0.001226147203235837122616922507741796641612 +/- 2.77e-44],[0.0001926842890115106223782268708396148929024 +/- 2.16e-44],[0.7251091738992236883034505681621182814221 +/- 3.90e-42],[0.2251091738992236883034505681621182814221 +/- 3.90e-42],[5.981857999326418202230982172618694868109e-5 +/- 2.46e-45]
161,[0.1081676403666334879686222440291919443009 +/- 4.59e-41],[0.5496435199090810050483777753507037255156 +/- 3.78e-42],[0.001217071842952778401134008608546763926647 +/- 2.10e-43],[0.0001614183490648047796388627594657808433988 +/- 2.69e-44],[0.6130689690636253310316968383694033891704 +/- 4.65e-41],[0.1130689690636253310316968383694033891704 +/- 4.65e-41],[2.977055965593281365504734332788273498586e-5 +/- 3.89e-45]
162,[0.1080062220175686831889833812697261634575 +/- 4.71e-41],[0.5494920593188776642006522954653054492392 +/- 3.59e-41],[0.001208120801330931522555848578665880818280 +/- 1.94e-43],[0.0001596505998859375509125291213921211442941 +/- 1.12e-44],[0.6117604857336320540727691327028377409808 +/- 3.34e-41],[0.1117604857336320540727691327028377409808 +/- 3.34e-41],[2.916603639334597380796026437404797558651e-5 +/- 4.58e-45]
163,[0.1078465714176827456380708521483340423133 +/- 4.71e-41],[0.5493434948151423208083026845474058927420 +/- 1.29e-41],[0.001199291609691336408648420873952130336421 +/- 1.54e-43],[0.0001867025613187414595284723381980081771725 +/- 3.12e-45],[0.7217539046513855590395211285925852274129 +/- 1.16e-41],[0.2217539046513855590395211285925852274129 +/- 1.16e-41],[5.736307308353704709170638912463528003398e-5 +/- 1.54e-45]
164,[0.1076598688563640041785423798101360341361 +/- 1.96e-41],[0.5490509508045267643010722266639940932381 +/- 2.44e-42],[0.001190581863330833187673197418409054164596 +/- 7.86e-44],[0.0001847908785011272824149534507170352774261 +/- 2.52e-44],[0.7208375892222736178495478401145652547767 +/- 2.66e-41],[0.2208375892222736178495478401145652547767 +/- 2.66e-41],[5.661299123216428931569538502339986089707e-5 +/- 4.45e-45]
165,[0.1074750779778628768961274263594189988587 +/- 4.57e-41],[0.5487618879581809217938674217596936381557 +/- 3.63e-41],[0.001181989219482304556944620676485081384441 +/- 2.86e-43],[0.0002110927244478704660825406748763123258704 +/- 4.31e-44],[0.8308487772260378600745257725555554882106 +/- 2.06e-41],[0.3308487772260378600745257725555554882106 +/- 2.06e-41],[8.405834091501650506429216053425755019868e-5 +/- 3.53e-45]
166,[0.1072639852534150064300448856845426865328 +/- 1.61e-41],[0.5483321827459138462415388830119821370608 +/- 4.24e-41],[0.001173511395351958174584441421568166625516 +/- 2.52e-43],[0.0001811629909076937071843330003707524931705 +/- 4.72e-44],[0.7196117510810725717073530742061398754828 +/- 4.05e-41],[0.2196117510810725717073530742061398754828 +/- 4.05e-41],[5.528748190194679802623266770657969045534e-5 +/- 1.66e-45]
167,[0.1070828222625073127228605526841719340396 +/- 1.34e-41],[0.5480492217556355791980372430372995863767 +/- 2.01e-41],[0.001165146166230291897680470106392294314955 +/- 1.79e-44],[0.0002069269572599364780248177453726141770328 +/- 1.77e-44],[0.8292526283151747983188563180009682765019 +/- 1.87e-41],[0.3292526283151747983188563180009682765019 +/- 1.87e-41],[8.215981743165633071100045137893495394043e-5 +/- 5.07e-46]
168,[0.1068758953052473762448357349387993198626 +/- 1.95e-41],[0.5476282378105614241855314307239021513483 +/- 3.64e-41],[0.001156891363673550227285017968702116344392 +/- 3.45e-43],[0.0002049069456777012686938374381249121957359 +/- 2.52e-44],[0.8286179543211537975421091533099525799754 +/- 3.04e-41],[0.3286179543211537975421091533099525799754 +/- 3.04e-41],[8.126314541418204696363644787647275232083e-5 +/- 2.86e-45]
169,[0.1066709883595696749761418975006744076668 +/- 4.47e-41],[0.5472113661053306048516589814895628046901 +/- 1.32e-41],[0.001148744873752636763868212805214628070336 +/- 1.05e-43],[0.0002029192174649378990110066530642076768913 +/- 4.26e-44],[0.8279865417633648596576130941231895060766 +/- 1.36e-41],[0.3279865417633648596576130941231895060766 +/- 1.36e-41],[8.038146640875504691831693270413197258166e-5 +/- 6.74e-46]
170,[0.1064680691421047370771308908476101999900 +/- 4.66e-41],[0.5467985430957807125642639128081935260414 +/- 4.77e-41],[0.001140704635366595371083393180496809669174 +/- 1.49e-43],[0.0002275784590654672146883530373151030041674 +/- 2.30e-45],[0.9369330795451229585147605586272300578797 +/- 1.95e-41],[0.4369330795451229585147605586272300578797 +/- 1.95e-41],[0.0001061298390765371661333312289067923636938 +/- 4.84e-44]
171,[0.1062404906830392698624425378102950969858 +/- 1.40e-41],[0.5462528591699433895142500958871368267839 +/- 2.23e-41],[0.001132768638617912605696753231167884317795 +/- 1.54e-43],[0.0002254002369242707319905902510103418608297 +/- 3.42e-44],[0.9364683151706919640306390603392449537558 +/- 3.58e-41],[0.4364683151706919640306390603392449537558 +/- 3.58e-41],[0.0001050543409271453101395383403794414007608 +/- 1.49e-44]
172,[0.1060150904461149991304519475592847551250 +/- 4.38e-41],[0.5457120925302556315386227401291928191982 +/- 8.87e-42],[0.001124934923247026278158442852631123403199 +/- 4.15e-43],[0.0002232561761432568718778823338298019684003 +/- 2.55e-45],[0.9360054956041639096640441594096428836106 +/- 1.62e-41],[0.4360054956041639096640441594096428836106 +/- 1.62e-41],[0.0001039960985092299464603878240996001359403 +/- 4.26e-44]
173,[0.1057918342699717422585740652254549531566 +/- 4.41e-41],[0.5451761703099474538557142364489049971482 +/- 1.97e-42],[0.001117201577123550211015749150300025348026 +/- 2.27e-43],[0.0002468104823829916517363541025745831490723 +/- 1.80e-44],[1.044118805505189938970925525488175891369 +/- 2.53e-40],[0.5441188055051899389709255254881758913693 +/- 4.75e-41],[0.0001286196782897859740918394439148864151858 +/- 4.70e-44]
174,[0.1055450237875887506068377111228803700075 +/- 1.64e-41],[0.5445126142770832656139352216777639541734 +/- 3.14e-41],[0.001109566734791843781471323003049264672743 +/- 4.13e-43],[0.0002697505934260824737491626494090501232833 +/- 3.12e-44],[1.151704922431776148432772421520788643291 +/- 4.64e-40],[0.6517049224317761484327724215207886432915 +/- 3.63e-41],[0.0001526413460085601432517481974883434557109 +/- 3.56e-44]
175,[0.1052752731941626681330885484734713198842 +/- 3.45e-43],[0.5437242543941774482198344986179928792427 +/- 1.47e-41],[0.001102028576068667063015499843119616147329 +/- 1.66e-43],[0.0002671336201522603282758921710724828799607 +/- 4.68e-44],[1.151275654153129855729783065866746102904 +/- 1.67e-41],[0.6512756541531298557297830658667461029040 +/- 1.67e-41],[0.0001511172607388573277824264901325291713283 +/- 2.06e-44]
176,[0.1050081395740104078048126563023988370042 +/- 3.96e-41],[0.5429429050161531791391995174413071270968 +/- 3.66e-41],[0.001094585324690768687117663856578746002704 +/- 3.39e-43],[0.0002645575172435800300657269625527145732247 +/- 7.32e-45],[1.150846828573866138100387253749482812486 +/- 1.47e-40],[0.6508468285738661381003872537494828124861 +/- 4.66e-41],[0.0001496171486927882911491164009965504063739 +/- 1.63e-44]
177,[0.1047435820567668277747469293398461224310 +/- 1.49e-41],[0.5421684642519585441955707214664972511498 +/- 2.97e-41],[0.001087235247010354273868942503532248638979 +/- 1.21e-43],[0.0002378885003252252876476900048876569158332 +/- 1.25e-45],[1.044461671940749801832924339193053058820 +/- 4.71e-40],[0.5444616719407498018329243391930530588205 +/- 2.98e-41],[0.0001240075860149870938959767511508915733522 +/- 1.98e-44]
178,[0.1045056935564416024870992393349584655152 +/- 1.84e-41],[0.5415258837826346532448767895904909521259 +/- 4.98e-41],[0.001079976650736478752787638795973786133928 +/- 4.00e-43],[0.0002118389175935524668153715658314915224728 +/- 1.10e-44],[0.9384722495807647895523333837667347429265 +/- 8.30e-43],[0.4384722495807647895523333837667347429265 +/- 8.30e-43],[9.897520868357385619106716951119478353845e-5 +/- 4.62e-45]
179,[0.1042938546388480500202838677691269739927 +/- 8.91e-42],[0.5410124611899793555854036808542731940792 +/- 3.48e-41],[0.001072807883720496413931281705594072157856 +/- 2.37e-43],[0.0002335081216528764757806653956534341128485 +/- 9.16e-45],[1.043497275149303366361540498977635142517 +/- 2.08e-40],[0.5434972751493033663615404989776351425168 +/- 7.72e-42],[0.0001216208521727208214173661630902793206165 +/- 5.94e-45]
180,[0.1040603465171951735445032023734735398799 +/- 3.96e-41],[0.5403808893524779194681171727742114814608 +/- 3.25e-41],[0.001065727332783788378239223784488752983844 +/- 2.48e-44],[0.0002313614613745086312452296744563868971261 +/- 3.65e-45],[1.043108900463918059376411320651209912725 +/- 4.12e-40],[0.5431089004639180593764113206512099127254 +/- 1.20e-41],[0.0001204615058321814365846452292345197427513 +/- 4.34e-44]
181,[0.1038289850558206649132579726990171529827 +/- 3.44e-41],[0.5397546705720275133160253791004620531099 +/- 2.53e-41],[0.001058733422586068620213355575991818515334 +/- 1.51e-43],[0.0002522328592827344646993553648253929126538 +/- 1.74e-44],[1.147272107980557869360332750731280589657 +/- 3.37e-40],[0.6472721079805578693603327507312805896573 +/- 3.64e-41],[0.0001423056425709476811076084852565538516098 +/- 3.27e-44]
182,[0.1035767521965379304485586173341917600701 +/- 1.96e-41],[0.5390141110564795412999040518098675907031 +/- 2.28e-42],[0.001051824614532646964704438051690181662649 +/- 5.20e-44],[0.0002725102686815490364708483708271545021328 +/- 3.95e-44],[1.250683031000073507385478854333310490890 +/- 4.95e-40],[0.7506830310000735073854788543333104908905 +/- 5.75e-42],[0.0001635656912278820329690046908112507156805 +/- 2.27e-46]
183,[0.1033042419278563814120877689633646055679 +/- 4.77e-41],[0.5381620178529479543751737158262366594311 +/- 4.49e-41],[0.001044999405719100846405172253061773687954 +/- 4.53e-43],[0.0002476732425202465380959191692477011393042 +/- 1.27e-45],[1.147135964313829409323242815306860836735 +/- 8.98e-41],[0.6471359643138294093232428153068608367351 +/- 1.03e-41],[0.0001397203710973743987872681835805285528775 +/- 3.62e-44]
184,[0.1030565686853361348739918497941169044286 +/- 4.35e-41],[0.5374333850936458595974338027384326302959 +/- 2.72e-41],[0.001038256327911877285008410729458807477818 +/- 3.81e-43],[0.0002453953105542756794967315592759701919296 +/- 1.25e-45],[1.146716333451917582645333367639329090866 +/- 1.89e-41],[0.6467163334519175826453333676393290908660 +/- 1.89e-41],[0.0001383961759838404212870170585813397905711 +/- 4.76e-44]
185,[0.1028111733747818591944951182348409342367 +/- 1.39e-41],[0.5367109078101800532928677531401827538601 +/- 1.12e-41],[0.001031593946563412696826400915246459418548 +/- 1.93e-43],[0.0002215313359785983063253817082134074726047 +/- 4.86e-45],[1.044374045135768384004264946524877494878 +/- 2.12e-40],[0.5443740451357683840042649465248774948782 +/- 1.18e-41],[0.0001154719518860918308547435942406463272757 +/- 4.19e-44]
186,[0.1025896420388032608881697365266275267641 +/- 9.16e-42],[0.5361074806417041380927572464997483982795 +/- 3.51e-41],[0.001025010859860421028433447856351079213804 +/- 9.45e-44],[0.0002409353129541933014815182706410918239391 +/- 3.56e-44],[1.145614444189805154953758926233840598505 +/- 4.26e-41],[0.6456144441898051549537589262338405985050 +/- 4.26e-41],[0.0001357798157552267743968879280174346355076 +/- 1.65e-44]
187,[0.1023487067258490675866882182559864349402 +/- 3.00e-41],[0.5353972016775120431517799041443810732485 +/- 4.10e-41],[0.001018505697804060441353693899338313124492 +/- 4.77e-43],[0.0002176749026927551943044915009166629529662 +/- 4.76e-45],[1.044077029640343195455581914598212970142 +/- 3.03e-40],[0.5440770296403431954555819145982129701417 +/- 2.01e-42],[0.0001134321617296011555033455287028710385641 +/- 3.70e-44]
188,[0.1021310318231563123923837267550697719872 +/- 3.90e-42],[0.5348032207458966462310552393521431235184 +/- 2.96e-41],[0.001012077121320745569811117004013865878673 +/- 3.88e-43],[0.0002157615134289116794967937371825798016530 +/- 3.29e-44],[1.043692726935060903683504252197420311121 +/- 3.98e-40],[0.5436927269350609036835042521974203111206 +/- 2.04e-42],[0.0001123970327438141817202177973375779025343 +/- 4.45e-44]
189,[0.1019152703097274007128869330178871921856 +/- 4.92e-41],[0.5342140639350101973578505206939479948065 +/- 3.12e-41],[0.001005723821402426376723784685957347017519 +/- 2.40e-44],[0.0002138755448124871654635140196407626426036 +/- 1.94e-44],[1.043309436777226381524983325162793290949 +/- 3.47e-40],[0.5433094367772263815249833251627932909487 +/- 4.65e-41],[0.0001113769296973268775865825420928709901482 +/- 4.08e-44]
190,[0.1017013947649149135474234189982464295429 +/- 4.73e-41],[0.5336296665038049971031204324730500628584 +/- 3.36e-41],[0.0009994445182752059975433771901437635095980 +/- 1.86e-44],[0.0002324453510272556319188513242940577290053 +/- 4.90e-44],[1.143418644712563561494828789978670923760 +/- 4.58e-40],[0.6434186447125635614948287899786709237605 +/- 4.28e-41],[0.0001308004495285186890396038476273946888240 +/- 8.45e-45]
191,[0.1014689494138876579155045676739523718139 +/- 4.20e-41],[0.5329426667783698040561460952218657997629 +/- 1.57e-41],[0.0009932379605952188293644763115157357189623 +/- 1.44e-44],[0.0002505625381440369585742240075084008897672 +/- 2.23e-44],[1.243081693336340832747125798129726159452 +/- 3.69e-40],[0.7430816933363408327471257981297261594524 +/- 3.16e-41],[0.0001497797257644477562700729218434727338307 +/- 4.77e-44]
192,[0.1012183868757436209569303436664439709242 +/- 2.53e-41],[0.5321552005633396297027948329888415513457 +/- 9.67e-42],[0.0009871029246707366277448046047347259723466 +/- 2.11e-44],[0.0002482925310412257034454824228745501457427 +/- 8.80e-45],[1.242544094568425291697348353188474213118 +/- 3.51e-40],[0.7425440945684252916973483531884742131176 +/- 5.00e-41],[0.0001483795653257250710457435375107856478475 +/- 1.80e-44]
193,[0.1009700943447023952534848612435694207784 +/- 3.21e-41],[0.5313743248806659648225630320513469454696 +/- 3.63e-41],[0.0009810382137095146418472613650148402062302 +/- 3.39e-44],[0.0002656456817380101261436390381869825478391 +/- 2.61e-44],[1.340892860247937997136522218096727834575 +/- 3.16e-40],[0.8408928602479379971365222180967278345753 +/- 1.57e-41],[0.0001665901607440021219610748577097520812686 +/- 8.71e-45]
194,[0.1007044486629643851273412222053824382306 +/- 7.02e-42],[0.5304967515431710018904652121180037927486 +/- 3.31e-41],[0.0009750426570904319684643709735480528957230 +/- 3.22e-44],[0.0002439197402415765706602058173522244674330 +/- 4.66e-44],[1.242066021032279046812334189667120714848 +/- 9.88e-41],[0.7420660210322790468123341896671207148479 +/- 1.25e-42],[0.0001457286070364127775635606877802448925401 +/- 3.35e-44]
195,[0.1004605289227228085566810163880302137632 +/- 4.01e-41],[0.5297283246625978875882830994916024750398 +/- 2.38e-41],[0.0009691151096585204489725788942723023378257 +/- 4.74e-44],[0.0002607390675429873469493708001460667637665 +/- 3.49e-44],[1.339076187756101707488611597444339176382 +/- 4.12e-40],[0.8390761877561017074886115974443391763816 +/- 1.19e-41],[0.0001633812510396898671479625728627138630557 +/- 4.35e-44]
196,[0.1001997898551798212097316455878841469994 +/- 6.54e-42],[0.5288659796864418793164080731496338109918 +/- 4.14e-41],[0.0009632544510425146756055099005559364671295 +/- 3.88e-45],[0.0002583443844606802537767432715658527705161 +/- 8.73e-45],[1.338323780705123010621606035474130462701 +/- 1.05e-40],[0.8383237807051230106216060354741304627009 +/- 4.69e-42],[0.0001618264908891536840296518274815433412953 +/- 2.60e-44]
197,[0.09994144547071914095595490231631829422888 +/- 2.63e-42],[0.5280110173663677184478089815478767143048 +/- 1.06e-43],[0.0009574595849940921139124693213988288569544 +/- 3.29e-44],[0.0002743887633965321867458819859732765392590 +/- 1.02e-44],[1.433739496064400023029300753546572380015 +/- 2.93e-40],[0.9337394960644000230293007535465723800147 +/- 7.11e-42],[0.0001786988684924277510699010694879985876894 +/- 3.78e-44]
198,[0.09966705670732260876920902033034501768962 +/- 1.62e-42],[0.5270660100316967943063194661844055709881 +/- 4.61e-41],[0.0009517294387480070804995160509243368689894 +/- 4.28e-44],[0.0002717969651504574499327536651636442384163 +/- 9.14e-45],[1.432680900582904763759734410189461162949 +/- 4.33e-41],[0.9326809005829047637597344101894611629490 +/- 4.32e-41],[0.0001769408932087315088945163987629822364312 +/- 4.22e-44]
199,[0.09939525974217215131927626666518137345120 +/- 2.10e-42],[0.5261294079479839546398005232701882796481 +/- 2.43e-41],[0.0009460629624023554274414157844297197773222 +/- 4.83e-44],[0.0002870212967697667096740613404220745276667 +/- 2.70e-44],[1.526154189086237307702703833126310589510 +/- 1.18e-40],[1.026154189086237307702703833126310589510 +/- 1.18e-40],[0.0001929871228893357456638224054852484927063 +/- 7.50e-45]
200,[0.09910823844540238460960220532475929892354 +/- 4.58e-42],[0.5251069009232592469407258069556254895119 +/- 3.89e-42],[0.0009404591283182383604240182550190022251794 +/- 3.65e-44],[0.0002842262729337165336244893460567643919115 +/- 2.33e-44],[1.524700495094575714747993285035770503098 +/- 3.77e-40],[1.024700495094575714747993285035770503098 +/- 3.77e-40],[0.0001910190253961972880780447288682885498020 +/- 2.83e-45]
201,[0.09882401217246866807597771597870253453162 +/- 3.91e-42],[0.5240938687883429326259321771963934764847 +/- 1.41e-41],[0.0009349169305381239353676962887938039843216 +/- 2.05e-44],[0.0002643991519378260087497603494960142320198 +/- 4.97e-45],[1.430851475515119477520045760935378316462 +/- 4.17e-42],[0.9308514755151194775200457609353783164620 +/- 4.15e-42],[0.0001720069098140794047319042956760092659005 +/- 1.34e-44]
202,[0.09855961302053084206722795562920652029960 +/- 4.10e-42],[0.5231808100652470526549786731965367911611 +/- 3.24e-41],[0.0009294353842222335122372426512267472873584 +/- 1.77e-44],[0.0002451705497757635779049944004906913950106 +/- 3.38e-44],[1.338197189074589604365018815716468347330 +/- 3.48e-40],[0.8381971890745896043650188157164683473297 +/- 4.80e-41],[0.0001535657579792318458581009907011344832218 +/- 2.00e-44]
203,[0.09831444247075507848932296122871582890459 +/- 3.47e-42],[0.5223648835617757139503813719344417600245 +/- 1.53e-42],[0.0009240135251023078650763059516922355773708 +/- 2.93e-44],[0.0002264793826783886587658488510643973923561 +/- 3.27e-44],[1.246530840882949021644982956891114404795 +/- 9.36e-41],[0.7465308408829490216449829568911144047949 +/- 6.51e-42],[0.0001356355081225182085639276126800407798081 +/- 2.71e-44]
204,[0.09808796308807668983055711237765143151224 +/- 2.68e-42],[0.5216435576541541302528229941623922831727 +/- 9.39e-42],[0.0009186504089521338202486768050850562870584 +/- 8.28e-45],[0.0002245516102053783368462560723740250404401 +/- 4.13e-44],[1.246006159650137631157062419696251489408 +/- 2.46e-40],[0.7460061596501376311570624196962514894078 +/- 4.55e-41],[0.0001344430628012348787826636738016263638958 +/- 2.41e-44]
205,[0.09786341147787131149371085630527740647180 +/- 2.74e-42],[0.5209279158892372252801101063742638660137 +/- 3.58e-41],[0.0009133451110742372830102313744071153835728 +/- 1.17e-44],[0.0002065933276145926680178367471941811980054 +/- 7.07e-45],[1.155662539068001872625080981161175452163 +/- 1.13e-40],[0.6556625390680018726250809811611754521629 +/- 1.25e-41],[0.0001172102591882325072036683713476050953326 +/- 6.21e-45]
206,[0.09765681815025671882569301955808322527379 +/- 1.87e-42],[0.5203034341425705912758780870875869807173 +/- 2.10e-41],[0.0009080967258021723750296496814939996424703 +/- 1.07e-44],[0.0001890546620918414749921741886328169840779 +/- 8.29e-46],[1.065915349088239279232779179205692199895 +/- 2.58e-40],[0.5659153490882392792327791792056921998953 +/- 4.29e-41],[0.0001003728252773351889638864791627747243772 +/- 6.85e-46]
207,[0.09746776348816487735070084536945040828971 +/- 3.97e-42],[0.5197681740908810046330719790568648303977 +/- 4.99e-41],[0.0009029043660178591982522611532138075421277 +/- 4.73e-44],[0.0001875545983685756750622642075274196870191 +/- 4.81e-44],[1.065601852702319125060433774705127891567 +/- 1.11e-41],[0.5656018527023191250604337747051278915670 +/- 1.11e-41],[9.955052916911552186312226346350503175499e-5 +/- 3.01e-45]
208,[0.09728020888979630167563858116192298860269 +/- 4.82e-42],[0.5192368193505864337289777285899471490580 +/- 4.90e-41],[0.0008977671626834445164529113951002465651630 +/- 2.52e-44],[0.0001860739855721897456147616080176943370178 +/- 3.28e-44],[1.065289026846585846722447974745254084371 +/- 7.25e-42],[0.5652890268465858467224479747452540843710 +/- 7.24e-42],[9.873900845194452377620266860903022292693e-5 +/- 2.44e-45]
209,[0.09709413490422411193002381955390529426568 +/- 2.96e-42],[0.5187093225637285675301707445258409876917 +/- 1.60e-41],[0.0008926842643871804549868192380973077785860 +/- 1.95e-44],[0.0001693082157078721749600393942445223955042 +/- 3.17e-44],[0.9766909446119108322481589904519090999591 +/- 3.61e-41],[0.4766909446119108322481589904519090999591 +/- 3.61e-41],[8.263380931458521178196336297885854518394e-5 +/- 3.01e-46]
210,[0.09692482668851623975506378015966077187017 +/- 2.89e-42],[0.5182674706996506776352896033323393983046 +/- 3.96e-42],[0.0008876548369028362089683402762288755849218 +/- 3.23e-45],[0.0001528292734888016606997314543275925805027 +/- 1.39e-44],[0.8881726506547336624851953942677393450137 +/- 2.14e-42],[0.3881726506547336624851953942677393450137 +/- 2.14e-42],[6.679348226277111173424022188455450411846e-5 +/- 2.10e-45]
211,[0.09677199741502743809436404870533317928967 +/- 1.96e-43],[0.5179100014583394766787980181114638752271 +/- 1.63e-41],[0.0008826780627621767651995467830567814727779 +/- 4.38e-44],[0.0001666960015152496892744217120591332658159 +/- 6.64e-45],[0.9757603097138927466847011990656169334445 +/- 6.00e-42],[0.4757603097138927466847011990656169334445 +/- 6.00e-42],[8.127748230732689258877896449828811301633e-5 +/- 3.43e-45]
212,[0.09660530141351218840508962699327404602385 +/- 4.29e-42],[0.5174746316121721521160685937805271660306 +/- 4.42e-41],[0.0008777531408400608260604779157276158818794 +/- 3.29e-44],[0.0001654255228499849020442482652885570737639 +/- 4.63e-44],[0.9754368723492221871588628359097368816502 +/- 9.33e-42],[0.4754368723492221871588628359097368816502 +/- 9.33e-42],[8.062991611247381093615274938340748476595e-5 +/- 3.82e-45]
213,[0.09643987589066220350304537872798548895009 +/- 3.43e-43],[0.5170423510745965381274018319104779296133 +/- 4.40e-41],[0.0008728792859517275144391649542139688228623 +/- 3.14e-44],[0.0001494830537731667545142490676851678572461 +/- 3.69e-45],[0.8878735848084006451096241364781844502294 +/- 2.63e-41],[0.3878735848084006451096241364781844502294 +/- 2.63e-41],[6.530268376845230876974483374489070208272e-5 +/- 4.08e-45]
214,[0.09629039283688903674853112966030032109284 +/- 4.25e-42],[0.5166919384397784662644059645101665571312 +/- 7.11e-43],[0.0008680557284618580756810685115527467480127 +/- 2.08e-45],[0.0001337924755974320913375710422326652030889 +/- 4.02e-45],[0.8003337438278566893569272270235470497167 +/- 1.03e-41],[0.3003337438278566893569272270235470497167 +/- 1.03e-41],[5.020704849952789774538638551720068490553e-5 +/- 7.71e-46]
215,[0.09615660036129160465719355861806765588976 +/- 4.66e-42],[0.5164222945558268518244332301619686798111 +/- 6.18e-42],[0.0008632817139050147115351477720396639782807 +/- 1.55e-44],[0.0001183178474365528163375430059866108254798 +/- 4.16e-44],[0.7126702374358327152105363962913632813089 +/- 3.12e-41],[0.2126702374358327152105363962913632813089 +/- 3.12e-41],[3.530761267337744303838736530442963364669e-5 +/- 2.89e-45]
216,[0.09603828251385505184085601561208104506428 +/- 4.42e-42],[0.5162325063077967702781973728992030157974 +/- 1.91e-41],[0.0008585565026170739163436979234311679278017 +/- 8.48e-45],[0.0001173905979747080142845744231875204608268 +/- 3.98e-44],[0.7118525621589902203105099229225311409735 +/- 1.04e-41],[0.2118525621589902203105099229225311409735 +/- 1.04e-41],[3.493630602226213533131340237222691218815e-5 +/- 3.50e-45]
217,[0.09592089191588034382657144118889352460345 +/- 1.26e-42],[0.5160445525674851225969887158592516514883 +/- 4.63e-41],[0.0008538793693772862696638850176329076295670 +/- 6.38e-45],[0.0001022116271626280672843267036404531574316 +/- 3.88e-44],[0.6239654997927862032911849776724140500530 +/- 4.11e-41],[0.1239654997927862032911849776724140500530 +/- 4.11e-41],[2.030675646338932272441563621095737376717e-5 +/- 2.14e-46]
218,[0.09581868028871771575928711448525307144602 +/- 2.82e-42],[0.5159352109375667423666457405494045760044 +/- 4.36e-41],[0.0008492496030606086028416219636078846725927 +/- 3.89e-44],[8.717745177310871262549759422185175951021e-5 +/- 4.43e-45],[0.5356592847189246138652394598178726204368 +/- 1.20e-41],[0.03565928471892461386523945981787262043681 +/- 1.97e-42],[5.803475572123830799428925702524560918813e-6 +/- 2.59e-46]
219,[0.09573150283694460704666161689103121968651 +/- 3.03e-42],[0.5159039355914263291870310412319853854638 +/- 3.22e-41],[0.0008446665062999678289207629421739651361250 +/- 5.00e-44],[7.224507678578869164587826104093397751357e-5 +/- 5.8e-47],[0.4467227923097648504610960004466565196082 +/- 7.82e-42],[-0.05327720769023514953890399955334348039181 +/- 2.20e-42],[-8.616117258338768369088518005704932023524e-6 +/- 1.78e-46]
220,[0.09565925776015881835501573862999028570899 +/- 3.41e-42],[0.5159504077188135071546306746825992778500 +/- 5.22e-42],[0.0008401293951581285333053598485546413426494 +/- 3.67e-44],[7.148949516605217512999999416666591667225e-5 +/- 1.67e-45],[0.4447736471429493900802069563748630037234 +/- 3.59e-41],[-0.05522635285705060991979304362513699627664 +/- 4.17e-42],[-8.876659197265566165207549800009559247477e-6 +/- 1.41e-46]
221,[0.09558776826499276617988573863582361979232 +/- 1.16e-42],[0.5159983253694062706503940920517860486194 +/- 2.90e-41],[0.0008356375988088486930309935458185075081719 +/- 4.50e-44],[5.668044293589597443584442346309071176251e-5 +/- 4.22e-45],[0.3547994559977328377385918850047746850029 +/- 6.93e-42],[-0.1452005440022671622614081149952253149971 +/- 6.93e-42],[-2.319629021255924961297981153946984845490e-5 +/- 1.03e-45]
222,[0.09553108782205687020544989421236052908056 +/- 1.36e-42],[0.5161236474418810098375573298222768168687 +/- 1.03e-42],[0.0008311904592270196502404528121460859953763 +/- 3.38e-44],[6.999369606716829805695992927016765039260e-5 +/- 3.43e-46],[0.4407412093655803387339752489259987648775 +/- 1.50e-41],[-0.05925879063441966126602475107400123512249 +/- 5.00e-42],[-9.410832690103896357664724270030688442668e-6 +/- 4.25e-46]
223,[0.09546109412598970190739293428309036143017 +/- 3.96e-42],[0.5161745334307488737176547069222172827263 +/- 9.46e-42],[0.0008267873308874977341366923606277874315856 +/- 1.20e-44],[8.325381816738481245635547033907293099046e-5 +/- 3.02e-45],[0.5274167807714830439445426375331451028001 +/- 2.80e-41],[0.02741678077148304394454263753314510280013 +/- 2.08e-42],[4.327794951357598473820785687951535103896e-6 +/- 5.64e-47]
224,[0.09537784030782231709493657881275128849918 +/- 4.42e-42],[0.5161511129362871211956294870617568068796 +/- 1.92e-41],[0.0008224275804723457277485240996016547459251 +/- 2.07e-44],[8.251148647556379225710262587539220972546e-5 +/- 1.24e-45],[0.5259437094577789908603510224752245985110 +/- 1.27e-41],[0.02594370945777899086035102247522459851099 +/- 2.68e-42],[4.070120040523713547440456915546435212129e-6 +/- 1.14e-46]
225,[0.09529532882134675330267947618687589628945 +/- 1.34e-43],[0.5161290687574986204399187547778711706423 +/- 1.08e-41],[0.0008181105865862127326124609814409079305399 +/- 2.71e-44],[8.177886355142199157727335899390263040458e-5 +/- 4.95e-45],[0.5244782101850361657396541879308312839228 +/- 3.11e-41],[0.02447821018503616573965418793083128392283 +/- 1.01e-42],[3.816746190463974810056126570934714236434e-6 +/- 3.96e-46]
226,[0.09521354995779533131110220282788199365905 +/- 4.45e-42],[0.5161083799511898712983246199569502603746 +/- 3.82e-41],[0.0008138357394795909162034576546136439104628 +/- 4.98e-44],[6.726846351820455536704543026958733815752e-5 +/- 1.81e-46],[0.4340562326885520781350879819024460678296 +/- 1.71e-41],[-0.06594376731144792186491201809755393217042 +/- 3.00e-42],[-1.021972632017478056051801971923693262649e-5 +/- 4.78e-45]
227,[0.09514628149427712675573515739761240632089 +/- 1.97e-42],[0.5161638214556691586251578102594372832124 +/- 3.11e-41],[0.0008096024407796971528868744467098433679441 +/- 3.21e-44],[8.034237729748890029421455462258604678738e-5 +/- 3.68e-45],[0.5214960867158722673061649356390356346286 +/- 4.75e-42],[0.02149608671587226730616493563903563462860 +/- 4.75e-42],[3.311715568610007647721101412769254701315e-6 +/- 2.49e-46]
228,[0.09506593911697963785544094284298982027410 +/- 6.55e-43],[0.5161458410072223855097404933810421557265 +/- 1.42e-41],[0.0008054101032287367076099895749955509106124 +/- 3.24e-44],[7.963780779472275957574299816267027277895e-5 +/- 6.50e-46],[0.5200526155937349604168217811660232923808 +/- 1.91e-41],[0.02005261559373496041682178116602329238078 +/- 9.63e-43],[3.070739956979390482219967329455297786910e-6 +/- 6.94e-47]
229,[0.09498630130918491509586519984482715000132 +/- 1.71e-42],[0.5161291554599509533964255152519545953869 +/- 2.99e-42],[0.0008012581504293148798983477181143589557949 +/- 4.39e-44],[9.257172370997327546862897793031844432950e-5 +/- 2.70e-45],[0.6081558906139444433685133713002962467400 +/- 8.18e-42],[0.1081558906139444433685133713002962467400 +/- 8.18e-42],[1.646317560685415985246796480703609822904e-5 +/- 1.84e-45]
230,[0.09489372958547494182039657086689683155699 +/- 2.21e-42],[0.5160396274053241507191829095667168156365 +/- 4.80e-41],[0.0007971460165967709405112743932075613898751 +/- 4.76e-44],[0.0001053798815525140671505669720462282909445 +/- 2.13e-44],[0.6965500283679020830413542035536247255872 +/- 3.23e-41],[0.1965500283679020830413542035536247255872 +/- 3.23e-41],[2.973572301344156555725963265000032571771e-5 +/- 4.92e-45]
231,[0.09478834970392242775324600389485060326605 +/- 2.33e-42],[0.5158777931797606258665515830008770195726 +/- 6.48e-42],[0.0007930731463182167700750844994080844282129 +/- 8.23e-46],[0.0001180329688815183133024792000089295020503 +/- 3.71e-44],[0.7850641188242478090895800506374233421645 +/- 3.99e-41],[0.2850641188242478090895800506374233421645 +/- 3.99e-41],[4.285887414751714250072489291067831723042e-5 +/- 2.28e-45]
232,[0.09467031673504090943994352469484167376400 +/- 2.66e-42],[0.5156443521482338011851065272657151939820 +/- 4.61e-41],[0.0007890389943180703631197162877825228884859 +/- 3.67e-44],[0.0001172004837182087718346775174036484697038 +/- 7.28e-45],[0.7844894577739364758970909593874906959117 +/- 3.84e-41],[0.2844894577739364758970909593874906959117 +/- 3.84e-41],[4.250191220981890608076635949348872467196e-5 +/- 2.85e-45]
233,[0.09455311625132270066810884717743802529429 +/- 3.54e-42],[0.5154126725904280047681303542275989932982 +/- 7.48e-42],[0.0007850430252298818064377008413117814479817 +/- 3.39e-44],[0.0001295598757660289459491567098628969633613 +/- 4.91e-44],[0.8727125493665887656637873480319981817551 +/- 1.16e-41],[0.3727125493665887656637873480319981817551 +/- 1.16e-41],[5.533161133917787159732702859522141489963e-5 +/- 3.93e-45]
234,[0.09442355637555667172215969046757512833093 +/- 2.29e-42],[0.5151108208827426221020606792216890058643 +/- 1.37e-41],[0.0007810847133742564911196955148724525124359 +/- 2.16e-44],[0.0001286679449433007266016041559717340349425 +/- 3.65e-44],[0.8722919747199666996850813284514736745256 +/- 3.52e-41],[0.3722919747199666996850813284514736745256 +/- 3.52e-41],[5.491514847592109456610724407586456547722e-5 +/- 4.49e-47]
235,[0.09429488843061337099555808631160339429599 +/- 1.81e-43],[0.5148110069336164076055899282106228844561 +/- 3.48e-41],[0.0007771635425426871859035359614223836024851 +/- 4.29e-45],[0.0001148929187538843859958662856961742285604 +/- 1.46e-44],[0.7839036679312828454780731573899602338144 +/- 4.37e-41],[0.2839036679312828454780731573899602338144 +/- 4.37e-41],[4.161036921748144971290083626719610493251e-5 +/- 4.83e-45]
236,[0.09417999551185948660956222002590722006743 +/- 5.95e-43],[0.5145836548748670738542055512471456152964 +/- 2.23e-41],[0.0007732790057871131978921585353323855583621 +/- 2.72e-45],[0.0001140968621395357085965694917237300235895 +/- 8.48e-45],[0.7833373243550160759165427234618938789214 +/- 1.33e-42],[0.2833373243550160759165427234618938789214 +/- 1.33e-42],[4.126944884509022164650753596300299936424e-5 +/- 3.96e-45]
237,[0.09406589864971995090096565053418349004384 +/- 8.7e-44],[0.5143579910465906207401212451545435960740 +/- 3.02e-41],[0.0007694306052150311869530606713022428193202 +/- 1.86e-44],[0.0001006210460223743309865958961875070135988 +/- 1.78e-44],[0.6951158098169787358727380448425768397081 +/- 3.69e-41],[0.1951158098169787358727380448425768397081 +/- 3.69e-41],[2.824386469422452424584001248892439251621e-5 +/- 1.72e-45]
238,[0.09396527760369757656997905463799598303024 +/- 1.10e-42],[0.5142034329741132707231886179577659732639 +/- 2.60e-41],[0.0007656178517899882933566364492340419495370 +/- 6.05e-45],[0.0001125248980589272170394284157355803903444 +/- 3.37e-44],[0.7820583909989785966404870266651550677217 +/- 1.35e-41],[0.2820583909989785966404870266651550677217 +/- 1.35e-41],[4.058340407713437952308547884999802471399e-5 +/- 3.34e-45]
239,[0.09385275270563864935293962622226040263990 +/- 3.34e-42],[0.5139811794408715356274019125512072154035 +/- 1.53e-41],[0.0007618402651372940950648939991074896672380 +/- 4.67e-44],[0.0001242837403000784236946727824719811779436 +/- 2.55e-44],[0.8691072677639727551064628786799555114169 +/- 3.93e-41],[0.3691072677639727551064628786799555114169 +/- 3.93e-41],[5.278293429494977932531723889156401936239e-5 +/- 6.36e-46]
240,[0.09372846896533857092924495343978842146195 +/- 3.10e-42],[0.5136918952366864309999905278332597851242 +/- 3.35e-41],[0.0007580973733547935416685312997284485147590 +/- 3.81e-44],[0.0001234510642120365528213249638168938435697 +/- 4.84e-44],[0.8686970117622797884739673106298209974568 +/- 3.54e-41],[0.3686970117622797884739673106298209974568 +/- 3.54e-41],[5.239575808084709868490870271786110528968e-5 +/- 1.45e-45]
241,[0.09360501790112653437642362847597152761838 +/- 3.44e-42],[0.5134045151434366826266379750297855026084 +/- 3.30e-41],[0.0007543887128285484259380303034728591731759 +/- 2.80e-44],[0.0001349303810642029454872667948836044233450 +/- 3.51e-44],[0.9554004438090176649913796358849446551058 +/- 4.20e-41],[0.4554004438090176649913796358849446551058 +/- 4.20e-41],[6.431581209547886562813331149957944671741e-5 +/- 2.90e-45]
242,[0.09347008752006233143093636168108792319504 +/- 1.53e-42],[0.5130514896560374041541538572801274760977 +/- 3.53e-41],[0.0007507138280532801605024112386762597228983 +/- 3.82e-44],[0.0001340342862330393451740625018890911428280 +/- 2.21e-45],[0.9550780089203680905039991184666246624969 +/- 2.09e-41],[0.4550780089203680905039991184666246624969 +/- 2.09e-41],[6.386499902237822428169620150834287324452e-5 +/- 1.96e-45]
243,[0.09333605323382929208576229917919883205221 +/- 4.72e-43],[0.5127006752923285965093174064069293805229 +/- 2.57e-41],[0.0007470722714574316350695702372687470771522 +/- 1.19e-44],[0.0001331480085467922294009843726051899778663 +/- 2.35e-44],[0.9547565130623504239204709259326845940228 +/- 2.91e-41],[0.4547565130623504239204709259326845940228 +/- 2.91e-41],[6.341923124852362269446062323231574994212e-5 +/- 3.89e-46]
244,[0.09320290522528249985636131480659364207434 +/- 4.20e-42],[0.5123520491094366907354366023493659955017 +/- 2.50e-42],[0.0007434636032327107472211256261035615838660 +/- 1.11e-44],[0.0001322713991012460905989038495842790344376 +/- 3.04e-44],[0.9544359506827808351554473046059439441895 +/- 1.95e-41],[0.4544359506827808351554473046059439441895 +/- 1.95e-41],[6.297843135070071884469123940813893857998e-5 +/- 3.29e-45]
245,[0.09307063382618125376576241095700936303991 +/- 3.44e-42],[0.5120055884968814209656215199233270282463 +/- 3.81e-41],[0.0007398873911679828351336018751920177903645 +/- 1.54e-44],[0.0001314043118679470508127181639519691044838 +/- 4.87e-44],[0.9541163162782354447608510702574081788508 +/- 4.52e-41],[0.4541163162782354447608510702574081788508 +/- 4.52e-41],[6.254252341194318653305605314720298092451e-5 +/- 2.55e-45]
246,[0.09293922951431330671494969279305739393542 +/- 2.82e-42],[0.5116612711704048620226326226881813779481 +/- 2.10e-41],[0.0007363432104873837012117645399497382525909 +/- 3.65e-44],[0.0001422533721599678608741620920911783566035 +/- 2.26e-44],[1.039329418104589164382434196417437234910 +/- 2.99e-40],[0.5393294181045891643824341964174372349097 +/- 1.95e-42],[7.381820151917459399350579522976258340241e-5 +/- 1.53e-45]
247,[0.09279697614215333885407553070096621557882 +/- 6.67e-43],[0.5112545780319242678869288772628971273602 +/- 2.20e-41],[0.0007328306436925292088363668774263709864306 +/- 9.83e-45],[0.0001297391296061544962582430871861707977603 +/- 2.52e-44],[0.9539015147209420241277309226230522003195 +/- 4.61e-41],[0.4539015147209420241277309226230522003195 +/- 4.61e-41],[6.173466184717998907108136851022469609984e-5 +/- 1.37e-45]
248,[0.09266723701254718435781728761378004478106 +/- 9.42e-43],[0.5109142083726612511574145434246098600538 +/- 5.41e-42],[0.0007293492804087015671642934663756060163139 +/- 2.59e-44],[0.0001288994826218090644801180596034757880327 +/- 3.49e-44],[0.9535849880780106919200433394702955310867 +/- 3.38e-41],[0.4535849880780106919200433394702955310867 +/- 3.38e-41],[6.131269998924517961090370401409334600208e-5 +/- 3.20e-45]
249,[0.09253833752992537529333716955417656899303 +/- 3.68e-42],[0.5105759184385155186937430366382286972474 +/- 3.68e-41],[0.0007258987172348963977966438199032511363801 +/- 2.18e-44],[0.0001166898711579969565120746188319574295227 +/- 3.19e-44],[0.8685712353918433424350330862034378274844 +/- 4.78e-41],[0.3685712353918433424350330862034378274844 +/- 4.78e-41],[4.951641064997425533702822377155534057346e-5 +/- 2.81e-45]
250,[0.09242164765876737833682509493534461156350 +/- 3.60e-42],[0.5103025155123188679273746837712419079133 +/- 7.86e-42],[0.0007224785575976185084734291919250728239753 +/- 2.78e-44],[0.0001159407217754457887918169604107063426975 +/- 4.21e-44],[0.8681751187372542635957548743416325828507 +/- 4.13e-41],[0.3681751187372542635957548743416325828507 +/- 4.13e-41],[4.916806308414421766786514613223158616586e-5 +/- 1.39e-46]
251,[0.09230570693699193254803327797493390522081 +/- 3.96e-42],[0.5100308396936391662971308534908803827498 +/- 5.38e-43],[0.0007190884116083179888018068006836387129270 +/- 2.08e-44],[0.0001264162049247292392526289401248993681126 +/- 3.65e-44],[0.9522739630181141482348210395078914250421 +/- 1.40e-41],[0.4522739630181141482348210395078914250421 +/- 1.40e-41],[6.004024074102481135800459034694047361417e-5 +/- 4.66e-45]
252,[0.09217929073206720330878064903480900585269 +/- 3.49e-42],[0.5096988514400645552925625563041581039795 +/- 2.54e-41],[0.0007157278959243617971473581503674363773459 +/- 3.64e-44],[0.0001256116446440912773010607624042960086129 +/- 1.17e-44],[0.9519597793225531818279681730451535102462 +/- 9.92e-42],[0.4519597793225531818279681730451535102462 +/- 9.92e-42],[5.963635484062879403746769809414995709812e-5 +/- 6.08e-46]
253,[0.09205367908742311203147958827240470984408 +/- 5.78e-43],[0.5093688602610433953534451482850969590856 +/- 4.46e-41],[0.0007123966336134394317268310384160015933166 +/- 9.10e-45],[0.0001138059520314015876105518429002372342007 +/- 3.91e-44],[0.8677047430892362894009003381159930421852 +/- 2.36e-41],[0.3677047430892362894009003381159930421852 +/- 2.36e-41],[4.822722093778949336519108994478462894240e-5 +/- 4.98e-45]
254,[0.09193987313539171044386903642950447260988 +/- 8.7e-44],[0.5091018100179414997487435511818810147774 +/- 7.97e-42],[0.0007090942540213045779032349081022110365004 +/- 4.61e-44],[0.0001021539941148648690083875962105659699854 +/- 3.98e-44],[0.7834611934255722978915143881111386761505 +/- 5.49e-42],[0.2834611934255722978915143881111386761505 +/- 5.49e-42],[3.695995835911090290378178596720008747034e-5 +/- 4.78e-45]
255,[0.09183771914127684557486064883329390663989 +/- 4.48e-42],[0.5088970051480555850601025609861675329052 +/- 4.86e-41],[0.0007058203926427578027344519690486201705109 +/- 3.54e-44],[0.0001123703822727447619454667146092939355651 +/- 3.02e-44],[0.8667753890080572442388025175972264401476 +/- 9.28e-42],[0.3667753890080572442388025175972264401476 +/- 9.28e-42],[4.754944728903342485790427971296829665836e-5 +/- 3.21e-45]
256,[0.09172534875900410081291518211868461270433 +/- 5.97e-43],[0.5086333350254509670333755654473440942195 +/- 1.61e-41],[0.0007025746909957784317770453780116601844008 +/- 4.61e-44],[0.0001116667788410807712162029612474265305866 +/- 2.42e-44],[0.8663873850517881537759149497727212007116 +/- 8.90e-42],[0.3663873850517881537759149497727212007116 +/- 8.90e-42],[4.722287028024345643739667024435593412136e-5 +/- 3.28e-45]
257,[0.09161368198016302004169897915743718617374 +/- 2.84e-42],[0.5083712917253187588431514392535158983207 +/- 3.35e-41],[0.0006993567964987166965989531453071774441083 +/- 2.99e-44],[0.0001216722742727957999295553217129816972352 +/- 4.67e-45],[0.9495164486251902701085941674924907933398 +/- 3.13e-41],[0.4495164486251902701085941674924907933398 +/- 3.13e-41],[5.760162312769678183509499538119762488682e-5 +/- 2.45e-45]
258,[0.09149200970589022424176942383572420447651 +/- 2.38e-42],[0.5080514322400647722830726897725134555120 +/- 2.20e-41],[0.0006961663623504600888083488045092599313301 +/- 1.46e-44],[0.0001315168721547518149595435487097714144557 +/- 4.32e-44],[1.032417300401225081573039686018975729148 +/- 4.40e-40],[0.5324173004012250815730396860189757291476 +/- 3.94e-41],[6.782321257366922973100612170120299473552e-5 +/- 3.23e-45]
259,[0.09136049283373547242680988028701443306205 +/- 1.97e-42],[0.5076745503092007941800853356115872584799 +/- 3.21e-41],[0.0006930030474134906018696171199027800837177 +/- 3.24e-44],[0.0001202015448948502517443096089078734428579 +/- 2.83e-44],[0.9492628302477345068180680089432413947183 +/- 3.85e-41],[0.4492628302477345068180680089432413947183 +/- 3.85e-41],[5.688844494787319979161975515951503939149e-5 +/- 3.68e-45]
260,[0.09124029128884062217506557067810655961919 +/- 4.05e-42],[0.5073582117783621175771026986073360059546 +/- 2.83e-41],[0.0006898665160997521895770702190774146186579 +/- 1.84e-44],[0.0001194614597307773859808924177924188001346 +/- 4.71e-44],[0.9489560352893523030531043152314953659359 +/- 3.80e-41],[0.4489560352893523030531043152314953659359 +/- 3.80e-41],[5.651783785141833744799605226033855602871e-5 +/- 2.28e-45]
261,[0.09112082982910984478908467826031414081906 +/- 6.09e-43],[0.5070437171162601452706586939030501114985 +/- 4.02e-41],[0.0006867564382592503236446876594971840983381 +/- 4.22e-44],[0.0001187289024179704267092172212909917386398 +/- 3.73e-44],[0.9486500885918912760164629322790527301362 +/- 4.27e-41],[0.4486500885918912760164629322790527301362 +/- 4.27e-41],[5.615108587330369636716332979054226930724e-5 +/- 2.20e-45]
262,[0.09100210092669187436237546103902314908042 +/- 4.46e-43],[0.5067310485258573172637604963487256414795 +/- 1.25e-41],[0.0006836724890713079961319656286071669964171 +/- 3.52e-44],[0.0001077577457225307109705786000107163991345 +/- 4.44e-44],[0.8660021668519552890631119796780437889928 +/- 9.68e-43],[0.3660021668519552890631119796780437889928 +/- 9.68e-43],[4.554211287126089322829679068601639729772e-5 +/- 1.84e-45]
263,[0.09089434318096934365140488243901243268129 +/- 4.91e-42],[0.5064772808579878260073844566129002748680 +/- 3.56e-41],[0.0006806143489384048888900030380485658195906 +/- 1.67e-44],[0.0001172756357409838147794049672503494733814 +/- 4.46e-44],[0.9478505004858064219721363270057917518311 +/- 2.04e-41],[0.4478505004858064219721363270057917518311 +/- 2.04e-41],[5.541164153468442292864875167198260909300e-5 +/- 4.74e-45]
264,[0.09077706754522835983662547747176208320790 +/- 3.66e-42],[0.5061683083650686372371532180253914978935 +/- 9.04e-42],[0.0006775817033825287252556213628812768173662 +/- 1.60e-44],[0.0001165651233251643270338431576539464626985 +/- 1.88e-44],[0.9475471120612114736046129715056725076076 +/- 1.15e-41],[0.4475471120612114736046129715056725076076 +/- 1.15e-41],[5.505624326979762952132602280901922862929e-5 +/- 1.63e-45]
265,[0.09066050242190319550959163431410813674521 +/- 4.83e-42],[0.5058611094023893941921560203044156304666 +/- 2.95e-41],[0.0006745742429439700320782696509949595273622 +/- 1.01e-44],[0.0001058657917237788760513227231047995129429 +/- 3.69e-45],[0.8655213356089854540679714752221562408269 +/- 1.75e-41],[0.3655213356089854540679714752221562408269 +/- 1.75e-41],[4.470855193760356636362613980813730925501e-5 +/- 1.63e-45]
266,[0.09055463663017941663354031159100333723226 +/- 2.28e-42],[0.5056114793676748097993238075377173907617 +/- 2.90e-41],[0.0006715916630824936759312744995295247214520 +/- 3.86e-44],[0.0001151579841826241109824989575643048427020 +/- 1.59e-44],[0.9467778082542032432416950320604209683048 +/- 5.09e-42],[0.4467778082542032432416950320604209683048 +/- 5.09e-42],[5.434224516833101572896541823005956380457e-5 +/- 4.80e-45]
267,[0.09043947864599679252255781263343903238956 +/- 2.64e-43],[0.5053078557312635948895201922746256261351 +/- 2.54e-41],[0.0006686336640808225990014404964570968941988 +/- 4.77e-44],[0.0001046228033933264848531557069941862670713 +/- 1.91e-44],[0.8650676442935421797305900366509274513114 +/- 3.95e-41],[0.3650676442935421797305900366509274513114 +/- 3.95e-41],[4.415192340869433682004533461535630078159e-5 +/- 3.40e-45]
268,[0.09033485584260346603770465692644484612249 +/- 1.06e-42],[0.5050610029023210723286174319351625197162 +/- 5.96e-42],[0.0006656999509503711705100816708397018723386 +/- 2.84e-44],[0.0001039983396337866824324115399240470960292 +/- 3.02e-44],[0.8646941667976046265592292830905787202425 +/- 8.80e-42],[0.3646941667976046265592292830905787202425 +/- 8.80e-42],[4.386243053025670453629030562577818867727e-5 +/- 2.52e-45]
269,[0.09023085750296967935527224538652079902646 +/- 2.29e-43],[0.5048156052630964500139702431617225823141 +/- 1.94e-41],[0.0006627902333391674913161666520300789587946 +/- 1.73e-44],[0.0001131158997785807111493430443230889254208 +/- 3.12e-44],[0.9457197830675954428419627322442892794723 +/- 4.82e-41],[0.4457197830675954428419627322442892794723 +/- 4.82e-41],[5.331176867979426559893812370240439106089e-5 +/- 1.21e-45]
270,[0.09011774160319109864412290234219771010104 +/- 9.98e-43],[0.5045171434866464480023535613135782296698 +/- 4.64e-42],[0.0006599042254419058451966099700753194286085 +/- 7.62e-45],[0.0001124467912357321975295926346251315855944 +/- 1.62e-44],[0.9454223449093487192975666764036386855228 +/- 2.21e-41],[0.4454223449093487192975666764036386855228 +/- 2.21e-41],[5.297771276450456128157629632758466485627e-5 +/- 2.15e-45]
271,[0.09000529481195536644659330970757257851544 +/- 4.63e-42],[0.5042203560448812582300181913191282862237 +/- 3.62e-41],[0.0006570416459120722826895337936493262396997 +/- 4.33e-44],[0.0001213835700040827265241441097486129284960 +/- 2.43e-45],[1.026287298808160112937515307363722406438 +/- 3.84e-40],[0.5262872988081601129375153073637224064376 +/- 1.67e-41],[6.224634296003427219421205255505077623447e-5 +/- 7.17e-46]
272,[0.08988391124195128372006916559782396558695 +/- 1.38e-42],[0.5038714153668965288009546680895261367394 +/- 4.26e-41],[0.0006542022177760880547196268469190533220581 +/- 4.58e-44],[0.0001206639807884982917544869657928382662788 +/- 3.39e-44],[1.026014926492030428343842671134049628363 +/- 6.41e-41],[0.5260149264920304283438426711340496283631 +/- 3.60e-41],[6.186172671162470871246413968449388572629e-5 +/- 2.36e-46]
273,[0.08976324726116278542831467863203112732067 +/- 2.13e-43],[0.5035244037557062299703790937046626003793 +/- 1.39e-41],[0.0006513856683494172857976439838240836417178 +/- 1.91e-44],[0.0001293903672307951582256330769915693437616 +/- 3.71e-44],[1.106458668394548982405628359808297677773 +/- 3.03e-40],[0.6064586683945489824056283598082976777733 +/- 2.37e-42],[7.091987442036863656029135336285899548601e-5 +/- 2.29e-46]
274,[0.08963385689393199027008904555503955797691 +/- 1.85e-42],[0.5031263214152957464260173155246474022313 +/- 7.91e-42],[0.0006485917291545868926011952744007099537517 +/- 1.93e-44],[0.0001192662786654979046549368231655345700891 +/- 2.86e-45],[1.025756275130632492996620234646082206785 +/- 3.56e-40],[0.5257562751306324929966202346460822067846 +/- 4.45e-41],[6.113050043186776606815542089886298192351e-5 +/- 4.79e-45]
275,[0.08951459061526649236543410873187402340682 +/- 9.47e-43],[0.5027829653872841377031090300903595818746 +/- 4.45e-41],[0.0006458201358410683153135335762816495279620 +/- 1.87e-45],[0.0001185672456684536157694311309610818391995 +/- 2.52e-44],[1.025485028176379639749060128582046357779 +/- 1.11e-40],[0.5254850281763796397490601285820463577791 +/- 1.01e-41],[6.075692059754459068424717379150996278848e-5 +/- 3.17e-45]
276,[0.08939602336959803874966467760091294156762 +/- 4.72e-43],[0.5024414871381593899430817149713275557263 +/- 7.94e-43],[0.0006430706281069721382470402423164870218498 +/- 8.56e-46],[0.0001178749571050622064440387817953570094362 +/- 3.31e-44],[1.025214353269434393034116939575527345908 +/- 1.51e-40],[0.5252143532694343930341169395755273459078 +/- 4.98e-41],[6.038700020650923578709530110010607724600e-5 +/- 1.60e-45]
277,[0.08927814841249297654322063881911758455818 +/- 3.37e-42],[0.5021018695918518435758341088687855452738 +/- 4.23e-41],[0.0006403429496225081349520406570584107789870 +/- 1.35e-44],[0.0001263198845905660907069581578882362839990 +/- 4.10e-44],[1.104800641557826654865684397088779687353 +/- 3.19e-41],[0.6048006415578266548656843970887796873530 +/- 3.19e-41],[6.915125169927429600525193587752447551226e-5 +/- 4.69e-45]
278,[0.08915182852790241045251368066122934827418 +/- 4.41e-42],[0.5017127125477508720032310203645446172767 +/- 2.09e-41],[0.0006376368479551646830741429862540092661696 +/- 4.40e-44],[0.0001165310947947112785476840664376293268393 +/- 3.14e-44],[1.024962956237401198508943028325763059509 +/- 2.94e-40],[0.5249629562374011985089430283257630595087 +/- 6.19e-42],[5.968460386274025598170915454456299415031e-5 +/- 4.90e-45]
279,[0.08903529743310769917396599659479171894735 +/- 4.87e-42],[0.5013766159032856680846272608652427544697 +/- 1.83e-41],[0.0006349520744965628574638197034028217778281 +/- 3.28e-44],[0.0001158582768552214117510585937363570164347 +/- 4.48e-44],[1.024693329450906255931893297116319836475 +/- 2.04e-40],[0.5246933294509062559318932971163198364748 +/- 3.90e-42],[5.932513004665118018665574665468994940180e-5 +/- 2.46e-45]
280,[0.08891943915625247776221493800105536193091 +/- 3.92e-43],[0.5010423312772921343545413717504153184161 +/- 1.46e-41],[0.0006322883843909418281777280186424524252025 +/- 2.18e-44],[0.0001151918548335013612369708004076553027155 +/- 2.73e-44],[1.024424266265967275122666268018744279235 +/- 1.40e-40],[0.5244242662659672751226662680187442792351 +/- 3.99e-41],[5.896912630844583047242038397237930592075e-5 +/- 3.00e-45]
281,[0.08880424730141897640097796720064770662819 +/- 4.92e-42],[0.5007098424286243773759861355542236498229 +/- 1.97e-41],[0.0006296455364652334646906775199245170945223 +/- 4.28e-44],[0.0001233725026969342792182338376936623008690 +/- 4.17e-44],[1.103210819765698725912715608346170887343 +/- 3.10e-40],[0.6032108197656987259127156083461708873433 +/- 9.46e-42],[6.745730476444106661038181482015127491695e-5 +/- 1.20e-45]
282,[0.08868087479872204212175973336295404432733 +/- 4.05e-42],[0.5003292545838874500234940301112009888397 +/- 2.73e-41],[0.0006270232931606852804426857412237089197038 +/- 7.40e-45],[0.0001314124685469010218606016618069544744979 +/- 3.10e-44],[1.181661088238714701579367635225261725528 +/- 6.06e-41],[0.6816610882387147015793676352252617255281 +/- 3.95e-41],[7.580749439023590358079581306576711279861e-5 +/- 4.38e-45]
283,[0.08854946233017514109989913170114708985283 +/- 1.92e-42],[0.4999012873998639856019038958611126205568 +/- 7.67e-42],[0.0006244214204659920442966581479955751453201 +/- 4.78e-46],[0.0001393033870359503894587066122193521803150 +/- 4.28e-45],[1.259702406301501111415498439994361992002 +/- 9.02e-41],[0.7597024063015011114154984399943619920021 +/- 9.85e-42],[8.401120598624257403179899816575079089345e-5 +/- 5.38e-46]
284,[0.08841015894313919071044042508892773767251 +/- 3.09e-42],[0.4994267102615308468049330180538334010457 +/- 2.33e-41],[0.0006218396878518975390380153588623572168426 +/- 3.98e-45],[0.0001384579405968434245419236945579088034632 +/- 1.40e-44],[1.259236385221773339004330008311420994255 +/- 3.55e-41],[0.7592363852217733390043300083114209942550 +/- 3.55e-41],[8.348099495670510256349005156848569557844e-5 +/- 4.23e-45]
285,[0.08827170100254234728589850139436982886905 +/- 1.30e-43],[0.4989548348407800094310355580247376913021 +/- 4.70e-41],[0.0006192778682072290631094769781371448169891 +/- 1.80e-45],[0.0001461066966135291479009486108558756289421 +/- 4.10e-44],[1.336389550243384492292968933938338512526 +/- 1.59e-40],[0.8363895502433844922929689339383385125258 +/- 4.17e-41],[9.144198579364879859618507012131400178225e-5 +/- 2.78e-45]
286,[0.08812559430592881813799755278351395324011 +/- 2.19e-42],[0.4984376397179660265273142638082303595602 +/- 3.34e-41],[0.0006167357377763283516883681457031664620832 +/- 9.8e-47],[0.0001535822847208025500297153548100435285702 +/- 2.19e-44],[1.412895215225361034786413636420730489558 +/- 2.02e-40],[0.9128952152253610347864136364207304895578 +/- 1.95e-42],[9.923208129955813953675890554009437316362e-5 +/- 8.05e-46]
287,[0.08797201202120801558796783742870390971154 +/- 2.37e-42],[0.4978760375186183643656051069042147867083 +/- 3.51e-41],[0.0006142130760978436382735351615655445090504 +/- 2.18e-44],[0.0001443248566408814524473485391315722125932 +/- 3.40e-44],[1.335511266851726341847821803940587547916 +/- 3.50e-40],[0.8355112668517263418478218039405875479157 +/- 4.95e-41],[9.029129652681879823480870119406541296801e-5 +/- 2.1e-47]
288,[0.08782768716456713413552048888957233749894 +/- 4.41e-42],[0.4973647214746867535168141846513345699105 +/- 3.23e-41],[0.0006117096659448485893969111856368346836740 +/- 4.35e-44],[0.0001434337855781517686796528985548911674447 +/- 4.34e-44],[1.334887528785517975061550328738822496731 +/- 2.25e-40],[0.8348875287855179750615503287388224967308 +/- 2.48e-41],[8.970874040200574086016913676766503357696e-5 +/- 2.15e-45]
289,[0.08768425337898898236684083599101744633150 +/- 2.58e-43],[0.4968563934739158781905758625322708536142 +/- 2.22e-41],[0.0006092252932662548241051609984621890728049 +/- 1.81e-44],[0.0001425513204273799877363547686475373203122 +/- 1.56e-44],[1.334263835117892972317837619757956355181 +/- 1.60e-40],[0.8342638351178929723178376197579563551808 +/- 4.02e-41],[8.913185544773282944992924642377640359447e-5 +/- 3.23e-45]
290,[0.08754170205856160237910448122236990901119 +/- 2.48e-42],[0.4963510264670829205115621851861510748380 +/- 3.12e-41],[0.0006067597471294856776174342161420499688449 +/- 1.15e-44],[0.0001496681358127901356909403256393912706584 +/- 1.09e-44],[1.408859243565305298783063898929458705986 +/- 2.42e-40],[0.9088592435653052987830638989294587059862 +/- 4.20e-41],[9.655135480845252203664390760580783441884e-5 +/- 3.64e-46]
291,[0.08739203392274881224341354089673051774053 +/- 8.63e-43],[0.4958032594193711966555077758280745802063 +/- 1.88e-41],[0.0006043128196643797861593867943483042962966 +/- 3.25e-44],[0.0001408320095637097944898482323352858911047 +/- 1.23e-44],[1.333330231781257294807586925694140732911 +/- 2.08e-40],[0.8333302317812572948075869256941407329112 +/- 7.46e-42],[8.801988312764833072449954870465241810693e-5 +/- 2.60e-45]
292,[0.08725120191318510244892369266439523184942 +/- 4.46e-42],[0.4953035922131511092146507414262472972139 +/- 4.78e-41],[0.0006018843060082939584620166016758103641481 +/- 1.33e-44],[0.0001399745290674552741677408043659660429744 +/- 1.59e-44],[1.332706702188401761696624103381060350359 +/- 2.65e-40],[0.8327067021884017616966241033810603503587 +/- 3.54e-41],[8.745939995554832868630248647370241303626e-5 +/- 3.88e-45]
293,[0.08711122738411764717475595186002926580645 +/- 3.8e-44],[0.4948068077251225350841347208938832044610 +/- 2.57e-41],[0.0005994740042523756598164182152205062120559 +/- 1.17e-44],[0.0001468558643002655768885290940887912776503 +/- 3.73e-44],[1.406101948401598673778217641731300096770 +/- 4.95e-40],[0.9061019484015986737782176417313000967695 +/- 5.47e-42],[9.463494800496937144113412577856074897089e-5 +/- 2.18e-45]
294,[0.08696437151981738159786742276594047452880 +/- 3.04e-43],[0.4942689424493583430325077651749931471311 +/- 3.23e-41],[0.0005970817153889762678731092508728480004208 +/- 2.53e-44],[0.0001459373544165911198067912341911445895225 +/- 3.04e-45],[1.405275060145588929638980690999152129699 +/- 3.92e-40],[0.9052750601455889296389806909991521296986 +/- 8.81e-42],[9.401251829181432444381803417747805016172e-5 +/- 3.11e-45]
295,[0.08681843416540079047806063153174932993928 +/- 2.80e-42],[0.4937342955746453484353338671388723793213 +/- 2.68e-41],[0.0005947072432601770665104535546202870252363 +/- 2.74e-44],[0.0001374882783162298706499587211288354608470 +/- 2.48e-44],[1.331436630619791178904734295055588946755 +/- 4.47e-40],[0.8314366306197911789047342950555889467546 +/- 4.61e-41],[8.585672666955919503454571625679119179163e-5 +/- 4.46e-45]
296,[0.08668094588708456060741067281062049447843 +/- 1.79e-43],[0.4932457399383239055730199570765806099227 +/- 5.80e-42],[0.0005923503945074007259783214869286661282641 +/- 1.07e-44],[0.0001366625236781558250081084290360675820251 +/- 3.07e-44],[1.330813251992341739638142859193084056596 +/- 2.43e-41],[0.8308132519923417396381428591930840565960 +/- 2.42e-41],[8.531703118566663114939753161974901502712e-5 +/- 9.67e-46]
297,[0.08654428336340640478240256438158442689641 +/- 4.90e-42],[0.4927599676158748432819276805179595534178 +/- 2.93e-41],[0.0005900109785220817750234631037951024610318 +/- 1.59e-44],[0.0001358445255910079249470051401249968927725 +/- 1.10e-45],[1.330189964256761937338379787617910459994 +/- 3.98e-40],[0.8301899642567619373383797876179104599936 +/- 2.85e-42],[8.478244827827218957337514256591671669615e-5 +/- 1.51e-45]
298,[0.08640843883781539685745555924145943000363 +/- 2.61e-42],[0.4922769540820187174486977822599081211425 +/- 1.10e-41],[0.0005876888073973703046620863844055564338110 +/- 3.52e-44],[0.0001277368386062043195928481329757421970410 +/- 1.50e-44],[1.257716010701137908517933714497444297033 +/- 1.29e-40],[0.7577160107011379085179337144974442970331 +/- 2.81e-41],[7.695556623653997486110056451222546256990e-5 +/- 3.64e-45]
299,[0.08628070199920919253786271110848368780659 +/- 1.60e-42],[0.4918382732190289918560432796285060317198 +/- 6.08e-42],[0.0005853836958808438544911268147644400743828 +/- 2.74e-44],[0.0001197752951690552951354433777799477182146 +/- 4.49e-44],[1.185722229315700290859083546931492671828 +/- 4.14e-40],[0.6857222293157002908590835469314926718284 +/- 1.37e-41],[6.926797894956450481247918009275549231880e-5 +/- 4.04e-45]
300,[0.08616092670404013724272726773070374008838 +/- 3.06e-42],[0.4914431837346416111823900079867965615008 +/- 1.41e-41],[0.0005830954613282031217005961649809929738234 +/- 4.30e-44],[0.0001191064214264786509798746136831467706934 +/- 6.32e-45],[1.185373348127982396616895957396357913291 +/- 2.41e-40],[0.6853733481279823966168959573963579132912 +/- 4.03e-41],[6.886637612152087147894105743605127852207e-5 +/- 4.81e-46]
301,[0.08604182028261365859174739311702059331768 +/- 3.55e-42],[0.4910501557325824225478897746469305608431 +/- 3.03e-41],[0.0005808239236579278010140076985421110125280 +/- 3.58e-44],[0.0001113471457639512889003686817491150485184 +/- 1.69e-44],[1.114025180397095404440767246330201462487 +/- 2.06e-40],[0.6140251803970954044407672463302014624868 +/- 5.75e-42],[6.137199810873334940994485464349748524147e-5 +/- 4.09e-46]
302,[0.08593047313684970730284702443527147826917 +/- 4.85e-42],[0.4906996954164720322270428660016359945730 +/- 2.36e-41],[0.0005785689053068695113630477512404114767763 +/- 8.11e-45],[0.0001036998871288258523333789642544597894047 +/- 4.54e-44],[1.042907992661748532594919681434207258776 +/- 3.01e-40],[0.5429079926617485325949196814342072587757 +/- 2.1e-44],[5.398318735353735972689968714856085814034e-5 +/- 4.00e-45]
303,[0.08582677324972088145051364547101701847976 +/- 4.14e-43],[0.4903912499079441673121384115916197077068 +/- 3.25e-41],[0.0005763302311867593928904420520560953341897 +/- 3.92e-44],[9.614965969080262392429176591819243335064e-5 +/- 4.92e-45],[0.9719044481684989892130069315465138845413 +/- 1.25e-41],[0.4719044481684989892130069315465138845413 +/- 1.25e-41],[4.668509562177741156653011747199243313549e-5 +/- 4.64e-45]
304,[0.08573062359003007882658935370509882604641 +/- 2.25e-43],[0.4901243499230316675325567449784525853883 +/- 1.05e-41],[0.0005741077286416085665396614122242482157224 +/- 3.48e-44],[9.564525242407683149959524755126176810103e-5 +/- 2.74e-46],[0.9716370033489173085800246212288301861195 +/- 2.61e-41],[0.4716370033489173085800246212288301861195 +/- 2.61e-41],[4.642663883977595698265064753638306032760e-5 +/- 9.45e-46]
305,[0.08563497833760600199508975845754756427831 +/- 1.26e-42],[0.4898587750741281980685627668323825530154 +/- 5.34e-42],[0.0005719012274059802386753427161054392538127 +/- 4.45e-44],[8.822490326072485658946464421205453817409e-5 +/- 6.03e-46],[0.9007182748820015460348965755092689283195 +/- 1.38e-41],[0.4007182748820015460348965755092689283195 +/- 1.38e-41],[3.925015404056345486144927547070515324106e-5 +/- 1.36e-45]
306,[0.08554675343434527713850029381333550974013 +/- 4.66e-42],[0.4896341234772122930366484715815219153482 +/- 2.03e-41],[0.0005697105595641128055039804608394291650250 +/- 1.79e-44],[8.776462828714739234418095707637595588114e-5 +/- 4.58e-45],[0.9003921927082391741446554153146992908405 +/- 1.26e-41],[0.4003921927082391741446554153146992908405 +/- 1.26e-41],[3.902773951917335562499024442205621435910e-5 +/- 4.73e-45]
307,[0.08545898880605812974615611285625913378425 +/- 3.52e-42],[0.4894106175550534952641280255988321557253 +/- 3.77e-41],[0.0005675355595098738671277278061847983386029 +/- 1.66e-45],[9.416912836445134752285299716415483672389e-5 +/- 9.44e-46],[0.9707954391433998131197975609613996812046 +/- 3.58e-41],[0.4707954391433998131197975609613996812046 +/- 3.58e-41],[4.566811333725709916750369875358133336409e-5 +/- 4.33e-45]
308,[0.08536481967769367839863325985909497894753 +/- 3.80e-43],[0.4891489347087308657585633960865677237956 +/- 2.39e-41],[0.0005653760639075255994403409159174058203156 +/- 7.93e-45],[9.368176986304509556402902965813138079234e-5 +/- 2.86e-45],[0.9705295120237848642586729213954116604328 +/- 1.42e-41],[0.4705295120237848642586729213954116604328 +/- 1.42e-41],[4.541854411749495560190604730690749505870e-5 +/- 4.23e-45]
309,[0.08527113790783063330306923082943684756674 +/- 2.73e-42],[0.4888885346950054306440096311128015557984 +/- 4.58e-41],[0.0005632319116532824543177312094670885169344 +/- 8.40e-45],[8.642999503323398379129984769661789562513e-5 +/- 2.50e-45],[0.8997983257568130718559152691358921911018 +/- 2.95e-41],[0.3997983257568130718559152691358921911018 +/- 2.95e-41],[3.840256902055585607677859893056094503886e-5 +/- 1.48e-45]
310,[0.08518470791279739931927793098174022967111 +/- 2.15e-42],[0.4886682355814100772953345748806633756117 +/- 3.39e-41],[0.0005611029438376426652004308404774735833628 +/- 4.27e-44],[9.271647217756506305462988765320889736933e-5 +/- 3.03e-45],[0.9698905258299327383959378214718917864442 +/- 2.57e-41],[0.4698905258299327383959378214718917864442 +/- 2.57e-41],[4.491908179774470916344100017074434602593e-5 +/- 3.62e-45]
311,[0.08509199144061983425622330109408702077374 +/- 2.82e-42],[0.4884104093540857829633578569014174893319 +/- 5.06e-42],[0.0005589890037084755267263453103180927358589 +/- 4.22e-44],[9.892472964380401365838068477127557908932e-5 +/- 1.57e-45],[1.039879278062347186967469533542739248535 +/- 2.17e-40],[0.5398792780623471869674695335427392485352 +/- 1.62e-41],[5.135924212484180534938237137809093967367e-5 +/- 3.32e-45]
312,[0.08499306671097603024256492040931574519465 +/- 3.50e-42],[0.4881154530628393374230633146407111859777 +/- 1.17e-41],[0.0005568899366348468940456872457529248191116 +/- 4.74e-44],[9.841508218852424448341025378426107514564e-5 +/- 1.71e-45],[1.039629978401200004372170177001028932751 +/- 1.68e-40],[0.5396299784012000043721701770010289327508 +/- 3.26e-41],[5.108329865344748808721318314761063422327e-5 +/- 2.74e-46]
313,[0.08489465162878750599808151015553148411951 +/- 2.16e-42],[0.4878219180491335819544328615483125158996 +/- 3.01e-41],[0.0005548055900715658103143153769222923607172 +/- 2.53e-45],[0.0001044858693935189135264581495089369874577 +/- 4.63e-44],[1.109191176773082893358620498207524401136 +/- 5.95e-42],[0.6091911767730828933586204982075244011360 +/- 5.93e-42],[5.738584210268944574139830678898474289208e-5 +/- 4.53e-45]
314,[0.08479016575939398708455505200602254713205 +/- 1.06e-43],[0.4874919842910579407211549154284620921755 +/- 4.33e-42],[0.0005527358135244356200780340055539458355872 +/- 3.54e-44],[9.742947456096438117530606999604248630922e-5 +/- 4.16e-46],[1.039434854644816348716854675926985673437 +/- 3.78e-40],[0.5394348546448163487168546759269856734374 +/- 2.24e-41],[5.056291331107400018026596087548717329465e-5 +/- 1.41e-45]
315,[0.08469273628483302270337974593602650464574 +/- 8.86e-43],[0.4872011174594053440323589381373778457964 +/- 6.3e-44],[0.0005506804585161933622734339733549038643282 +/- 2.86e-44],[9.693254032500269205384479897287173590199e-5 +/- 1.48e-45],[1.039187152841069853162607630130099524477 +/- 2.20e-40],[0.5391871528410698531626076301300995244772 +/- 1.97e-41],[5.029390547467979635501802333835616937871e-5 +/- 1.15e-45]
316,[0.08459580374450802001132590113705363290984 +/- 1.11e-42],[0.4869116387045785796234865781118002277813 +/- 3.66e-41],[0.0005486393785531216598094121559677689689577 +/- 1.11e-44],[9.643978119895742643070282841580399841592e-5 +/- 2.21e-45],[1.038939896184475426947580901249964058904 +/- 4.49e-40],[0.5389398961844754269475809012499640589036 +/- 4.86e-41],[5.002719200436870403560387299854311961690e-5 +/- 4.55e-45]
317,[0.08449936396330906258489519830863782891142 +/- 2.98e-42],[0.4866235370198025213843419447047058013047 +/- 9.91e-42],[0.0005466124290923177335711851725012223548806 +/- 3.30e-46],[0.0001023107755258839398414008760031707860888 +/- 1.34e-44],[1.107537496241154804057704114613352306165 +/- 7.15e-41],[0.6075374962411548040577041146133523061651 +/- 2.86e-41],[5.612237293314371649485892132743066720250e-5 +/- 3.96e-46]
318,[0.08439705318778317864505379743263465812533 +/- 4.17e-42],[0.4863001570232381958638228731945694013431 +/- 3.95e-41],[0.0005445994675096045676043514769218894372776 +/- 3.82e-44],[0.0001080838318374697643805046531723845267490 +/- 1.21e-44],[1.175780469587534075973187383287309120546 +/- 2.61e-40],[0.6757804695875340759731873832873091205463 +/- 3.99e-41],[6.212124161202327058200087271905741534258e-5 +/- 4.53e-45]
319,[0.08428896935594570888067329277946227359859 +/- 4.85e-42],[0.4859420161938026116488083745513951437343 +/- 3.42e-42],[0.0005426003530680696395752000569685067781281 +/- 3.23e-45],[0.0001012803046040288009563235146084843251527 +/- 6.98e-46],[1.107246172286148211864771579537744866220 +/- 2.72e-40],[0.6072461722861482118647715795377448662203 +/- 2.87e-41],[5.554508007174895690461064418621252540770e-5 +/- 1.33e-45]
320,[0.08418768905134168007971696926485378927343 +/- 2.46e-42],[0.4856216143422116958921907478160191908321 +/- 3.43e-41],[0.0005406149468872170067363083984120331387772 +/- 3.29e-44],[0.0001007635102760623814744075501102705793879 +/- 4.43e-44],[1.106972050416395817729725010359161050840 +/- 4.33e-40],[0.6069720504163958177297250103591610508404 +/- 3.22e-41],[5.525038723101375838638363690112800762700e-5 +/- 6.75e-46]
321,[0.08408692554106561769824256171474351869404 +/- 4.60e-42],[0.4853027399852777655591899567444568455705 +/- 3.70e-41],[0.0005386431119127189029117790441417162804225 +/- 1.83e-44],[9.411251894077793506680093809485717136983e-5 +/- 4.96e-45],[1.038933661467279315778804838649314285802 +/- 1.24e-40],[0.5389336614672793157788048386493142858021 +/- 2.38e-41],[4.881967569616526606561704233007803166942e-5 +/- 4.82e-45]
322,[0.08399281302212483976317576077664866152267 +/- 4.78e-42],[0.4850208282515334976345429345942447264570 +/- 3.70e-41],[0.0005366847128867533567999586318703813055165 +/- 4.16e-44],[9.973873831163843417265594639248405345520e-5 +/- 2.66e-45],[1.106299008162464063280812300078700734555 +/- 2.86e-40],[0.6062990081624640632808123000787007345553 +/- 1.47e-41],[5.466107957030860602186933531160538535393e-5 +/- 2.47e-45]
323,[0.08389307428381320132900310483025617746922 +/- 4.29e-43],[0.4847050155381642456282698665585542640578 +/- 3.36e-41],[0.0005347396163189146865068314352536944229763 +/- 3.59e-44],[9.319487887057594861828955040923067014098e-5 +/- 4.06e-45],[1.038708254444714012477465922355210704195 +/- 1.43e-40],[0.5387082544447140124774659223552107041949 +/- 4.25e-41],[4.833392851623546883857113123788808157583e-5 +/- 1.98e-45]
324,[0.08379987940494262538038481527984694679908 +/- 1.41e-42],[0.4844256094943012474777406629286156260869 +/- 1.34e-41],[0.0005328076904576840599925436949186629912508 +/- 1.97e-44],[9.273330655918692836411253221460650341628e-5 +/- 3.22e-45],[1.038465018320031856908067590122001796338 +/- 4.40e-40],[0.5384650183200318569080675901220017963376 +/- 3.96e-41],[4.808408635280700451971464008974348376575e-5 +/- 3.41e-45]
325,[0.08370714609838343845202070274763234029566 +/- 2.33e-42],[0.4841474995447845646628987904377313706239 +/- 1.07e-41],[0.0005308888052624476363475928835285937831571 +/- 2.57e-45],[9.227550147312712221011678753866296702459e-5 +/- 1.75e-45],[1.038222210516943075213743122070898180385 +/- 3.07e-40],[0.5382222105169430752137431220708981803847 +/- 6.17e-42],[4.783631468902718349960910169414150640208e-5 +/- 3.81e-45]
326,[0.08361487059691031132981058596009367732864 +/- 2.27e-42],[0.4838706757005763994830346117040300112683 +/- 1.36e-41],[0.0005289828323760501188142601896355940689454 +/- 3.31e-44],[8.592162223672364861153444839072269968407e-5 +/- 4.26e-45],[0.9712865454294857136216196741375812914243 +/- 4.61e-41],[0.4712865454294857136216196741375812914243 +/- 4.61e-41],[4.169079115961311965168244520638505075104e-5 +/- 3.95e-45]
327,[0.08352894897467358768119905151170295462895 +/- 3.66e-42],[0.4836292876802690442038682816709017647840 +/- 1.66e-41],[0.0005270896450978718575226860365857015410364 +/- 3.29e-44],[7.964578348023982442853165896324006844823e-5 +/- 4.54e-46],[0.9045056664548295107741284412583109193127 +/- 4.09e-41],[0.4045056664548295107741284412583109193127 +/- 4.09e-41],[3.561853940978087571370311245264713351471e-5 +/- 8.86e-46]
328,[0.08344930319119334785677051985273971456051 +/- 4.58e-42],[0.4834229489967574166638991611626672562243 +/- 2.61e-42],[0.0005252091183574179382994437940367789692283 +/- 1.57e-44],[7.926014995097452199499391975654690834891e-5 +/- 3.52e-45],[0.9042112828320152677012211799692749182785 +/- 4.24e-41],[0.4042112828320152677012211799692749182785 +/- 4.24e-41],[3.543181499438700050055076258870793161207e-5 +/- 9.69e-46]
329,[0.08337004304124237333477552593298316765216 +/- 3.49e-42],[0.4832175841508355151678720532917719254535 +/- 1.23e-41],[0.0005233411286884079838998290001498370748189 +/- 1.56e-44],[7.308738957447614319545192114333503502256e-5 +/- 6.30e-46],[0.8375631519762420087798424316883600663250 +/- 3.30e-41],[0.3375631519762420087798424316883600663250 +/- 3.30e-41],[2.945641715047120576536974526099856116089e-5 +/- 2.97e-45]
330,[0.08329695565166789719158007401183983261713 +/- 3.97e-42],[0.4830467636585114925422869099328746956269 +/- 1.73e-41],[0.0005214855542033556758743963365478607371637 +/- 3.65e-44],[6.696359286606033492178573048046749345402e-5 +/- 4.53e-45],[0.7707922513530005149187449181693144184997 +/- 4.29e-41],[0.2707922513530005149187449181693144184997 +/- 4.29e-41],[2.352543378459796181599500847240979239522e-5 +/- 3.88e-46]
331,[0.08322999205880183685665828828135936512368 +/- 5.6e-44],[0.4829102663068611603477417399909864770549 +/- 1.68e-41],[0.0005196422745686272792577052183890787039530 +/- 3.35e-44],[7.237347258517112048280901829402482416863e-5 +/- 2.65e-45],[0.8366909803656491851771573375287121095006 +/- 2.09e-41],[0.3366909803656491851771573375287121095006 +/- 2.09e-41],[2.912365019940654832620119355851336274014e-5 +/- 4.83e-45]
332,[0.08315761858621666573617547926306534029951 +/- 1.33e-42],[0.4827411995866660937294871289736900081765 +/- 3.93e-41],[0.0005178111709799687186063814765658306080801 +/- 4.90e-44],[7.202352035226132738167365427330559761055e-5 +/- 3.14e-45],[0.8363169328908435288720066845524202180166 +/- 2.65e-41],[0.3363169328908435288720066845524202180166 +/- 2.65e-41],[2.896357649622686489503276009306436441112e-5 +/- 1.62e-45]
333,[0.08308559506586440440879380560879203470190 +/- 7.74e-43],[0.4825729750073565595675188655343302673922 +/- 9.79e-42],[0.0005159921261384910128498301690477258595945 +/- 4.14e-44],[7.167635563849248368243455741822451413512e-5 +/- 4.98e-45],[0.8359438572891398580454314813765932152467 +/- 1.41e-41],[0.3359438572891398580454314813765932152467 +/- 1.41e-41],[2.880484278897539140991485524490762764507e-5 +/- 6.38e-46]
334,[0.08301391871022591192511137105137381018777 +/- 4.35e-42],[0.4824055860046292953628631573928294507356 +/- 9.47e-42],[0.0005141850242271041281776674243032371201551 +/- 1.85e-44],[6.569436674129511002653053421562809921510e-5 +/- 3.91e-45],[0.7695339701440312218142061943821234387823 +/- 1.14e-41],[0.2695339701440312218142061943821234387823 +/- 1.14e-41],[2.300985293809074682259764815958319029296e-5 +/- 3.76e-45]
335,[0.08294822434348461681508484051715818208855 +/- 5.63e-43],[0.4822718037161291372415965744216218132535 +/- 1.72e-41],[0.0005123897508873895529929539223486088903314 +/- 2.87e-44],[5.975929838679035271519874285203051703155e-5 +/- 3.44e-46],[0.7030204633080352109422022078702255906151 +/- 3.13e-41],[0.2030204633080352109422022078702255906151 +/- 3.13e-41],[1.725747837888096805474755224250874807569e-5 +/- 4.47e-45]
336,[0.08288846504509782646236964177430615157152 +/- 9.92e-43],[0.4821714150460585250561469527086065613695 +/- 1.01e-41],[0.0005106061931969021370220171333568391110798 +/- 4.09e-44],[5.945468172741757624744726797656955841970e-5 +/- 4.63e-45],[0.7023860661700467754975894782918433787200 +/- 4.59e-41],[0.2023860661700467754975894782918433787200 +/- 4.59e-41],[1.713131813080568586306751763827998057131e-5 +/- 3.68e-45]
337,[0.08282901036337040888612219450632958201310 +/- 6.96e-43],[0.4820717093538309869559087589532215351723 +/- 3.35e-42],[0.0005088342396468919681953514534112445789619 +/- 7.76e-45],[6.473361250588265014349093092960653929246e-5 +/- 3.21e-45],[0.7679643292958780426017319870649598207281 +/- 4.60e-41],[0.2679643292958780426017319870649598207281 +/- 4.60e-41],[2.258737599693253312516825995056062260714e-5 +/- 2.45e-45]
338,[0.08276427675086452623597870357539997547381 +/- 3.16e-42],[0.4819401820267423173094704289233298960680 +/- 2.75e-41],[0.0005070737801204372860982500527249522420678 +/- 3.17e-44],[6.441870991752585804983606378400008382434e-5 +/- 2.44e-45],[0.7674815583611183118883413742174601997576 +/- 7.53e-42],[0.2674815583611183118883413742174601997576 +/- 7.53e-42],[2.245111524653095958569055431447045389522e-5 +/- 4.55e-45]
339,[0.08269985804094700037792886751161597538998 +/- 2.51e-42],[0.4818093818269052170749130583281824088255 +/- 4.79e-42],[0.0005053247058709796498263198389303381794145 +/- 4.00e-44],[5.858015977351125853271306655875486791120e-5 +/- 1.40e-45],[0.7008825707175282727606883228018278135369 +/- 4.60e-41],[0.2008825707175282727606883228018278135369 +/- 4.60e-41],[1.678987833339794424891089367973493061521e-5 +/- 1.40e-45]
340,[0.08264127788117348911939615444505722052207 +/- 1.31e-42],[0.4817115145391735485605412129329746994417 +/- 3.39e-41],[0.0005035869095012527911553747764913208258027 +/- 2.07e-44],[5.828526901959232159605925813656229265977e-5 +/- 2.62e-45],[0.7002568297841227933335856758018829120151 +/- 4.30e-41],[0.2002568297841227933335856758018829120151 +/- 4.30e-41],[1.666820329417792371509226891703939561564e-5 +/- 2.68e-45]
341,[0.08258299261215389679780009518692065822941 +/- 1.54e-42],[0.4816143075364544329356140390541073946536 +/- 2.44e-41],[0.0005018602849425967912267780331600681805734 +/- 2.25e-44],[5.250746468829150675812671199495204430904e-5 +/- 2.98e-45],[0.6334576828646976148258921945247753132669 +/- 3.02e-41],[0.1334576828646976148258921945247753132669 +/- 3.02e-41],[1.106234048454358641335508629240876211905e-5 +/- 6.00e-46]
342,[0.08253048514746560529104196847492570618510 +/- 2.50e-42],[0.4815497608734181756755549991089360314326 +/- 7.70e-43],[0.0005001447274346494206315868266881669733055 +/- 2.92e-44],[5.222854403310469378552481594852300381914e-5 +/- 6.12e-46],[0.6326562906794899607599863755720159911708 +/- 8.37e-42],[0.1326562906794899607599863755720159911708 +/- 8.37e-42],[1.095135703397612633155716805106565960132e-5 +/- 2.00e-45]
343,[0.08247825660343250059725644365897718318128 +/- 3.36e-42],[0.4814858298030231483621393354950438764768 +/- 6.19e-43],[0.0004984401335054066790176251746661781594777 +/- 4.21e-44],[5.195190885385030573041776006831777497282e-5 +/- 5.12e-46],[0.6318573439884002298802395588469942684338 +/- 7.03e-42],[0.1318573439884002298802395588469942684338 +/- 7.03e-42],[1.084143562114222011509434504950792544165e-5 +/- 2.68e-45]
344,[0.08242630469457865029152602589890886540631 +/- 5.36e-43],[0.4814225088625085732672223899215373134018 +/- 4.53e-42],[0.0004967464009516447613051549156658243692246 +/- 1.77e-44],[5.167753375375418011754903050865991070837e-5 +/- 4.78e-46],[0.6310608299426149309343469722396646115621 +/- 2.42e-41],[0.1310608299426149309343469722396646115621 +/- 2.42e-41],[1.073256355297857501203625692696861132655e-5 +/- 2.17e-45]
345,[0.08237462716082489611140847686840020549560 +/- 2.17e-42],[0.4813597926506781310609072981985503952788 +/- 2.92e-41],[0.0004950634288196958634361217952626600218374 +/- 3.12e-44],[5.682832102168442336595491682039345943922e-5 +/- 4.88e-45],[0.6967556868691360024369120152115099604974 +/- 1.35e-41],[0.1967556868691360024369120152115099604974 +/- 1.35e-41],[1.604765565170240185347619306226700449680e-5 +/- 4.33e-45]
346,[0.08231779883980321168804252195157981203616 +/- 2.96e-42],[0.4812659710144272439049618359640666473875 +/- 1.95e-41],[0.0004933911173865704214508979056560817133348 +/- 2.12e-44],[5.114567971452797456049254606507698345720e-5 +/- 1.63e-45],[0.6296422808886780869682010170372398831940 +/- 4.78e-41],[0.1296422808886780869682010170372398831940 +/- 4.78e-41],[1.053080896415453769512882842140538044213e-5 +/- 3.71e-45]
347,[0.08226665316008868371348202940551473505271 +/- 4.26e-42],[0.4812043728926003282515657991345546040999 +/- 1.41e-41],[0.0004917293681414185537319712106019327969260 +/- 2.21e-44],[5.626504216782125682095312634132616142977e-5 +/- 3.11e-45],[0.6954384148887949924880109620959217803650 +/- 1.83e-41],[0.1954384148887949924880109620959217803650 +/- 1.83e-41],[1.581211279030161444430127423420025570212e-5 +/- 1.23e-45]
348,[0.08221038811792086245666107627917340889128 +/- 4.02e-42],[0.4811118372069184514607807888369303504632 +/- 3.96e-41],[0.0004900780837673236476183380173115402724883 +/- 3.82e-44],[5.598829549339681040721648750593761048602e-5 +/- 4.44e-47],[0.6948247350677704305434488376002354984947 +/- 1.03e-41],[0.1948247350677704305434488376002354984947 +/- 1.03e-41],[1.569878601879820130598704603344558196852e-5 +/- 2.93e-45]
349,[0.08215439982242746564625385979166747128079 +/- 3.8e-44],[0.4810199196856871220874105393509079176868 +/- 4.39e-42],[0.0004884371681234211984150368573568826529870 +/- 2.30e-45],[6.105650354988983399856523107928367572676e-5 +/- 1.33e-45],[0.7607858087113261399166332108416570348018 +/- 1.12e-42],[0.2607858087113261399166332108416570348018 +/- 1.12e-42],[2.092924115174406531173961699506691685356e-5 +/- 2.85e-45]
350,[0.08209334331887757581225529456058818760506 +/- 3.21e-42],[0.4808973175900461409446877079935160775905 +/- 1.73e-41],[0.0004868065262273361712324959814235979358224 +/- 2.61e-44],[6.076964877693413164645222173116924247151e-5 +/- 8.78e-46],[0.7603129642409225936527210736677889243022 +/- 1.27e-41],[0.2603129642409225936527210736677889243022 +/- 1.27e-41],[2.080607348948324239219816103483546822497e-5 +/- 3.63e-45]
351,[0.08203257367010064168060884233885701836259 +/- 1.70e-42],[0.4807753776411745591840020685169508866484 +/- 1.78e-41],[0.0004851860642379323142190518808314335102398 +/- 3.15e-44],[6.048498705670688992314025228291777610139e-5 +/- 3.96e-45],[0.7598413797092164459247080984946285605502 +/- 1.58e-41],[0.2598413797092164459247080984946285605502 +/- 1.58e-41],[2.068392549840252500757939510510039828684e-5 +/- 1.12e-45]
352,[0.08197208868304393479068570208657410058649 +/- 3.10e-43],[0.4806540947307883777299947902132370526015 +/- 1.60e-41],[0.0004835756894383670057219088233051703685713 +/- 6.20e-46],[6.020249525315121034188653577777328506121e-5 +/- 2.51e-45],[0.7593710488405334662192577179629590825374 +/- 3.77e-41],[0.2593710488405334662192577179629590825374 +/- 3.77e-41],[2.056278595354527788945288854615796406253e-5 +/- 4.89e-45]
353,[0.08191188618779078358034381555079632730143 +/- 9.06e-43],[0.4805334638038303476756475778151544975787 +/- 2.41e-41],[0.0004819753102194453678477441395381054654154 +/- 2.73e-45],[6.515943763918632204502905143341780638870e-5 +/- 5.35e-46],[0.8252311514663229214895644496123870004221 +/- 3.81e-41],[0.3252311514663229214895644496123870004221 +/- 3.81e-41],[2.567993088316595691816763013052187942242e-5 +/- 1.66e-45]
354,[0.08184672675015159725829878649936290949504 +/- 3.98e-43],[0.4803827406647682930423744675164424240711 +/- 4.85e-41],[0.0004803848360632675249110725906747721809648 +/- 7.16e-45],[7.006980073546018983886253618086178636369e-5 +/- 2.20e-45],[0.8910668380739172190033954411811891970126 +/- 3.56e-41],[0.3910668380739172190033954411811891970126 +/- 3.56e-41],[3.075187432327356199124165642767777538663e-5 +/- 5.41e-46]
355,[0.08177665694941613706845992396318204770868 +/- 3.30e-42],[0.4802021620364948860954845581161661042657 +/- 2.96e-41],[0.0004788041775271630274696069150483720746608 +/- 2.62e-44],[6.458492810512753088590528879780280133252e-5 +/- 3.25e-46],[0.8247340046565600051063632740557492528988 +/- 6.21e-42],[0.3247340046565600051063632740557492528988 +/- 6.21e-42],[2.542992313354137669252446195448827319816e-5 +/- 4.58e-45]
356,[0.08171207202131100953757401867438424490734 +/- 4.19e-42],[0.4800527629995944388987943217989498350406 +/- 1.65e-41],[0.0004772332462279066011608494331751890809510 +/- 1.51e-44],[6.429386346450757838320336380325659618894e-5 +/- 3.35e-45],[0.8243708254790556254810863224949777172446 +/- 1.79e-42],[0.3243708254790556254810863224949777172446 +/- 1.79e-42],[2.529814607776882351786242369023040695777e-5 +/- 7.53e-47]
357,[0.08164777815784650195919081531058098831116 +/- 4.77e-42],[0.4799040671811804488529055458648333701443 +/- 1.81e-41],[0.0004756719548262095144792208239244303140363 +/- 2.34e-44],[6.912575683596310821374373617104469748501e-5 +/- 2.15e-45],[0.8899343826208009207192079281984435622527 +/- 2.65e-41],[0.3899343826208009207192079281984435622527 +/- 2.65e-41],[3.028819859240357104464912360270212476939e-5 +/- 3.78e-45]
358,[0.08157865240101053885097707157440994361367 +/- 2.35e-43],[0.4797259564302591643939213929478500566165 +/- 4.61e-41],[0.0004741202170114809910710354479660968366088 +/- 2.14e-44],[6.372996261704965895896119521133882335141e-5 +/- 4.46e-45],[0.8238509875557315772780781482678891134250 +/- 4.29e-41],[0.3238509875557315772780781482678891134250 +/- 4.29e-41],[2.505187423717836747984590886922554623998e-5 +/- 2.25e-45]
359,[0.08151492243839348919201811037919860479032 +/- 1.19e-42],[0.4795785681776859801816576523685146237367 +/- 3.53e-41],[0.0004725779474868542201751997490416585865181 +/- 3.76e-44],[6.851110996750942953540765979526922624464e-5 +/- 4.86e-45],[0.8892429621076969104148530110683066632685 +/- 2.40e-41],[0.3892429621076969104148530110683066632685 +/- 2.40e-41],[2.998895523202331643849109821743294701443e-5 +/- 4.52e-45]
360,[0.08144641132842597976248270271940333556407 +/- 4.19e-42],[0.4794020500673957894997788742778399460851 +/- 8.93e-42],[0.0004710450619544716435971564002104559170545 +/- 3.95e-44],[6.820914782795385724372123219858870861110e-5 +/- 2.95e-45],[0.8889518117038529957511980263542656372823 +/- 5.15e-42],[0.3889518117038529957511980263542656372823 +/- 5.15e-42],[2.984421795778606048678499867795792857469e-5 +/- 9.25e-46]
361,[0.08137820218059802590523898148720474685546 +/- 3.09e-42],[0.4792263011100805008229675841705725235227 +/- 4.68e-41],[0.0004695214771010243191658262023493849027620 +/- 6.44e-45],[6.790938930712277153318625723370481772303e-5 +/- 2.40e-45],[0.8886613158830591544107971024385069789751 +/- 1.10e-41],[0.3886613158830591544107971024385069789751 +/- 1.10e-41],[2.970057561546258819664031980640665776067e-5 +/- 1.70e-45]
362,[0.08131029279129090313370579522997104203774 +/- 5.6e-44],[0.4790513158856677670274343700827563061690 +/- 1.62e-41],[0.0004680071105835402790787076570745257874368 +/- 4.00e-45],[6.263464243390453449118346872598184000422e-5 +/- 4.68e-45],[0.8229749768879847377124133626726019696740 +/- 2.25e-41],[0.3229749768879847377124133626726019696740 +/- 2.25e-41],[2.458084724395081479888655088370044259598e-5 +/- 3.29e-45]
363,[0.08124765814885699859921461176124506019774 +/- 4.18e-42],[0.4789064264700043919987734029667976662897 +/- 2.79e-41],[0.0004665018810154169169766654370973376935348 +/- 1.67e-44],[6.235804692265215608829433773040403223527e-5 +/- 4.15e-45],[0.8226180936448805968927635956281115070456 +/- 4.27e-41],[0.3226180936448805968927635956281115070456 +/- 4.27e-41],[2.445586156811279984151693281859378817885e-5 +/- 3.81e-45]
364,[0.08118530010193434644312631742351465616550 +/- 5.57e-43],[0.4787622064913716068758602193661387704892 +/- 5.37e-42],[0.0004650057079526925500923426218057109915836 +/- 1.28e-44],[6.208346374371139123477794039874009013958e-5 +/- 3.73e-45],[0.8222620734020802865596845993625748042744 +/- 1.78e-41],[0.3222620734020802865596845993625748042744 +/- 1.78e-41],[2.433183579445960781528509596593072433854e-5 +/- 2.78e-45]
365,[0.08112321663819063505189153948311591607536 +/- 9.81e-43],[0.4786186511577600708960258779844374503217 +/- 4.28e-41],[0.0004635185118805524124670119231462021068377 +/- 3.03e-44],[5.690485275985064138411443577443991550620e-5 +/- 4.44e-45],[0.7566709519995007195731557347368178310753 +/- 3.95e-42],[0.2566709519995007195731557347368178310753 +/- 3.95e-42],[1.930274010475284837287445723496608729017e-5 +/- 9.66e-46]
366,[0.08106631178543078441050742504734147615985 +/- 4.78e-42],[0.4785047141605917733530913037145485362218 +/- 2.14e-41],[0.0004620402142000644421099459308590061919054 +/- 3.74e-44],[6.153659557006284710399077191804518540776e-5 +/- 2.21e-45],[0.8214540571745213236399411653895900752112 +/- 5.32e-42],[0.3214540571745213236399411653895900752112 +/- 5.32e-42],[2.408069950831319895150891267731649088158e-5 +/- 4.65e-45]
367,[0.08100477518986072156340343427542343097445 +/- 2.99e-42],[0.4783625089164409141388552748071795612477 +/- 7.37e-42],[0.0004605707372151403291594915314765044617112 +/- 3.71e-44],[6.613171394198748649995095019456499344708e-5 +/- 8.23e-46],[0.8862838193197370197345461271741426041999 +/- 3.48e-41],[0.3862838193197370197345461271741426041999 +/- 3.48e-41],[2.882328491484662504430518948873331468957e-5 +/- 3.77e-46]
368,[0.08093864347591873407690348332522886598100 +/- 7.1e-44],[0.4781922185586135268662617476836028254569 +/- 4.73e-41],[0.0004591100041197173936710648355923981275308 +/- 1.94e-44],[6.584699877299182531654165139950896881390e-5 +/- 4.96e-45],[0.8859991634480240591527610792005567563218 +/- 3.95e-41],[0.3859991634480240591527610792005567563218 +/- 3.95e-41],[2.868725783331843796661103026166293171940e-5 +/- 4.57e-45]
369,[0.08087279647714574225158694167382935701219 +/- 3.98e-42],[0.4780226540112856229178924853579786459522 +/- 2.19e-41],[0.0004576579389851569606770345543668410789125 +/- 1.18e-44],[6.556431433411698178017653904230391313369e-5 +/- 3.16e-45],[0.8857151370352072708864605559267056504893 +/- 2.65e-41],[0.3857151370352072708864605559267056504893 +/- 2.65e-41],[2.855223697842039887695849545131135169189e-5 +/- 1.45e-45]
370,[0.08080723216281162526980676513478705309905 +/- 2.35e-42],[0.4778538102720960377290183662975302750529 +/- 3.96e-41],[0.0004562144667478549967075127633893243459219 +/- 4.78e-44],[7.006525208454295930773843493237926212829e-5 +/- 1.19e-45],[0.9502839822767486629379073920523591022453 +/- 1.68e-41],[0.4502839822767486629379073920523591022453 +/- 1.68e-41],[3.319982375401573628361872815896658976364e-5 +/- 7.64e-46]
371,[0.08073716691072708231049902669985467383692 +/- 4.05e-42],[0.4776573934063243265096716828681287774471 +/- 1.65e-41],[0.0004547795131970608660978591748682642031314 +/- 1.30e-44],[6.501582288612491851703771940559282389822e-5 +/- 1.96e-45],[0.8853493437373723740586505589999759625204 +/- 4.74e-41],[0.3853493437373723740586505589999759625204 +/- 4.74e-41],[2.829821342155460551024276119121362316109e-5 +/- 3.72e-45]
372,[0.08067215108784095739198198898044908101303 +/- 4.18e-42],[0.4774898992848165770844501659933815774463 +/- 2.40e-42],[0.0004533530049629001572045936589825906162316 +/- 1.95e-44],[6.473906205545031476801899529074225781391e-5 +/- 3.07e-45],[0.8850672507236516802481939269668338499453 +/- 1.14e-41],[0.3850672507236516802481939269668338499453 +/- 1.14e-41],[2.816609994295652189561316583973324249199e-5 +/- 9.37e-46]
373,[0.08060741202578550707721396998515833875521 +/- 1.93e-42],[0.4773231115152288348404557111430474400163 +/- 3.18e-41],[0.0004519348695045976181707636331434265195316 +/- 1.01e-44],[6.916478114365745851061532392015080636663e-5 +/- 9.19e-46],[0.9493015333471953088392433727841747003976 +/- 3.09e-41],[0.4493015333471953088392433727841747003976 +/- 3.09e-41],[3.273548090868075263245531952404176584364e-5 +/- 2.69e-45]
374,[0.08053824724464184961870335466123818794885 +/- 4.71e-42],[0.4771291781526744301618479499944652057054 +/- 2.71e-41],[0.0004505250350988963291870521615202293852370 +/- 1.96e-44],[7.354023401977558416391600670079952135425e-5 +/- 5.5e-47],[1.013383686913250319184931430268391499613 +/- 7.31e-41],[0.5133836869132503191849314302683914996131 +/- 2.70e-41],[3.725573735307972429033064410820704557492e-5 +/- 4.26e-45]
375,[0.08046470701062207403453943865453738842749 +/- 1.05e-42],[0.4769083661533397439595961777322127650123 +/- 1.75e-41],[0.0004491234308286693233465889031964079390882 +/- 8.32e-45],[7.322730837955976310979621886916319544553e-5 +/- 4.53e-45],[1.013145753021424185059621308868194309713 +/- 1.65e-40],[0.5131457530214241850596213088681943097128 +/- 3.56e-41],[3.708872310632549647391620526247328198457e-5 +/- 4.66e-45]
376,[0.08039147970224251427142964243566822523205 +/- 4.50e-42],[0.4766884452634662823713701549601828493489 +/- 7.27e-42],[0.0004477299865717199512482759177066981231867 +/- 2.11e-44],[7.291658086449348397336365968849631349969e-5 +/- 2.39e-45],[1.012908220406116824121966426887884478489 +/- 4.11e-40],[0.5129082204061168241219664268878844784894 +/- 1.10e-41],[3.692290473692774603386881243253736222974e-5 +/- 3.52e-45]
377,[0.08031856312137802078745627877597972891855 +/- 4.19e-42],[0.4764694095395340413900618691973626397796 +/- 8.28e-42],[0.0004463446329897673655224460433123605620761 +/- 3.73e-44],[6.804231845455032877241693577626258944908e-5 +/- 1.15e-45],[0.9489926746262085202715372986323644936882 +/- 2.70e-41],[0.4489926746262085202715372986323644936882 +/- 2.70e-41],[3.219255887587339212795679849889465361935e-5 +/- 2.53e-45]
378,[0.08025052080292347045868386184020346632910 +/- 3.27e-42],[0.4762783501087194785564191907708962723600 +/- 2.42e-42],[0.0004449673015176135804891180421471399982792 +/- 4.98e-44],[6.775761154891453803860743621588195765870e-5 +/- 1.51e-45],[0.9487507573431600770727094327059179376834 +/- 3.72e-41],[0.4487507573431600770727094327059179376834 +/- 3.72e-41],[3.204875386185456907013597657403187490062e-5 +/- 3.48e-45]
379,[0.08018276319137455592064525440398758437144 +/- 1.97e-42],[0.4760880594723369418223876589968247977026 +/- 2.66e-43],[0.0004435979243524886392666424892424567834328 +/- 2.87e-44],[7.199039295095919238325514453285171270744e-5 +/- 5.51e-46],[1.011984881939078723329077086860544117862 +/- 4.69e-40],[0.5119848819390787233290770868605441178625 +/- 3.12e-41],[3.642148563041831158046795561140677545974e-5 +/- 1.98e-45]
380,[0.08011077279842359672826199925945473265873 +/- 5.98e-43],[0.4758717096104137606873736633952797059796 +/- 4.30e-41],[0.0004422364344435704958791986015908430215859 +/- 4.29e-44],[7.168825914364420286476191235685164912833e-5 +/- 1.65e-45],[1.011748565940625594102863887406312234368 +/- 2.22e-40],[0.5117485659406255941028638874063122343678 +/- 2.11e-41],[3.626035662075037541073868934946841956103e-5 +/- 5.06e-46]
381,[0.08003908453927995252539723734709788100960 +/- 2.27e-42],[0.4756562215857460940221968253351078304473 +/- 5.82e-42],[0.0004408827654816762933159197497974286803556 +/- 3.90e-44],[6.693740258842713591244357282913908467567e-5 +/- 4.19e-45],[0.9484482196390176354646913796295801131636 +/- 5.98e-42],[0.4484482196390176354646913796295801131636 +/- 5.98e-42],[3.164954965012770977269779812087541172914e-5 +/- 1.64e-45]
382,[0.07997214713669152538948479377426874192493 +/- 3.42e-42],[0.4754680517010031077153346844062191932966 +/- 3.27e-41],[0.0004395368518891217901214203000032818717416 +/- 2.42e-44],[6.223590526692687387845697241742943109001e-5 +/- 6.99e-46],[0.8852724840929767476011896072608399921683 +/- 3.43e-41],[0.3852724840929767476011896072608399921683 +/- 3.43e-41],[2.708519947565183562834749182013009206818e-5 +/- 4.34e-45]
383,[0.07990991123142459851560633680185131249384 +/- 3.43e-42],[0.4753069479868329933107617582371269441817 +/- 2.10e-41],[0.0004381986288097457579947535408464933424900 +/- 4.63e-44],[6.638258060995620107231622637279059241685e-5 +/- 2.01e-45],[0.9478780651427583542178560666967984067877 +/- 2.25e-41],[0.4478780651427583542178560666967984067877 +/- 2.25e-41],[3.136616708003743987594331213848412344159e-5 +/- 1.87e-45]
384,[0.07984352865081464231453402057547852190142 +/- 2.75e-43],[0.4751202991382949461924788334568667497186 +/- 2.97e-41],[0.0004368680320990962410875394383146230603505 +/- 2.69e-44],[6.610938299878294528139072447067858169079e-5 +/- 2.56e-45],[0.9476394233235416003290768059216619020572 +/- 1.04e-41],[0.4476394233235416003290768059216619020572 +/- 1.04e-41],[3.122829776125374373219533161254208390012e-5 +/- 1.47e-45]
385,[0.07977741926781585936925262985100784331973 +/- 1.07e-42],[0.4749343894828066082076917771989325124023 +/- 4.55e-42],[0.0004355449983147756342670007835321304546494 +/- 1.94e-45],[7.018564015139018017082055359865214999706e-5 +/- 2.19e-45],[1.009962516557831471164669516799159454427 +/- 3.15e-40],[0.5099625165578314711646695167991594544267 +/- 1.44e-41],[3.543898421083217248725994928781074637572e-5 +/- 1.06e-45]
386,[0.07970723362766446918908180929740919116973 +/- 1.88e-42],[0.4747233206563078598466513690058274021742 +/- 3.04e-41],[0.0004342294647069416025894680928098590992462 +/- 4.74e-44],[6.558105162435597116933549607149035019166e-5 +/- 1.58e-45],[0.9473955819758986917825430440346050068012 +/- 2.96e-41],[0.4473955819758986917825430440346050068012 +/- 2.96e-41],[3.096982223294409366280172501146776384940e-5 +/- 4.97e-45]
387,[0.07964165257604011321791247380133770081954 +/- 2.13e-43],[0.4745387893027763430236366749883483932826 +/- 4.72e-42],[0.0004329213692089609276568221483900453146703 +/- 3.86e-44],[6.531333267149223450020808410244189057068e-5 +/- 8.05e-46],[0.9471582849794940351951743483947968083379 +/- 4.01e-41],[0.4471582849794940351951743483947968083379 +/- 4.01e-41],[3.083475939220857848458273922866194163234e-5 +/- 8.77e-46]
388,[0.07957633924336862098341226571723525892897 +/- 4.71e-43],[0.4743549831373933888057011930134366615451 +/- 1.52e-41],[0.0004316206504282134284433767426519048293888 +/- 2.78e-45],[6.504742620207633410500459384763933363529e-5 +/- 2.30e-45],[0.9469214406142844031166765340637781315664 +/- 4.74e-41],[0.4469214406142844031166765340637781315664 +/- 4.74e-41],[3.070063489915740467616445095596611339893e-5 +/- 1.95e-45]
389,[0.07951129181716654464930726112338761959533 +/- 4.25e-42],[0.4741718974652728021252274442184376290732 +/- 4.99e-41],[0.0004303272476370431646237137241775871408064 +/- 1.43e-44],[6.901746414684698410316662424091765182993e-5 +/- 1.36e-45],[1.008559088626642384847849808642496617142 +/- 4.87e-41],[0.5085590886266423848478498086424966171420 +/- 4.86e-41],[3.480158878309995264120028105278230647431e-5 +/- 3.62e-45]
390,[0.07944227435301969766520409449914670194350 +/- 4.32e-42],[0.4739642660798381866824671144289646903597 +/- 2.01e-41],[0.0004290411007638541894416682057838519607409 +/- 5.17e-45],[6.453168738080821611390313352808703720631e-5 +/- 4.92e-46],[0.9466565807820206437274120759861083336803 +/- 3.09e-42],[0.4466565807820206437274120759861083336803 +/- 3.09e-42],[3.044768654520454262262804946170279130521e-5 +/- 1.78e-45]
391,[0.07937774266563888944909019136561861490630 +/- 2.00e-42],[0.4737825327429717596255848010825787639974 +/- 2.54e-41],[0.0004277621503843481767746098718751089134486 +/- 2.90e-44],[6.009477417183232346534719992916800946351e-5 +/- 1.01e-45],[0.8849232652850010862835324754136296798765 +/- 1.32e-41],[0.3849232652850010862835324754136296798765 +/- 1.32e-41],[2.613998027652321032096959601631018833543e-5 +/- 3.92e-45]
392,[0.07931764789146705712562484416568944689683 +/- 4.50e-42],[0.4736264440762536812370326867384893156648 +/- 7.33e-42],[0.0004264903377129013033018833845892579478518 +/- 1.22e-44],[5.985266206468376347539819036709928953922e-5 +/- 4.02e-45],[0.8846560502842702577850643995923415416847 +/- 3.65e-41],[0.3846560502842702577850643995923415416847 +/- 3.65e-41],[2.602445162885898430082545163373343304539e-5 +/- 4.09e-45]
393,[0.07925779522940237336214944597532234760730 +/- 4.74e-42],[0.4734709789569695767846754430994514234966 +/- 3.19e-41],[0.0004252256045940778216172178629508589628761 +/- 1.11e-44],[5.547920648891053111529982491904468350399e-5 +/- 4.83e-45],[0.8230739388128661147686871371512154882977 +/- 4.94e-41],[0.3230739388128661147686871371512154882977 +/- 4.94e-41],[2.177676259369429000727943192302016501061e-5 +/- 2.18e-47]
394,[0.07920231602291346283103414615040330292379 +/- 1.29e-42],[0.4733408333820411866829383729889318591933 +/- 4.88e-41],[0.0004239678934942778137665400274777223929372 +/- 4.08e-44],[5.113891058971746663823300549171562861758e-5 +/- 2.17e-45],[0.7614661913814474606298416132114561167062 +/- 4.94e-41],[0.2614661913814474606298416132114561167062 +/- 4.94e-41],[1.755967150561475847137337374039139453540e-5 +/- 4.27e-45]
395,[0.07915117711232374536439591314491158729517 +/- 3.71e-42],[0.4732358461120399267534433883760625305983 +/- 8.19e-42],[0.0004227171474935166670783938500536038290015 +/- 2.73e-45],[4.682606385139195671391645507417929677951e-5 +/- 4.55e-45],[0.6997620955258614603126682418663203508901 +/- 4.78e-41],[0.1997620955258614603126682418663203508901 +/- 4.78e-41],[1.336750404171633940931887434379935449842e-5 +/- 1.38e-45]
396,[0.07910435104847235340768199668983740799839 +/- 4.20e-42],[0.4731558895333958029343465813227127123919 +/- 2.84e-41],[0.0004214733102773338653165960639102662528106 +/- 2.91e-44],[4.662551575028550754223953872625477042419e-5 +/- 1.81e-45],[0.6992350712240242950469851863320319680576 +/- 4.74e-41],[0.1992350712240242950469851863320319680576 +/- 4.74e-41],[1.328514305654557886838026185765929541725e-5 +/- 2.08e-45]
397,[0.07905772553272206790013975715111115322797 +/- 4e-45],[0.4730763920838656203305375792837944808300 +/- 4.37e-41],[0.0004202363261288287381554343450445441290226 +/- 4.68e-44],[5.050720859940631745992853242126727713325e-5 +/- 3.73e-45],[0.7601257842447772760860861461576567778357 +/- 8.34e-42],[0.2601257842447772760860861461576567778357 +/- 8.34e-42],[1.728428046943389584463201848833679612823e-5 +/- 3.33e-45]
398,[0.07900721832412266158267982861868988595084 +/- 3.25e-42],[0.4729729205683894791424772027402706752873 +/- 4.46e-41],[0.0004190061399208208607873424864479309487083 +/- 1.59e-45],[4.623440366182804060572934713804413528127e-5 +/- 5.48e-46],[0.6983097507586311150781282641743843849034 +/- 3.87e-41],[0.1983097507586311150781282641743843849034 +/- 3.87e-41],[1.312989408595585882793491516864371363917e-5 +/- 3.46e-45]
399,[0.07896098392046083354207409927155184181556 +/- 4.52e-42],[0.4728942861393008391035426235810799598599 +/- 4.40e-41],[0.0004177826971081328431513974593823980489507 +/- 3.90e-44],[5.009241372744243206371707506952625510110e-5 +/- 3.82e-45],[0.7592397938354327767174782547610137193128 +/- 9.37e-42],[0.2592397938354327767174782547610137193128 +/- 9.37e-42],[1.710388089884039585429008674506520427947e-5 +/- 2.03e-45]
400,[0.07891089150673339111001038219648231556045 +/- 4.40e-42],[0.4727918088432774794673275464730305558275 +/- 3.87e-41],[0.0004165659437199932948471703461359083804669 +/- 2.95e-44],[4.988804247262888021894839995796548388163e-5 +/- 1.70e-46],[0.7588322087153044918039765679102329624125 +/- 4.33e-41],[0.2588322087153044918039765679102329624125 +/- 4.33e-41],[1.701645248234048152635854364175828562322e-5 +/- 8.77e-46]
401,[0.07886100346426076222979143379652435007657 +/- 2.77e-42],[0.4726898128834687355023943693900883162848 +/- 2.99e-41],[0.0004153558263525577973006063060673022667067 +/- 1.77e-44],[5.370643068407022104906224535376337244076e-5 +/- 3.90e-46],[0.8198109009142127686476171094968372860298 +/- 4.16e-41],[0.3198109009142127686476171094968372860298 +/- 4.16e-41],[2.095105342318026899944236505205545437427e-5 +/- 4.61e-45]
402,[0.07880729703357669200874237155117058670413 +/- 2.01e-42],[0.4725641808954105374874440179533385685586 +/- 8.68e-42],[0.0004141522921615457592040985093906984421144 +/- 3.42e-44],[5.749446275899965617658301310852056950745e-5 +/- 3.09e-45],[0.8807842154543948851289676672274928433059 +/- 2.73e-41],[0.3807842154543948851289676672274928433059 +/- 2.73e-41],[2.485624005348808359327222884416314073886e-5 +/- 8.03e-46]
403,[0.07874980257081769235256578853806206613462 +/- 4.55e-42],[0.4724150698881611442477438001994879469613 +/- 2.03e-41],[0.0004129552888549910746883827933196769729485 +/- 4.17e-45],[5.329039018551312870508416017284519778073e-5 +/- 2.27e-45],[0.8193442271149900473160447747258878668100 +/- 2.36e-41],[0.3193442271149900473160447747258878668100 +/- 2.36e-41],[2.077024271760758983261356851836830623881e-5 +/- 4.20e-46]
404,[0.07869651218063217922386070437788922093684 +/- 3.82e-42],[0.4722904190444968298280381371123460118410 +/- 4.75e-41],[0.0004117647646861045461251972770740348348159 +/- 1.88e-44],[5.308026648039260029496051457132056519954e-5 +/- 2.71e-45],[0.8190274042256502989248356916596821853134 +/- 1.42e-41],[0.3190274042256502989248356916596821853134 +/- 1.42e-41],[2.067581566071743087471310810466889812062e-5 +/- 3.34e-45]
405,[0.07864343191415178662356574386331790037164 +/- 4.29e-42],[0.4721662837822495696012449315898462637554 +/- 3.32e-41],[0.0004105806684462460749319885492712150975554 +/- 6.55e-45],[5.287151093598015909021728390958836806739e-5 +/- 2.15e-45],[0.8187112745856678962063544196727100088120 +/- 1.83e-41],[0.3187112745856678962063544196727100088120 +/- 1.83e-41],[2.058203809176087707404887841203857251681e-5 +/- 2.49e-45]
406,[0.07859056040321580646447552657940831200358 +/- 3.12e-42],[0.4720426607927260784412059615856266604636 +/- 2.74e-41],[0.0004094029494580046642777698896785877101092 +/- 2.38e-44],[5.659572712186432998513653937638894589053e-5 +/- 1.61e-46],[0.8794928144471668574272181258528841405854 +/- 4.25e-41],[0.3794928144471668574272181258528841405854 +/- 4.25e-41],[2.442051989323030650229034380422052056903e-5 +/- 7.48e-46]
407,[0.07853396467609394213449039004003192305769 +/- 3.65e-42],[0.4718959224507962729835338083242550689076 +/- 3.96e-41],[0.0004082315575683843171963372420231732187553 +/- 1.18e-44],[5.246677309060012591020624844105926445491e-5 +/- 3.42e-45],[0.8182580033653307714779404884157908735544 +/- 1.26e-41],[0.3182580033653307714779404884157908735544 +/- 1.26e-41],[2.040673036885782134523240955588030501464e-5 +/- 3.30e-45]
408,[0.07848149790300334200858018379159086379323 +/- 1.46e-42],[0.4717732521423930414313728495970398551232 +/- 4.65e-41],[0.0004070664431420939523225589413530262455589 +/- 1.86e-45],[5.226201511613772180658755784242876734741e-5 +/- 2.32e-45],[0.8179439975473190032901161505682374147207 +/- 2.80e-41],[0.3179439975473190032901161505682374147207 +/- 2.80e-41],[2.031483091229844613680998053150033761968e-5 +/- 1.45e-45]
409,[0.07842923588788720428677359623374843502588 +/- 4.05e-42],[0.4716510845358433054488177443691394498173 +/- 1.94e-41],[0.0004059075570549394973018725081742517451614 +/- 3.29e-44],[5.593870785547127781322620748265810806621e-5 +/- 1.49e-45],[0.8785719101497256553940132133310098476750 +/- 1.71e-41],[0.3785719101497256553940132133310098476750 +/- 1.71e-41],[2.410368831453339403617150807539474631802e-5 +/- 3.26e-45]
410,[0.07837329718003173300896037002626577691782 +/- 2.17e-42],[0.4715060729588146878317371218427745477486 +/- 4.35e-41],[0.0004047548506873163569043255427778225399258 +/- 3.10e-46],[5.958447243067355948878101492953694008538e-5 +/- 3.45e-45],[0.9391672128518309247901641495814037748494 +/- 1.19e-41],[0.4391672128518309247901641495814037748494 +/- 1.19e-41],[2.786250023269714330313975049590789700855e-5 +/- 2.11e-45]
411,[0.07831371270760105944947158901133623997773 +/- 2.47e-42],[0.4713383799039752770472907175148019551005 +/- 1.62e-41],[0.0004036082759178004890237681003097001852436 +/- 8.91e-46],[5.551925394255268091279366744730470415441e-5 +/- 2.51e-45],[0.8782451285254478819287451324387335448965 +/- 3.26e-41],[0.3782451285254478819287451324387335448965 +/- 3.26e-41],[2.391119137591587409991685518602792963204e-5 +/- 1.75e-45]
412,[0.07825819345365850676855879534388893527358 +/- 1.96e-42],[0.4711944100623901225406826419138462760262 +/- 1.02e-42],[0.0004024677851168363570808397658941412564834 +/- 5.06e-46],[5.530730688879463502637405136315879819866e-5 +/- 3.06e-45],[0.8779940525211401934832653158790845387454 +/- 3.07e-41],[0.3779940525211401934832653158790845387454 +/- 3.07e-41],[2.381090510225579342597160306784508184261e-5 +/- 2.73e-45]
413,[0.07820288614676971213353242129252577647538 +/- 6.14e-43],[0.4710509863233657163082562821280527755868 +/- 2.41e-41],[0.0004013333311405200618953307539788129146839 +/- 4.21e-44],[5.129642484629094319690474697308069115600e-5 +/- 3.31e-45],[0.8172013788209378209644595675718046549691 +/- 4.50e-41],[0.3172013788209378209644595675718046549691 +/- 4.50e-41],[1.991100004420502533470547962019299008615e-5 +/- 5.19e-46]
414,[0.07815158972192342119033551654555269578422 +/- 3.39e-42],[0.4709310053056945069155395931789933025889 +/- 2.93e-41],[0.0004002048673244759898689201141236128551125 +/- 1.75e-45],[5.109922294896576358871572004816822702084e-5 +/- 2.21e-45],[0.8168910115148159135162321522154941270182 +/- 3.36e-41],[0.3168910115148159135162321522154941270182 +/- 3.36e-41],[1.982257635310651939220168763056586841299e-5 +/- 2.99e-45]
415,[0.07810049049897445542674680082550452755720 +/- 2.55e-42],[0.4708115092944494419147874724630561422949 +/- 7.07e-42],[0.0003990823474778253473422617063484203607916 +/- 1.06e-44],[4.713445897422374412905722795937916131269e-5 +/- 2.84e-45],[0.7561226560674778477956467821950155439188 +/- 6.21e-43],[0.2561226560674778477956467821950155439188 +/- 6.21e-43],[1.596593188672342336403074865794636436801e-5 +/- 3.91e-45]
416,[0.07805335604000023168261774359754514839589 +/- 1.42e-43],[0.4707152237843538436640261632560006628588 +/- 8.80e-42],[0.0003979657258772449832794406194990313151941 +/- 3.74e-44],[4.694973944468684078095911699289521848238e-5 +/- 2.29e-45],[0.7557287406223226020687414696469808545989 +/- 3.78e-41],[0.2557287406223226020687414696469808545989 +/- 3.78e-41],[1.588717895107310456500394803602386898157e-5 +/- 3.33e-45]
417,[0.07800640630055554484183678448055225317741 +/- 2.53e-42],[0.4706193750639208725821513148296155596440 +/- 3.78e-41],[0.0003968549572611149340059993459756962864376 +/- 4.28e-44],[4.302156384392420667046184658147146613133e-5 +/- 1.05e-45],[0.6948548881816939955186775658248382253346 +/- 2.95e-41],[0.1948548881816939955186775658248382253346 +/- 2.95e-41],[1.206433480542406921292840500099561459098e-5 +/- 2.97e-45]
418,[0.07796338473671162063516632263397078171128 +/- 3.86e-42],[0.4705465609952069734436736208338958473112 +/- 2.99e-41],[0.0003957499968237531546015887647763337300488 +/- 4.81e-44],[4.658315012721294624611372372991117705725e-5 +/- 3.70e-45],[0.7548962232389975475871158933939537250374 +/- 1.52e-41],[0.2548962232389975475871158933939537250374 +/- 1.52e-41],[1.572914086529027720630958067997237458435e-5 +/- 3.01e-45]
419,[0.07791680158658440768892020891024087053422 +/- 1.10e-42],[0.4704515904729810783481675794782243330129 +/- 4.49e-41],[0.0003946508002097359317419167714904602802680 +/- 2.09e-44],[5.012604070477581518372614406554075790462e-5 +/- 1.22e-45],[0.8150594783246407450461524036097562334412 +/- 7.00e-42],[0.3150594783246407450461524036097562334412 +/- 7.00e-42],[1.937611260884705644265529274824635473984e-5 +/- 3.79e-45]
420,[0.07786667554587963187373648276617532977631 +/- 4.29e-42],[0.4703345538175092482105030819023732983696 +/- 1.27e-41],[0.0003935573235083025023136724204973633222398 +/- 8.74e-45],[4.993620638653272235709658825689325581796e-5 +/- 4.68e-45],[0.8147529075684195642326448283883587489206 +/- 1.78e-41],[0.3147529075684195642326448283883587489206 +/- 1.78e-41],[1.929120596820694472982592282518354220401e-5 +/- 1.94e-45]
421,[0.07781673933949309915137938617791843652050 +/- 3.68e-42],[0.4702179841429244314116644385088225065133 +/- 1.73e-41],[0.0003924695232478424310066764743202919296997 +/- 2.57e-44],[5.344178145780522150221255796358563792754e-5 +/- 3.29e-46],[0.8749272925370610034404897861407850173883 +/- 4.60e-41],[0.3749272925370610034404897861407850173883 +/- 4.60e-41],[2.290108286853273996556614001501431548416e-5 +/- 1.85e-45]
422,[0.07776329755803529392987717361995485088257 +/- 1.22e-42],[0.4700795469752869719258554149873051310386 +/- 1.19e-43],[0.0003913873563904643283353995322035582395556 +/- 1.29e-44],[4.956654142879167693949409392116251329159e-5 +/- 1.41e-45],[0.8142863606381364464591908163740210731759 +/- 5.76e-42],[0.3142863606381364464591908163740210731759 +/- 5.76e-42],[1.913096997334719294345255186511232526872e-5 +/- 6.55e-46]
423,[0.07771373101660650225293767952603368836928 +/- 2.81e-42],[0.4699638548797119823972943709505692118837 +/- 1.98e-41],[0.0003903107803266445181725266651744637249192 +/- 2.89e-44],[4.938020260850117411589155305246083255608e-5 +/- 1.24e-45],[0.8139815580745954318503777060627558293929 +/- 2.42e-41],[0.3139815580745954318503777060627558293929 +/- 2.42e-41],[1.904769561331453304516691829062744448803e-5 +/- 3.97e-45]
424,[0.07766435081399800107882178797298122753672 +/- 1.12e-42],[0.4698486213983150384624400539225185925997 +/- 2.60e-41],[0.0003892397528699542909053560491127627948325 +/- 1.97e-44],[4.919502119078057275947424874509212324104e-5 +/- 3.42e-45],[0.8136773966335865032018769272733931652773 +/- 3.61e-41],[0.3136773966335865032018769272733931652773 +/- 3.61e-41],[1.896496847313455745004148064247787153417e-5 +/- 2.63e-45]
425,[0.07761515579280722050606231372423613541348 +/- 7.2e-44],[0.4697338437180297877722636099457663479817 +/- 1.60e-41],[0.0003881742322518644047660266279685048708837 +/- 2.81e-44],[4.901098719488382147722584328829609194984e-5 +/- 2.00e-45],[0.8133738737030772682210723872025555743301 +/- 3.62e-41],[0.3133738737030772682210723872025555743301 +/- 3.62e-41],[1.888278368390203251865263916337742484082e-5 +/- 2.38e-45]
426,[0.07756614480561233668458508788094783932153 +/- 2.30e-43],[0.4696195190495268780163611604540090543856 +/- 4.32e-41],[0.0003871141771166255237530207304702331072117 +/- 3.00e-44],[5.245568445915340386045367896568582975767e-5 +/- 3.69e-45],[0.8734766087610824908159141959455576186438 +/- 2.27e-41],[0.3734766087610824908159141959455576186438 +/- 2.27e-41],[2.242873014061976690029642696180613189307e-5 +/- 7.11e-46]
427,[0.07751368912115318328072463420198215349177 +/- 2.56e-42],[0.4694836730753741532118656860371916240027 +/- 2.09e-41],[0.0003860595465162233058678534040894280131427 +/- 1.03e-44],[4.864902506257123755272793469924432268871e-5 +/- 3.19e-45],[0.8128519326308695740306915547985772021895 +/- 3.54e-41],[0.3128519326308695740306915547985772021895 +/- 3.54e-41],[1.872412539165932777078183121644215302383e-5 +/- 4.69e-45]
428,[0.07746504009609061204317190626728290916908 +/- 3.85e-42],[0.4693702212928965680833431609705830077673 +/- 2.26e-41],[0.0003850102999054068801507505188296188094081 +/- 3.25e-44],[4.846835211200792671912025098229293281152e-5 +/- 4.55e-45],[0.8125501233679465346999326668607866310392 +/- 1.99e-41],[0.3125501233679465346999326668607866310392 +/- 1.99e-41],[1.864351379242771117113143820898478120192e-5 +/- 4.47e-45]
429,[0.07741657174397860411645278601630061623627 +/- 2.32e-42],[0.4692572144372263272202420341454757248112 +/- 3.72e-42],[0.0003839663971367894752254901763372943120876 +/- 3.56e-44],[5.188336110863232107256297384054200248813e-5 +/- 2.22e-45],[0.8727120106998628412300406289055144734219 +/- 1.51e-41],[0.3727120106998628412300406289055144734219 +/- 1.51e-41],[2.215799897741507778226388509095012444853e-5 +/- 3.40e-45]
430,[0.07736468838286997179538022304246007423378 +/- 4.19e-42],[0.4691228530907729625257671287383597954780 +/- 8.30e-42],[0.0003829277984560199857691526562236042482033 +/- 4.10e-44],[5.527491828446128907590510723746502157203e-5 +/- 3.12e-45],[0.9329071853678704960589619530100345249425 +/- 2.12e-41],[0.4329071853678704960589619530100345249425 +/- 2.12e-41],[2.564982848377286576058675749239135576925e-5 +/- 1.11e-45]
431,[0.07730941346458551050630431793522260921221 +/- 2.17e-42],[0.4689672584586977743980930508800097754488 +/- 2.87e-41],[0.0003818944644970242865196770527477408478794 +/- 1.42e-44],[5.863907214332726028654726609451305378910e-5 +/- 1.95e-45],[0.9930734071499802641484770626930087250135 +/- 3.49e-42],[0.4930734071499802641484770626930087250135 +/- 3.49e-42],[2.911503508769033770108548219148191572795e-5 +/- 6.13e-46]
432,[0.07725077439244218324601777066912809615842 +/- 3.07e-42],[0.4687905760347690092486725070658235513498 +/- 1.20e-41],[0.0003808663562773151261349193247722784318892 +/- 3.62e-44],[5.842571739469568648577998732651366961296e-5 +/- 1.02e-45],[0.9928842127394213914790366095966671681899 +/- 3.65e-41],[0.4928842127394213914790366095966671681899 +/- 3.65e-41],[2.900349643224530996752464768677074587788e-5 +/- 1.25e-45]
433,[0.07719234867504748755953199068180158248881 +/- 1.07e-43],[0.4686145034147337920354411321210141088429 +/- 2.12e-41],[0.0003798434351933694554330946676546110361832 +/- 3.95e-46],[6.173883431603580635381678024757919453090e-5 +/- 4.84e-45],[1.052808904973145171656178278050419165979 +/- 4.72e-41],[0.5528089049731451716561782780504191659790 +/- 4.72e-41],[3.241782742466142746418888255121116217134e-5 +/- 4.49e-45]
434,[0.07713060984073145175317817390155400329428 +/- 8.02e-43],[0.4684176285050850417491403803286583488932 +/- 1.82e-41],[0.0003788256630160720662875102814832147413527 +/- 2.94e-44],[6.501498208095948963073876423791979584855e-5 +/- 6.90e-46],[1.112544252198948306959460809159198678802 +/- 3.08e-40],[0.6125442521989483069594608091591986788023 +/- 7.89e-42],[3.579592766921042474123220142540069587592e-5 +/- 3.04e-45]
435,[0.07706559485865049226354743513731608349843 +/- 6.52e-43],[0.4682001558579907665849000561688385751767 +/- 2.30e-41],[0.0003778130018862244387295000990583630998106 +/- 1.74e-44],[6.825142719750563130287381334409153558986e-5 +/- 2.34e-45],[1.172045055750431546857624494649486545228 +/- 4.75e-40],[0.6720450557504315468576244946494865452285 +/- 2.60e-41],[3.913504346181130446169309294094641328949e-5 +/- 2.34e-45]
436,[0.07699734343145298663224456132397199196284 +/- 7.90e-43],[0.4679623070646519617703567190940119542446 +/- 3.84e-41],[0.0003768054143101177146433204934886945881006 +/- 9.57e-45],[6.799260264188621441308274199010953256915e-5 +/- 3.80e-45],[1.171760338426930083935757532024805248418 +/- 4.27e-40],[0.6717603384269300839357575320248052484184 +/- 2.70e-41],[3.897958674941915098501427942467680386681e-5 +/- 1.30e-45]
437,[0.07692935082881110041783147858198188243027 +/- 1.65e-42],[0.4677253137812430600627381000623760439227 +/- 3.38e-41],[0.0003758028631551687368260354236410796274916 +/- 4.45e-45],[6.430569239874969475236673375586295957325e-5 +/- 3.07e-45],[1.112159999313449747239013039317304260735 +/- 4.95e-40],[0.6121599993134497472390130393173042607355 +/- 5.90e-42],[3.539542209661403013621162811631678805600e-5 +/- 1.81e-46]
438,[0.07686504513641235072307911184822601947070 +/- 1.61e-42],[0.4675100310756262778920077141955015270978 +/- 5.08e-42],[0.0003748053116456181121444191054377025988232 +/- 4.50e-44],[6.747923735101456178735690636818747349601e-5 +/- 4.68e-45],[1.171131187190415618802236356963756871810 +/- 1.57e-40],[0.6711311871904156188022363569637568718098 +/- 4.37e-41],[3.866981015400702791948605958896385983468e-5 +/- 9.95e-46]
439,[0.07679756589906133616129175494185783199720 +/- 2.39e-42],[0.4672747446384404938292004687241267957582 +/- 1.78e-42],[0.0003738127233582892770596781112656036502004 +/- 2.81e-44],[7.061584222230312801623925584931238299384e-5 +/- 4.71e-45],[1.229902298216206996390442668452476513488 +/- 2.71e-40],[0.7299022982162069963904426684524765134877 +/- 2.95e-41],[4.190793496628732243585074294251291082737e-5 +/- 1.06e-45]
440,[0.07672695005683903303327551568600851961421 +/- 1.46e-42],[0.4670196604790306115969339323768411155316 +/- 1.16e-41],[0.0003728250622184075629191299351524022676023 +/- 2.26e-44],[7.034385022630051477356277718542571549527e-5 +/- 4.02e-45],[1.229541256270365987031506222995927189101 +/- 3.75e-40],[0.7295412562703659870315062229959271891014 +/- 2.59e-41],[4.173812029753085258677977372528837847009e-5 +/- 3.22e-45]
441,[0.07665660620661273251850195290882309389871 +/- 3.29e-42],[0.4667655151915221473720256669564603336963 +/- 1.10e-41],[0.0003718422924954782771414089364982120168891 +/- 3.81e-45],[7.007353308124003867539868497458727565038e-5 +/- 1.21e-45],[1.229180459188334039804318186179309786601 +/- 1.73e-40],[0.7291804591883340398043181861793097866008 +/- 2.79e-41],[4.156936489445005148457607452472586608859e-5 +/- 3.06e-45]
442,[0.07658653267353149247982655422384850662306 +/- 2.91e-42],[0.4665123033083488900247225798423581526441 +/- 5.23e-43],[0.0003708643787992228347575978150899270313460 +/- 4.91e-44],[7.312360259000716143230895476843562166583e-5 +/- 3.76e-45],[1.287241563855623787524147307660347964163 +/- 8.74e-41],[0.7872415638556237875241473076603479641629 +/- 1.28e-41],[4.472038572565152166277117616156733943478e-5 +/- 3.74e-46]
443,[0.07651340907094148531839424526908007100140 +/- 2.93e-42],[0.4662397965177863019156186376167307149734 +/- 9.95e-42],[0.0003698912860755719927239619234645340938089 +/- 4.47e-44],[7.612786620440704156960548317885544530711e-5 +/- 1.20e-45],[1.344937208105335154861865770520005912476 +/- 4.68e-40],[0.8449372081053351548618657705200059124755 +/- 3.22e-41],[4.782622292113015954083980417849866617253e-5 +/- 4.07e-45]
444,[0.07643728120473707827682463978590121555609 +/- 3.7e-44],[0.4659482562533753176228251822892937082758 +/- 4.82e-41],[0.0003689229796027152570015237781167736993812 +/- 1.45e-44],[7.582020970198521947285605181745129934434e-5 +/- 3.14e-45],[1.344355247684107666788607519809075900056 +/- 3.50e-40],[0.8443552476841076667886075198090759000563 +/- 4.97e-41],[4.762074016720299205740286783958376483659e-5 +/- 1.53e-45]
445,[0.07636146099503509305735178373408376425675 +/- 4.38e-42],[0.4656578614424639761951017476369675162234 +/- 3.94e-41],[0.0003679594249872055496121618396799050929313 +/- 3.83e-44],[7.228424209207062397117600955497495147724e-5 +/- 2.04e-45],[1.286291724567499847599338915607644991755 +/- 4.48e-40],[0.7862917245674998475993389156076449917554 +/- 4.80e-41],[4.418632281315458619921517048749386559652e-5 +/- 2.23e-45]
446,[0.07628917675294302243338060772452878930527 +/- 1.62e-42],[0.4653883107799868127606170078194711636104 +/- 4.49e-41],[0.0003670005881601182397386396419847938283294 +/- 1.72e-44],[6.879748529986841941752064376605245497449e-5 +/- 2.12e-45],[1.228606701269935210801038966457448270495 +/- 1.80e-40],[0.7286067012699352108010389664574482704948 +/- 2.04e-41],[4.079931256128711076118158487987415933265e-5 +/- 1.81e-47]
447,[0.07622037926764315401396308708076273685029 +/- 3.91e-42],[0.4651393305844616047645694805833126472500 +/- 9.47e-42],[0.0003660464353732636594451461580045646832934 +/- 1.77e-44],[6.535495711002912621774039030967669765980e-5 +/- 4.76e-45],[1.171227472951955901572850078739923111454 +/- 2.28e-40],[0.6712274729519559015728500787399231114542 +/- 2.80e-41],[3.745475897631014114903582909597441616403e-5 +/- 4.20e-45]
448,[0.07615502431053312488774534669045306015263 +/- 4.10e-42],[0.4649106770253412921973430812764724881729 +/- 3.99e-41],[0.0003650969331954522407635280197958153416089 +/- 9.42e-45],[6.511396756291284803632913170458734745393e-5 +/- 2.51e-45],[1.170947482401577402154576356888621975554 +/- 3.68e-40],[0.6709474824015774021545763568886219755536 +/- 3.28e-41],[3.731000173971209439801268658004812388517e-5 +/- 8.88e-46]
449,[0.07608991034297021203970901755874847280518 +/- 1.72e-43],[0.4646828239907751671110911156431040532657 +/- 1.74e-41],[0.0003641520485088114267261912134952033833593 +/- 2.71e-44],[6.801685505246978172201303521034625650985e-5 +/- 5.12e-46],[1.227373442227241051829049568553471874359 +/- 4.85e-40],[0.7273734422272410518290495685534718743585 +/- 1.57e-41],[4.030855833022538076368409215211056062652e-5 +/- 8.35e-47]
450,[0.07602189348791774225798700452353812654867 +/- 3.22e-43],[0.4644365690282315212771648964176444695719 +/- 2.21e-41],[0.0003632117485051535244372221747327550371945 +/- 2.55e-44],[6.776082217880477339992028437837179638019e-5 +/- 1.64e-45],[1.227015647088953682193921851730404052559 +/- 9.21e-41],[0.7270156470889536821939218517304040525591 +/- 8.02e-42],[4.014877732038562592437060098225849041699e-5 +/- 2.36e-45]
451,[0.07595413266573893748458708423915975475229 +/- 1.30e-43],[0.4641912010869170186643882648211956773908 +/- 1.02e-41],[0.0003622760006823936834660147922147019579887 +/- 1.81e-44],[6.440899312837940504812679564988296674892e-5 +/- 6.33e-46],[1.170376359591153673261392970328525486151 +/- 4.35e-40],[0.6703763595911536732613929703285254861514 +/- 3.47e-41],[3.689263371093554536772057430137075380924e-5 +/- 2.62e-45]
452,[0.07588972367261055807953895744350987178554 +/- 1.22e-42],[0.4639656512496313941828958081265224448794 +/- 2.65e-41],[0.0003613447728410171977297957433221390432883 +/- 3.79e-45],[6.417364449618567810510474467996430640228e-5 +/- 1.76e-45],[1.170097254346082469178437209441032183740 +/- 4.69e-40],[0.6700972543460824691784372094410321837405 +/- 3.15e-41],[3.675128953473865061143350771059741789813e-5 +/- 3.46e-45]
453,[0.07582555002811437240143385269882990747914 +/- 1.08e-42],[0.4637408843273645390325570295683148088367 +/- 2.08e-41],[0.0003604180330805953436099419444917609202841 +/- 3.17e-44],[6.087723453487504428884500191285731374665e-5 +/- 1.18e-45],[1.113788779274116384467416269088496795367 +/- 7.89e-41],[0.6137887792741163844674162690884967953669 +/- 2.12e-41],[3.354833893648778122996200543030462482163e-5 +/- 2.14e-46]
454,[0.07576467279357949735714500769691705016539 +/- 2.28e-42],[0.4635356323289182716820567431811497258021 +/- 7.70e-42],[0.0003594957497963489813287326938496588004146 +/- 4.45e-44],[5.761199472122551807351404218085544367500e-5 +/- 3.67e-45],[1.057602343210957874663911038916601620051 +/- 4.94e-40],[0.5576023432109578746639110389166016200505 +/- 6.47e-42],[3.037491686722261428019189608831552151085e-5 +/- 3.62e-45]
455,[0.07570706079885827183907149365473619472172 +/- 2.73e-42],[0.4633497288036149594272229261738099896712 +/- 1.56e-41],[0.0003585778916757591606048578804181454259972 +/- 1.51e-44],[6.044778744147436873120512548997266676397e-5 +/- 9.41e-46],[1.113346936123020650449459565638570619697 +/- 3.93e-40],[0.6133469361230206504494595656385706196966 +/- 7.80e-42],[3.330090919525125454994877083252979025344e-5 +/- 3.49e-46]
456,[0.07564661301141679747034028852924622205495 +/- 3.31e-42],[0.4631458442265167421201627115896126706196 +/- 3.19e-41],[0.0003576644276952239853141301261841940373564 +/- 8.84e-45],[6.023365385819442771973449949147259606157e-5 +/- 2.50e-45],[1.113125102688087682877288376233618325841 +/- 1.08e-40],[0.6131251026880876828772883762336183258409 +/- 7.77e-42],[3.317755130838395462101727417569392552024e-5 +/- 3.34e-45]
457,[0.07558637935755860304262055402975474945889 +/- 1.74e-42],[0.4629426422290677426232651751889399269236 +/- 1.01e-41],[0.0003567553271167610053127801551147763338461 +/- 1.65e-44],[6.302513007440040470205887914848922022097e-5 +/- 4.51e-45],[1.168610395779249024881258277614657364257 +/- 1.43e-40],[0.6686103957792490248812582776146573642571 +/- 4.29e-41],[3.605928658112299371018387216100895533318e-5 +/- 6.51e-46]
458,[0.07552335422748420263791849515060626023867 +/- 7.60e-43],[0.4627217116973127180088697518558438259444 +/- 3.20e-43],[0.0003558505594847544167406521284039397578057 +/- 3.71e-45],[5.981268242069021448465948263149485718989e-5 +/- 4.33e-45],[1.112792938134612943688388639781507435076 +/- 2.07e-40],[0.6127929381346129436883886397815074350762 +/- 6.09e-42],[3.293765456467466828344514268395213453725e-5 +/- 1.01e-45]
459,[0.07546354154506351242343383566797476538148 +/- 8.66e-43],[0.4625198351586841970592630682500751291332 +/- 6.26e-42],[0.0003549500946227463650166082394059330884332 +/- 4.49e-44],[5.960223870192098888685406516361001688815e-5 +/- 4.94e-45],[1.112571927224727804622599554252411266323 +/- 2.06e-40],[0.6125719272247278046225995542524112663232 +/- 5.59e-42],[3.281644748993314372771795477025606657813e-5 +/- 4.25e-45]
460,[0.07540393930636159143454698160281115536459 +/- 2.72e-42],[0.4623186300865431864467059625340065676350 +/- 1.57e-41],[0.0003540539026302716573744006753707730302102 +/- 3.44e-44],[5.939300828594987627371143512690257732275e-5 +/- 1.13e-45],[1.112351145477634716742533903664718875726 +/- 2.97e-40],[0.6123511454776347167425339036647188757263 +/- 3.67e-42],[3.269594930083641560420106201157758176406e-5 +/- 2.61e-45]
461,[0.07534454629807564155827327016768425278727 +/- 4.2e-44],[0.4621180928150875187368493891394956296768 +/- 2.48e-41],[0.0003531619538797352041699312682498539786425 +/- 2.44e-44],[6.212241987066748030744561151465108609429e-5 +/- 3.94e-45],[1.167327282769711238875102105783396098146 +/- 2.40e-40],[0.6673272827697112388751021057833960981458 +/- 3.95e-41],[3.551359268585691677236944647269483028238e-5 +/- 3.89e-45]
462,[0.07528242387820497407796582455616960170118 +/- 4.34e-42],[0.4619001968626479978058265380784926470638 +/- 4.39e-41],[0.0003522742190133315203258117266173894060818 +/- 1.84e-44],[5.898148746945260812568294545988351595347e-5 +/- 4.90e-45],[1.112016601207220616387287005856221870430 +/- 3.13e-40],[0.6120166012072206163872870058562218704303 +/- 1.24e-41],[3.246143039232737059634362582194781758057e-5 +/- 3.90e-45]
463,[0.07522344239073552146984014161070971818522 +/- 2.21e-42],[0.4617009574631146729878994859315801412771 +/- 2.60e-41],[0.0003513906689400056301719407397307803970925 +/- 3.36e-44],[6.167855487249395182714481152425861520414e-5 +/- 4.92e-45],[1.166704211070980443785821236508016118707 +/- 6.94e-41],[0.6667042110709804437858212365080161187071 +/- 3.07e-41],[3.524573913084342055832331795806231364684e-5 +/- 4.88e-45]
464,[0.07516176383586302751801299679918545957002 +/- 1.95e-42],[0.4614845526938934110292406368308155067403 +/- 1.74e-41],[0.0003505112748324547305967760732159454187090 +/- 3.82e-44],[6.145919318309902262515530941526874845170e-5 +/- 4.71e-45],[1.166427911617370774158047606675622604035 +/- 9.06e-41],[0.6664279116173707741580476066756226040351 +/- 9.45e-42],[3.511414752233478009515765279118765877806e-5 +/- 4.90e-45]
465,[0.07510030464267992849538784148977019082157 +/- 3.65e-42],[0.4612688802863459182207786142044050837956 +/- 1.52e-41],[0.0003496360081241699788483182613316302816059 +/- 2.59e-44],[6.410816475669324634811756459261397211766e-5 +/- 2.05e-45],[1.220746525478427076982752898154189046888 +/- 3.04e-40],[0.7207465254784270769827528981541890468877 +/- 3.60e-42],[3.785039403251756648828088884012606988400e-5 +/- 4.57e-45]
466,[0.07503619647792323524903972392517757684945 +/- 1.32e-42],[0.4610363204390853287140419871529821962723 +/- 1.77e-41],[0.0003487648405065177825216298998939100127308 +/- 2.48e-44],[6.102823203517476534096235909312796563417e-5 +/- 1.67e-45],[1.165996601552529273855773520309017523240 +/- 5.97e-41],[0.6659966015525292738557735203090175232399 +/- 4.05e-41],[3.485824493833613681819364688291255719865e-5 +/- 3.56e-45]
467,[0.07497516824588806048369876156608444888381 +/- 4.52e-42],[0.4608220701883498445690920777171571941990 +/- 4.62e-41],[0.0003478977439258599802459604478445986609982 +/- 2.15e-44],[6.364338284569957452505268840645635347759e-5 +/- 1.41e-45],[1.219984178824697635203761380135885458782 +/- 4.58e-40],[0.7199841788246976352037613801358854587815 +/- 4.21e-41],[3.755969096249334146105092024506154267678e-5 +/- 3.93e-45]
468,[0.07491152486304236090917370887767799253034 +/- 3.08e-42],[0.4605911356192624896970902546746712207838 +/- 2.53e-41],[0.0003470346905807123123440809913985208259157 +/- 2.84e-44],[6.341331000712263992533335206139496472517e-5 +/- 4.86e-45],[1.219632249368405944254095693912152275924 +/- 4.61e-40],[0.7196322493684059442540956939121522759235 +/- 3.99e-41],[3.741641215534739692591169134532449059998e-5 +/- 4.13e-45]
469,[0.07484811155303523826924837552561659756561 +/- 1.77e-42],[0.4603610021310744829789072836177998868249 +/- 3.51e-41],[0.0003461756529189405912839904170459170490734 +/- 1.23e-44],[6.039433746684746303859254889026382495655e-5 +/- 4.40e-46],[1.165437151520302650367152340000131421286 +/- 1.48e-40],[0.6654371515203026503671523400001314212861 +/- 4.77e-41],[3.448374358022578896472386482872793791794e-5 +/- 1.97e-45]
470,[0.07478771721556839080620978297672633374066 +/- 4.79e-42],[0.4601488328745126350041127307513135456540 +/- 3.16e-41],[0.0003453206036349939920833543827073504896633 +/- 1.60e-44],[6.295522578658810435580117049108705101704e-5 +/- 5.52e-46],[1.218846519626968164490562752242288324486 +/- 3.39e-40],[0.7188465196269681644905627522422883244863 +/- 3.88e-41],[3.712948613322479554134637105941793761427e-5 +/- 2.05e-45]
471,[0.07472476198978180270185398180623524668964 +/- 1.83e-42],[0.4599203061562588860263764404625575162359 +/- 3.73e-41],[0.0003444695156671748929643915217929579684680 +/- 3.27e-44],[5.997678455852040451414561671553711655858e-5 +/- 2.94e-45],[1.165031984118493888390218922698688124852 +/- 2.39e-40],[0.6650319841184938883902189226986881248522 +/- 3.86e-41],[3.423638198755534689928997974980744401671e-5 +/- 4.46e-45]
472,[0.07466478520522328229733983618951970957308 +/- 4.05e-43],[0.4597095134718190279263673432745734922616 +/- 4.01e-41],[0.0003436223621949447064958301267530702060814 +/- 4.51e-44],[5.976714038585714439617230388367551478851e-5 +/- 1.66e-45],[1.164756767202927956971246671377483618711 +/- 2.86e-40],[0.6647567672029279569712466713774836187107 +/- 1.46e-41],[3.411065052086016075836115071143313249026e-5 +/- 2.54e-45]
473,[0.07460501806483742515294366388563603405829 +/- 1.10e-42],[0.4594994227214975381589123137930502484410 +/- 1.59e-41],[0.0003427791166362651512033210975041288134022 +/- 4.01e-44],[5.683927715162146337026119017014831179240e-5 +/- 3.17e-45],[1.111312387704462967284324658369248850427 +/- 4.63e-40],[0.6113123877044629672843246583692488504275 +/- 3.76e-41],[3.126623496272388699306871000798186690384e-5 +/- 2.28e-45]
474,[0.07454817878768580368957340269546588574650 +/- 1.32e-42],[0.4593067849657233651592597613767071126296 +/- 1.42e-41],[0.0003419397526449744231845051696527961743735 +/- 1.04e-44],[5.935145270685582478409088240126196169473e-5 +/- 2.25e-45],[1.164165504191859630324271376726284407003 +/- 4.33e-40],[0.6641655041918596303242713767262844070026 +/- 3.23e-41],[3.386046689206121180351445298327539843070e-5 +/- 4.43e-45]
475,[0.07448882733497894786478931181306462378480 +/- 3.96e-42],[0.4590980922488559994549594065473363486090 +/- 3.66e-41],[0.0003411042441081977366338909557310798282794 +/- 3.29e-44],[5.914535062781870140607334439610100325980e-5 +/- 2.82e-45],[1.163891120020235851738600396297377366448 +/- 5.83e-42],[0.6638911200202358517386003962973773664480 +/- 5.81e-42],[3.373689548521465011658154225353589852167e-5 +/- 1.96e-45]
476,[0.07442968198435112916338323846866852278154 +/- 4.16e-42],[0.4588900901910851176656137474337267501265 +/- 5.29e-42],[0.0003402725651437917113698049296893383979099 +/- 4.70e-44],[5.894040840563148631099307481687008239632e-5 +/- 4.63e-45],[1.163616971142257721419422522796604355303 +/- 3.37e-40],[0.6636169711422577214194225227966043553027 +/- 3.70e-41],[3.361402959397966638068216878492191143917e-5 +/- 3.33e-45]
477,[0.07437074157594549767707224539385165269915 +/- 2.17e-42],[0.4586827751092390393405305878970885653794 +/- 4.51e-41],[0.0003394446900978220944648306293223952484748 +/- 1.17e-45],[5.873661703522552975745578809661116802091e-5 +/- 2.23e-45],[1.163343057374108240717931486554161043623 +/- 5.41e-41],[0.6633430573741082407179314865541610436229 +/- 4.60e-41],[3.349186370863349713370463242872795236617e-5 +/- 4.26e-45]
478,[0.07431200495891027214731478960575504153113 +/- 3.07e-42],[0.4584761433474511130189800669415117869650 +/- 4.73e-41],[0.0003386205935420743119161756081442507669738 +/- 9.09e-45],[5.589159723636390938702421332258995592144e-5 +/- 1.85e-45],[1.110565504569698646936069681895378735605 +/- 3.91e-40],[0.6105655045696986469360696818953787356046 +/- 9.68e-42],[3.072802200987614344349638048789259515709e-5 +/- 2.17e-45]
479,[0.07425611336167390823792776539243245157521 +/- 4.52e-42],[0.4582864991956555046722049239875120310226 +/- 3.74e-41],[0.0003378002502715963549570150496650254672996 +/- 9.74e-45],[5.833166283664280597397411275778089962120e-5 +/- 4.71e-45],[1.162738840755979493303294274295743006776 +/- 9.22e-41],[0.6627388407559794933032942742957430067759 +/- 7.87e-42],[3.324792915887332963041951929517000727249e-5 +/- 4.54e-45]
480,[0.07419778169883726543195379127967467067558 +/- 4.30e-42],[0.4580812335926309365059777518614058390027 +/- 3.83e-41],[0.0003369836353022735141076972082934518157166 +/- 1.25e-44],[5.813127766325183262706945282391190062778e-5 +/- 2.44e-45],[1.162465681301731222262644383043327499910 +/- 4.67e-40],[0.6624656813017312222626443830433274999095 +/- 3.32e-41],[3.312783945501315143524649519965668401532e-5 +/- 3.20e-45]
481,[0.07413965042117401359932672182685075877496 +/- 3.49e-42],[0.4578766404532114025072036806218377064207 +/- 3.08e-41],[0.0003361707238684344824003096633531302045140 +/- 6.19e-45],[5.533716029874099948203572265955610768898e-5 +/- 1.50e-46],[1.110136674005114669484169731328070453182 +/- 3.92e-40],[0.6101366740051146694841697313280704531824 +/- 8.58e-42],[3.041358034930224788268607143659262271592e-5 +/- 3.90e-45]
482,[0.07408431326087527259984468610419120266727 +/- 2.47e-42],[0.4576887470535052256844515933635977647305 +/- 4.86e-41],[0.0003353614914204883573849655848035329900871 +/- 4.33e-44],[5.256975634379365709275947742661506501303e-5 +/- 4.64e-45],[1.057953346406935674245373624893205141349 +/- 2.61e-40],[0.5579533464069356742453736248932051413493 +/- 3.92e-41],[2.772473055776386251758545038960972800170e-5 +/- 2.42e-45]
483,[0.07403174350453147894275192662676458760225 +/- 4.50e-42],[0.4575174077569402146337263605839105851920 +/- 1.13e-41],[0.0003345559136225920795446638501395221023140 +/- 1.16e-44],[5.496870838774208029149841460521452523911e-5 +/- 4.66e-45],[1.109682784131370775922407997334586380695 +/- 2.28e-40],[0.6096827841313707759224079973345863806952 +/- 2.74e-41],[3.020095080251015457576235521445597215908e-5 +/- 3.60e-45]
484,[0.07397677479614373686246042821215937307702 +/- 4.61e-42],[0.4573307029148155250612864452496922509427 +/- 2.88e-41],[0.0003337539663503478526110152254874532185157 +/- 6.45e-45],[5.478546404312374370492366527434545585158e-5 +/- 1.06e-45],[1.109464779966090771422224492442180302399 +/- 4.75e-40],[0.6094647799660907714222244924421803023985 +/- 2.59e-41],[3.009542203710432582809946901456243372277e-5 +/- 2.29e-45]
485,[0.07392198933210061311875550454688502762116 +/- 3.82e-42],[0.4571445883440024708534444993014712957651 +/- 2.99e-41],[0.0003329556256885300989887414878948319093156 +/- 1.19e-44],[5.206012914825569257801921838555994122302e-5 +/- 6.87e-46],[1.057584902641586770014866762294947118503 +/- 4.95e-40],[0.5575849026415867700148667622949471185035 +/- 5.43e-42],[2.744738693804528574190485273007762996147e-5 +/- 3.90e-45]
486,[0.07386992920295235742617748532849946767994 +/- 7.96e-43],[0.4569747930822228013391819295386599571945 +/- 3.66e-41],[0.0003321608679288415110658030665927610484211 +/- 1.22e-44],[5.189026679249254661594377930619623690697e-5 +/- 9.55e-46],[1.057401101613200134656807428844507149396 +/- 2.77e-40],[0.5574011016132001346568074288445071493957 +/- 2.36e-41],[2.735356699459781595037661608031488943496e-5 +/- 4.36e-45]
487,[0.07381803893615986487956154154919327144303 +/- 3.83e-42],[0.4568055219849517956145482563474555050450 +/- 4.91e-41],[0.0003313696695676977666113783356051544421558 +/- 2.83e-44],[5.424070726177772302633081233577520298410e-5 +/- 5.91e-46],[1.108715425687491400758950819910387849638 +/- 2.49e-40],[0.6087154256874914007589508199103878496382 +/- 4.85e-41],[2.977964809136698063041605775407443155466e-5 +/- 5.99e-46]
488,[0.07376379822889808715653521073685749624005 +/- 2.78e-43],[0.4566211765705909213241421601518399497038 +/- 1.02e-41],[0.0003305820073040404837487178170588181059085 +/- 4.49e-44],[5.406142626842768822801676898010797535359e-5 +/- 2.62e-45],[1.108498270768843502824841359137299619355 +/- 1.99e-40],[0.6084982707688435028248413591372996193548 +/- 1.46e-42],[2.967644178354833228069144688379292426686e-5 +/- 4.40e-46]
489,[0.07370973680262965946830719396787738826470 +/- 3.88e-42],[0.4564374092856693918619904939750913030601 +/- 2.44e-42],[0.0003297978580371779981370736553440197751224 +/- 4.84e-44],[5.139339274358679086676209802360477948905e-5 +/- 3.01e-45],[1.057072079325394420013365660000524477918 +/- 2.25e-40],[0.5570720793253944200133656600005244779178 +/- 2.50e-41],[2.708407942959537994931261163457282199810e-5 +/- 3.93e-45]
490,[0.07365834340988607267744043186985378348521 +/- 2.93e-42],[0.4562696395180375990827528106207959126814 +/- 3.58e-41],[0.0003290171988646535520093356142802484761242 +/- 1.88e-44],[5.122712561972712748865233471311082194158e-5 +/- 4.43e-45],[1.056889162326308439431457976711807036325 +/- 4.10e-40],[0.5568891623263084394314579767118070363246 +/- 9.21e-42],[2.699226379799569809261509546890583109196e-5 +/- 4.89e-45]
491,[0.07360711628426634554995177953514067266327 +/- 4.51e-42],[0.4561023834635306280158814312341852654251 +/- 3.06e-41],[0.0003282400070801404915925004523351316138685 +/- 4.31e-44],[5.352852388047151040358517447248323932356e-5 +/- 2.09e-46],[1.107755601223384324127656258745497666511 +/- 3.44e-40],[0.6077556012233843241276562587454976665113 +/- 4.40e-41],[2.936772351017520066667713330754496564503e-5 +/- 1.34e-45]
492,[0.07355358776038587403954819436066818942394 +/- 1.94e-42],[0.4559203482544009762565414030120152613210 +/- 2.57e-41],[0.0003274662601713640761894085075783917118603 +/- 2.83e-44],[5.335309442369689462548662546062217105597e-5 +/- 2.28e-45],[1.107539428519254028076219488515712945810 +/- 4.62e-40],[0.6075394285192540280762194885157129458105 +/- 3.81e-41],[2.926677611761711367994957617061055649633e-5 +/- 4.25e-45]
493,[0.07350023466596217714492270773520756725289 +/- 4.04e-42],[0.4557388793405890378383328017906093058875 +/- 1.89e-41],[0.0003266959358180495088249836772260273046192 +/- 6.19e-45],[5.073933035257746466383086570442138139236e-5 +/- 2.01e-45],[1.056531082090329376307431805540079908158 +/- 4.23e-40],[0.5565310820903293763074318055400799081576 +/- 2.21e-41],[2.672710240553470765982331396642174345442e-5 +/- 3.59e-45]
494,[0.07344949533560959968025887686950314587149 +/- 3.61e-42],[0.4555731035386471900526482738765983130381 +/- 4.12e-41],[0.0003259290118898958048611336030164243904418 +/- 3.30e-44],[5.300496742130577001941054499700726258333e-5 +/- 2.17e-45],[1.107069128032132551323402493998561494850 +/- 1.89e-40],[0.6070691280321325513234024939985614948498 +/- 1.20e-41],[2.906564598275902234519146993928565806493e-5 +/- 2.61e-45]
495,[0.07339649036818829391023946632450613860891 +/- 2.77e-43],[0.4553927640592407890914050176706911805941 +/- 1.20e-41],[0.0003251654664445751213640690761280643764329 +/- 3.81e-44],[5.283235112857480004637565112316153519061e-5 +/- 4.96e-45],[1.106853729495144987353535014404732105116 +/- 1.68e-40],[0.6068537294951449873535350144047321051162 +/- 3.29e-41],[2.896634710260808826817363512884522780051e-5 +/- 4.51e-45]
496,[0.07334365801705971911019309067338297707372 +/- 3.32e-43],[0.4552129822266285833778327655668039945039 +/- 2.36e-41],[0.0003244052777257571762685906348663771169124 +/- 4.87e-44],[5.266065630597654412490987377131958280281e-5 +/- 3.25e-46],[1.106638547752193419769617344590639620224 +/- 4.58e-40],[0.6066385477521934197696173445906396202235 +/- 4.27e-41],[2.886758655752932908175504943294317154800e-5 +/- 4.29e-45]
497,[0.07329099736075374256606818079961165749092 +/- 3.15e-42],[0.4550337552166500256719690088068681722892 +/- 3.71e-42],[0.0003236484241611583925283145366357012550090 +/- 3.81e-44],[5.010370822313118030788898809885414680998e-5 +/- 4.38e-45],[1.056126027010823762739086306379526291920 +/- 1.32e-40],[0.5561260270108237627390863063795262919199 +/- 3.18e-41],[2.638319242212361275282328913636825515384e-5 +/- 3.62e-46]
498,[0.07324089365253061138576029181151280334411 +/- 3.13e-42],[0.4548698997597610285232575492868255252634 +/- 3.75e-41],[0.0003228948843606154084712629397656728797714 +/- 8.15e-46],[5.231945033126722444060320592337173643450e-5 +/- 2.61e-45],[1.106161089837685077782576333913152782641 +/- 2.64e-40],[0.6061610898376850777825763339131527826407 +/- 3.67e-41],[2.867034044486522158944140173596518024330e-5 +/- 4.72e-45]
499,[0.07318857420219934416131968860558943160767 +/- 2.39e-42],[0.4546917822279459875401730657693376716287 +/- 1.41e-41],[0.0003221446371141826014990634903288860994174 +/- 4.07e-44],[5.451291899204418945965900937982471897111e-5 +/- 3.20e-45],[1.156046357164993425034411847501017859482 +/- 2.18e-40],[0.6560463571649934250344118475010178594818 +/- 1.80e-41],[3.093561231477225533075824252264615465318e-5 +/- 2.39e-45]
500,[0.07313406128320729997186002959620960688870 +/- 1.27e-42],[0.4544995295211249545970961035649034702910 +/- 9.40e-42],[0.0003213976613902532780774782181689208615341 +/- 4.65e-44],[5.433346541207471370246808679236985134966e-5 +/- 4.01e-45],[1.155779550309636463984918575179272496763 +/- 3.18e-42],[0.6557795503096364639849185751792724967630 +/- 3.17e-42],[3.082834914768042175849607553753006135695e-5 +/- 4.71e-45]
501,[0.07307972781779522525815756150941723703735 +/- 1.62e-42],[0.4543078818177271100955506998961715399447 +/- 4.17e-42],[0.0003206539363337041886683460197428702627215 +/- 2.28e-44],[5.182388611968402153145020612401310157218e-5 +/- 4.94e-45],[1.105774279165416618459833879812660348176 +/- 4.65e-40],[0.6057742791654166184598338798126603481755 +/- 3.60e-41],[2.839058372871228043087445511189005124824e-5 +/- 4.41e-45]
502,[0.07302790393167554123662611130329322393578 +/- 5.77e-43],[0.4541313321303536218491002091682011262608 +/- 1.72e-41],[0.0003199134412640630318504622812145392331760 +/- 1.03e-44],[4.933928749639553979403778374190242266111e-5 +/- 3.04e-45],[1.055945624308397235497342120354451154795 +/- 4.54e-40],[0.5559456243083972354973421203544511547945 +/- 4.66e-41],[2.597667944131181877960879114685891413338e-5 +/- 4.88e-45]
503,[0.07297856464417914569683207351955132151312 +/- 1.69e-42],[0.4539697418535691655639020823378805462510 +/- 2.14e-41],[0.0003191761556736986173715697545779061420971 +/- 3.52e-44],[5.149156550027744257724726305460857315830e-5 +/- 4.22e-45],[1.105300441144741579357409425899384189816 +/- 3.01e-40],[0.6053004411447415793574094258993841898163 +/- 4.3e-44],[2.819854779056384162400239123747809237341e-5 +/- 3.40e-45]
504,[0.07292707307867886825425482625649671293996 +/- 1.6e-44],[0.4537942742392935266773404716778100985199 +/- 4.89e-41],[0.0003184420592260333632675853539227488844689 +/- 3.21e-44],[5.132698078338655474845607961042716801330e-5 +/- 1.79e-45],[1.105087115962448301097724331696124782069 +/- 1.18e-40],[0.6050871159624483010977243316961247820691 +/- 1.72e-41],[2.810393345888463534054667237776947811384e-5 +/- 1.84e-45]
505,[0.07287574609789548169950637017688628577195 +/- 3.29e-42],[0.4536193396633862325012802012687858984888 +/- 3.10e-41],[0.0003177111317537778074804802864935629379532 +/- 3.89e-44],[4.888244468066137894465071912099485352314e-5 +/- 2.51e-46],[1.055619674891916689829576916582719401250 +/- 5.09e-41],[0.5556196748919166898295769165827194012499 +/- 4.93e-41],[2.572900891049804862193492523618012452298e-5 +/- 4.14e-45]
506,[0.07282686365321482032056171945776529091842 +/- 3.58e-42],[0.4534591370459405924589323847124851340921 +/- 1.41e-41],[0.0003169833532571868196048626849374992220660 +/- 4.72e-44],[5.099986739746208310940614981142006682011e-5 +/- 4.18e-45],[1.104615133269717109747436228755083359370 +/- 4.78e-40],[0.6046151332697171097474362287550833593695 +/- 2.22e-41],[2.791496394946211069013467008748976462918e-5 +/- 1.27e-45]
507,[0.07277586378581735823745231330795387085160 +/- 3.47e-42],[0.4532852683858165165098705835570010006173 +/- 1.19e-41],[0.0003162587039023372034972351834700646372760 +/- 1.37e-44],[5.083785494996502333939748110701866317578e-5 +/- 3.59e-45],[1.104402462700331111109487052337487764885 +/- 3.62e-40],[0.6044024627003311111094870523374877648846 +/- 3.86e-41],[2.782185459368938641774430039333047521954e-5 +/- 2.97e-45]
508,[0.07272502593086739321411291582684685218843 +/- 2.32e-42],[0.4531119248369333086254329931948046521101 +/- 1.60e-41],[0.0003155371640194263864930239793708705889354 +/- 1.02e-44],[5.067668637209955044914020646924862934594e-5 +/- 2.55e-45],[1.104190004274702723593093596606623384703 +/- 1.47e-40],[0.6041900042747027235930935966066233847031 +/- 4.62e-41],[2.772923793663440867283795125379752607253e-5 +/- 4.12e-45]
509,[0.07267434924449529366366377562037760355908 +/- 1.76e-42],[0.4529391038029546739952570345769999205285 +/- 3.11e-41],[0.0003148187141010918958966679575831452498506 +/- 3.41e-44],[5.274843811681107617216950989238942829743e-5 +/- 2.43e-45],[1.152757394487369392352965623730151365896 +/- 4.72e-40],[0.6527573944873693923529656237301513658965 +/- 2.88e-41],[2.986919293952540849373992366241054521682e-5 +/- 7.66e-46]
510,[0.07262160080637848258749160611048521413078 +/- 4.33e-42],[0.4527528869861239453365222172627315491220 +/- 4.53e-42],[0.0003141033348007513282411423762778784617100 +/- 3.04e-44],[5.036033165812261170739090181594787550216e-5 +/- 4.19e-45],[1.103875820927937417004951589418098558196 +/- 1.17e-40],[0.6038758209279374170049515894180985581959 +/- 1.61e-41],[2.754964466627019855609325544951731563873e-5 +/- 1.10e-46]
511,[0.07257124047472035997578421520866926625528 +/- 2.17e-42],[0.4525810772199063001867446516886146166452 +/- 1.07e-41],[0.0003133910069309625215570571787030803416204 +/- 2.24e-45],[4.799752088205422072744793616445194085744e-5 +/- 1.28e-46],[1.055207171498408969448932378387018864946 +/- 2.41e-40],[0.5552071714984089694489323783870188649458 +/- 4.09e-41],[2.525434675545258452108555175437249102971e-5 +/- 8.15e-46]
512,[0.07252324295383830575505676727250481431442 +/- 4.73e-42],[0.4524235324066524737324111250560530986444 +/- 1.59e-41],[0.0003126817114618036455496617540496468421747 +/- 1.55e-45],[4.784920333362617459124367778508078353145e-5 +/- 3.00e-45],[1.055030511250886888772990669443338246994 +/- 1.80e-40],[0.5550305112508868887729906694433382469942 +/- 2.02e-41],[2.517251160605982114724503162250002845688e-5 +/- 2.63e-45]
513,[0.07247539375050467958046552359471973353089 +/- 3.28e-42],[0.4522664489905148977767994725922205856662 +/- 1.03e-41],[0.0003119754295192729291564141754369711381769 +/- 1.48e-45],[4.770164391409860894085453661932282543076e-5 +/- 6.81e-46],[1.054854052457122010114679154291142386685 +/- 4.30e-40],[0.5548540524571220101146791542911423866846 +/- 2.92e-41],[2.509110181920648255764222572924069021995e-5 +/- 1.08e-45]
514,[0.07242769210659058097152466905810041070546 +/- 2.52e-42],[0.4521098247309831426534757588533258517128 +/- 1.50e-41],[0.0003112721423837077494499044822449504832139 +/- 5.94e-45],[4.538600272314798032520531266713111823564e-5 +/- 4.25e-45],[1.006577081136545635937428725034422638427 +/- 3.95e-40],[0.5065770811365456359374287250344226384266 +/- 5.99e-42],[2.284127983322197113310390471697679478436e-5 +/- 2.83e-45]
515,[0.07238230610386743299119946374543327958723 +/- 3.13e-42],[0.4519671999674797399179418702704141485708 +/- 3.79e-41],[0.0003105718314882228102624928493413909736013 +/- 1.68e-44],[4.308850238660774753120004146761613606152e-5 +/- 1.99e-45],[0.9583781975436262970909762336291457874920 +/- 3.44e-41],[0.4583781975436262970909762336291457874920 +/- 3.44e-41],[2.060859701258846978654326935242377871501e-5 +/- 4.90e-45]
516,[0.07233921760148082524366826370396566345117 +/- 4.65e-42],[0.4518384764702523279543319878999241267174 +/- 3.40e-41],[0.0003098744784171671432416332824221733163002 +/- 4.87e-44],[4.295899862131551371338999289561350207747e-5 +/- 4.39e-45],[0.9582184697529191516078012538242276156543 +/- 1.03e-41],[0.4582184697529191516078012538242276156543 +/- 1.03e-41],[2.054292129795068621285443584209975991939e-5 +/- 3.34e-45]
517,[0.07229625860285950972995487371107004994909 +/- 2.12e-42],[0.4517101234172150797189150399296418197561 +/- 4.50e-41],[0.0003091800649045996683000658083879171894512 +/- 2.72e-44],[4.068668351036020731836167947326046844015e-5 +/- 3.24e-45],[0.9101123093381295453308303391169884659655 +/- 3.66e-41],[0.4101123093381295453308303391169884659655 +/- 3.66e-41],[1.833412158316838196556311726871101313173e-5 +/- 4.46e-45]
518,[0.07225557191934914952263651203159678948065 +/- 2.26e-42],[0.4515955356112317020937625969718051433009 +/- 3.55e-41],[0.0003084885728327830546044050529179409743208 +/- 4.21e-44],[4.270044748366297093423549129422541585829e-5 +/- 3.93e-45],[0.9578378757793330608892567321830130542076 +/- 1.13e-41],[0.4578378757793330608892567321830130542076 +/- 1.13e-41],[2.041042922304643673339901282124311415890e-5 +/- 3.46e-46]
519,[0.07221287147186548655170227654030256406479 +/- 5.44e-43],[0.4514679315695150555445482294368403217525 +/- 4.91e-42],[0.0003077999842306956273506275247233946794429 +/- 2.59e-44],[4.044696037296544008343799656432434120262e-5 +/- 3.86e-45],[0.9098560474463849745140008640051588186091 +/- 2.01e-41],[0.4098560474463849745140008640051588186091 +/- 2.01e-41],[1.821983967267199318567957901540177380381e-5 +/- 1.93e-45]
520,[0.07217242451149252111161883854373823972359 +/- 3.17e-42],[0.4513539878112278135977060191967352104549 +/- 2.32e-41],[0.0003071142812725610696070283988203298226788 +/- 1.85e-44],[4.032640138522688530168345008612861654707e-5 +/- 7.31e-46],[0.9096789927778483014433308186323076333894 +/- 1.24e-41],[0.4096789927778483014433308186323076333894 +/- 1.24e-41],[1.816121910368169022262639411083303116695e-5 +/- 4.33e-45]
521,[0.07213209811010729422631715509365211110704 +/- 2.37e-43],[0.4512403757640616648191799969808291867687 +/- 3.41e-41],[0.0003064314462763956724658140428926909882636 +/- 3.97e-45],[4.231787728797497898015335773130571319339e-5 +/- 3.54e-45],[0.9572645662928939825498358091077396330067 +/- 3.16e-41],[0.4572645662928939825498358091077396330067 +/- 3.16e-41],[2.021433414114393383172236081856566747399e-5 +/- 7.81e-47]
522,[0.07208978023281931924733700173592080539385 +/- 3.64e-42],[0.4511138811804959989873398743081488621259 +/- 5.89e-42],[0.0003057514617025728906350210282852798506068 +/- 1.34e-44],[4.219219184124315233056685802743844394693e-5 +/- 1.22e-47],[0.9571055794288608505573927499304620741051 +/- 4.01e-41],[0.4571055794288608505573927499304620741051 +/- 4.01e-41],[2.015063616124140003825288104358217422213e-5 +/- 5.00e-45]
523,[0.07204758804097807609500643487789336694990 +/- 5.61e-43],[0.4509877466318919759666782601233368266770 +/- 2.79e-41],[0.0003050743101524049644242778336528936001073 +/- 1.60e-44],[4.415972579542244555906785908564243906159e-5 +/- 4.84e-45],[1.004549375681667745631146080891806642176 +/- 3.84e-42],[0.5045493756816677456311460808918066421760 +/- 3.82e-42],[2.217985757567639717701598773371816713722e-5 +/- 4.67e-45]
524,[0.07200342831518265364944736701880772451084 +/- 2.16e-42],[0.4508488676381224531356285237096990187498 +/- 3.75e-41],[0.0003043999743667413728323943690595633224187 +/- 4.67e-44],[4.402814239303856186631346952739899475582e-5 +/- 2.35e-46],[1.004390462538712481172035636025267768332 +/- 1.36e-40],[0.5043904625387124811720356360252677683321 +/- 3.55e-41],[2.211030065957946214122170277996436996119e-5 +/- 4.04e-45]
525,[0.07195940017278961508758105354928032551608 +/- 2.03e-42],[0.4507103820193858646999074805162739905136 +/- 1.30e-41],[0.0003037284372245838861331905534275261260518 +/- 2.75e-44],[4.389721164248981386744274900933819404779e-5 +/- 3.35e-45],[1.004231751994545881770837001247218233572 +/- 4.49e-40],[0.5042317519945458817708370012472182335716 +/- 4.86e-41],[2.204109548438997241244166195386212698281e-5 +/- 3.64e-45]
526,[0.07191550296114712527371361080027098732203 +/- 4.25e-42],[0.4505722879171174485451960370869992024624 +/- 1.77e-41],[0.0003030596817417179899796441180244236618383 +/- 2.78e-45],[4.170871492412313361585072052210465743623e-5 +/- 1.81e-45],[0.9568549953308182324716778324770545085677 +/- 1.56e-41],[0.4568549953308182324716778324770545085677 +/- 1.56e-41],[1.991402548442230813161484558581063960789e-5 +/- 4.98e-45]
527,[0.07187379424622300214009776007974888266460 +/- 2.00e-42],[0.4504474827256778103870503269178291536560 +/- 1.38e-41],[0.0003023936910693604566066078024461665085048 +/- 4.50e-44],[3.953736545577613878882527365320136222281e-5 +/- 1.75e-45],[0.9095664510667467260839597765451164416800 +/- 7.11e-42],[0.4095664510667467260839597765451164416800 +/- 7.11e-42],[1.780318352250100317561280479455822475515e-5 +/- 8.74e-46]
528,[0.07183425688076722600130893480609568130238 +/- 4.81e-42],[0.4503358728540187587985573853104475110936 +/- 1.65e-42],[0.0003017304484928228422102485828333646987448 +/- 3.39e-44],[3.942141219298247795253423375872665889212e-5 +/- 4.59e-45],[0.9093926517319045579463407064694981768107 +/- 5.89e-43],[0.4093926517319045579463407064694981768107 +/- 5.89e-43],[1.774682964719993762340123010679006468691e-5 +/- 1.73e-45]
529,[0.07179483546857424352335640057233695464348 +/- 3.09e-42],[0.4502245826905990080852653226262313943673 +/- 2.14e-41],[0.0003010699374301906930192017769609321954395 +/- 1.39e-44],[3.930602721802345825814674852196746718430e-5 +/- 1.01e-45],[0.9092191159328467518613696920590975822316 +/- 2.58e-42],[0.4092191159328467518613696920590975822316 +/- 2.58e-42],[1.769076059568897525532165701222937812728e-5 +/- 4.20e-45]
530,[0.07175552944135622006509825382381498717630 +/- 1.22e-42],[0.4501136107252299977308495587242407819532 +/- 1.23e-41],[0.0003004121414310182459493904908850798101941 +/- 3.03e-44],[4.121626901038041931398840173028602715766e-5 +/- 1.74e-46],[0.9560174643503158238066661098521747928629 +/- 1.49e-41],[0.4560174643503158238066661098521747928629 +/- 1.49e-41],[1.966003675138612086358187021137191654595e-5 +/- 3.43e-45]
531,[0.07171431317234583964578426542208470114914 +/- 1.13e-42],[0.4499902486732861793541918794057961196303 +/- 9.24e-42],[0.0002997570441750384130526906116927718349998 +/- 3.79e-45],[4.109602101128303247089146169718787084148e-5 +/- 6.16e-46],[0.9558605503015735422552001714013017891493 +/- 2.51e-41],[0.4558605503015735422552001714013017891493 +/- 2.51e-41],[1.959915046969762146212208094562388162114e-5 +/- 3.53e-45]
532,[0.07167321715133455661331337396038751327830 +/- 3.59e-43],[0.4498672317930939245469547236376990810449 +/- 3.56e-41],[0.0002991046294708878422302537114512803606842 +/- 2.90e-44],[4.097635913603777328615073911558311976794e-5 +/- 4.65e-45],[0.9557038554764138634319609371920444878391 +/- 1.67e-41],[0.4557038554764138634319609371920444878391 +/- 1.67e-41],[1.953856807700136730535380489200484322845e-5 +/- 2.07e-45]
533,[0.07163224079219851884002722322127193015853 +/- 1.71e-42],[0.4497445584748249486158173358323325552266 +/- 3.95e-41],[0.0002984548812548468498854412665311062527265 +/- 3.49e-44],[3.885971203512165677041120989453558815115e-5 +/- 3.68e-45],[0.9088293821608356036009095860804225220706 +/- 3.50e-41],[0.4088293821608356036009095860804225220706 +/- 3.50e-41],[1.748072011546745118550742863091693422831e-5 +/- 4.95e-45]
534,[0.07159338108016339718325681201137739457038 +/- 5.47e-43],[0.4496347726329497390587282538672387182648 +/- 1.97e-41],[0.0002978077835895940243400566757004958011295 +/- 7.93e-45],[4.073638449543752357716650706870749314296e-5 +/- 8.45e-46],[0.9553083375272982714393849214345309063213 +/- 4.83e-41],[0.4553083375272982714393849214345309063213 +/- 4.83e-41],[1.941531835626888731710754006888563513228e-5 +/- 3.54e-45]
535,[0.07155264469566795965967964550430868707724 +/- 2.42e-42],[0.4495128004240597513949246878761796970465 +/- 3.51e-41],[0.0002971633206629753019319470784799593499662 +/- 2.76e-44],[3.863881353643497905832071883860390232702e-5 +/- 4.46e-45],[0.9086003364244577377923996661504751071767 +/- 4.43e-41],[0.4086003364244577377923996661504751071767 +/- 4.43e-41],[1.737599203645226232708444811104617292895e-5 +/- 2.64e-45]
536,[0.07151400588213152468062132478547008317491 +/- 5.72e-43],[0.4494036073589209875212110295039741955161 +/- 1.96e-42],[0.0002965214767867873207531230881169320246505 +/- 4.46e-44],[3.852727988374622246533241422179159989680e-5 +/- 1.55e-45],[0.9084292135310703606574118886254033461552 +/- 6.37e-43],[0.4084292135310703606574118886254033461552 +/- 6.37e-43],[1.732184124863758765657880325478538402884e-5 +/- 1.63e-45]
537,[0.07147547860224777845815599237124829157501 +/- 3.78e-42],[0.4492947222978386665917698392895761261981 +/- 4.50e-41],[0.0002958822363955748599763276815875869371464 +/- 1.28e-44],[3.645304828176478673988416519699806369511e-5 +/- 4.36e-45],[0.8618424678779928766314882308743447904886 +/- 6.75e-42],[0.3618424678779928766314882308743447904886 +/- 6.75e-42],[1.530472382548765698382716737665013050804e-5 +/- 4.23e-45]
538,[0.07143902555396601367141610820605129351132 +/- 1.35e-42],[0.4491984883591216620158291428258793978307 +/- 3.80e-41],[0.0002952455840454421756554708119084565628660 +/- 4.28e-44],[3.439077000867328033514374655923039828749e-5 +/- 1.26e-45],[0.8152540621513296569334864834569818420455 +/- 2.37e-41],[0.3152540621513296569334864834569818420455 +/- 2.37e-41],[1.329871318535531636469552196581162965697e-5 +/- 1.73e-46]
539,[0.07140463478395734039108096445949206311303 +/- 1.17e-42],[0.4491148432357266798940668654642937622702 +/- 4.81e-41],[0.0002946115044128780467725082472778873459720 +/- 1.50e-45],[3.428990818623085906715921850713534463148e-5 +/- 4.79e-45],[0.8150049052244305837856585142826110659102 +/- 2.05e-41],[0.3150049052244305837856585142826110659102 +/- 2.05e-41],[1.325328131047706580259829926945490320935e-5 +/- 1.01e-45]
540,[0.07137034487577110953201380524098492776840 +/- 3.21e-43],[0.4490314593000357973365785005873035304330 +/- 2.86e-41],[0.0002939799822935943481411358313554645250317 +/- 4.49e-45],[3.418953570848778049180031256546794424965e-5 +/- 2.59e-45],[0.8147561601210259430854814872165540318219 +/- 5.82e-42],[0.3147561601210259430854814872165540318219 +/- 5.82e-42],[1.320808298562086759504879281851533819309e-5 +/- 1.05e-45]
541,[0.07133615534006262175152200492841945982415 +/- 3.5e-44],[0.4489483352959374867734740413852094364050 +/- 2.29e-41],[0.0002933510026013779695670281054177720652761 +/- 4.89e-44],[3.602968737728250520004014108245844157442e-5 +/- 3.32e-45],[0.8608613741643460105606923068217015899678 +/- 3.52e-41],[0.3608613741643460105606923068217015899678 +/- 3.52e-41],[1.510315468654749211135919709964853683768e-5 +/- 7.98e-46]
542,[0.07130012565268533924632196478733700138258 +/- 4.40e-42],[0.4488532569197247804896039403726334401594 +/- 4.75e-41],[0.0002927245503669559034061879622139717808808 +/- 4.82e-44],[3.399343503165137790995184508010720272743e-5 +/- 4.93e-45],[0.8143584624565953400169178225336228633409 +/- 7.11e-42],[0.3143584624565953400169178225336228633409 +/- 7.11e-42],[1.312213780886160366561904300015832464342e-5 +/- 4.20e-45]
543,[0.07126613221765368786841201294225689417985 +/- 1.83e-42],[0.4487706253834311406148547956745395452716 +/- 4.48e-41],[0.0002921006107368733253581876961053976778905 +/- 2.12e-44],[3.196781026153100017172811429087911977670e-5 +/- 2.32e-45],[0.7678338232359741832826802276638644991632 +/- 4.80e-41],[0.2678338232359741832826802276638644991632 +/- 4.80e-41],[1.115092951589959334397661719162503393189e-5 +/- 3.15e-45]
544,[0.07123416440739215686824028482796601506007 +/- 1.48e-42],[0.4487003862443552211704419732930490251542 +/- 4.68e-41],[0.0002914791689723844959805489409787447216378 +/- 2.70e-45],[3.187263988778697189654552356508416721840e-5 +/- 4.58e-45],[0.7675243866968169922796817448590623584213 +/- 3.83e-41],[0.2675243866968169922796817448590623584213 +/- 3.83e-41],[1.110936484387809590898777852488682911983e-5 +/- 1.19e-45]
545,[0.07120229176750436989634373930440093089285 +/- 3.08e-42],[0.4486303885161591828154613816981643957888 +/- 4.65e-41],[0.0002908602104483563130150889124627495963427 +/- 3.69e-44],[2.986114091056855570349009526106801139213e-5 +/- 6.55e-46],[0.7209383277400661122633385269444255523938 +/- 4.23e-41],[0.2209383277400661122633385269444255523938 +/- 4.23e-41],[9.151227342666966484418999369064801902214e-6 +/- 2.69e-46]
546,[0.07117243062659380134064024920913986288146 +/- 9.49e-43],[0.4485727118170579343700032150655105178195 +/- 2.88e-42],[0.0002902437206521843471775947656407806171921 +/- 2.00e-44],[2.785561642638449765487266789179939153848e-5 +/- 3.99e-45],[0.6742301161473220426910743827022370560282 +/- 3.43e-41],[0.1742301161473220426910743827022370560282 +/- 3.43e-41],[7.198265353462436619576524480803751319579e-6 +/- 1.09e-46]
547,[0.07114457501016741684298537654124806348992 +/- 2.47e-42],[0.4485273307216707824722126065087651740095 +/- 2.84e-41],[0.0002896296851827211965795011168626692954961 +/- 1.48e-44],[2.967630353286949323382230246963885309810e-5 +/- 2.40e-46],[0.7201035421101984119807870487273979256180 +/- 3.27e-41],[0.2201035421101984119807870487273979256180 +/- 3.27e-41],[9.070722670216210620326890159497984940788e-6 +/- 3.53e-47]
548,[0.07111489870663454734975155423877842463682 +/- 4.37e-42],[0.4484701282474608388689037399120096243264 +/- 2.83e-41],[0.0002890180897492169974251453197473631608137 +/- 3.08e-44],[2.958544523032668001053489846034715548710e-5 +/- 4.75e-45],[0.7197182107957504995696868353549560012048 +/- 1.10e-41],[0.2197182107957504995696868353549560012048 +/- 1.10e-41],[9.031953053426100632951603738206909813514e-6 +/- 1.71e-47]
549,[0.07108531326140422066974101934031807748134 +/- 2.75e-42],[0.4484131537984807344370489399785702951786 +/- 2.59e-41],[0.0002884089201702719310614518577996042648170 +/- 1.76e-44],[2.949503312618148142305692068631228004339e-5 +/- 3.64e-46],[0.7193335599939731200065426406441754422897 +/- 4.32e-41],[0.2193335599939731200065426406441754422897 +/- 4.32e-41],[8.993394688494378897127707631504978790073e-6 +/- 1.50e-46]
550,[0.07105581822827803918831796241963176520129 +/- 3.87e-42],[0.4483564062129524984861342920261875895481 +/- 4.07e-41],[0.0002878021623728005698493259795886910761515 +/- 4.75e-44],[2.940506420599056566964996098540420584121e-5 +/- 3.46e-45],[0.7189495875135695415527019121881569564712 +/- 2.26e-41],[0.2189495875135695415527019121881569564712 +/- 2.26e-41],[8.955046070723486927519148935781980811986e-6 +/- 2.06e-46]
551,[0.07102641316407204862264831245864636099545 +/- 2.67e-42],[0.4482998843369503450216023248555514542264 +/- 1.60e-41],[0.0002871978023910079066783764103832167183416 +/- 2.68e-44],[2.742475387705775898006217686912614734567e-5 +/- 3.25e-45],[0.6722204918419141544243842187400718837248 +/- 7.52e-42],[0.1722204918419141544243842187400718837248 +/- 7.52e-42],[7.026124104620512115843164742283349449299e-6 +/- 1.84e-46]
552,[0.07099898841019499086366825028177723484811 +/- 3.01e-42],[0.4482555245648367177817217679105206697758 +/- 2.15e-41],[0.0002865958263653769152595811232782306019214 +/- 4.22e-44],[2.733738791561316339735888240217082380064e-5 +/- 7.71e-46],[0.6717458579841235846439265960229942999639 +/- 3.95e-41],[0.1717458579841235846439265960229942999639 +/- 3.95e-41],[6.989374161087511797855629349333361901399e-6 +/- 4.20e-46]
553,[0.07097165102227937770027089139937506402431 +/- 3.65e-42],[0.4482113841648028603078784858971283969518 +/- 2.74e-41],[0.0002859962205416674906048871257826006286226 +/- 2.96e-44],[2.536609513595436313747074295007718247113e-5 +/- 1.65e-45],[0.6248538052649532477242626845507477551883 +/- 3.35e-41],[0.1248538052649532477242626845507477551883 +/- 3.35e-41],[5.068471177980289217917132437245355305229e-6 +/- 2.73e-47]
554,[0.07094628492714342333713342065642498684184 +/- 4.78e-42],[0.4481793657976615268175778526279416285051 +/- 3.42e-41],[0.0002853989712699266213392086170455823479557 +/- 1.54e-45],[2.339839750281622939063574457968583508698e-5 +/- 4.52e-45],[0.5777953693550805621846858298702799300703 +/- 2.59e-41],[0.07779536935508056218468582987027993007027 +/- 4.11e-42],[3.150400769186395413847833596208866603128e-6 +/- 1.48e-46]
555,[0.07092288652964060710774278491184530100675 +/- 1.76e-42],[0.4481594585156555157441487403969737778747 +/- 4.89e-41],[0.0002848040650035096476895568448902838286836 +/- 2.14e-44],[2.519451455725884295978106253619151356715e-5 +/- 4.58e-45],[0.6236535698751609090608707482514782559427 +/- 3.96e-41],[0.1236535698751609090608707482514782559427 +/- 3.96e-41],[4.995388171834540721582568985172848595085e-6 +/- 2.16e-47]
556,[0.07089769201508334826478300384930910949318 +/- 1.09e-42],[0.4481278838244815095991044526793485263532 +/- 1.99e-41],[0.0002842114882981124611587845534282633946914 +/- 1.81e-45],[2.510987065731595756322591207912549116517e-5 +/- 4.31e-45],[0.6230756132811318881613915618175694934284 +/- 2.05e-41],[0.1230756132811318881613915618175694934284 +/- 2.05e-41],[4.959932092807915251775712120959515505532e-6 +/- 3.73e-47]
557,[0.07087258214442603230721977793722998400202 +/- 4.08e-42],[0.4480965243302391224864500911443184769014 +/- 1.43e-41],[0.0002836212278108145040183292492015168213255 +/- 9.17e-45],[2.690053539709744860486700798483582580613e-5 +/- 1.64e-45],[0.6691352966703556619015104076258265789420 +/- 1.56e-41],[0.1691352966703556619015104076258265789420 +/- 1.56e-41],[6.799566631172528571220602638064592714007e-6 +/- 3.87e-46]
558,[0.07084568160902893485861491092924514817621 +/- 2.11e-43],[0.4480535214300749576076814344021036422947 +/- 3.12e-41],[0.0002830332702991324288460502929760446832522 +/- 4.96e-44],[2.681570249234026678369914141955356165297e-5 +/- 4.84e-45],[0.6686645674922370088663627440862596943084 +/- 1.61e-41],[0.1686645674922370088663627440862596943084 +/- 1.61e-41],[6.764017539965705013085593820572742670304e-6 +/- 3.08e-46]
559,[0.07081886590653659459183121178782559461456 +/- 3.19e-42],[0.4480107312440780917130393594798685338395 +/- 2.17e-41],[0.0002824476026200842803924194866234091877351 +/- 4.98e-44],[2.486493305530868064869581635130310202129e-5 +/- 3.55e-45],[0.6215419387110847211264443046021558062480 +/- 4.89e-41],[0.1215419387110847211264443046021558062480 +/- 4.89e-41],[4.862314159734197877124927239654933024171e-6 +/- 2.12e-46]
560,[0.07079400097348128591118251597147429151254 +/- 4.48e-42],[0.4479799628274526623700177412703019225339 +/- 3.16e-41],[0.0002818642117292640640815748749770221192522 +/- 3.50e-44],[2.478198922614528283282932427481898543657e-5 +/- 1.54e-45],[0.6209687909034200669379162499197971098866 +/- 3.54e-41],[0.1209687909034200669379162499197971098866 +/- 3.54e-41],[4.827693946594227393692517763454663008486e-6 +/- 3.04e-46]
561,[0.07076921898425514062834968664719947252710 +/- 1.05e-42],[0.4479494048721534395174923176215752890577 +/- 4.18e-41],[0.0002812830846799265674437017723756449135829 +/- 3.68e-45],[2.656063817163305147973645030413681120985e-5 +/- 1.28e-45],[0.6671453926843026739397004409093740777192 +/- 3.82e-42],[0.1671453926843026739397004409093740777192 +/- 3.82e-42],[6.654453955352545936304299901088755150119e-6 +/- 7.76e-47]
562,[0.07074265834608350757686995019689533571589 +/- 8.93e-43],[0.4479072721846250924833440208739359608179 +/- 3.23e-41],[0.0002807042086220823027324700259801581876086 +/- 1.19e-44],[2.462060693952933967958792953900167300975e-5 +/- 4.19e-45],[0.6199240133458185166789463941615239647403 +/- 4.92e-41],[0.1199240133458185166789463941615239647403 +/- 4.92e-41],[4.762845012669622978012633175667781927593e-6 +/- 1.99e-47]
563,[0.07071803773914397823719036226735633404288 +/- 6.47e-43],[0.4478771077553343652346037021713972088781 +/- 4.50e-41],[0.0002801275708016024409064266071924779718676 +/- 3.24e-44],[2.639318739169401190819537093794132699379e-5 +/- 2.42e-45],[0.6661557622520798604215196563101107011226 +/- 3.31e-42],[0.1661557622520798604215196563101107011226 +/- 3.31e-42],[6.583115267971563736667743647126521919753e-6 +/- 2.66e-46]
564,[0.07069164455175228422528216689641839271589 +/- 4.44e-42],[0.4478354033629679001964770844593644695829 +/- 5.00e-41],[0.0002795531585593336090469002969778959639647 +/- 3.14e-45],[2.631080765198635155951166714625186170020e-5 +/- 8.19e-46],[0.6656894824103216521276824082471075978469 +/- 4.82e-41],[0.1656894824103216521276824082471075978469 +/- 4.82e-41],[6.548735133790293394028202416221154331649e-6 +/- 3.52e-47]
565,[0.07066533374410029787372265522927214085419 +/- 4.64e-42],[0.4477939051696656351347901200392414253069 +/- 1.41e-41],[0.0002789809593302224251476914297189505254005 +/- 6.42e-45],[2.438351584779505040984711909359709479311e-5 +/- 9.99e-46],[0.6184226011003007105435155511682690313467 +/- 4.70e-41],[0.1184226011003007105435155511682690313467 +/- 4.70e-41],[4.669233248475610834002517858392376943160e-6 +/- 2.11e-46]
566,[0.07064095022825250282331280811017854375939 +/- 2.26e-42],[0.4477643087954470982169190282273611626399 +/- 2.08e-41],[0.0002784109606424496460441539740159863722450 +/- 3.74e-44],[2.246108612368013741085368462070133071902e-5 +/- 4.94e-45],[0.5710286468215254438503343095197995547315 +/- 1.81e-41],[0.07102864682152544385033430951979955473152 +/- 1.91e-42],[2.793871309936885507048937016156574860738e-6 +/- 1.96e-46]
567,[0.07061848914212882268590195442555784242867 +/- 3.23e-42],[0.4477465946474937218429205269194687050138 +/- 1.62e-42],[0.0002778431501165738060517781545418901793723 +/- 1.64e-44],[2.238140260262363006868334209001575401356e-5 +/- 1.01e-45],[0.5703470345674253691854911045480357988945 +/- 1.38e-41],[0.07034703456742536918549110454803579889449 +/- 3.73e-42],[2.760539122901494210916755634151649378650e-6 +/- 2.21e-46]
568,[0.07059610773952619905583327108346782667466 +/- 3.35e-43],[0.4477290869731951505756672167750147939451 +/- 1.54e-41],[0.0002772775154646842256575869990876120840138 +/- 4.47e-44],[2.230212613498821489302484894627688719858e-5 +/- 1.44e-45],[0.5696667361090595023849428766793923732568 +/- 4.08e-41],[0.06966673610905950238494287667939237325676 +/- 7.84e-43],[2.727412779495225482046736974775176291821e-6 +/- 4.60e-46]
569,[0.07057380561339121084094024623452154978746 +/- 1.09e-42],[0.4477117845926275247017669100496752785635 +/- 4.24e-41],[0.0002767140444895632713520966507980892890069 +/- 2.08e-44],[2.405905428189079028680920953170858801856e-5 +/- 2.39e-45],[0.6159902204858215587482691023833466776865 +/- 3.75e-41],[0.1159902204858215587482691023833466776865 +/- 3.75e-41],[4.530291095589064633097230061306551088564e-6 +/- 2.73e-46]
570,[0.07054974655910932005065343702498984119944 +/- 2.54e-42],[0.4476830370127262167172776825419577815585 +/- 1.99e-41],[0.0002761527250838577494057746460079934800956 +/- 4.99e-44],[2.214788434393317053659478696483986514865e-5 +/- 2.14e-45],[0.5684044379723107332917337846755381597486 +/- 3.81e-42],[0.06840443797231073329173378467553815974860 +/- 3.81e-42],[2.665379577659615264115000839428423782355e-6 +/- 3.14e-46]
571,[0.07052759867476538688011684223802500133429 +/- 3.89e-42],[0.4476661188111553425816407391907196392961 +/- 4.24e-41],[0.0002755935452292593180823690818289550056288 +/- 4.90e-44],[2.389956531749164591440611569333162173944e-5 +/- 2.68e-46],[0.6147971812161524890506874271118049318976 +/- 1.61e-41],[0.1147971812161524890506874271118049318976 +/- 1.61e-41],[4.462614362206641722654515174165394046942e-6 +/- 3.74e-46]
572,[0.07050369910944789523420243612233166971255 +/- 4.45e-42],[0.4476377850523047649043216762909964542115 +/- 6.20e-42],[0.0002750364929956938044426711912683122193563 +/- 3.06e-44],[2.382143109598899260533706985819612789989e-5 +/- 2.80e-45],[0.6142365105901829122165780770270554230215 +/- 3.00e-41],[0.1142365105901829122165780770270554230215 +/- 3.00e-41],[4.430340949702823049770969790117504956283e-6 +/- 2.16e-46]
573,[0.07047987767835190624159709905247347358465 +/- 4.56e-42],[0.4476096484632471208310101620419217168370 +/- 4.71e-41],[0.0002744815565405193135267010741581355168628 +/- 3.96e-44],[2.192143800877024732907329463559913762396e-5 +/- 1.50e-45],[0.5665793404669604459224828134652686148304 +/- 4.64e-41],[0.06657934046696044592248281346526861483045 +/- 3.65e-42],[2.576011478830813488164976348919669490595e-6 +/- 9.76e-47]
574,[0.07045795624034313599426802575783787444703 +/- 5.94e-43],[0.4475932840170014435667726321036452932182 +/- 2.02e-41],[0.0002739287241077330193104484347109680340897 +/- 9.75e-45],[2.366511204488329031103554075281618895277e-5 +/- 3.20e-45],[0.6130712539575077147814966172377945093036 +/- 1.72e-41],[0.1130712539575077147814966172377945093036 +/- 1.72e-41],[4.364653988727609385751611278634057070321e-6 +/- 4.63e-46]
575,[0.07043429112829825270395699021708505825808 +/- 2.19e-42],[0.4475655493904570261891925934454428532111 +/- 2.42e-41],[0.0002733779840271865284156250574162758873986 +/- 3.68e-44],[2.358812910766101232940753685670237895851e-5 +/- 2.03e-45],[0.6125137125857946499910788434271085340934 +/- 4.75e-41],[0.1125137125857946499910788434271085340934 +/- 4.75e-41],[4.332944592622886797283337714687088314256e-6 +/- 3.92e-47]
576,[0.07041070299919059169162758268022835587912 +/- 6.91e-43],[0.4475380087281384850207467158848175026221 +/- 3.52e-41],[0.0002728293247138097091078521880216166990976 +/- 3.42e-44],[2.351152342846122140757580613682732410343e-5 +/- 4.77e-45],[0.6119571958847925833772121138311584246453 +/- 5.51e-42],[0.1119571958847925833772121138311584246453 +/- 5.51e-42],[4.301418876567436303257424424885096551003e-6 +/- 4.05e-46]
577,[0.07038719147576213047022000687409152855502 +/- 4.12e-42],[0.4475106609853990887881736920607352867875 +/- 1.32e-41],[0.0002722827346668428796507638144761334404503 +/- 2.71e-44],[2.524625322431714127651313041613648045489e-5 +/- 5.05e-47],[0.6586477275460214717949752835275237330657 +/- 3.78e-42],[0.1586477275460214717949752835275237330657 +/- 3.78e-42],[6.081036243777936204190006345995963923816e-6 +/- 2.70e-46]
578,[0.07036194522253781332894349374367539207456 +/- 9.97e-43],[0.4474719881862087089957304934467641368955 +/- 4.84e-41],[0.0002717382024690772515910971554270261080136 +/- 8.34e-45],[2.516928041775512902233160991768619435630e-5 +/- 2.77e-45],[0.6581914978677066905650185943266984317331 +/- 2.71e-41],[0.1581914978677066905650185943266984317331 +/- 2.71e-41],[6.049251900755025869721503976935290703387e-6 +/- 4.00e-46]
579,[0.07033677594212005819992116213375770588020 +/- 4.70e-42],[0.4474335070651049728989308802468841458223 +/- 1.80e-41],[0.0002711957167861035250333969901077528995266 +/- 2.56e-44],[2.329195548986515814029833134664794110459e-5 +/- 1.36e-45],[0.6105351498349813524773436316810479048151 +/- 3.51e-41],[0.1105351498349813524773436316810479048151 +/- 3.51e-41],[4.216923121818346891224230303718036298829e-6 +/- 3.52e-47]
580,[0.07031348398663019304178086380241105793910 +/- 1.12e-43],[0.4474066746647703731657590376216658657571 +/- 3.12e-41],[0.0002706552663655685344229049504253850635332 +/- 4.20e-44],[2.321681120206049380297127553125064729830e-5 +/- 1.25e-45],[0.6099826391785723579164990971676987690505 +/- 5.04e-43],[0.1099826391785723579164990971676987690505 +/- 5.04e-43],[4.186096464567961170455930995076531531234e-6 +/- 6.03e-47]
581,[0.07029026717542813254797789252687980729180 +/- 1.82e-42],[0.4473800312041292591251039116503703088371 +/- 4.06e-41],[0.0002701168400364398447919544857881920830317 +/- 2.31e-44],[2.134722369074001627919390470381718613667e-5 +/- 4.16e-45],[0.5621659675517284711417117912289133369685 +/- 3.74e-41],[0.06216596755172847114171179122891333696854 +/- 2.61e-42],[2.360638835996277041975353804506337143665e-6 +/- 4.98e-46]
582,[0.07026891995173739253169869862217599010567 +/- 4.86e-42],[0.4473650022667421216869832277465931031818 +/- 3.99e-41],[0.0002695804267082781998391548132251448935756 +/- 4.61e-44],[2.306593644449369958977333312696942408848e-5 +/- 1.34e-45],[0.6088207707834482924656665094299637202149 +/- 3.05e-41],[0.1088207707834482924656665094299637202149 +/- 3.05e-41],[4.122811019574489742890549747817153798811e-6 +/- 2.06e-47]
583,[0.07024585401529289883210892528904902068158 +/- 3.34e-42],[0.4473387474344355228123909174450062321892 +/- 2.82e-41],[0.0002690460153705177246022228253028102320172 +/- 4.24e-44],[2.120247181235496275238674333521921318396e-5 +/- 3.01e-45],[0.5609307359004659282059135802001585451962 +/- 1.86e-41],[0.06093073590046592820591358020015854519622 +/- 1.46e-42],[2.303104693241325271323440200734147822010e-6 +/- 2.94e-46]
584,[0.07022465154348054386935653854571380146839 +/- 2.71e-42],[0.4473240768855864885921592948767917909629 +/- 4.72e-41],[0.0002685135950917537868549029929228697279879 +/- 2.85e-44],[2.112924119178414333368640682387417782770e-5 +/- 3.89e-45],[0.5602708569033157418264463102842576889926 +/- 4.39e-41],[0.06027085690331574182644631028425768899256 +/- 3.82e-42],[2.272967541778505977089924023368801243202e-6 +/- 4.26e-46]
585,[0.07020352230228875972602285213888992729057 +/- 5.00e-42],[0.4473095944186689191937417579375907660232 +/- 1.29e-41],[0.0002679831550190384227063865781078557600825 +/- 6.22e-46],[2.105637396771360267831585025852447305159e-5 +/- 2.09e-45],[0.5596122223988859697487355528515112055484 +/- 3.71e-41],[0.05961222239888596974873555285151120554844 +/- 2.93e-42],[2.243012567696832792831099876493331888766e-6 +/- 3.64e-46]
586,[0.07018246592832104612334453628863140281751 +/- 3.43e-42],[0.4472952989822829470206026178195507697926 +/- 7.34e-42],[0.0002674546843771832332083803918030042305333 +/- 2.01e-44],[1.919877072337955122836477437988833356830e-5 +/- 1.60e-45],[0.5114045577126324443374696119368062994549 +/- 1.63e-41],[0.01140455771263244433746961193680629945488 +/- 3.80e-42],[4.281414497080297735151082170961453506239e-7 +/- 3.00e-47]
587,[0.07016326715759766657211617151425151448395 +/- 4.89e-42],[0.4472925695699146611480789946946124073980 +/- 3.31e-41],[0.0002669281724680696600808520955454619165769 +/- 1.98e-44],[2.091073568730128145115679231981257129819e-5 +/- 3.38e-45],[0.5582581859953836562291584690778276016283 +/- 4.39e-41],[0.05825818599538365622915846907782760162826 +/- 3.86e-42],[2.182183010534803792977563096663304021039e-6 +/- 2.22e-47]
588,[0.07014235642191036529066501472193170191265 +/- 3.08e-42],[0.4472786543847061373114523625743042609303 +/- 2.40e-41],[0.0002664036086699665499528567796064788796919 +/- 2.37e-44],[2.083894839625806406327255026818551238672e-5 +/- 2.53e-45],[0.5576033166029717917727951332197473047869 +/- 3.34e-41],[0.05760331660297179177279513321974730478693 +/- 3.40e-42],[2.152771524846139959690526351582235000036e-6 +/- 1.03e-46]
589,[0.07012151747351410722660174217166351640026 +/- 2.12e-43],[0.4472649230904446391399804779219798854131 +/- 1.11e-41],[0.0002658809824368549177800844510259725151324 +/- 4.81e-44],[1.898818406649066156375730501691012714622e-5 +/- 3.51e-45],[0.5092310265407220678644043263274524129789 +/- 3.08e-41],[0.009231026540722067864404326327452412978869 +/- 2.89e-43],[3.442061106696419929883768111568230133749e-7 +/- 2.07e-47]
590,[0.07010252928944761656503798486664660627311 +/- 4.00e-42],[0.4472627270132806171423924522947716539058 +/- 1.36e-41],[0.0002653602832977598213462095448377407003399 +/- 4.93e-44],[2.069602883833147618902435027420011822354e-5 +/- 2.37e-45],[0.5562722757244866574352655791970693754775 +/- 1.31e-41],[0.05627227572448665743526557919706937547749 +/- 3.10e-42],[2.093601806194151146507038449680666964414e-6 +/- 4.40e-46]
591,[0.07008183326060928508884896051637240615489 +/- 4.53e-43],[0.4472493660317397769708727633037389936727 +/- 6.23e-43],[0.0002648415008560892599811143981655087491130 +/- 2.15e-44],[1.884793299205735614355051095777990345295e-5 +/- 1.42e-45],[0.5077410059661296359074599881109601116004 +/- 1.77e-41],[0.007741005966129635907459988110960111600418 +/- 3.14e-43],[2.873550885713973924972665591323926652294e-7 +/- 4.51e-47]
592,[0.07006298532761722773270541000541462625144 +/- 2.50e-42],[0.4472475316986253137745040473331943831429 +/- 7.46e-42],[0.0002643246247889800118359350600345896353249 +/- 4.79e-44],[1.877744236696387901136140087083855829200e-5 +/- 2.82e-45],[0.5069675703460458997180736973132578536017 +/- 1.94e-41],[0.006967570346045899718073697313257853601719 +/- 3.95e-43],[2.580700586456434819472860820077997641284e-7 +/- 1.32e-47]
593,[0.07004420788525026385369404860454378769315 +/- 4.50e-42],[0.4472458838711323005972099613506320862009 +/- 4.93e-41],[0.0002638096448466503252429697371529648727145 +/- 2.23e-45],[2.048417400105765278312537480644657433055e-5 +/- 3.34e-45],[0.5542753476551427767325618454078357104815 +/- 4.50e-41],[0.05427534765514277673256184540783571048146 +/- 4.97e-42],[2.005836395284836437542958382130476083936e-6 +/- 2.07e-46]
594,[0.07002372371124920620091092322973734111881 +/- 4.97e-42],[0.4472330728361412309598582448784068786199 +/- 7.78e-42],[0.0002632965508517593808581212435573973313818 +/- 1.67e-44],[2.041448061946624027050524080687431968800e-5 +/- 4.22e-45],[0.5536278993226339039465156863127215800604 +/- 3.79e-41],[0.05362789932263390394651568631272158006036 +/- 2.14e-42],[1.977475688497764533893020094372798321893e-6 +/- 5.42e-47]
595,[0.07000330923062973996064041798893046679913 +/- 3.04e-42],[0.4472204396112772893693430049533931612760 +/- 3.03e-41],[0.0002627853326987734424350325628302119203478 +/- 4.34e-44],[2.211752186300183129503287676540740432446e-5 +/- 3.12e-45],[0.6011554342955426879791521514120460443402 +/- 6.44e-42],[0.1011554342955426879791521514120460443402 +/- 6.44e-42],[3.721678956815677137471083350509203443753e-6 +/- 4.64e-46]
596,[0.06998119170876673812934538511216505939480 +/- 2.51e-42],[0.4471966571870576844816500143826379700790 +/- 1.37e-41],[0.0002622759803533386152137305910195677521074 +/- 4.86e-44],[2.204799896744246487920160184888761435178e-5 +/- 2.09e-45],[0.6006193662323392266977519973328137032247 +/- 1.78e-41],[0.1006193662323392266977519973328137032247 +/- 1.78e-41],[3.693613305730736675541930137258134812017e-6 +/- 3.79e-46]
597,[0.06995914370979929566446618351031617178045 +/- 7.26e-43],[0.4471730479169585295646318392353447120549 +/- 1.87e-41],[0.0002617684838516601320227229871832445477079 +/- 2.34e-44],[2.021224341084980212575775782760082812496e-5 +/- 2.82e-46],[0.5518520768221725650167199009628239533986 +/- 1.63e-42],[0.05185207682217256501671990096282395339860 +/- 1.62e-42],[1.899144430375234697117649400330918614566e-6 +/- 2.90e-46]
598,[0.06993893146638844586234042575248857095233 +/- 4.24e-42],[0.4471609055646880656247848537757409006304 +/- 2.08e-41],[0.0002612628332998880882923967527207378411323 +/- 3.90e-45],[2.190920087199858200241498519660467955813e-5 +/- 1.01e-45],[0.5995148103876807702534429354859473603029 +/- 3.32e-41],[0.09951481038768077025344293548594736030287 +/- 3.18e-42],[3.636757479123239903284613809604364010325e-6 +/- 4.92e-46]
599,[0.06991702226551644728033801076729196627277 +/- 2.37e-42],[0.4471376475492401696206392910514200394655 +/- 2.63e-41],[0.0002607590188735095482595389992189751794617 +/- 2.77e-44],[2.360368665594778364430729967544008072075e-5 +/- 3.38e-45],[0.6473327553289359936469788768531639738148 +/- 2.14e-41],[0.1473327553289359936469788768531639738148 +/- 2.14e-41],[5.372192527434393053834187442110772560425e-6 +/- 2.41e-46]
600,[0.06989341857886049949669370346761652619205 +/- 3.13e-42],[0.4471032820115478939707387333499916733047 +/- 2.76e-43],[0.0002602570308167469457081291438460558517694 +/- 3.84e-44],[2.353438379958602243282655951490402287764e-5 +/- 4.78e-45],[0.6468954288984231489220505726711373523087 +/- 1.81e-41],[0.1468954288984231489220505726711373523087 +/- 1.81e-41],[5.344130206619731900116440226900325470112e-6 +/- 3.93e-46]
601,[0.06986988419506091347426087690810162216917 +/- 7.67e-43],[0.4470690870870783203619470050072777760486 +/- 4.33e-41],[0.0002597568594419627036405208876761943411716 +/- 2.34e-44],[2.522222561487558966041376193729744395887e-5 +/- 1.10e-45],[0.6948584803533410629069078056380249555958 +/- 1.74e-42],[0.1948584803533410629069078056380249555958 +/- 1.74e-42],[7.073043926792940540769758389876559217365e-6 +/- 2.01e-46]
602,[0.06984466196944603788460046314616432472521 +/- 3.68e-43],[0.4470238177850248675045102415855577627294 +/- 4.42e-41],[0.0002592584951290699983060198916800345229380 +/- 6.46e-45],[2.690406571315590672672016731336058765053e-5 +/- 9.00e-47],[0.7428851956911158272641435129716004489776 +/- 2.09e-41],[0.2428851956911158272641435129716004489776 +/- 2.09e-41],[8.796243758158740558964735500591250564520e-6 +/- 3.96e-46]
603,[0.06981775790373288197787374297885096413756 +/- 1.66e-43],[0.4469675049608429068976188349687855857354 +/- 3.62e-41],[0.0002587619283249495940309419905026095752484 +/- 2.87e-44],[2.683189473932102393701214596049138175705e-5 +/- 4.56e-46],[0.7426002122486467878141148457048615286433 +/- 1.83e-41],[0.2426002122486467878141148457048615286433 +/- 1.83e-41],[8.765717072826612912452491401576655846294e-6 +/- 3.76e-46]
604,[0.06979092600899356095393673083289047275580 +/- 2.79e-42],[0.4469113730411689577059713672270557773500 +/- 3.07e-41],[0.0002582671495428726762957749207295039394521 +/- 2.84e-44],[2.676004006981151738441963757654670909013e-5 +/- 1.85e-45],[0.7423156789717658000265640628949969541092 +/- 1.92e-41],[0.2423156789717658000265640628949969541092 +/- 1.92e-41],[8.735336545511215253825937668174200227047e-6 +/- 2.28e-46]
605,[0.06976416596892374943655231119531392604671 +/- 2.67e-42],[0.4468554212149371724473129420113499244074 +/- 3.18e-41],[0.0002577741493619296114913267581274081505203 +/- 1.75e-44],[2.668849978527237836032074520202737016621e-5 +/- 1.52e-45],[0.7420315945290203317940490558603043654675 +/- 1.15e-41],[0.2420315945290203317940490558603043654675 +/- 1.15e-41],[8.705101246688580918275231468465545001044e-6 +/- 1.25e-46]
606,[0.06973747746913847705819199045011189867655 +/- 3.56e-42],[0.4467996486759830563401330246628064941335 +/- 1.27e-41],[0.0002572829184264645627569845527198491161618 +/- 3.76e-44],[2.835295129253314050263070346792654321622e-5 +/- 2.44e-45],[0.7901164224444021487519803979864776699273 +/- 9.86e-42],[0.2901164224444021487519803979864776699273 +/- 9.86e-42],[1.041068956557337534237181003493837937761e-5 +/- 1.94e-45]
607,[0.06970912451784594391768935974664397213333 +/- 2.27e-43],[0.4467329314721672966638914509707240198620 +/- 2.46e-41],[0.0002567934474455158922606802405757779278630 +/- 2.29e-44],[3.001127313683237957704538229693279532462e-5 +/- 3.31e-47],[0.8382640815023711068128241886882331130969 +/- 4.07e-41],[0.3382640815023711068128241886882331130969 +/- 4.07e-41],[1.211042673348598381517425035965875314077e-5 +/- 4.66e-45]
608,[0.06967911324470911153811231436434703933801 +/- 4.40e-42],[0.4466553015189104132341221107369969944800 +/- 3.19e-41],[0.0002563057271922622812221163357387402116528 +/- 3.47e-44],[2.993478191309758774635275521258343472090e-5 +/- 1.71e-45],[0.8380794216869165726726638553301579259365 +/- 1.16e-42],[0.3380794216869165726726638553301579259365 +/- 1.16e-42],[1.207562612280042474409083599453652306707e-5 +/- 1.82e-45]
609,[0.06964917846279601395036596160913445590328 +/- 4.71e-42],[0.4465778747987422066345088951019206649966 +/- 2.24e-41],[0.0002558197485034744999084851176101224286098 +/- 2.64e-46],[3.158039543533310227497422124412386817745e-5 +/- 6.94e-46],[0.8862117467332414028599061423742091463997 +/- 2.43e-41],[0.3862117467332414028599061423742091463997 +/- 2.43e-41],[1.376276011750701331519406108741826098711e-5 +/- 1.39e-45]
610,[0.06961759806736068084809098738789033203511 +/- 2.75e-42],[0.4464896079015912356141325387533491018582 +/- 3.78e-41],[0.0002553355022789727607455614870674258340123 +/- 4.46e-44],[3.321641492290493408064354514032529737335e-5 +/- 3.73e-46],[0.9343132801891374208504895229191149910263 +/- 3.97e-41],[0.4343132801891374208504895229191149910263 +/- 3.97e-41],[1.544057055291975129190797214112778724944e-5 +/- 3.04e-45]
611,[0.06958438165243777591401034384275000673773 +/- 3.91e-42],[0.4463905551443893256393593897938433329601 +/- 3.90e-41],[0.0002548529794810895885868964233736586057298 +/- 1.85e-44],[3.142407111300300858097044605221122315326e-5 +/- 3.11e-45],[0.8859943770514633634741843805876718762597 +/- 4.42e-41],[0.3859943770514633634741843805876718762597 +/- 4.42e-41],[1.369028412352997723590558856248115369401e-5 +/- 2.51e-45]
612,[0.06955295758132477290542937339669779551458 +/- 6.43e-43],[0.4463027082562971048690102726336328160302 +/- 3.33e-41],[0.0002543721711341381430701157723108704423783 +/- 9.26e-45],[3.134517843162887971665748087550029069212e-5 +/- 4.59e-45],[0.8858405403143648334324778333567136797052 +/- 2.21e-41],[0.3858405403143648334324778333567136797052 +/- 2.21e-41],[1.365284160286668360162799762266181952407e-5 +/- 3.79e-45]
613,[0.06952161240289314402571271591582229522389 +/- 1.49e-42],[0.4462150793364773742055584951650643779649 +/- 2.48e-42],[0.0002538930683238859288622644429966630802609 +/- 4.87e-44],[3.296532433027360501260807080266337722948e-5 +/- 6.63e-46],[0.9338060365021460222485022315258729549530 +/- 4.31e-41],[0.4338060365021460222485022315258729549530 +/- 4.31e-41],[1.531426884247914059064062823976664571536e-5 +/- 2.77e-45]
614,[0.06948864707856287042070010784501963184666 +/- 9.65e-43],[0.4461167618081803763127840165150389387615 +/- 3.47e-41],[0.0002534156621970338304559513501429927300074 +/- 3.58e-44],[3.119048787610881189609477342812266768843e-5 +/- 1.10e-45],[0.8856147954549048580505703073207513270567 +/- 2.37e-41],[0.3856147954549048580505703073207513270567 +/- 2.37e-41],[1.358097636151882177272184138524070257242e-5 +/- 9.86e-46]
615,[0.06945745659068676160880401307159150917897 +/- 6.10e-43],[0.4460295499079586931048229527604208215967 +/- 4.92e-42],[0.0002529399439607004090249639108059839078582 +/- 4.64e-44],[3.280032337661032944050155600166943355302e-5 +/- 4.63e-45],[0.9334946549375060689995037518495016056227 +/- 3.77e-42],[0.4334946549375060689995037518495016056227 +/- 3.77e-42],[1.523175819890923867180963341756590549545e-5 +/- 9.08e-46]
616,[0.06942465626731015127936351151558983974542 +/- 2.42e-42],[0.4459317125633582725433676274049209186753 +/- 2.10e-41],[0.0002524659048819113996822469084922112162716 +/- 1.28e-44],[3.271863364705567110103125573733412988543e-5 +/- 6.92e-46],[0.9333589353423839607868043029789364560015 +/- 3.78e-41],[0.4333589353423839607868043029789364560015 +/- 3.78e-41],[1.519127498141355232874761966474444994269e-5 +/- 1.51e-45]
617,[0.06939193763366309560826248025985250561553 +/- 2.16e-42],[0.4458341106112965597150110092934769928364 +/- 1.60e-41],[0.0002519935362870943483048894881962193731383 +/- 2.29e-44],[3.431308309151610464941775591881783615236e-5 +/- 5.97e-46],[0.9811407881704489675082872551201796411672 +/- 4.85e-41],[0.4811407881704489675082872551201796411672 +/- 4.85e-41],[1.682676333739583544183558106662010895295e-5 +/- 2.79e-45]
618,[0.06935762455057157950361306250393368777938 +/- 2.07e-43],[0.4457259736109324131278090765136598605217 +/- 4.44e-41],[0.0002515228295615783279002425330475850463880 +/- 1.54e-44],[3.589593797538877961233918342423788951008e-5 +/- 4.05e-45],[1.028830166815523976275661330387862169401 +/- 6.7e-43],[0.5288301668155239762756613303878621694010 +/- 6.54e-43],[1.845091199675942354634921209893821952336e-5 +/- 1.20e-45]
619,[0.06932172861259619072400072332050944988987 +/- 2.91e-43],[0.4456073692062402044079595742081062326270 +/- 4.69e-41],[0.0002510537761490986752846995360370633562944 +/- 2.58e-44],[3.746634566195561308095150199523996821627e-5 +/- 4.93e-45],[1.076403739991113481742260479851952875185 +/- 1.75e-40],[0.5764037399911134817422604798519528751848 +/- 2.53e-41],[2.006286392458032033189140225860565885061e-5 +/- 3.86e-45]
620,[0.06928426226693423511091977181851420992165 +/- 3.44e-42],[0.4454783706192790815942383811915846122396 +/- 1.68e-41],[0.0002505863675513066896322164818949675559475 +/- 4.78e-44],[3.737092582193475483094521967196798303187e-5 +/- 4.44e-46],[1.076246677499221142879881162149870087521 +/- 1.87e-40],[0.5762466774992211428798811621498700875208 +/- 1.39e-41],[2.000923421199164335258219214265938503691e-5 +/- 2.01e-45]
621,[0.06924689134111230035608882659884224193862 +/- 1.57e-42],[0.4453496846093658130001919968887341588047 +/- 1.40e-41],[0.0002501205953272842352235157540270308779235 +/- 6.26e-45],[3.727590781828886331873464491893518723621e-5 +/- 2.54e-45],[1.076089758402461827739628361215901165436 +/- 2.83e-40],[0.5760897584024618277396283612159011654363 +/- 1.81e-41],[1.995583413148609091766916133391158888675e-5 +/- 2.12e-45]
622,[0.06920961543329401149277009195392330675139 +/- 4.65e-42],[0.4452213099238973231840172161221460238292 +/- 4.39e-41],[0.0002496564510930631914893077060986193900610 +/- 2.58e-44],[3.554732193166871357934277389159989147193e-5 +/- 3.48e-45],[1.028650077120423047191977380215100085481 +/- 4.83e-40],[0.5286500771204230471919773802151000854805 +/- 1.78e-41],[1.826869496107683573653459405709918614814e-5 +/- 1.22e-45]
623,[0.06917406811136234277919074918003170685991 +/- 3.43e-42],[0.4451037591563327363438249005353044806591 +/- 4.74e-41],[0.0002491939265211496941919598506410695347298 +/- 1.18e-44],[3.383181790839974993624303391442101946631e-5 +/- 1.48e-45],[0.9813288538730237087672387030975059310097 +/- 7.27e-42],[0.4813288538730237087672387030975059310097 +/- 7.27e-42],[1.659406026228791808828845337797698285154e-5 +/- 1.12e-46]
624,[0.06914023629345394302925450614611728584045 +/- 2.89e-42],[0.4449969572892628674783614901600173294132 +/- 1.69e-41],[0.0002487330133400531123300327857333039512027 +/- 2.53e-44],[3.374825772887556740784575752086095652720e-5 +/- 3.59e-45],[0.9811989407313440872203875734175776349610 +/- 2.61e-42],[0.4811989407313440872203875734175776349610 +/- 2.61e-42],[1.655079841256146344262603371735399336545e-5 +/- 3.42e-45]
625,[0.06910648803572506746184666038859642488392 +/- 8.1e-44],[0.4448904073594779453020190943212172391426 +/- 1.81e-41],[0.0002482737033338197060791658442394522286905 +/- 1.73e-44],[3.366504286748626215980818959413437514340e-5 +/- 3.96e-46],[0.9810691760096705582804477849267925539572 +/- 4.37e-41],[0.4810691760096705582804477849267925539572 +/- 4.37e-41],[1.650771915846249584688157501655852368220e-5 +/- 3.79e-45]
626,[0.06907282299285758119968685219900229050878 +/- 3.48e-42],[0.4447841083719888836232409227370545611459 +/- 3.50e-41],[0.0002478159883415709118011125832535020245702 +/- 4.10e-44],[3.197456943645067452413757526092582900979e-5 +/- 2.16e-46],[0.9339813004899813800398755513052059770122 +/- 4.62e-41],[0.4339813004899813800398755513052059770122 +/- 4.62e-41],[1.485721953893328896549973452856656485528e-5 +/- 1.70e-46]
627,[0.06904084842342113052516271462374136467977 +/- 3.28e-42],[0.4446884138151961674186644911286302306463 +/- 1.63e-41],[0.0002473598602570462008604720091678141333768 +/- 2.13e-44],[3.349828754907055920939393378258185064984e-5 +/- 4.70e-45],[0.9807476225396328848406289185399836878176 +/- 3.64e-41],[0.4807476225396328848406289185399836878176 +/- 3.64e-41],[1.642035293102519985022384805728446084891e-5 +/- 2.77e-45]
628,[0.06900735013587205996595332068995878282912 +/- 3.11e-42],[0.4445826250318904537535652367005099646821 +/- 4.10e-41],[0.0002469053110281504596860080932264636069054 +/- 1.39e-44],[3.341610294429733904195124497679018895968e-5 +/- 1.76e-45],[0.9806183633454300792701147728982836681520 +/- 4.64e-42],[0.4806183633454300792701147728982836681520 +/- 4.64e-42],[1.637782169577136719180877938171553459410e-5 +/- 2.54e-45]
629,[0.06897393403292776262691136944498199264016 +/- 2.79e-42],[0.4444770841991840668731939686943554294361 +/- 1.92e-41],[0.0002464523326565058392005668339182065805719 +/- 2.74e-45],[3.174488044143407600875140581337751898456e-5 +/- 1.69e-45],[0.9337395828004204965688467525313270661728 +/- 1.21e-41],[0.4337395828004204965688467525313270661728 +/- 1.21e-41],[1.474609350652307367655487485470730943945e-5 +/- 7.29e-46]
630,[0.06894218915248632855090261803916861512117 +/- 2.66e-42],[0.4443820350120105581166898674057188480453 +/- 3.32e-41],[0.0002460009171970080224206530095424069404113 +/- 2.83e-44],[3.166759148054473672968794471484795762087e-5 +/- 4.70e-45],[0.9336051573825818186578642460880038847052 +/- 3.68e-42],[0.4336051573825818186578642460880038847052 +/- 3.68e-42],[1.470774971546348272992069217822102946916e-5 +/- 3.28e-46]
631,[0.06891052156100578381417293009445376716355 +/- 1.80e-42],[0.4442872096510452615447783425118012967051 +/- 2.43e-41],[0.0002455510567573868596938810217635477933027 +/- 1.51e-44],[3.317041209842875469025310059897413148349e-5 +/- 3.97e-45],[0.9801522178478955048890692643269448481716 +/- 1.63e-41],[0.4801522178478955048890692643269448481716 +/- 1.63e-41],[1.624936070742109252761757925280767027310e-5 +/- 4.14e-45]
632,[0.06887735114890735505948267699385479303207 +/- 1.70e-42],[0.4441824193211175069848555567354531415657 +/- 1.19e-41],[0.0002451027434977713216999261428533342834158 +/- 5.00e-45],[3.308957357130251525221615145133384383359e-5 +/- 4.91e-45],[0.9800236706650516880543931042350108966607 +/- 3.36e-41],[0.4800236706650516880543931042350108966607 +/- 3.36e-41],[1.620754583984595095768047860497291658544e-5 +/- 9.37e-46]
633,[0.06884426157533605254423046084240345918823 +/- 4.73e-42],[0.4440778730260620347870045358329694247618 +/- 9.11e-42],[0.0002446559696302587209884314844750095524891 +/- 2.19e-44],[3.144053396959134547097502275341572853846e-5 +/- 3.92e-45],[0.9333324261529196942671026399632661881742 +/- 1.68e-41],[0.4333324261529196942671026399632661881742 +/- 1.68e-41],[1.459737440039834078726708428382624620893e-5 +/- 9.58e-46]
634,[0.06881282104136646119875948581965004345970 +/- 3.75e-42],[0.4439836900518244159446401164725138673273 +/- 1.46e-41],[0.0002442107274184881534657267530611048030935 +/- 1.37e-44],[2.980031518379613852478479859413103061130e-5 +/- 3.16e-45],[0.8866592762703961926252425813793597661231 +/- 4.96e-41],[0.3866592762703961926252425813793597661231 +/- 4.96e-41],[1.299548610156578754964949440818260496329e-5 +/- 2.85e-45]
635,[0.06878302072618266506023470102105591242908 +/- 4.97e-42],[0.4438998220578465884492681452811739591668 +/- 1.28e-41],[0.0002437670091772181118713392585181373755609 +/- 2.05e-44],[2.816748413176312142815616826027391378892e-5 +/- 5.76e-46],[0.8399663518501887508056622450620520328993 +/- 1.54e-41],[0.3399663518501887508056622450620520328993 +/- 1.54e-41],[1.140045288716696811687266393325169467445e-5 +/- 1.20e-45]
636,[0.06875485324205090193880654485279563851530 +/- 3.97e-42],[0.4438262298707479214890562220199003714099 +/- 8.89e-42],[0.0002433248072719082239052749279389908834277 +/- 2.56e-44],[2.809881745206152396341794615252534032721e-5 +/- 2.88e-46],[0.8397853608458686140356721682279346192676 +/- 2.69e-41],[0.3397853608458686140356721682279346192676 +/- 2.69e-41],[1.136905603793115393506802338000033185471e-5 +/- 8.19e-47]
637,[0.06872675442459884041484312690664311317497 +/- 1.18e-42],[0.4437528224947097081282026131500180328824 +/- 4.49e-41],[0.0002428841141183050682780638408934347803792 +/- 4.06e-44],[2.803043001697076126703943181508806782301e-5 +/- 3.78e-45],[0.8396046186189797366894411312660864046054 +/- 2.37e-41],[0.3396046186189797366894411312660864046054 +/- 2.37e-41],[1.133779315232576873272097449193551345646e-5 +/- 1.22e-45]
638,[0.06869872399458186965357608747482802510715 +/- 4.18e-42],[0.4436795991911453982091607109668202284881 +/- 9.57e-42],[0.0002424449221820320225577450627689053781778 +/- 3.06e-44],[2.951559168971093184504141950750028664587e-5 +/- 2.46e-45],[0.8860530706403529324739754446377204968200 +/- 1.07e-41],[0.3860530706403529324739754446377204968200 +/- 1.07e-41],[1.285993489683963435839596905451776349406e-5 +/- 1.63e-45]
639,[0.06866920840289215872173104605532052482050 +/- 4.8e-44],[0.4435965252404222987516429038174794083353 +/- 2.22e-41],[0.0002420072239781830972814507904556581829376 +/- 7.70e-46],[2.944465180574250700845021496010685763469e-5 +/- 2.63e-47],[0.8859027633014178921121499558632772986583 +/- 4.03e-41],[0.3859027633014178921121499558632772986583 +/- 4.03e-41],[1.282620730737925154432237619097687413487e-5 +/- 3.39e-45]
640,[0.06863976375108641621472259584036041796287 +/- 4.74e-42],[0.4435136491100823522133235823359099065108 +/- 1.46e-41],[0.0002415710120709207113841790395839751151380 +/- 1.79e-45],[2.937399764135260033564017934752250934359e-5 +/- 4.97e-45],[0.8857526516404190236312726221053907442329 +/- 1.24e-41],[0.3857526516404190236312726221053907442329 +/- 1.24e-41],[1.279262044369375779672739839554626903988e-5 +/- 3.39e-45]
641,[0.06861038975344506361438695566101289545352 +/- 1.69e-42],[0.4434309700273235538848665343168665269576 +/- 2.86e-41],[0.0002411362790730773645738538573839445803118 +/- 4.59e-44],[3.084653226177458269481559152880815761614e-5 +/- 3.23e-45],[0.9322317947844056807987496742877030648701 +/- 2.50e-41],[0.4322317947844056807987496742877030648701 +/- 2.50e-41],[1.430207817087524615835731819019149534813e-5 +/- 1.83e-45]
642,[0.06857954322118328903169214006948408729591 +/- 4.46e-42],[0.4433385129800616542546318834823558660440 +/- 3.25e-41],[0.0002407030176457611628499965130398393494915 +/- 4.03e-44],[3.231132231439113207669765109589299407759e-5 +/- 2.94e-45],[0.9786978015205586449208031539230805428657 +/- 2.64e-42],[0.4786978015205586449208031539230805428657 +/- 2.64e-42],[1.580401931228441051855342802202346563327e-5 +/- 1.92e-45]
643,[0.06854723189886889789961544241838819430183 +/- 2.06e-42],[0.4432363219039637769637845867007025749367 +/- 2.45e-41],[0.0002402712204979651539234021267612364292835 +/- 4.61e-44],[3.376787963104897467697414975527273273410e-5 +/- 1.38e-45],[1.025137497188913613891926238867335622183 +/- 3.70e-40],[0.5251374971889136138919262388673356221834 +/- 3.06e-41],[1.729795256095069507503471888603226106682e-5 +/- 4.34e-45]
644,[0.06851346401923784892493846826863292156909 +/- 3.86e-42],[0.4431244439582211026120215202853525865102 +/- 4.10e-41],[0.0002398408803861804298462632784756378686981 +/- 5.04e-45],[3.368655328762564051288470828206105829573e-5 +/- 3.53e-45],[1.025008451444127487871889189749195709600 +/- 1.02e-40],[0.5250084514441274878718891897491957096001 +/- 1.41e-42],[1.725422375894473891221464667514726041893e-5 +/- 3.59e-45]
645,[0.06847977746595022328442558356035086051080 +/- 1.89e-42],[0.4430128220657024842153926302027045897531 +/- 9.04e-42],[0.0002394119901140129547063325596589889810255 +/- 2.25e-44],[3.512862847158597503044019034887117348151e-5 +/- 1.75e-45],[1.071329246933508668608107250391960090505 +/- 5.52e-41],[0.5713292469335086686081072503919600905049 +/- 4.49e-41],[1.873374866589809306644640950575677054127e-5 +/- 4.56e-45]
646,[0.06844464883747863730939514337000198933732 +/- 3.40e-42],[0.4428915997341312028553723277410657307435 +/- 8.39e-42],[0.0002389845425318040757750948565144778019215 +/- 1.53e-44],[3.655966306610631764155419230549989164792e-5 +/- 2.79e-46],[1.117539487390774385671752175455005104510 +/- 3.55e-40],[0.6175394873907743856717521754550051045104 +/- 4.53e-41],[2.020244997493150985261803435374293238208e-5 +/- 1.66e-46]
647,[0.06840808917441253099175358917769648944567 +/- 1.32e-42],[0.4427608424818961150860740519380127309787 +/- 3.87e-41],[0.0002385585305362546770286502670657712901403 +/- 1.89e-44],[3.797868932339204415599337401360190584819e-5 +/- 2.37e-45],[1.163610326095147670682230374516981407970 +/- 2.85e-40],[0.6636103260951476706822303745169814079697 +/- 1.56e-41],[2.165935609315111938264949716110539504970e-5 +/- 4.81e-47]
648,[0.06837011048508913894759759580368288753982 +/- 5.04e-43],[0.4426206221779956831019444043501165473529 +/- 1.05e-41],[0.0002381339470700529344812107157676337164401 +/- 1.57e-44],[3.788318163694137790314234447122475236978e-5 +/- 4.63e-45],[1.163399461533117690830112165930787416818 +/- 3.75e-40],[0.6633994615331176908301121659307874168176 +/- 2.56e-41],[2.160193736551148972843441557632828198938e-5 +/- 3.17e-47]
649,[0.06833222730345219756969445345921166278745 +/- 7.19e-43],[0.4424807402860348574433182848365449354969 +/- 5.07e-42],[0.0002377107851215056332849062035905709585303 +/- 4.76e-44],[3.629408323135515932326130535281132946798e-5 +/- 2.48e-45],[1.117201144276080694368268676069036787922 +/- 1.84e-40],[0.6172011442760806943682686760690367879218 +/- 1.65e-41],[2.005077582995035367672002679601485006277e-5 +/- 9.01e-46]
650,[0.06829593322022084241037119215385885145798 +/- 2.74e-42],[0.4423508719651297725604463073425913120524 +/- 3.19e-41],[0.0002372890377241730070560968348176590110657 +/- 3.60e-44],[3.620487250846501611021328550284797672335e-5 +/- 3.36e-45],[1.117029153365776647600626459877305259331 +/- 1.17e-40],[0.6170291533657766476006264598773052593311 +/- 1.68e-41],[1.999899623416443215753784016715262056203e-5 +/- 9.70e-46]
651,[0.06825972834771237739426097886835600348126 +/- 6.14e-43],[0.4422213082751922454214063282372526586452 +/- 3.39e-41],[0.0002368686979565070603877088971447489884618 +/- 4.96e-44],[3.759753815493327935171046768816432643146e-5 +/- 3.18e-45],[1.162671922330390110866662415228762087468 +/- 2.23e-40],[0.6626719223303901108666624152287620874682 +/- 2.23e-41],[2.142894517834577348282568652158555064085e-5 +/- 1.78e-45]
652,[0.06822213080955744411490926840066783915483 +/- 2.08e-42],[0.4420824477555214815216445722222941372777 +/- 3.61e-41],[0.0002364497589414933359993699675509765755494 +/- 3.16e-44],[3.750359534952902775871351903273486891423e-5 +/- 2.42e-45],[1.162461968070886233932822642114143110046 +/- 2.62e-40],[0.6624619680708862339328226421141431100457 +/- 3.82e-41],[2.137248896513414448576906174021195875888e-5 +/- 1.53e-45]
653,[0.06818462721420791508715055488163510428591 +/- 3.71e-42],[0.4419439203198493551525189613899631376750 +/- 2.48e-41],[0.0002360322138462960884624199635722772510789 +/- 6.08e-45],[3.887682275007898673881895345686769146505e-5 +/- 4.46e-47],[1.207822230136071039419661132060143684671 +/- 3.82e-40],[0.7078222301360710394196611320601436846714 +/- 1.81e-41],[2.278305423842508419403029073450238288171e-5 +/- 1.23e-45]
654,[0.06814575039145783610041173592817823659445 +/- 1.35e-42],[0.4417962153334275733997109051263255046481 +/- 3.92e-41],[0.0002356160558819068269153310474092587236127 +/- 1.32e-44],[4.023630620107771326595444177726868660952e-5 +/- 1.59e-45],[1.252980894416845163803828322503629494855 +/- 4.98e-40],[0.7529808944168451638038283225036294948545 +/- 2.03e-42],[2.418007326872950972964408585172423204173e-5 +/- 4.90e-45]
655,[0.06810551408525675838714578148640096790784 +/- 8.67e-43],[0.4416394163783089279592942993244906237441 +/- 9.62e-42],[0.0002352012783027961896567862421769718750684 +/- 3.06e-44],[3.868163874809934371744927686161647495314e-5 +/- 5.08e-46],[1.207404849258635531345672380493050500769 +/- 2.55e-40],[0.7074048492586355313456723804930505007687 +/- 4.57e-41],[2.266313477577786302702303808999808398291e-5 +/- 2.99e-45]
656,[0.06806683244650865904342833220953935143289 +/- 4.01e-42],[0.4414924196421717223947413291809285758551 +/- 1.50e-41],[0.0002347878744065691139687496279135480201972 +/- 1.83e-44],[3.858344550643594785478529256272227602345e-5 +/- 2.93e-45],[1.207146020689904862892231333253084146688 +/- 1.90e-40],[0.7071460206899048628922313332530841466882 +/- 1.11e-41],[2.260217859873208931695151671196364275249e-5 +/- 1.11e-46]
657,[0.06802824900100222309557354691697662915686 +/- 2.55e-42],[0.4413457838492937933304756008000027306039 +/- 1.28e-41],[0.0002343758375336232649804133450817115747771 +/- 3.82e-44],[3.848565303268330335989015873252579911227e-5 +/- 3.53e-45],[1.206887348774412641924198979016865132225 +/- 3.89e-40],[0.7068873487744126419241989790168651322254 +/- 1.17e-41],[2.254147519712753714018902895616029883353e-5 +/- 3.67e-46]
658,[0.06798976334796953979221365675824410335775 +/- 2.71e-43],[0.4411995075972852459898043162636716682467 +/- 1.68e-41],[0.0002339651610668106878360298770361650798479 +/- 4.88e-44],[3.981703308972724166718597183008928270814e-5 +/- 6.75e-46],[1.251538396061689254345421545704549814411 +/- 2.94e-40],[0.7515383960616892543454215457045498144107 +/- 6.45e-42],[2.390979715712520641151805858013539355740e-5 +/- 4.66e-45]
659,[0.06794994631487981255054647078641401407504 +/- 2.14e-42],[0.4410443157141723122710833126362521959149 +/- 4.92e-42],[0.0002335558384311026478754320112947976166335 +/- 2.27e-44],[4.113549675432800174121551586009735023017e-5 +/- 3.75e-45],[1.296005678354989243992154046735569232280 +/- 2.16e-40],[0.7960056783549892439921540467355692322802 +/- 1.56e-41],[2.526539007140783347235157667042074555697e-5 +/- 2.50e-45]
660,[0.06790881081812548454880525527055391672481 +/- 1.97e-42],[0.4408802867423033876264998574858634995100 +/- 1.70e-42],[0.0002331478630932576239756055947289850873952 +/- 3.86e-44],[4.102644470597350360717058047805662285171e-5 +/- 1.15e-46],[1.295616060428763076050354578265283833964 +/- 1.57e-40],[0.7956160604287630760503545782652838339642 +/- 4.40e-41],[2.519365057852325087486983223825723503567e-5 +/- 2.97e-45]
661,[0.06786778437341951104519808469007586010196 +/- 2.56e-43],[0.4407166853771192206084924207960801546828 +/- 3.96e-41],[0.0002327412285614924206351081349965105993624 +/- 2.30e-44],[4.232333050504074057934465689025757927321e-5 +/- 2.17e-45],[1.339716315404735829101893140057889948162 +/- 2.49e-40],[0.8397163154047358291018931400578899481622 +/- 4.89e-41],[2.652769899022462648855280426450853088546e-5 +/- 4.77e-45]
662,[0.06782546104291447030461874003318560252269 +/- 2.96e-42],[0.4405443809275897496385969793914984567557 +/- 4.20e-41],[0.0002323359283851563648105142582513485249411 +/- 4.30e-44],[4.081174414921265627129807895723758137599e-5 +/- 4.48e-45],[1.294929220402949357697271130611972966440 +/- 6.18e-41],[0.7949292204029493576972711306119729664401 +/- 3.83e-41],[2.505345268965586697155995271217016965720e-5 +/- 1.14e-46]
663,[0.06778464929876525764834744195422836494131 +/- 1.07e-42],[0.4403816142827377886728059823103557408030 +/- 1.23e-41],[0.0002319319561544085539355102037073898581790 +/- 4.10e-44],[4.209294841828677756597276926656162196157e-5 +/- 1.55e-45],[1.338712772959845235427154464031297017169 +/- 2.47e-40],[0.8387127729598452354271544640312970171692 +/- 4.64e-41],[2.637152210918359329749954769264559617053e-5 +/- 2.39e-45]
664,[0.06774255635034697087078146918496180331935 +/- 5.10e-43],[0.4402102446913611578136627784289415671947 +/- 4.99e-41],[0.0002315293054998981219688455346988357890575 +/- 1.83e-44],[4.197900124787996407684263982253166208020e-5 +/- 3.83e-45],[1.338241691628831526395126393247067174245 +/- 4.03e-40],[0.8382416916288315263951263932470671742446 +/- 2.86e-42],[2.629461422329641670536821978979522416049e-5 +/- 4.15e-45]
665,[0.06770057734909909090670462654513927165727 +/- 7.06e-43],[0.4400393352985935306666922250329105502716 +/- 2.21e-41],[0.0002311279700924474907271711415336343697707 +/- 8.11e-45],[4.323718186600681395179447041497490244789e-5 +/- 2.21e-46],[1.381600578662173197661663667397423387402 +/- 4.04e-42],[0.8816005786621731976616636673974233874020 +/- 4.03e-42],[2.758968484922281124497739986295158614349e-5 +/- 1.50e-45]
666,[0.06765734016723308409275283207472429675482 +/- 1.41e-42],[0.4398599667654698137304428231740593197551 +/- 2.84e-41],[0.0002307279436427385741629369525542819808967 +/- 2.48e-44],[4.311718272639000767194199300059948590920e-5 +/- 3.30e-45],[1.381036843732412040933504191997867899296 +/- 2.77e-41],[0.8810368437324120409335041919978678992960 +/- 2.77e-41],[2.750674375726705982693091602839851407894e-5 +/- 1.56e-45]
667,[0.06761422298450669408508089008172369726891 +/- 2.22e-42],[0.4396810961859695057704050096190746178055 +/- 3.09e-41],[0.0002303292199010019036460776139620990371111 +/- 2.81e-44],[4.164522100066336931483398928648250299657e-5 +/- 4.73e-45],[1.337051320419823026158405152276506893095 +/- 4.75e-40],[0.8370513204198230261584051522765068930955 +/- 2.57e-41],[2.607168976642954974335448157950611203285e-5 +/- 4.41e-45]
668,[0.06757257776350603071576605609243721476592 +/- 4.37e-42],[0.4395115184025576016566863851782766711553 +/- 2.65e-41],[0.0002299317926567086427012653396891589897533 +/- 2.60e-45],[4.153313506639429401047138964971367719476e-5 +/- 2.21e-45],[1.336580764700092982361942989319932644751 +/- 4.71e-40],[0.8365807647000929823619429893199326447515 +/- 2.94e-41],[2.599605112679650433829050843044888818502e-5 +/- 1.30e-45]
669,[0.06753104462843963642175558470278750108872 +/- 8.79e-43],[0.4393423937075106104865556890838499952600 +/- 3.84e-42],[0.0002295356557382654600401403262606934806462 +/- 3.99e-44],[4.008597559811092951798841216563941832272e-5 +/- 4.59e-45],[1.293030700541069157570807754136052767167 +/- 2.07e-40],[0.7930307005410691575708077541360527671668 +/- 6.45e-42],[2.458519298663196821435265235172594923319e-5 +/- 4.00e-46]
670,[0.06749095865284152549223759629062186167040 +/- 1.85e-42],[0.4391824110291340159778270489081807308775 +/- 3.52e-41],[0.0002291408030127122301102233195559007912839 +/- 1.26e-44],[4.130957430516295867565545414936794523808e-5 +/- 2.38e-46],[1.335588577809039006165436129725977153823 +/- 3.89e-40],[0.8355885778090390061654361297259771538234 +/- 1.17e-41],[2.584464184335309269586467194021060390648e-5 +/- 3.52e-45]
671,[0.06744964907853636253356194083647249372516 +/- 7.4e-44],[0.4390141942219479124534170900883740251732 +/- 3.88e-41],[0.0002287472283854225307592534707858969640917 +/- 4.70e-44],[3.987841761172265220121324800647552156331e-5 +/- 4.68e-45],[1.292326905645851556790065365766046976812 +/- 3.49e-40],[0.7923269056458515567900653657660469768123 +/- 4.86e-41],[2.444949732943809052778486336298027396186e-5 +/- 3.71e-45]
672,[0.06740977066092463988136072758846601820360 +/- 3.24e-42],[0.4388550216780373396536760824699110844965 +/- 4.97e-42],[0.0002283549257998069079855575279914483899962 +/- 4.28e-44],[3.977453641064217229130931387394302701605e-5 +/- 2.83e-45],[1.291938668336713166137498422035094799199 +/- 4.84e-40],[0.7919386683367131661374984220350947991995 +/- 1.67e-41],[2.438118323318472548021948710888211587369e-5 +/- 2.14e-45]
673,[0.06736999612451399770906941827459207517658 +/- 7.16e-43],[0.4386962576219874366729971485956759327088 +/- 4.42e-41],[0.0002279638892370188781118223417641268840550 +/- 3.72e-44],[4.097802755371348178317631188853613157302e-5 +/- 2.26e-45],[1.334100276996871457529608127084727911488 +/- 1.07e-41],[0.8341002769968714575296081270847279114880 +/- 1.07e-41],[2.562010121928638173064962996411094035511e-5 +/- 4.06e-45]
674,[0.06732901809696028422728624196270353904501 +/- 2.31e-42],[0.4385293880072813595002439764132233114832 +/- 1.86e-41],[0.0002275741127156636380813889735160115049034 +/- 3.69e-44],[3.956955047732429275140460629763303665883e-5 +/- 3.30e-46],[1.291237058622404250612740375876916482813 +/- 1.87e-40],[0.7912370586224042506127403758769164828132 +/- 1.31e-41],[2.424720892389169612939406019078739094410e-5 +/- 1.44e-45]
675,[0.06728944854648295993453483735640590600835 +/- 1.14e-42],[0.4383714244075866446103641919674016713110 +/- 4.42e-41],[0.0002271855902915094549329894479949649345437 +/- 1.04e-44],[3.946692662233015482404639753380264679132e-5 +/- 2.67e-45],[1.290849353247810412257790850075848293999 +/- 5.56e-41],[0.7908493532478104122577908500758482939991 +/- 4.45e-41],[2.417973353390727067784605240734467222080e-5 +/- 4.17e-45]
676,[0.06724998161986062977971079095887210336156 +/- 2.46e-42],[0.4382138645953524341816766631368757307213 +/- 3.96e-41],[0.0002267983160572017058617811914230270490216 +/- 2.88e-44],[3.936471886246613188438628341751793572431e-5 +/- 2.20e-45],[1.290461828654033317495288850428327711156 +/- 2.25e-40],[0.7904618286540333174952888504283277111558 +/- 2.42e-41],[2.411253627620397522781896589170432171580e-5 +/- 4.91e-45]
677,[0.06721061690099816364782640467545458542583 +/- 3.25e-42],[0.4380567070103479644112537178870772852928 +/- 3.90e-41],[0.0002264122841419795406216730040570132390356 +/- 3.29e-44],[4.054204274489093828067840095017286926035e-5 +/- 3.92e-45],[1.332102869476353731298903628392540733525 +/- 4.70e-40],[0.8321028694763537312989036283925407335245 +/- 3.05e-41],[2.532473345374440965686528210316320893961e-5 +/- 6.30e-46]
678,[0.06717007485825327270954572627450441255657 +/- 2.89e-42],[0.4378916113429351731359117473090348171721 +/- 2.80e-41],[0.0002260274887113951383663523738394627264982 +/- 4.03e-44],[4.170569588821341594124805694583805140391e-5 +/- 3.49e-45],[1.373498799986607891136426959156997196219 +/- 1.40e-40],[0.8734987999866078911364269591569971962191 +/- 3.92e-41],[2.652341255144600794506514906142180545672e-5 +/- 1.36e-45]
679,[0.06712836916236505929360447821755857450517 +/- 1.03e-42],[0.4377186622186772587942321393997810887040 +/- 4.49e-41],[0.0002256439239670355313641881920682530645621 +/- 3.48e-44],[4.032895671947108715405894782660757399294e-5 +/- 3.78e-45],[1.331242737864014917825758686124923970852 +/- 1.62e-40],[0.8312427378640149178257586861249239708518 +/- 3.91e-41],[2.518184809216729307438334481966031595971e-5 +/- 2.91e-45]
680,[0.06708804020564558820645041926973196693118 +/- 3.97e-42],[0.4375544238685907197003967539350592312702 +/- 9.02e-42],[0.0002252615841462469683553654533806207104378 +/- 1.26e-44],[4.022228991047784621364881012976735931638e-5 +/- 2.48e-45],[1.330774765292439602586283690456985747074 +/- 4.76e-40],[0.8307747652924396025862836904569857470735 +/- 2.44e-41],[2.510993169648701277867353408573692619411e-5 +/- 1.96e-45]
681,[0.06704781791573511036023677045960219957186 +/- 3.42e-43],[0.4373906176646655281459069581888661331209 +/- 2.09e-42],[0.0002248804635218617906482781274274148236870 +/- 2.60e-44],[3.886689808718906009902146804128006043619e-5 +/- 3.24e-45],[1.288883042807549405927827676648481288306 +/- 3.58e-40],[0.7888830428075494059278276766484812883056 +/- 4.27e-41],[2.378915371616915917929009860575225669926e-5 +/- 1.42e-45]
682,[0.06700895101764792130013774899156091951142 +/- 3.48e-42],[0.4372353927311325273722967487624181327939 +/- 6.67e-43],[0.0002245005564019277943764307616076318696945 +/- 9.64e-45],[4.001013981450396831851266059010107470917e-5 +/- 5.95e-46],[1.329810728148598585580215225101416542616 +/- 3.08e-40],[0.8298107281485985855802152251014165426157 +/- 7.11e-42],[2.496659302713248428838597852195552598448e-5 +/- 2.08e-45]
683,[0.06696894087783341733181923633097081843671 +/- 4.31e-42],[0.4370724483900799512828602887497478385010 +/- 8.68e-42],[0.0002241218571294400526569450832445522285891 +/- 4.30e-44],[4.114097129882897916425952734701980131466e-5 +/- 2.11e-45],[1.370524810800838897936908505057568477864 +/- 3.73e-40],[0.8705248108008388979369085050575684778636 +/- 2.76e-41],[2.613176789929728030158961528564460072138e-5 +/- 3.85e-45]
684,[0.06692779990653458835265497680362379863540 +/- 3.58e-43],[0.4369018613089202587990099390751703295803 +/- 4.46e-41],[0.0002237443600820751717073003925298513778521 +/- 3.22e-44],[4.102970096364161912589135023799214631846e-5 +/- 3.68e-45],[1.369965752153867682724425372382855292744 +/- 1.17e-40],[0.8699657521538676827244253723828552927441 +/- 1.67e-41],[2.605498320185286716774243865074046358637e-5 +/- 8.46e-46]
685,[0.06688677020557094673352908545338580648908 +/- 1.19e-42],[0.4367317374107714748560967088290581157261 +/- 8.27e-42],[0.0002233680596719279552882202776989052901431 +/- 4.92e-44],[3.969842957996374188569859505469470465838e-5 +/- 2.05e-45],[1.328562635514459337468495526059124695290 +/- 1.93e-40],[0.8285626355144593374684955260591246952898 +/- 7.60e-42],[2.475806150142323778697547368782013101510e-5 +/- 9.90e-47]
686,[0.06684707177599098299164338685833111178442 +/- 2.81e-42],[0.4365700455408059682927389284850448395459 +/- 4.89e-41],[0.0002229929503452504521477164899790781804337 +/- 8.52e-45],[3.959432256459607745862952084165619329277e-5 +/- 3.95e-45],[1.328095789337304856001769825883944790625 +/- 1.30e-40],[0.8280957893373048560017698258839447906249 +/- 3.00e-41],[2.468789680732712723251139222420762315859e-5 +/- 4.87e-45]
687,[0.06680747745342638691418475733748945559113 +/- 4.2e-44],[0.4364087759458886186450990869105607303552 +/- 3.76e-41],[0.0002226190265821933614442760008964572989846 +/- 2.02e-44],[3.828401642517582914371199848127137258764e-5 +/- 2.21e-45],[1.287064005994647862540057200334021412978 +/- 4.91e-40],[0.7870640059946478625400572003340214129775 +/- 9.93e-42],[2.341140082608221665795405414210896198683e-5 +/- 1.32e-45]
688,[0.06676919343700121108504104533900818421854 +/- 2.40e-42],[0.4362558107964907791968956582062783119019 +/- 3.85e-41],[0.0002222462828965497714260906242522639098626 +/- 1.58e-44],[3.818657421248675444543009244248177144820e-5 +/- 1.72e-45],[1.286678567859120834725967109585674569686 +/- 3.31e-40],[0.7866785678591208347259671095856745696857 +/- 3.09e-41],[2.334736915911252893803466826108555369900e-5 +/- 4.34e-45]
689,[0.06673100686278872433059561524656570244709 +/- 4.21e-42],[0.4361032301059925555403660348956506820992 +/- 2.71e-41],[0.0002218747138355012069381404159647773106440 +/- 2.15e-44],[3.689564775055860103159722095175399410265e-5 +/- 4.30e-46],[1.245975938882158389870935112162705905394 +/- 1.96e-40],[0.7459759388821583898709351121627059053942 +/- 4.13e-42],[2.208972469892248566705289146244460216127e-5 +/- 2.24e-45]
690,[0.06669411121503816572956401802561394845299 +/- 1.56e-42],[0.4359588363881600038072259796217483960713 +/- 6.14e-42],[0.0002215043139793659616199116819721294059746 +/- 4.85e-44],[3.561598829506811800075538247151812344649e-5 +/- 4.07e-45],[1.205439243535392204942785528298351871815 +/- 8.34e-42],[0.7054392435353922049427855282983518718150 +/- 8.34e-42],[2.084295494391755146754697137687259025247e-5 +/- 4.45e-45]
691,[0.06665849522674309761156326264314243032955 +/- 4.94e-42],[0.4358225622343961812232805613294324356649 +/- 4.24e-41],[0.0002211350779413496909436161783211847388544 +/- 3.18e-44],[3.671304597271648256756744504639364539559e-5 +/- 3.08e-46],[1.245309434043141908711481357068397113952 +/- 2.65e-41],[0.7453094340431419087114813570683971139520 +/- 2.65e-41],[2.197251443529756133755475770664604630026e-5 +/- 2.99e-45]
692,[0.06662178218077038112899569519809603668415 +/- 5.28e-43],[0.4356788710875855027814616566425853996804 +/- 7.03e-42],[0.0002207670003672982425260373821502213975443 +/- 1.78e-44],[3.662250155621385236830174392484630160929e-5 +/- 4.11e-45],[1.244995000588296121462944403091025935656 +/- 3.04e-40],[0.7449950005882961214629444030910259356563 +/- 3.95e-42],[2.191461054504165412864731619614342054848e-5 +/- 2.57e-45]
693,[0.06658515967921416727662739345417119038254 +/- 1.90e-43],[0.4355355269625898219257319927363038114391 +/- 1.85e-41],[0.0002204000759354527004266190208593116774838 +/- 3.54e-44],[3.653231119853270523460344422589137354977e-5 +/- 1.06e-45],[1.244680734457061107612209752353679082302 +/- 4.72e-40],[0.7446807344570611076122097523536790823015 +/- 2.88e-41],[2.185693694905965939551369867825752435281e-5 +/- 3.41e-46]
694,[0.06654862736801563457139279000994529900899 +/- 4.21e-43],[0.4353925285654580339617289874611026174851 +/- 2.23e-41],[0.0002200342993562066204201859287347978833570 +/- 1.16e-44],[3.527817086027966163799931804776391603656e-5 +/- 2.09e-45],[1.204610312391711967328196929046806387608 +/- 2.02e-40],[0.7046103123917119673281969290468063876078 +/- 1.85e-42],[2.063519026424106481567959794978478725774e-5 +/- 8.42e-46]
695,[0.06651334919715535490975479069189753509295 +/- 3.86e-42],[0.4352574936994523835846470254383950691571 +/- 3.05e-41],[0.0002196696653718654335048024171576884214289 +/- 1.75e-44],[3.403466849878413005015907553041095165792e-5 +/- 2.05e-46],[1.164696107477577321887936171913507912159 +/- 2.59e-40],[0.6646961074775773218879361719135079121593 +/- 4.12e-41],[1.942370333788297885112065755721464302347e-5 +/- 3.95e-45]
696,[0.06647931452865657077970463161636712414130 +/- 4.07e-42],[0.4351303587694073346958936659843299029717 +/- 3.12e-41],[0.0002193061687564079951737824756911093704259 +/- 1.42e-45],[3.395499683187637374426605319495929693568e-5 +/- 4.38e-45],[1.164491486903131264262008308472130264829 +/- 5.18e-41],[0.6644914869031312642620083084721302648289 +/- 4.83e-41],[1.937567306104448999539983165523233526056e-5 +/- 2.79e-45]
697,[0.06644535953182469440596036556317216484436 +/- 2.63e-43],[0.4350035103956876229272971383228553323139 +/- 3.75e-41],[0.0002189438043152502582458221796109383326563 +/- 2.71e-44],[3.272578034328275838243307872805870622189e-5 +/- 3.51e-45],[1.124767346418522024144605131059751688261 +/- 2.65e-40],[0.6247673464185220241446051310597516882613 +/- 3.53e-41],[1.817798054829048397641035879103144477239e-5 +/- 2.00e-45]
698,[0.06641263375148141164757793248444410613814 +/- 1.64e-42],[0.4348844769962116643547002043537623418766 +/- 7.31e-42],[0.0002185825668850110473086797261999118216786 +/- 3.63e-44],[3.150502248167944421172959846330705141212e-5 +/- 3.25e-46],[1.085134503907233038385389566768475606882 +/- 1.53e-40],[0.5851345039072330383853895667684756068818 +/- 4.74e-41],[1.698837852268651640157339076999925772951e-5 +/- 4.21e-45]
699,[0.06638112872899973220336620288598079908673 +/- 3.76e-42],[0.4347732090502112016915739809024665848819 +/- 4.81e-41],[0.0002182224513332799130898337822371437880466 +/- 1.73e-44],[3.029179357645667823862040176423452752991e-5 +/- 4.41e-45],[1.045564743161132615216474195064182730584 +/- 2.70e-40],[0.5455647431611326152164741950641827305843 +/- 3.06e-41],[1.580594094294434508525209933123456626686e-5 +/- 8.98e-46]
700,[0.06635083693542327552512758248421656455920 +/- 3.66e-42],[0.4346696630613230215837862122220831654331 +/- 1.03e-41],[0.0002178634525583870453221567015565215508437 +/- 3.36e-44],[3.022470276896307447973705794217656492456e-5 +/- 1.67e-45],[1.045445158967821053775267701118916172983 +/- 2.29e-40],[0.5454451589678210537752677011189161729828 +/- 2.86e-41],[1.576928035407321080166242466442301146988e-5 +/- 4.93e-45]
701,[0.06632061223265431245064784542627438799427 +/- 1.79e-42],[0.4345663347274300972565983328329565556048 +/- 4.01e-41],[0.0002175055654891752229238952597444939075488 +/- 1.57e-44],[3.129416517231665022830469416583779213241e-5 +/- 4.10e-45],[1.084712073180978834169752344298303884171 +/- 3.95e-41],[0.5847120731809788341697523442983038841710 +/- 3.95e-41],[1.686906290506486227568211172295827568529e-5 +/- 4.54e-45]
702,[0.06628931806748199580041954073210855020214 +/- 6.32e-43],[0.4344557760125619799655419454838793399509 +/- 1.94e-41],[0.0002171487850847737805602066549518289329379 +/- 8.98e-45],[3.122414564496404870756759440120504492512e-5 +/- 3.93e-45],[1.084575058986991743772931261816769223289 +/- 8.38e-41],[0.5845750589869917437729312618167692232891 +/- 1.63e-41],[1.682950076251218920679292764140204675294e-5 +/- 2.93e-45]
703,[0.06625809392183703175171197313770734515721 +/- 4.26e-42],[0.4343454526287527128459273429774449147080 +/- 4.45e-41],[0.0002167931063343745708981996616919215863959 +/- 4.27e-44],[3.002567700668755567528740461378124468235e-5 +/- 2.17e-45],[1.045149474216134906240664968676578372766 +/- 7.36e-42],[0.5451494742161349062406649686765783727660 +/- 7.35e-42],[1.566137900557776261236627649286847795033e-5 +/- 4.14e-46]
704,[0.06622806824483034419603668573309356391253 +/- 1.91e-42],[0.4342427644378613526068214686886372099817 +/- 3.80e-42],[0.0002164385242570099021089272545624213606830 +/- 4.00e-44],[2.995956340998376105907267177650374216135e-5 +/- 1.31e-45],[1.045030179955629166009827901291136483429 +/- 2.49e-41],[0.5450301799556291660098279012911364834290 +/- 2.49e-41],[1.562525805468014139440332444924940649874e-5 +/- 2.92e-45]
705,[0.06619810868142036043497761306131706017037 +/- 5.55e-43],[0.4341402909048187746004056512739481612869 +/- 2.68e-41],[0.0002160850339013324304081142444103504704359 +/- 4.70e-44],[3.101656920891831284947589766470272649970e-5 +/- 4.56e-45],[1.084160280445903579666942031708014054303 +/- 1.16e-40],[0.5841602804459035796669420317080140543031 +/- 1.58e-41],[1.671214865028950559176676536384043726865e-5 +/- 1.68e-45]
706,[0.06616709211221144212212813716365235744387 +/- 8.59e-43],[0.4340306656398810834401564257257203730275 +/- 2.92e-41],[0.0002157326303453969876626272541434390239481 +/- 3.40e-44],[2.982877769950674555322273158583547809002e-5 +/- 2.35e-45],[1.044834668297840808058121081542930235101 +/- 5.52e-41],[0.5448346682978408080581210815429302351009 +/- 4.49e-41],[1.555437687583320173016983078164139913788e-5 +/- 1.76e-46]
707,[0.06613726333451193537657491443206652196578 +/- 8.37e-43],[0.4339286128962098292756363844943555323824 +/- 3.58e-41],[0.0002153813086964443243218497417808483057923 +/- 2.78e-44],[2.864753166706545000616799846344539725280e-5 +/- 1.99e-45],[1.005548402890749260405231729388091946186 +/- 4.69e-40],[0.5055484028907492604052317293880919461855 +/- 3.11e-41],[1.440280133647690614764940900350379810495e-5 +/- 1.10e-45]
708,[0.06610861580284486992656874643360307656853 +/- 1.97e-42],[0.4338340953176466223895581774946780860161 +/- 4.49e-41],[0.0002150310640906867481622560766348025278354 +/- 4.13e-44],[2.858537971863568937493731647717029401104e-5 +/- 1.12e-45],[1.005436626830127993760076680657810519410 +/- 4.32e-40],[0.5054366268301279937600766806578105194096 +/- 3.18e-41],[1.436997371698756737501770202835578603598e-5 +/- 9.20e-46]
709,[0.06608003042312623423719380911712590627452 +/- 3.01e-42],[0.4337397728862482521271932800314657507781 +/- 5.03e-42],[0.0002146818916930956395596295108401356629830 +/- 1.57e-44],[2.963489193331931815934672406124297565377e-5 +/- 3.69e-45],[1.044498220677907789481966427048621107280 +/- 3.44e-40],[0.5444982206779077894819664270486211072797 +/- 4.37e-41],[1.544870599894526711336056178819840760902e-5 +/- 3.80e-45]
710,[0.06605039553119291491903446239306466329886 +/- 3.22e-42],[0.4336383480379210016247463304917917967158 +/- 3.16e-41],[0.0002143337866971908242265821929379099469616 +/- 3.36e-44],[3.067839620905735034753615742251903776217e-5 +/- 3.81e-45],[1.083519163657105135449027836199271574895 +/- 1.91e-40],[0.5835191636571051354490278361992715748952 +/- 9.87e-42],[1.652156482200956209567946811410132020762e-5 +/- 4.96e-45]
711,[0.06601971713498385756868692623564214426110 +/- 1.05e-42],[0.4335298563337071043447418294531883582332 +/- 4.02e-41],[0.0002139867443248317845733533948987223767366 +/- 1.94e-44],[3.061066433062102716065781947481445946398e-5 +/- 3.97e-45],[1.083383529611246691375207471458622916665 +/- 1.76e-40],[0.5833835296112466913752074714586229166648 +/- 2.42e-41],[1.648331999965952045298994355944639551052e-5 +/- 3.94e-45]
712,[0.06598910647065323654152626841616732980164 +/- 2.95e-42],[0.4334215926037106053925412231933381462436 +/- 1.36e-41],[0.0002136407598260106910673264544099287223574 +/- 3.79e-44],[3.054318020663002197248808989129304391726e-5 +/- 1.84e-45],[1.083248003236559170724168521218911999075 +/- 1.70e-40],[0.5832480032365591707241685212189119990752 +/- 3.01e-41],[1.644521736000014585321021918302439695336e-5 +/- 4.75e-45]
713,[0.06595856329044660651955378032627603675772 +/- 2.00e-43],[0.4333135560538094097964302815840795766904 +/- 1.30e-41],[0.0002132958284786472351813565009955629315236 +/- 4.83e-44],[2.937927852745389986962392984584684008208e-5 +/- 1.69e-45],[1.044137230987568607267940460508107728574 +/- 4.60e-40],[0.5441372309875686072679404605081077285745 +/- 4.07e-41],[1.531059212515680248673872370585651165453e-5 +/- 3.78e-45]
714,[0.06592918401191915261968415639643018991764 +/- 2.29e-42],[0.4332129519448708863533630906126495341012 +/- 2.20e-41],[0.0002129519455883852457328801243366507524475 +/- 1.34e-44],[2.822183697660338830981008546981690360329e-5 +/- 2.61e-45],[1.005069213626657799312224576702902006422 +/- 4.87e-40],[0.5050692136266577993122245767029020064215 +/- 1.37e-41],[1.418208897021054244087517696911841396393e-5 +/- 1.83e-45]
715,[0.06590096217494254923137434631096037301403 +/- 4.43e-42],[0.4331197432491130383689093844501063763822 +/- 1.09e-41],[0.0002126091064883910706249244099789208084230 +/- 1.71e-44],[2.925165553036015421168278756402354638064e-5 +/- 2.90e-45],[1.043871010846798646711951301453129336893 +/- 1.88e-40],[0.5438710108467986467119513014531293368928 +/- 1.30e-41],[1.524051084562036174640646193165811855182e-5 +/- 4.83e-45]
716,[0.06587171051941218907716266352339634946765 +/- 3.79e-42],[0.4330195570052328351790168950462226330223 +/- 2.26e-41],[0.0002122673065391537062065852434504396000544 +/- 4.13e-44],[2.918836841101889540030818623076226581048e-5 +/- 3.33e-45],[1.043753087738656628502748490095075892773 +/- 3.01e-41],[0.5437530877386566285027484900950758927730 +/- 3.01e-41],[1.520595784193643246062785148419183449634e-5 +/- 4.99e-45]
717,[0.06584252215100117018176235533716558720184 +/- 3.31e-42],[0.4329195766791931426012388643280753624288 +/- 8.91e-43],[0.0002119265411282866566743418893017283237732 +/- 4.38e-44],[2.804292013095503588495358519572333133755e-5 +/- 4.23e-45],[1.004850448886095585584930631777657116379 +/- 4.72e-40],[0.5048504488860955855849306317776571163795 +/- 2.85e-41],[1.408914215233076116762210998670270876154e-5 +/- 2.07e-45]
718,[0.06581447923087021514587740175196986387051 +/- 4.24e-42],[0.4328269198645743447506354567131339522275 +/- 2.43e-41],[0.0002115868056703315061367544064231694983678 +/- 3.17e-44],[2.690363085574400116527237420169443876377e-5 +/- 4.45e-47],[0.9659860805531225601415801898040517199936 +/- 4.38e-41],[0.4659860805531225601415801898040517199936 +/- 4.38e-41],[1.297815542842779598445819279274605110653e-5 +/- 1.26e-46]
719,[0.06578757560001447114471212937776816943174 +/- 2.00e-42],[0.4327415513574871919161697594928966924248 +/- 3.92e-41],[0.0002112480956065631861636896941712922409391 +/- 1.09e-44],[2.792324219698116511862567514298884146274e-5 +/- 1.18e-45],[1.004613854156326017853345253752008766484 +/- 2.89e-40],[0.5046138541563260178533452537520087664843 +/- 1.14e-41],[1.402574213690530465094338109466298764270e-5 +/- 7.89e-46]
720,[0.06575965235781748997959350370262518059028 +/- 7.51e-43],[0.4326492724765336165466637708008699905254 +/- 4.22e-41],[0.0002109104064047969218372775236509370236407 +/- 5.55e-45],[2.786371631658948768365309353606671802327e-5 +/- 4.50e-45],[1.004503668289212784530820284453381691272 +/- 1.39e-40],[0.5045036682892127845308202844533816912721 +/- 3.82e-41],[1.399432131276403874262210684919580471109e-5 +/- 4.25e-45]
721,[0.06573178864150090049190985060908911387226 +/- 4.02e-42],[0.4325571808980031006267423321881022853244 +/- 7.63e-42],[0.0002105737335591968395153458724331389782172 +/- 2.55e-45],[2.673446770215336857754670581668689254005e-5 +/- 2.55e-45],[0.9657437323752289000370733352621751116195 +/- 1.41e-41],[0.4657437323752289000370733352621751116195 +/- 1.41e-41],[1.289307955438851677408569853968416384738e-5 +/- 2.58e-45]
722,[0.06570505417379874712333230390327242697972 +/- 4.07e-42],[0.4324723183242583702915124115637858736868 +/- 2.33e-41],[0.0002102380725900862197091607653645837863823 +/- 1.40e-45],[2.667788918152918619636906704960177443837e-5 +/- 2.27e-46],[0.9656312774678405378306245766002305480818 +/- 4.09e-41],[0.4656312774678405378306245766002305480818 +/- 4.09e-41],[1.286418523260253765194161919850285910739e-5 +/- 1.33e-45]
723,[0.06567837628461721793713593483622282520528 +/- 2.44e-42],[0.4323876281285624961517338323933571704292 +/- 4.72e-41],[0.0002099034190437593786659345936115608361936 +/- 2.04e-44],[2.555656128383246625274425133046130686374e-5 +/- 3.33e-45],[0.9268949197497063485661963495184965741211 +/- 2.92e-41],[0.4268949197497063485661963495184965741211 +/- 2.92e-41],[1.177044554444875016346898829539367728921e-5 +/- 1.90e-45]
724,[0.06565281972333338547088319058489236389841 +/- 3.84e-42],[0.4323101222000568652147944999898479965415 +/- 3.64e-41],[0.0002095697684922951624328029610110406471914 +/- 3.78e-44],[2.550258198188487960877169651840160188926e-5 +/- 4.33e-45],[0.9267703684975313383615023159253969504732 +/- 2.09e-41],[0.4267703684975313383615023159253969504732 +/- 2.09e-41],[1.174373575159951227911419655704629864839e-5 +/- 9.90e-46]
725,[0.06562731714135150059127441888837396229652 +/- 4.58e-42],[0.4322327759405275770471341527471695843390 +/- 2.53e-41],[0.0002092371165333720373628373803204847871361 +/- 3.11e-45],[2.544879398831448008305145823012347400797e-5 +/- 5.19e-46],[0.9266459530428989956468761623348879137364 +/- 2.75e-41],[0.4266459530428989956468761623348879137364 +/- 2.75e-41],[1.171712338383695190672119342493981408110e-5 +/- 4.07e-45]
726,[0.06560186834736318611119136743014383882252 +/- 3.40e-42],[0.4321555888042066779696867406838200894877 +/- 4.42e-42],[0.0002089054587900847612051929770124930285883 +/- 2.61e-45],[2.539519635506158163811079231958182827141e-5 +/- 4.56e-45],[0.9265216730825425436830166756661711420897 +/- 4.93e-41],[0.4265216730825425436830166756661711420897 +/- 4.93e-41],[1.169060795046893566337217023830510737993e-5 +/- 1.32e-45]
727,[0.06557647315100812452955325663782425699425 +/- 4.81e-42],[0.4320785602479433693291874729642926333004 +/- 2.58e-41],[0.0002085747909107626191007196044171601021768 +/- 4.89e-44],[2.639918525781393007271845185109065049134e-5 +/- 4.38e-45],[0.9650518675774788754569568683218166182960 +/- 1.49e-41],[0.4650518675774788754569568683218166182960 +/- 1.49e-41],[1.272158608167717177227285413238422437295e-5 +/- 3.88e-45]
728,[0.06555007396575031059948053818597316634375 +/- 3.87e-42],[0.4319947211658545678929680728926341705798 +/- 4.25e-41],[0.0002082451085687892089813237741218705288342 +/- 6.96e-45],[2.634379383130381024768772199003123469894e-5 +/- 2.64e-45],[0.9649400406093633460291763047147825633253 +/- 3.97e-41],[0.4649400406093633460291763047147825633253 +/- 3.97e-41],[1.269331156161397379621896830192472434389e-5 +/- 1.31e-45]
729,[0.06552373017191900678923285046398313510905 +/- 4.93e-42],[0.4319110509974616752617965742309644555923 +/- 4.30e-41],[0.0002079164074624237610460894042273711387997 +/- 7.78e-45],[2.628859752050466428495509597203307189833e-5 +/- 3.13e-45],[0.9648283277124151172247259098403898686047 +/- 1.57e-42],[0.4648283277124151172247259098403898686047 +/- 1.57e-42],[1.266513893962204235446128202395305681477e-5 +/- 2.69e-46]
730,[0.06549744157439850212494789536801110203716 +/- 3.41e-42],[0.4318275491724016456173974203861139465852 +/- 4.27e-41],[0.0002075886833146239761596789400959426258598 +/- 3.29e-44],[2.728193914286286155297660786886677891829e-5 +/- 2.38e-45],[1.003268622375284246716526384496943005902 +/- 4.89e-40],[0.5032686223752842467165263844969430059015 +/- 1.15e-41],[1.368541148595696448326245422920811779486e-5 +/- 3.43e-45]
731,[0.06547015963525563926339491876014223525824 +/- 1.70e-42],[0.4317373019106964367939674436310740236286 +/- 3.76e-41],[0.0002072619318728703681888737807093249720798 +/- 9.95e-45],[2.617957364888733101311321561166651814037e-5 +/- 3.69e-45],[0.9646496967711339991924619342454137454513 +/- 4.89e-41],[0.4646496967711339991924619342454137454513 +/- 4.89e-41],[1.261010188285902919453263494198276794926e-5 +/- 1.12e-46]
732,[0.06544398006160675193238180554453056874010 +/- 2.07e-42],[0.4316541284464184083637801254914396932332 +/- 2.58e-41],[0.0002069361489089920954613045481587572102733 +/- 3.60e-44],[2.612495651130679740011125578713418414252e-5 +/- 4.70e-45],[0.9645383820194494547891289116226592373782 +/- 2.17e-41],[0.4645383820194494547891289116226592373782 +/- 2.17e-41],[1.258223130808103289290485232527273145971e-5 +/- 5.55e-46]
733,[0.06541785510509544513498169428874343455596 +/- 4.59e-42],[0.4315711216332241579169056730008642020803 +/- 2.35e-41],[0.0002066113302189942666964975018804404618321 +/- 4.86e-44],[2.711063490366050839606158947359295138214e-5 +/- 3.28e-45],[1.002903757402051294912263068966431377640 +/- 4.65e-40],[0.5029037574020512949122630689664313776395 +/- 3.51e-41],[1.359456484032331349218288956458808281178e-5 +/- 2.11e-46]
734,[0.06539074447019178462658563269926984160457 +/- 3.28e-42],[0.4314814177743851990824768381114772847284 +/- 3.80e-41],[0.0002062874716228867069233527988374138811987 +/- 4.34e-45],[2.601704000088328210790206038818073273695e-5 +/- 2.35e-45],[0.9643590362472343292431107948769823089129 +/- 4.38e-41],[0.4643590362472343292431107948769823089129 +/- 4.38e-41],[1.252774865658915848600282801478435973397e-5 +/- 1.68e-45]
735,[0.06536472743019090134447773063888166087184 +/- 3.68e-42],[0.4313987362556050230490374110288028160607 +/- 5.90e-43],[0.0002059645689645141690601023614128415143903 +/- 2.60e-44],[2.596299269189590777302186686129306907988e-5 +/- 2.35e-45],[0.9642480817991461449590276247507636298895 +/- 8.14e-42],[0.4642480817991461449590276247507636298895 +/- 8.14e-42],[1.250017478125368285690523469134431377762e-5 +/- 3.41e-45]
736,[0.06533876443749900543670470877202036780276 +/- 3.56e-42],[0.4313162197253496360955964238527300292424 +/- 1.21e-41],[0.0002056426181113879769926984189536564569495 +/- 7.1e-47],[2.590913389936037088482274785228006188229e-5 +/- 8.93e-46],[0.9641372396501092702647629516397754046464 +/- 3.34e-41],[0.4641372396501092702647629516397754046464 +/- 3.34e-41],[1.247269931626982524452707737637603750971e-5 +/- 9.05e-46]
737,[0.06531285530359964506581988602416808774087 +/- 4.16e-42],[0.4312338676318611147303040402708819889527 +/- 3.03e-41],[0.0002053216149545190861454864838255089305555 +/- 5.48e-45],[2.482592810057817229173112252161969348445e-5 +/- 3.77e-45],[0.9256400895953342221275671802029480490150 +/- 4.38e-41],[0.4256400895953342221275671802029480490150 +/- 4.38e-41],[1.141578717235226619904552390496569631992e-5 +/- 4.69e-45]
738,[0.06528802937549906689352815490164646804739 +/- 2.99e-43],[0.4311584784146613056921684121651572458165 +/- 2.29e-41],[0.0002050015554082525476939463273712767217907 +/- 3.96e-45],[2.477453503441194747973456270179924776282e-5 +/- 8.59e-46],[0.9255178524456429477895623322888795193581 +/- 7.94e-42],[0.4255178524456429477895623322888795193581 +/- 7.94e-42],[1.139038746289495553904756984883899591664e-5 +/- 1.19e-45]
739,[0.06526325484046465494604842033894466879963 +/- 3.12e-42],[0.4310832415120338511795665108935077051147 +/- 4.68e-41],[0.0002046824354101033627232687329797817564126 +/- 2.98e-44],[2.574932561313996771298251776221156779908e-5 +/- 3.38e-45],[0.9637991931115964232959801662447374261363 +/- 1.19e-42],[0.4637991931115964232959801662447374261363 +/- 1.19e-42],[1.239108366960344533485033318518898213267e-5 +/- 1.42e-45]
740,[0.06523750551485151497833543782118245723183 +/- 2.20e-42],[0.4310013779568008679108243531009487256478 +/- 3.89e-41],[0.0002043642509205937127886013060176277261525 +/- 1.78e-44],[2.569621050578208994819996156494231607615e-5 +/- 4.07e-45],[0.9636887995104640403601075972190857799712 +/- 4.27e-41],[0.4636887995104640403601075972190857799712 +/- 4.27e-41],[1.236399655931135881330466421312121281579e-5 +/- 3.80e-45]
741,[0.06521180930434573288838723785961751491575 +/- 1.66e-42],[0.4309196766598057797849586516659885590320 +/- 4.58e-41],[0.0002040469979230915534829698897172722481918 +/- 2.47e-44],[2.666429344796359315965905854263136652807e-5 +/- 4.52e-45],[1.001944406560166613487771742348499226187 +/- 8.32e-41],[0.5019444065601666134877717423484992261869 +/- 1.70e-41],[1.335801953027871695783581391540350708058e-5 +/- 3.73e-45]
742,[0.06518514501089776929522757880107488354922 +/- 3.59e-42],[0.4308313888435331170601520869447469771537 +/- 5.38e-42],[0.0002037306724236505577671892476400402415764 +/- 4.20e-44],[2.762675759340107716103224119538055263437e-5 +/- 3.35e-45],[1.040147349634406611848869095712211233307 +/- 4.23e-40],[0.5401473496344066118488690957122112333066 +/- 2.25e-41],[1.434654416829770425721260678310636870617e-5 +/- 9.53e-46]
743,[0.06515751825330436821806654655987950299659 +/- 7.83e-43],[0.4307365482007443827928438049580016430919 +/- 5.69e-42],[0.0002034152704508513959625433083612173790450 +/- 4.06e-45],[2.858299674206898809352200671447732114200e-5 +/- 5.19e-46],[1.078275350597453842895016293793840464030 +/- 2.47e-40],[0.5782753505974538428950162937938404640298 +/- 4.65e-41],[1.532896254466679357830741031318089766913e-5 +/- 4.07e-45]
744,[0.06512893525656229922997302455316502567545 +/- 2.79e-42],[0.4306351924713776264618431459577199411199 +/- 7.63e-42],[0.0002031007880556443394516667202782515839420 +/- 3.39e-44],[2.852280356824926974978512300777021285194e-5 +/- 3.28e-45],[1.078143648019482866721349673397784973080 +/- 1.33e-40],[0.5781436480194828667213496733977849730801 +/- 3.24e-41],[1.529506549241642802354403136676090873967e-5 +/- 1.15e-45]
745,[0.06510041245299404996022323943015725546260 +/- 4.72e-42],[0.4305340403266309978704190392693335568476 +/- 2.25e-41],[0.0002027872213111931752759206464143127787038 +/- 3.89e-46],[2.745791444667996140694374804685184678024e-5 +/- 2.88e-45],[1.039951839367609137926582404344217763918 +/- 3.39e-40],[0.5399518393676091379265824043442177639183 +/- 3.88e-41],[1.425638269912470082295561223409364408759e-5 +/- 3.2e-48]
746,[0.06507295453854736999881629568211040361582 +/- 4.96e-42],[0.4304397382670247957216256601883157990198 +/- 1.84e-41],[0.0002024745663127204189586511782903206884953 +/- 4.34e-44],[2.639973602090935172355150945161694731672e-5 +/- 1.46e-45],[1.001840502746577912328193469646154699979 +/- 4.30e-40],[0.5018405027465779123281934696461546999794 +/- 3.00e-41],[1.322411777202960110642796426761257026738e-5 +/- 3.96e-45]
747,[0.06504655480252646064709274417265878666850 +/- 1.68e-42],[0.4303522466418291745192557598384133144065 +/- 4.13e-41],[0.0002021628191773538130230726330421871593467 +/- 3.40e-44],[2.634556713669337155318407627359452536299e-5 +/- 4.44e-45],[1.001732979508569539285806629243684491649 +/- 2.79e-40],[0.5017329795085695392858066292436844916487 +/- 2.20e-41],[1.319557224004037942843291783843044690961e-5 +/- 1.49e-45]
748,[0.06502020923538976727553956009638519214314 +/- 4.67e-42],[0.4302649262227918539689676306123169210251 +/- 3.47e-42],[0.0002018519760439740988111541248321618326278 +/- 7.21e-45],[2.629158451024734722912557371869113247103e-5 +/- 2.29e-45],[1.001625555785061641233004018387068625389 +/- 3.61e-40],[0.5016255557850616412330040183870686253886 +/- 3.92e-41],[1.316712679329126846873883143395662841313e-5 +/- 4.18e-45]
749,[0.06499391765087951992831043452266650101066 +/- 4.31e-42],[0.4301777764473841829730278890173293567513 +/- 3.81e-41],[0.0002015420330730640493458296192273009450748 +/- 3.80e-44],[2.524691645884180888872433968653304628445e-5 +/- 1.13e-45],[0.9636958666632800001603629204963213333825 +/- 4.97e-42],[0.4636958666632800001603629204963213333825 +/- 4.97e-42],[1.214791015810024739788599252728868671672e-5 +/- 1.72e-45]
750,[0.06496867073442067811942171018297996796438 +/- 1.54e-43],[0.4300973563928312055828135544698844380893 +/- 2.67e-42],[0.0002012329864465587511131222855160359276949 +/- 3.42e-44],[2.519555648152491546591100589893096418298e-5 +/- 1.88e-45],[0.9635867189904870526301846945549618687792 +/- 3.74e-41],[0.4635867189904870526301846945549618687792 +/- 3.74e-41],[1.212171684417430096315235531558484757607e-5 +/- 2.32e-45]
751,[0.06494347517793915320395579917708103700020 +/- 3.14e-42],[0.4300170935884101053549865018431465629056 +/- 9.18e-42],[0.0002009248323676971227733961094838116876886 +/- 4.11e-44],[2.612942845420974409422574701607713346191e-5 +/- 5.84e-47],[1.001222902976020708648924853610111423576 +/- 2.23e-40],[0.5012229029760207086489248536101114235758 +/- 2.23e-41],[1.308067159070662066466497076780812542274e-5 +/- 3.86e-45]
752,[0.06491734574948494345986157343006495986673 +/- 4.96e-42],[0.4299304637495246738862661162136555065939 +/- 4.56e-41],[0.0002006175670608746589419438308227556632419 +/- 1.84e-44],[2.607618462227071274615851934404461679737e-5 +/- 4.03e-45],[1.001115850571110933363629434514839565233 +/- 3.03e-40],[0.5011158505711109333636294345148395652333 +/- 2.42e-42],[1.305262465795943060419238537432954785912e-5 +/- 2.05e-45]
753,[0.06489126956486267274711541491072091524994 +/- 2.42e-42],[0.4298440023123963613425892601640064150811 +/- 3.03e-41],[0.0002003111867714973873085124037526826624795 +/- 4.35e-44],[2.504508638164990190089878831499017428022e-5 +/- 1.23e-45],[0.9633876247790775381511083482054448706456 +/- 1.07e-41],[0.4633876247790775381511083482054448706456 +/- 1.07e-41],[1.204663916400311106737028088108684815849e-5 +/- 5.68e-46]
754,[0.06486622447848102284521451612240592507566 +/- 2.65e-42],[0.4297641886012190293862588235419010712493 +/- 4.76e-41],[0.0002000056877658370274931770964399543464401 +/- 3.90e-44],[2.596967161114568368372516210898699534607e-5 +/- 2.55e-45],[1.000864983814056910767525972586525811801 +/- 2.75e-40],[0.5008649838140569107675259725865258118013 +/- 2.52e-41],[1.299605777155391345380026989253489326964e-5 +/- 1.29e-45]
755,[0.06484025480686987716153079096029693808031 +/- 1.30e-42],[0.4296780673945140073412322239685791372461 +/- 3.23e-42],[0.0001997010663308873401622244708161998630182 +/- 2.33e-44],[2.494505345236204388107121742278324138568e-5 +/- 1.55e-45],[0.9632285499205276071223040193702518132427 +/- 1.27e-41],[0.4632285499205276071223040193702518132427 +/- 1.27e-41],[1.199638542626368584013840087245108015263e-5 +/- 3.69e-46]
756,[0.06481530975341751511764971974287415483893 +/- 4.40e-42],[0.4295985548555441344873552745200266030318 +/- 2.67e-41],[0.0001993973187742216550524139275944250918388 +/- 4.18e-44],[2.489472588661766802388101103391484196513e-5 +/- 2.58e-45],[0.9631200808845707267576900934664709207723 +/- 4.18e-41],[0.4631200808845707267576900934664709207723 +/- 4.18e-41],[1.197072690626555778517142704093394005849e-5 +/- 7.82e-46]
757,[0.06479041502753089744962583873184023999696 +/- 4.77e-43],[0.4295191965584748026432783552135978535032 +/- 4.69e-41],[0.0001990944414238515666751780567456751981623 +/- 2.81e-44],[2.581104956050877626995551685514119182415e-5 +/- 2.95e-45],[1.000473920126787917768398378202614939436 +/- 4.09e-40],[0.5004739201267879177683983782026149394364 +/- 8.05e-42],[1.291163807098299371703996432222588909545e-5 +/- 4.65e-45]
758,[0.06476460397797038867335588321498509880514 +/- 3.68e-42],[0.4294335835744361081858759499264332663036 +/- 4.31e-41],[0.0001987924306280867865940141884937606464419 +/- 1.36e-44],[2.479573994285493676329830690424296507902e-5 +/- 1.12e-46],[0.9629628194112288803470541991875389408423 +/- 1.92e-41],[0.4629628194112288803470541991875389408423 +/- 1.92e-41],[1.192102689940874473332008472502710130850e-5 +/- 5.53e-46]
759,[0.06473980823802753373659258490808085584006 +/- 2.71e-42],[0.4293545233028508482755620281868343403740 +/- 1.82e-41],[0.0001984912827553961412885334779997987597435 +/- 4.45e-44],[2.570642927259400153532795204108216725349e-5 +/- 4.24e-45],[1.000227781189623979462567131362619404372 +/- 4.44e-40],[0.5002277811896239794625671313626194043724 +/- 4.33e-41],[1.285614169008955388188782907865588897619e-5 +/- 3.55e-45]
760,[0.06471410180875493973505725695603977367280 +/- 3.82e-42],[0.4292692444211971129009865990795847837852 +/- 4.00e-42],[0.0001981909941942697047373894641438857289350 +/- 3.05e-45],[2.565461893683420454152675718253979612075e-5 +/- 1.52e-45],[1.000121419198610721836614556026852726434 +/- 1.83e-40],[0.5001214191986107218366145560268527264342 +/- 1.76e-41],[1.282886676096787568229347917333077611139e-5 +/- 4.20e-45]
761,[0.06468844718981810553051573019885723387668 +/- 3.07e-42],[0.4291841295938412324345950093056654434108 +/- 3.44e-41],[0.0001978915613530820549696249115725678320786 +/- 2.68e-44],[2.655702908751301771920546951620001310347e-5 +/- 3.41e-45],[1.037278777099013893635623308111433631266 +/- 1.91e-41],[0.5372787770990138936356233081114336312660 +/- 1.91e-41],[1.375573127161351964313394405879595632833e-5 +/- 3.83e-45]
762,[0.06466189016073059251279652472934103386358 +/- 4.08e-43],[0.4290928472962884176080058580030171344759 +/- 3.84e-41],[0.0001975929806599566439498731791850059810103 +/- 1.57e-44],[2.745313938044496943450301882062821298212e-5 +/- 3.10e-45],[1.074340904210890869770864048665104156698 +/- 2.78e-40],[0.5743409042108908697708640486651041566977 +/- 2.22e-41],[1.467640376847948866080277792448307036644e-5 +/- 4.23e-45]
763,[0.06463443702135014754336202171052040565060 +/- 2.54e-42],[0.4289954362175057036513659350935803647128 +/- 9.61e-43],[0.0001972952485626312702773473771353882208530 +/- 1.41e-44],[2.645113386407039050704810912009430768761e-5 +/- 1.45e-45],[1.037131204094258497952054230265131372656 +/- 3.56e-40],[0.5371312040942584979520542302651313726556 +/- 4.44e-41],[1.369906654623737644766046608543274784708e-5 +/- 4.43e-45]
764,[0.06460798588748607715285497360140031134291 +/- 1.40e-43],[0.4289044940355902035496357321212841468529 +/- 3.06e-41],[0.0001969983615283246442916659183799909692801 +/- 4.02e-44],[2.639763622419709930491799137596563807796e-5 +/- 2.80e-45],[1.037017839737437085676097815076393132875 +/- 4.38e-40],[0.5370178397374370856760978150763931328746 +/- 3.77e-41],[1.366996886271722053307896180049774934130e-5 +/- 9.06e-46]
765,[0.06458158825126188005355005561002434570483 +/- 1.91e-42],[0.4288137271396894862631407403266399660364 +/- 3.44e-43],[0.0001967023160436040352903152048972854704118 +/- 1.11e-44],[2.634431916380293526337013770323312420539e-5 +/- 3.04e-45],[1.036904570333639171929906850522697241141 +/- 3.56e-40],[0.5369045703336391719299068505226972411414 +/- 4.41e-41],[1.364097118100531568111000890503452733065e-5 +/- 1.18e-45]
766,[0.06455524393209807711828668547232111258063 +/- 3.50e-42],[0.4287231349651042485045729774460201823882 +/- 2.22e-41],[0.0001964071086142539906729573074106202096040 +/- 2.40e-44],[2.535546174856678232442675965644431808292e-5 +/- 2.36e-45],[0.9998913226214179642054952017981084844761 +/- 4.10e-41],[0.4998913226214179642054952017981084844761 +/- 4.10e-41],[1.267635294197553442110564177090431516653e-5 +/- 1.44e-45]
767,[0.06452988847034951033596225871266466826254 +/- 3.60e-42],[0.4286389324579977030292735149329989571455 +/- 3.93e-41],[0.0001961127357651461169368705288623275670316 +/- 1.41e-44],[2.437220211678741169062533345024134107256e-5 +/- 4.28e-45],[0.9629374176165188831167793336837810437232 +/- 2.09e-41],[0.4629374176165188831167793336837810437232 +/- 2.09e-41],[1.171706915024740922327174630261635664669e-5 +/- 4.31e-45]
768,[0.06450551626823272292427163337921442692147 +/- 1.03e-42],[0.4285610867142747079724769139766165409953 +/- 4.15e-41],[0.0001958191940401099125555813520493580545441 +/- 4.22e-44],[2.432382981034296628381523673697766066454e-5 +/- 1.11e-45],[0.9628305156294488568736801346992570052922 +/- 3.91e-41],[0.4628305156294488568736801346992570052922 +/- 3.91e-41],[1.169241160355643605948759759663687970939e-5 +/- 4.28e-45]
769,[0.06448119243842237995798781814247744926081 +/- 3.52e-42],[0.4284833895755161720934610964708347466379 +/- 4.92e-41],[0.0001955264800018046428792248688328565318774 +/- 2.91e-44],[2.520328500712618221715591467351109272562e-5 +/- 2.29e-45],[0.9995131514067984127597438942066279431931 +/- 4.53e-42],[0.4995131514067984127597438942066279431931 +/- 4.53e-42],[1.259550442332247198597008130476209808777e-5 +/- 2.09e-45]
770,[0.06445598915341525377577066222780393816808 +/- 8.70e-43],[0.4283996749343872789942054977948745322370 +/- 1.54e-41],[0.0001952345902315922473003745264489494442401 +/- 2.95e-44],[2.422840783953510211579013208916820428862e-5 +/- 4.03e-45],[0.9626642348793572992062916540751561398061 +/- 1.38e-42],[0.4626642348793572992062916540751561398061 +/- 1.38e-42],[1.164436920919612056512359135033272535553e-5 +/- 1.92e-46]
771,[0.06443176074557571867365487209571476996379 +/- 2.26e-42],[0.4283222667965778271222829769182945102498 +/- 3.86e-43],[0.0001949435213294112690330278101459456452959 +/- 1.11e-44],[2.325838596197972618588552135809554178813e-5 +/- 2.91e-45],[0.9258502992707514773244887014728532507750 +/- 4.68e-41],[0.4258502992707514773244887014728532507750 +/- 4.68e-41],[1.069783163678306234230526706780273915807e-5 +/- 3.43e-45]
772,[0.06440850235961373894746898657435667442200 +/- 4.13e-42],[0.4282511370793060902777646630359603511994 +/- 4.93e-41],[0.0001946532699136517979551389692813977665861 +/- 2.37e-44],[2.321244980865116660291861656881592984535e-5 +/- 1.80e-45],[0.9257337074647016749383819303715386996878 +/- 2.03e-41],[0.4257337074647016749383819303715386996878 +/- 2.03e-41],[1.067512421411119475502225568403642084204e-5 +/- 2.90e-45]
773,[0.06438528990980508778086606795778785849216 +/- 1.23e-42],[0.4281801445244039183309367417598592636415 +/- 1.50e-41],[0.0001943638326210314170665695028048460892112 +/- 6.75e-45],[2.408480033585172796851846664479414188132e-5 +/- 3.97e-45],[0.9623010172591281723564513979423409157733 +/- 2.12e-41],[0.4623010172591281723564513979423409157733 +/- 2.12e-41],[1.157062862456578890340480880214384139340e-5 +/- 3.98e-45]
774,[0.06436120510946923605289754949114306435028 +/- 2.56e-42],[0.4281031816564850043391834226527532611989 +/- 2.83e-41],[0.0001940752061064721432145980282723592755863 +/- 2.91e-44],[2.403738472733946636043460722068334658446e-5 +/- 3.51e-45],[0.9621947779274950131175790051122226379504 +/- 4.45e-41],[0.4621947779274950131175790051122226379504 +/- 4.45e-41],[1.154647058045829637492636153744470435835e-5 +/- 4.92e-45]
775,[0.06433716772474189658653711488392238100369 +/- 2.99e-42],[0.4280263645692407572586703805674255211278 +/- 9.20e-42],[0.0001937873870429783528382093103590396279631 +/- 2.49e-44],[2.399012595583809088439133773709935555035e-5 +/- 2.90e-45],[0.9620886413429142654322570984207807146321 +/- 2.72e-41],[0.4620886413429142654322570984207807146321 +/- 2.72e-41],[1.152239433271451800037708153557167061030e-5 +/- 1.99e-45]
776,[0.06431317759878605849565272354618528164814 +/- 2.64e-42],[0.4279496927999531801115866939539656089321 +/- 3.56e-41],[0.0001935003721215156835802833337493726762571 +/- 1.23e-44],[2.394302329549995369582815837340346536244e-5 +/- 4.25e-45],[0.9619826072990356224186576783418185844300 +/- 4.38e-41],[0.4619826072990356224186576783418185844300 +/- 4.38e-41],[1.149839949781772488936894301438721215648e-5 +/- 1.11e-45]
777,[0.06428923457549055854195689538781187818278 +/- 1.99e-43],[0.4278731658879707569312633300458036224094 +/- 3.74e-41],[0.0001932141580508909027135448577397044485697 +/- 3.94e-44],[2.480312859083812715126825462802299480612e-5 +/- 4.88e-45],[0.9983878042756073587888186339972653159468 +/- 2.25e-41],[0.4983878042756073587888186339972653159468 +/- 2.25e-41],[1.238153826059849426332479105732594893893e-5 +/- 4.18e-46]
778,[0.06426443144689972041480562713318385518797 +/- 4.08e-42],[0.4277907453738213013479373699487689190656 +/- 2.46e-41],[0.0001929287415576327334217271488517061493790 +/- 2.84e-44],[2.385067661517053558044984008894975006597e-5 +/- 4.53e-45],[0.9618406047710069823568153735379749463895 +/- 5.34e-42],[0.4618406047710069823568153735379749463895 +/- 5.34e-42],[1.145222072920341359804150176790825005877e-5 +/- 4.90e-45]
779,[0.06424058077028454987922517729309490543791 +/- 1.91e-42],[0.4277144963617065150648324302242550228738 +/- 4.62e-41],[0.0001926441193858736300718655962310422974772 +/- 1.41e-44],[2.290303732461528033428025958003214718970e-5 +/- 4.94e-45],[0.9253326157333922835109193449727130692808 +/- 3.98e-43],[0.4253326157333922835109193449727130692808 +/- 3.98e-43],[1.052746721328672574373078586368746395965e-5 +/- 1.39e-45]
780,[0.06421767773295993459889089703351487329072 +/- 1.61e-42],[0.4276443908633034059255496513021835849750 +/- 3.67e-41],[0.0001923602882972324937069824990724739978254 +/- 1.89e-44],[2.285828361717732292969273543318230248788e-5 +/- 7.02e-46],[0.9252170036636649927379229490610744658978 +/- 3.28e-41],[0.4252170036636649927379229490610744658978 +/- 3.28e-41],[1.050535261468638232514987408101295838315e-5 +/- 3.35e-45]
781,[0.06419481944934275727596120429808169098823 +/- 5.14e-43],[0.4275744191727377224378540052299007633525 +/- 2.23e-41],[0.0001920772450706983190806680891231567274485 +/- 2.47e-44],[2.191720347308473246264537165975717322401e-5 +/- 1.47e-46],[0.8887492434470546745764083085783652078252 +/- 3.36e-41],[0.3887492434470546745764083085783652078252 +/- 3.36e-41],[9.586839405444092755619526800479470562990e-6 +/- 1.70e-46]
782,[0.06417290224586967254349855892642193381501 +/- 3.50e-42],[0.4275105530411977181169704727914643767849 +/- 3.37e-41],[0.0001917949865025147646462192180260781130117 +/- 1.09e-45],[2.276916246335438347041351977429810660422e-5 +/- 1.21e-45],[0.9249710254951730852794267868621793654183 +/- 1.39e-41],[0.4249710254951730852794267868621793654183 +/- 1.39e-41],[1.046112154328061019836059809324152698680e-5 +/- 4.26e-45]
783,[0.06415013308340631816002814540664763570840 +/- 2.29e-42],[0.4274408492002059513139293452857605473501 +/- 4.45e-41],[0.0001915135094060656370030802959128477323574 +/- 3.89e-44],[2.272484750436994068958252430763267938442e-5 +/- 4.07e-45],[0.9248557598049453733455174849872503465019 +/- 2.08e-41],[0.4248557598049453733455174849872503465019 +/- 2.08e-41],[1.043923038870064237163934853582140736047e-5 +/- 1.89e-45]
784,[0.06412740823590194821933856288234000302902 +/- 2.15e-42],[0.4273712778990379786585739735522715899090 +/- 3.65e-41],[0.0001912328106117612813923550079797632798191 +/- 3.85e-44],[2.268067743947225855221406861086562334298e-5 +/- 4.79e-45],[0.9247406110016973777009189501980614486479 +/- 3.84e-41],[0.4247406110016973777009189501980614486479 +/- 3.84e-41],[1.041741292527292067498942308633697062232e-5 +/- 2.41e-45]
785,[0.06410472755846247596078634881372913740567 +/- 4.88e-42],[0.4273018387193205709417370420202109548312 +/- 3.33e-41],[0.0001909528869669258699211358533938999288645 +/- 8.00e-45],[2.174828858620791745303456279020528761243e-5 +/- 3.30e-45],[0.8883391533796357062025839059996964572997 +/- 4.36e-41],[0.3883391533796357062025839059996964572997 +/- 4.36e-41],[9.507305790691254485093045856398294364683e-6 +/- 4.32e-46]
786,[0.06408297926987626804333331425093893211806 +/- 2.45e-42],[0.4272384539224016203544023316042173027476 +/- 8.27e-42],[0.0001906737353356855792823452423718940691805 +/- 3.79e-44],[2.259255281134230696904456622201052115990e-5 +/- 3.58e-46],[0.9244889863222407917010145281836022262080 +/- 2.64e-41],[0.4244889863222407917010145281836022262080 +/- 2.64e-41],[1.037361178251569393501412473350344889508e-5 +/- 4.40e-45]
787,[0.06406038671706492573636426968471692159690 +/- 2.55e-42],[0.4271692803112753335925664640671349164878 +/- 4.09e-41],[0.0001903953525988576498227101552941026614396 +/- 1.59e-45],[2.343323878164381556117570846072137651179e-5 +/- 8.04e-46],[0.9606306138433300731264015745055440894413 +/- 2.77e-41],[0.4606306138433300731264015745055440894413 +/- 2.77e-41],[1.123643886502906198263131382284131242903e-5 +/- 3.97e-45]
788,[0.06403695347828328192080309397625620022039 +/- 7.56e-43],[0.4270943389037282174283952927310068821585 +/- 1.81e-41],[0.0001901177356538403178964154239581392316003 +/- 3.32e-44],[2.338795552234960491394642438384082227203e-5 +/- 4.85e-45],[0.9605256527660776032689815175807305626260 +/- 2.73e-41],[0.4605256527660776032689815175807305626260 +/- 2.73e-41],[1.121339492888807364743818430796163896984e-5 +/- 2.18e-45]
789,[0.06401356552276093231588914755187235939812 +/- 1.29e-42],[0.4270195369664942469497171671275733425329 +/- 2.91e-41],[0.0001898408814145036135259115632516397323892 +/- 3.26e-44],[2.246349035493759918959573492621471996395e-5 +/- 3.74e-46],[0.9242415364411962872642212602239620173959 +/- 1.63e-42],[0.4242415364411962872642212602239620173959 +/- 1.63e-42],[1.031109865361158402250385436305729860151e-5 +/- 4.75e-46]
790,[0.06399110203240599471669955181694614467815 +/- 4.78e-42],[0.4269507409765734512087251167271160869409 +/- 3.22e-41],[0.0001895647868110810154743046002738967518421 +/- 4.40e-44],[2.329758689716838768191365420791751731379e-5 +/- 9.40e-46],[0.9602928346246597368068339205144935341898 +/- 4.71e-41],[0.4602928346246597368068339205144935341898 +/- 4.71e-41],[1.116712728258921221056168188397043293144e-5 +/- 3.80e-45]
791,[0.06396780444550882632901763816273822716084 +/- 9.81e-43],[0.4268762194087727458958678030812702159168 +/- 3.04e-41],[0.0001892894487900619559157401736867894661331 +/- 3.82e-44],[2.237782023991262680428051356999569743038e-5 +/- 2.46e-45],[0.9240594949021411432021290945012692753231 +/- 3.55e-41],[0.4240594949021411432021290945012692753231 +/- 3.55e-41],[1.026938979611178629347861580735525984587e-5 +/- 1.13e-45]
792,[0.06394542662526891370221335764916823146341 +/- 5.98e-43],[0.4268076757361221251485872117440572444643 +/- 1.60e-41],[0.0001890148643140851669712247858556501168068 +/- 9.62e-45],[2.233478369775109167511958001769784320725e-5 +/- 4.24e-45],[0.9239453990522864571727542890624621880645 +/- 4.27e-41],[0.4239453990522864571727542890624621880645 +/- 4.27e-41],[1.024814756066959898962419588728260518063e-5 +/- 4.80e-45]
793,[0.06392309184157116261053823806915053362020 +/- 3.36e-42],[0.4267392609146578665175166462928796301840 +/- 1.94e-41],[0.0001887410303618328614574157845468432465569 +/- 2.95e-44],[2.142104127494077448737433399951855270153e-5 +/- 4.93e-45],[0.8877414289755078301311222555176384769417 +/- 2.41e-41],[0.3877414289755078301311222555176384769417 +/- 2.41e-41],[9.356131056848561203722974384122402120646e-6 +/- 3.86e-47]
794,[0.06390167080029622183605086373515101506750 +/- 1.83e-42],[0.4266767892467169223045130761973577732692 +/- 2.60e-41],[0.0001884679439279257402750705560660808072280 +/- 4.54e-44],[2.051030165266813527899465741080756194891e-5 +/- 2.50e-45],[0.8515150844797772107131428874686170124752 +/- 9.64e-42],[0.3515150844797772107131428874686170124752 +/- 9.64e-42],[8.466885143377137376703735892259576240853e-6 +/- 6.2e-48]
795,[0.06388116049864355370077186907774020750555 +/- 2.92e-42],[0.4266202444910839656867413350459698308524 +/- 1.98e-41],[0.0001881956020228188189420864829990646665376 +/- 4.54e-44],[2.133863877990816338304832293484003045282e-5 +/- 2.20e-45],[0.8874715688220654761774327975491684145268 +/- 3.16e-41],[0.3874715688220654761774327975491684145268 +/- 3.16e-41],[9.316485321949626975683318846252505972157e-6 +/- 3.79e-46]
796,[0.06385982185986364553738882075480536747510 +/- 9.3e-44],[0.4265580141033125398138251934706596196570 +/- 1.64e-42],[0.0001879240016726980658533982437980218451260 +/- 2.28e-44],[2.129757327642012540198724645034812351046e-5 +/- 1.55e-45],[0.8873402281514436990823791763906560680808 +/- 3.46e-41],[0.3873402281514436990823791763906560680808 +/- 3.46e-41],[9.296780006408909167282508820123753812663e-6 +/- 5.55e-47]
797,[0.06383852428658722541198683350835501935159 +/- 3.70e-43],[0.4264959036671090395276558088428823279933 +/- 3.52e-41],[0.0001876531399193778449264396289702060596738 +/- 2.47e-45],[2.212215575134241140725912654329196926754e-5 +/- 1.75e-45],[0.9233338878463813439011228774211963164117 +/- 7.28e-42],[0.4233338878463813439011228774211963164117 +/- 7.28e-42],[1.014265622114485807951248883749294280880e-5 +/- 1.56e-45]
798,[0.06381640213083588300057957438181172738232 +/- 2.10e-42],[0.4264281293367727496826222999988231877653 +/- 4.43e-42],[0.0001873830138201991553664346767199252147266 +/- 1.59e-45],[2.121636797311194553060630212730850006216e-5 +/- 3.21e-45],[0.8871121103000617191145830129326924888897 +/- 4.61e-41],[0.3871121103000617191145830129326924888897 +/- 4.61e-41],[9.258258210674138439205887368391181364689e-6 +/- 2.06e-46]
799,[0.06379518576286277105504896807968441888226 +/- 6.8e-44],[0.4263662530554217101949281512021001250958 +/- 5.47e-42],[0.0001871136204479286613604688857550073694782 +/- 4.89e-44],[2.031395964901403722982162385801141179221e-5 +/- 1.74e-45],[0.8508858106276408060546145685751467336665 +/- 4.52e-41],[0.3508858106276408060546145685751467336665 +/- 4.52e-41],[8.377011473776630414478628069446717277772e-6 +/- 8.25e-47]
800,[0.06377487180321375701781914645582640747047 +/- 2.28e-42],[0.4263102559862812941436563320020785811284 +/- 1.48e-41],[0.0001868449568906585045831166822619152570520 +/- 3.07e-44],[2.027461116987549547297067965972999885278e-5 +/- 1.43e-45],[0.8507296390117857910394875537186540559677 +/- 1.59e-41],[0.3507296390117857910394875537186540559677 +/- 1.59e-41],[8.358597997096748434151231148954280609637e-6 +/- 3.81e-46]
801,[0.06375459719204388152234617577616667747161 +/- 4.95e-42],[0.4262543715623602611866711179042272284361 +/- 4.78e-41],[0.0001865770202517068924693771833603191652985 +/- 4.34e-44],[2.023538967895488778557841208528275878388e-5 +/- 3.00e-45],[0.8505736361374618074123688115607859772522 +/- 2.44e-41],[0.3505736361374618074123688115607859772522 +/- 2.44e-41],[8.340246907515501122059753398690138259697e-6 +/- 3.60e-46]
802,[0.06373436180236492663456059736408139471283 +/- 1.06e-42],[0.4261985994254732822012923984179163508585 +/- 8.24e-42],[0.0001863098076495194552828074385366370426116 +/- 2.57e-45],[1.933880734845156562121438169140256167960e-5 +/- 3.81e-45],[0.8143110582291148302862536956477195256045 +/- 4.53e-41],[0.3143110582291148302862536956477195256045 +/- 4.53e-41],[7.464470660388076035690800799806958261036e-6 +/- 1.98e-46]
803,[0.06371502299501647506893938298238999215115 +/- 1.46e-42],[0.4261486743979447583157984451445951839514 +/- 4.68e-41],[0.0001860433162175713650780514201260228884982 +/- 1.67e-44],[1.844422487500497746939560651199716282425e-5 +/- 1.43e-45],[0.7779908630266734189759783165835212633162 +/- 1.74e-41],[0.2779908630266734189759783165835212633162 +/- 1.74e-41],[6.590470704133296443933624392598508380413e-6 +/- 2.92e-46]
804,[0.06369657877014147009146998737587799498833 +/- 2.80e-42],[0.4261045867899388428280106968785583299313 +/- 1.25e-41],[0.0001857775431042702097274546012954889383643 +/- 1.19e-44],[1.840709374587561091005012568430614291003e-5 +/- 2.56e-45],[0.7777605431241121607363780414215835200444 +/- 3.08e-41],[0.2777605431241121607363780414215835200444 +/- 3.08e-41],[6.573699837811111206764862812249718555249e-6 +/- 4.50e-46]
805,[0.06367817167639559448055993725019368884542 +/- 2.83e-42],[0.4260606032011449566920472719539601850163 +/- 4.58e-41],[0.0001855124854728596152511383858065897961742 +/- 1.37e-44],[1.922522352594159604552278228309556769820e-5 +/- 6.87e-46],[0.8137250256770544221523466540446457904583 +/- 2.34e-41],[0.3137250256770544221523466540446457904583 +/- 2.34e-41],[7.412127627885997711585465492669477104445e-6 +/- 2.01e-46]
806,[0.06365894645286965288451441446791059327772 +/- 1.03e-42],[0.4260110006223489965873763678979187658206 +/- 1.95e-41],[0.0001852481405013236097587961741584131985650 +/- 3.21e-44],[2.004121794079088870427842677655931396774e-5 +/- 5.39e-46],[0.8497297253912866381390927899778215793492 +/- 3.07e-41],[0.3497297253912866381390927899778215793492 +/- 3.07e-41],[8.248516484123455015781968883154979148815e-6 +/- 5.97e-47]
807,[0.06363890523492886199581013604113403396375 +/- 1.24e-42],[0.4259557906317376982425783028614974340350 +/- 3.00e-41],[0.0001849845053822917223795735592001380998021 +/- 2.77e-44],[1.915096396522172503038324398525586289373e-5 +/- 3.36e-45],[0.8133970458720460675727490846423276664443 +/- 9.41e-43],[0.3133970458720460675727490846423276664443 +/- 9.41e-43],[7.378752557267874091263578932203161463300e-6 +/- 4.26e-46]
808,[0.06361975427096364027077975279714877810086 +/- 2.50e-42],[0.4259063931148285972266832290217883755660 +/- 1.20e-41],[0.0001847215773229448106237189943973325876594 +/- 4.94e-44],[1.911356792291118060418761460894039889443e-5 +/- 3.98e-45],[0.8132089559047799411163510376120652906296 +/- 4.71e-41],[0.3132089559047799411163510376120652906296 +/- 4.71e-41],[7.361626565080622168744581170734752970081e-6 +/- 4.55e-46]
809,[0.06360064070304072909017556518253983770196 +/- 3.08e-42],[0.4258571011436463413727732798638321001737 +/- 2.14e-41],[0.0001844593535449216096862480849679717679735 +/- 2.89e-44],[1.992556101068184489852261043025870105094e-5 +/- 3.10e-45],[0.8492164326138537085728052708813527152507 +/- 4.73e-41],[0.3492164326138537085728052708813527152507 +/- 4.73e-41],[8.193827941556123368922883846728762682286e-6 +/- 2.44e-46]
810,[0.06358071514203004724527704257210957900091 +/- 2.15e-42],[0.4258022267973022534411933095813156450539 +/- 3.17e-42],[0.0001841978312842259972686640953787672691670 +/- 4.96e-44],[1.988744379521038662579559689809529297522e-5 +/- 4.42e-45],[0.8490613044600746693680517468795357267115 +/- 2.81e-41],[0.3490613044600746693680517468795357267115 +/- 2.81e-41],[8.176013954548302818089698562803483510667e-6 +/- 3.53e-47]
811,[0.06356082769823483685865124697521148370794 +/- 3.08e-42],[0.4257474616642205007187727116840774712230 +/- 2.34e-41],[0.0001839370077911349675598288915422153818743 +/- 1.49e-44],[2.069525907382666825096492629910414013173e-5 +/- 5.31e-46],[0.8850793546543685661029759492444010640304 +/- 1.34e-41],[0.3850793546543685661029759492444010640304 +/- 1.34e-41],[9.004070614285459816932442541437948847429e-6 +/- 7.76e-47]
812,[0.06354013243916101019040028204891237956781 +/- 4.81e-42],[0.4256871388900772555121834311608253717572 +/- 3.14e-41],[0.0001836768803301073080813917558563415047921 +/- 1.39e-44],[2.065621683829682543768894909019129857439e-5 +/- 2.56e-45],[0.8849488680671769831646231250558354206731 +/- 3.16e-41],[0.3849488680671769831646231250558354206731 +/- 3.16e-41],[8.985363536109879193641461533245662777786e-6 +/- 1.05e-47]
813,[0.06351947622232271336496259309982218826923 +/- 8.03e-43],[0.4256269303851002475225148779468121293545 +/- 1.07e-41],[0.0001834174461796929731667676113879680697458 +/- 2.93e-44],[1.977600242835167493829163261371506458438e-5 +/- 1.70e-45],[0.8487132073814787363135123684627969548158 +/- 2.87e-41],[0.3487132073814787363135123684627969548158 +/- 2.87e-41],[8.125422316981511128715159245619901009855e-6 +/- 2.77e-46]
814,[0.06349970021989436169002430146720847320465 +/- 3.58e-42],[0.4255724741267748049051826210261607980175 +/- 4.44e-41],[0.0001831587026324431479055203234035131023266 +/- 4.72e-44],[2.057771601920774816403839859964065936321e-5 +/- 3.84e-45],[0.8846427857375948269705873045843388914839 +/- 2.58e-41],[0.3846427857375948269705873045843388914839 +/- 2.58e-41],[8.947193309382832001648170000509977665272e-6 +/- 2.18e-47]
815,[0.06347912250387515394186026306860883254528 +/- 3.22e-42],[0.4255124994069364817291274435135620416854 +/- 4.24e-41],[0.0001829006469948209964471599413882716176598 +/- 4.87e-44],[1.970216432424372541758544850972470396969e-5 +/- 3.76e-45],[0.8484725272259760944563969596257062936221 +/- 2.79e-41],[0.3484725272259760944563969596257062936221 +/- 2.79e-41],[8.091791747621458355373344750439725486903e-6 +/- 3.77e-46]
816,[0.06345942033955091021644267762009910784131 +/- 3.54e-42],[0.4254582486821863483252294765583471294147 +/- 1.52e-41],[0.0001826432765871130886198139077473664581265 +/- 1.73e-44],[1.966476385304717212724286557619687002582e-5 +/- 3.50e-46],[0.8483185218687784247460869727545087200618 +/- 5.06e-42],[0.3483185218687784247460869727545087200618 +/- 5.06e-42],[8.074327391912705238953131135023918191891e-6 +/- 2.88e-46]
817,[0.06343975557569786304431543475452291097129 +/- 2.30e-42],[0.4254041051567624394847046322574864355959 +/- 2.99e-41],[0.0001823865887433414988799901732817944028474 +/- 3.22e-44],[1.879425026686528010496016330891310317170e-5 +/- 1.79e-45],[0.8121581529229230473538707979779204220367 +/- 4.70e-41],[0.3121581529229230473538707979779204220367 +/- 4.70e-41],[7.223689656702368147196714955525731081531e-6 +/- 3.24e-46]
818,[0.06342096132543099776421047459121399786812 +/- 3.99e-42],[0.4253556568646725955441484366638506163339 +/- 2.82e-41],[0.0001821305808111765716697234864941726832458 +/- 3.06e-44],[1.792586890335760847887902109790962132135e-5 +/- 2.86e-45],[0.7759514107636603043983905028795345804366 +/- 3.52e-41],[0.2759514107636603043983905028795345804366 +/- 3.52e-41],[6.374972381553694126143424919375898777005e-6 +/- 1.59e-46]
819,[0.06340303545652764015573159557011608824679 +/- 4.67e-42],[0.4253128930139048923117537784585509840967 +/- 3.12e-41],[0.0001818752501518503473167934072935441133767 +/- 3.63e-44],[1.789049699761058409645690208788356615012e-5 +/- 5.69e-46],[0.7757267282134776089439193670317542409970 +/- 2.05e-41],[0.2757267282134776089439193670317542409970 +/- 2.05e-41],[6.359054063567982456210490002904053901947e-6 +/- 1.31e-46]
820,[0.06338514495953002957163513866802820468064 +/- 4.55e-42],[0.4252702281848762584751586836352884897921 +/- 1.51e-41],[0.0001816205941400706426724322622796995325176 +/- 5.81e-45],[1.785523889677891170606842504628739994174e-5 +/- 3.85e-46],[0.7755022990664391928791184751682921736939 +/- 8.29e-42],[0.2755022990664391928791184751682921736939 +/- 8.29e-42],[6.343191209574563784063833929686358080376e-6 +/- 3.61e-46]
821,[0.06336728972063325065992907024298191728070 +/- 2.81e-42],[0.4252276620536767328641088173995066404778 +/- 2.46e-41],[0.0001813666101639357807390116198297456830143 +/- 4.52e-44],[1.864951287764276027688762544387262868276e-5 +/- 2.00e-45],[0.8113626818436795529567171581116701262465 +/- 3.55e-41],[0.3113626818436795529567171581116701262465 +/- 3.55e-41],[7.156802345735494437748869671914163813862e-6 +/- 4.84e-46]
822,[0.06334864020775560789965218261753804465202 +/- 4.8e-44],[0.4251796274542734271215501547840624731240 +/- 3.91e-41],[0.0001811132956248499635976151165238228469106 +/- 4.52e-44],[1.944178164598892789505903346051828078743e-5 +/- 3.92e-45],[0.8472633784377516437801348160078894006275 +/- 2.95e-41],[0.3472633784377516437801348160078894006275 +/- 2.95e-41],[7.968500644609429665850488404190469935066e-6 +/- 3.18e-46]
823,[0.06332919842610961897175712358407752637123 +/- 2.62e-42],[0.4251261352584610970228636704116321952304 +/- 2.58e-41],[0.0001808606479374392830021816980659276308457 +/- 2.61e-44],[2.023158985891359873917287585240709303782e-5 +/- 2.54e-46],[0.8831855261922952354154447392518260674117 +/- 3.24e-41],[0.3831855261922952354154447392518260674117 +/- 3.24e-41],[8.777829998208752993342312876121687018279e-6 +/- 4.09e-46]
824,[0.06330896683625070537301795070822511927819 +/- 4.80e-42],[0.4250671994109705685027637486614119085401 +/- 1.37e-41],[0.0001806086645294683630630445236641560079224 +/- 9.09e-45],[2.019398336022763547013859993796246193927e-5 +/- 3.61e-45],[0.8830558885179701083452356662828366509948 +/- 1.65e-41],[0.3830558885179701083452356662828366509948 +/- 1.65e-41],[8.759835407191993765657972523223675095788e-6 +/- 3.53e-46]
825,[0.06328877285289047773754781210828715681626 +/- 4.49e-42],[0.4250083737578100850925781063091025708407 +/- 2.09e-41],[0.0001803573428417576294982047902008737579325 +/- 1.57e-44],[2.015649397235134639527015880011011684083e-5 +/- 2.26e-45],[0.8829263825313849185007599956510898493905 +/- 2.17e-42],[0.3829263825313849185007599956510898493905 +/- 2.17e-42],[8.741899068888455402916437672063443478171e-6 +/- 2.42e-46]
826,[0.06326861635891812639115254194948704669941 +/- 4.70e-42],[0.4249496579642133409884362874104185425070 +/- 3.49e-41],[0.0001801066803281011999855743219064308311344 +/- 1.37e-44],[2.093996761459057074065075835415938113159e-5 +/- 4.89e-45],[0.9188145240843719769342992628501327440400 +/- 4.83e-41],[0.4188145240843719769342992628501327440400 +/- 4.83e-41],[9.544867153233629655731917372407000218535e-6 +/- 5.97e-47]
827,[0.06324767639130353582041189119113288731828 +/- 3.11e-42],[0.4248855374108379706962536818177915163454 +/- 3.97e-41],[0.0001798566744551853902037035977804782974133 +/- 1.64e-44],[2.172015731679444216758724923628880742766e-5 +/- 4.54e-45],[0.9546888202077909490959806232276715414505 +/- 3.97e-41],[0.4546888202077909490959806232276715414505 +/- 3.97e-41],[1.034464057403684743283503338364464281943e-5 +/- 1.74e-45]
828,[0.06322595623398674137824430394189659851086 +/- 4.56e-42],[0.4248160316347436296344259020985130820829 +/- 3.94e-41],[0.0001796073227025078302021905040399755324266 +/- 2.26e-44],[2.168019518935532393948368576976826114516e-5 +/- 1.64e-45],[0.9545831118399965779551806304791177485609 +/- 1.67e-42],[0.4545831118399965779551806304791177485609 +/- 1.67e-42],[1.032435046486303061063395138324934188141e-5 +/- 4.24e-45]
829,[0.06320427603879738605430482025612683024971 +/- 2.94e-43],[0.4247466497266609766440681417573323507614 +/- 1.12e-41],[0.0001793586225622971857960469515273653621915 +/- 4.67e-44],[2.245420025460276869919319031472130668456e-5 +/- 3.36e-45],[0.9903731888938099866153157734399558837332 +/- 6.64e-42],[0.4903731888938099866153157734399558837332 +/- 6.64e-42],[1.111796836423686445239876835775209099124e-5 +/- 2.16e-45]
830,[0.06318182183854278328560562706581210894303 +/- 4.28e-42],[0.4246719211283570176718348738111705602352 +/- 3.45e-41],[0.0001791105715394334797307929366647206943573 +/- 1.43e-44],[2.322357014077678292488024229913445389911e-5 +/- 1.35e-45],[1.026090399800389708283929557623980077671 +/- 2.08e-40],[0.5260903998003897082839295576239800776712 +/- 7.27e-42],[1.190703792037272519257002335125063541535e-5 +/- 4.22e-45]
831,[0.06315859826840200650268074682351297448913 +/- 3.39e-42],[0.4245918745204650463358180258232528636774 +/- 2.30e-41],[0.0001788631671513690074169578983145999485143 +/- 5.60e-45],[2.237266901545790621782277650402268483360e-5 +/- 1.59e-45],[0.9902261764215100935883822831304810452503 +/- 2.59e-41],[0.4902261764215100935883822831304810452503 +/- 2.59e-41],[1.107592209633055297586429654163660445237e-5 +/- 4.39e-45]
832,[0.06313622559938654859646292404700895180429 +/- 3.03e-42],[0.4245174018761617305163597736659691433956 +/- 2.17e-41],[0.0001786164069280498420840044831353845070940 +/- 2.95e-44],[2.233151652225710563659462062633652644403e-5 +/- 1.55e-45],[0.9901209661391506030543006707006949192694 +/- 4.04e-41],[0.4901209661391506030543006707006949192694 +/- 4.04e-41],[1.105435075869592032425930110034057508768e-5 +/- 3.13e-45]
833,[0.06311389408286429149082632942638261527785 +/- 1.01e-42],[0.4244430609954171878905091062935477900026 +/- 1.17e-41],[0.0001783702884118379242544571336678798062259 +/- 2.62e-44],[2.229049088881156106997772702953608888032e-5 +/- 9.97e-46],[0.9900158460298361422296020550139813365552 +/- 2.59e-41],[0.4900158460298361422296020550139813365552 +/- 2.59e-41],[1.103284739845686640114059092751275904846e-5 +/- 1.35e-45]
834,[0.06309160359197547992975635169935307918897 +/- 1.33e-42],[0.4243688514887225605142297838584165445018 +/- 3.69e-41],[0.0001781248091574337304892242164839688993919 +/- 1.97e-45],[2.304926249615880037807933087947450571318e-5 +/- 2.37e-45],[1.025489127480126902745517767623882366771 +/- 4.87e-40],[0.5254891274801269027455177676238823667705 +/- 1.33e-41],[1.181108264690170756687610910860737060873e-5 +/- 2.64e-45]
835,[0.06306855432947932112937827236847360468326 +/- 4.51e-42],[0.4242893932366189585520177868088427166354 +/- 2.26e-41],[0.0001778799667317995164047545787336890720086 +/- 4.91e-44],[2.221005839360293842501207634412720035026e-5 +/- 3.81e-45],[0.9898737078062809064121767756497743355430 +/- 3.02e-41],[0.4898737078062809064121767756497743355430 +/- 3.02e-41],[1.099142604765246642615522978062559829478e-5 +/- 8.22e-46]
836,[0.06304634427108571819095326029212947748291 +/- 4.78e-42],[0.4242154360128161196733184556403408619561 +/- 7.54e-42],[0.0001776357587140831290117742346227717331225 +/- 4.14e-44],[2.216940890319293507368058914086225093628e-5 +/- 1.94e-45],[0.9897689231844915768776462395186713927267 +/- 1.44e-41],[0.4897689231844915768776462395186713927267 +/- 1.44e-41],[1.097012370444933525000578168373460239853e-5 +/- 7.30e-46]
837,[0.06302417486218252525587957970298861523197 +/- 1.06e-42],[0.4241416090102536693660455318717302202652 +/- 4.78e-41],[0.0001773921826955423834739130221756517162065 +/- 1.34e-44],[2.212888410539066282340236691011959216822e-5 +/- 2.14e-45],[0.9896642280284751318983072689989535830894 +/- 3.26e-41],[0.4896642280284751318983072689989535830894 +/- 3.26e-41],[1.094888816400257058587267256086770362676e-5 +/- 4.32e-45]
838,[0.06300204597807713459305617733607849563980 +/- 7.26e-43],[0.4240679118458416140216898441129701827557 +/- 9.07e-42],[0.0001771492362794699994325611290106114352895 +/- 4.60e-44],[2.129966079710877766314941575893088365655e-5 +/- 1.83e-45],[0.9542205250965062180495485247585976441012 +/- 1.43e-41],[0.4542205250965062180495485247585976441012 +/- 1.43e-41],[1.013889646804835876717693607386429090822e-5 +/- 2.80e-45]
839,[0.06298074631728002581539302792031956475614 +/- 4.18e-42],[0.4239996546584876563188118040292081932397 +/- 9.54e-42],[0.0001769069170811190920917978694842550523260 +/- 6.72e-46],[2.204777342157946303056863393104264323838e-5 +/- 2.16e-45],[0.9894232799398206178512714216522235246257 +/- 1.79e-41],[0.4894232799398206178512714216522235246257 +/- 1.79e-41],[1.090604375512140887736544428402809648504e-5 +/- 7.85e-46]
840,[0.06295869854385844635236245928638852211291 +/- 4.22e-42],[0.4239262198828344608061848651501108118582 +/- 3.97e-41],[0.0001766652227276292133042164232349072120117 +/- 2.17e-44],[2.200761947682693776686858705206013775340e-5 +/- 4.71e-45],[0.9893188077468835232986271891591683844785 +/- 6.15e-42],[0.4893188077468835232986271891591683844785 +/- 6.15e-42],[1.088500697593452031332834557245475346030e-5 +/- 4.67e-46]
841,[0.06293669092438161941459559069933646197515 +/- 2.39e-42],[0.4238529138056355848255935562564185060014 +/- 3.13e-41],[0.0001764241508579529379449347499884632832344 +/- 1.07e-44],[2.196758810443611261646402919040883067797e-5 +/- 2.25e-45],[0.9892144244306398026052418917097699831742 +/- 1.05e-41],[0.4892144244306398026052418917097699831742 +/- 1.05e-41],[1.086403585029265225251498291823025043348e-5 +/- 1.91e-45]
842,[0.06291472333627718330197912667014605314447 +/- 4.42e-42],[0.4237797360500811714362503370497437603706 +/- 2.23e-41],[0.0001761836991227829909070408261859930979885 +/- 1.02e-44],[2.114854246153468907925096513335025259920e-5 +/- 3.67e-45],[0.9539649768043318959852756831844966250301 +/- 3.71e-41],[0.4539649768043318959852756831844966250301 +/- 3.71e-41],[1.006399377486289613249013790701926158623e-5 +/- 4.46e-45]
843,[0.06289357479381564861289987570501270289188 +/- 4.79e-42],[0.4237119352565543837407228805153536955236 +/- 4.40e-41],[0.0001759438651844799100971758710554324035628 +/- 1.30e-44],[2.033329175887648291604669807942151647533e-5 +/- 3.85e-45],[0.9187498644293122810044683487278486668203 +/- 7.86e-42],[0.4187498644293122810044683487278486668203 +/- 7.86e-42],[9.267553114383378577958087762783564658503e-6 +/- 1.07e-46]
844,[0.06287324150205677212998382900693328137540 +/- 1.22e-43],[0.4236494890704179008468724344150029905284 +/- 1.82e-41],[0.0001757046467170002408549184266957686840161 +/- 3.96e-44],[2.029664492017003958495642177846585200235e-5 +/- 5.00e-45],[0.9186395938337371931074963325316196719749 +/- 2.83e-41],[0.4186395938337371931074963325316196719749 +/- 2.83e-41],[9.249524234098516865650788300052907766865e-6 +/- 4.05e-46]
845,[0.06285294485713660209039887258515481552340 +/- 2.48e-42],[0.4235871534129614129016824674428237273693 +/- 2.70e-41],[0.0001754660414058252572641010312837845821359 +/- 1.90e-44],[2.026010908825608262723561555311671198662e-5 +/- 2.52e-45],[0.9185294280978698611280402833472750873216 +/- 8.48e-42],[0.4185294280978698611280402833472750873216 +/- 8.48e-42],[9.231551663475699945787183886300680423058e-6 +/- 3.07e-46]
846,[0.06283268474804834600777163696960169881141 +/- 9.10e-43],[0.4235249279602545499114518588372581654451 +/- 3.92e-41],[0.0001752280469478902058681756997278061291387 +/- 1.81e-44],[2.022368379251779574783002773518152115258e-5 +/- 3.67e-45],[0.9184193670179920193104987651555403144671 +/- 3.31e-41],[0.4184193670179920193104987651555403144671 +/- 3.31e-41],[9.213635159624795282278572880645740760319e-6 +/- 1.10e-46]
847,[0.06281246106425582821202380694186651729026 +/- 1.68e-42],[0.4234628123896986368370342687197749950954 +/- 4.33e-41],[0.0001749906610515140673452503465713533680682 +/- 6.43e-45],[2.018736856489874695099728088010879212131e-5 +/- 2.17e-45],[0.9183094103909895347090765931589737503399 +/- 2.62e-41],[0.4183094103909895347090765931589737503399 +/- 2.62e-41],[9.195774480992130749687796764526532982086e-6 +/- 2.04e-46]
848,[0.06279227369569092946507280966098640849814 +/- 2.99e-42],[0.4234008063800196456609556099220865387626 +/- 1.05e-42],[0.0001747538814363298317414514189293029783518 +/- 1.83e-44],[2.015116293988590148690111825229289713004e-5 +/- 2.76e-45],[0.9181995580143499954330172721190067109980 +/- 4.99e-41],[0.4181995580143499954330172721190067109980 +/- 4.99e-41],[9.177969387351556370078401705265901410161e-6 +/- 9.9e-48]
849,[0.06277212253275104356358590854273411560101 +/- 3.03e-42],[0.4233389096112611930688711253605461673121 +/- 3.45e-41],[0.0001745177058332152829038340437172229638856 +/- 3.52e-44],[1.934774615997822691633318309621928629241e-5 +/- 2.05e-46],[0.8830678551351805545972506855129163711066 +/- 4.78e-41],[0.3830678551351805545972506855129163711066 +/- 4.78e-41],[8.392899345281035622660852426884532905980e-6 +/- 3.9e-48]
850,[0.06275277478659106533666957535963789631471 +/- 4.58e-42],[0.4232822975215198399230906029760182558115 +/- 1.23e-41],[0.0001742821319842242877961655492645721242033 +/- 3.17e-44],[1.931297087707174370802722075821623066260e-5 +/- 4.53e-45],[0.8829442686819796787880071875918282601713 +/- 1.67e-41],[0.3829442686819796787880071875918282601713 +/- 1.67e-41],[8.376283499338777544026448874277150644385e-6 +/- 4.60e-46]
851,[0.06273346181571399359296154813887968008405 +/- 1.97e-42],[0.4232257876609275317699794761621045603596 +/- 4.90e-41],[0.0001740471576425185864225568383743181976968 +/- 3.81e-44],[1.851406612148951685781601556440267995716e-5 +/- 4.49e-45],[0.8478238426537185635917321889045612877816 +/- 1.55e-41],[0.3478238426537185635917321889045612877816 +/- 1.55e-41],[7.595485403389023140618841871625196803757e-6 +/- 2.89e-46]
852,[0.06271494774959250407610373212331527740409 +/- 4.82e-42],[0.4231745364659548952671656757416926999352 +/- 2.19e-41],[0.0001738127805723000781251142367941376291677 +/- 7.24e-46],[1.848052801805422266735505523710821878155e-5 +/- 1.88e-45],[0.8476793582886021965160534342047008430885 +/- 1.70e-41],[0.3476793582886021965160534342047008430885 +/- 1.70e-41],[7.579868566251036170021886614135518391161e-6 +/- 4.37e-46]
853,[0.06269646722157444985343637706807816918531 +/- 3.27e-42],[0.4231233817555996765217237684952333279053 +/- 2.96e-41],[0.0001735789985487436000625375147320945679196 +/- 6.74e-45],[1.920891345648550918583511927792749215831e-5 +/- 3.31e-45],[0.8825362553664668022812799395294136126326 +/- 2.55e-42],[0.3825362553664668022812799395294136126326 +/- 2.55e-42],[8.326123463620487063504743566586659501735e-6 +/- 2.70e-47]
854,[0.06267725830811796434425054194880024169315 +/- 4.96e-42],[0.4230671809951092496653386554206759889221 +/- 1.85e-41],[0.0001733458093579301937169031053925676692558 +/- 3.33e-44],[1.993448385834722643428993875562493914385e-5 +/- 4.00e-45],[0.9173850572286201357890952966425982023336 +/- 3.55e-41],[0.4173850572286201357890952966425982023336 +/- 3.55e-41],[9.069643788590463429733636499735129194034e-6 +/- 3.30e-46]
855,[0.06265732382425961711781625201004461675401 +/- 1.11e-42],[0.4230059509096053634245402372758330413895 +/- 4.88e-42],[0.0001731132107967808553157503795260783340453 +/- 3.01e-45],[1.989902649708596737975439421627145517766e-5 +/- 3.44e-45],[0.9172754739269530189865481434964304270951 +/- 4.06e-41],[0.4172754739269530189865481434964304270951 +/- 4.06e-41],[9.052215989934753118628753393939046286149e-6 +/- 4.07e-46]
856,[0.06263742479776253115043649761582834529883 +/- 3.44e-42],[0.4229448278997380903967662936900964116746 +/- 2.57e-41],[0.0001728812006729907660960383657678764352161 +/- 3.88e-44],[1.986367513645306474131293023579611305217e-5 +/- 3.26e-45],[0.9171659937130234507629281175017052494541 +/- 1.81e-41],[0.4171659937130234507629281175017052494541 +/- 1.81e-41],[9.034841930351712540058891165658078343287e-6 +/- 6.77e-47]
857,[0.06261756112262607808569518468559254918578 +/- 1.28e-42],[0.4228838116556571159803156174960364341881 +/- 1.91e-42],[0.0001726497768049639983755656522445312148108 +/- 2.06e-44],[2.058247167887074862342248932055951929290e-5 +/- 2.40e-45],[0.9519307615262570120973340153765855630701 +/- 2.55e-41],[0.4519307615262570120973340153765855630701 +/- 2.55e-41],[9.771563726978165340373245620411089516582e-6 +/- 2.61e-46]
858,[0.06259697865094720733707176219627198966649 +/- 1.64e-42],[0.4228178086112484613932995839620616103973 +/- 3.41e-41],[0.0001724189370217486934360524177547799469440 +/- 3.46e-44],[1.979386652996968561256271958341658660730e-5 +/- 3.89e-45],[0.9169851588010051920475052754188291736085 +/- 4.29e-41],[0.4169851588010051920475052754188291736085 +/- 4.29e-41],[9.000962010200271581683636796347390187400e-6 +/- 4.05e-46]
859,[0.06257718478441723765145919947668857307988 +/- 1.08e-42],[0.4227570001918319894683567264687795534366 +/- 7.57e-42],[0.0001721886791629727072602756069725565969383 +/- 4.47e-44],[2.050924814581944296455421155491596769753e-5 +/- 1.65e-45],[0.9516979376569183300574020699339805584694 +/- 2.46e-41],[0.4516979376569183300574020699339805584694 +/- 2.46e-41],[9.734165352053365811477386184708812999251e-6 +/- 7.4e-48]
860,[0.06255667553627141820849464526513365711218 +/- 3.55e-42],[0.4226912270946824087673550407313404320268 +/- 4.02e-41],[0.0001719590010787797202034311046995494613149 +/- 2.39e-45],[2.047296184830025723983113548044987467484e-5 +/- 3.49e-45],[0.9515949026087468677952772432731289401176 +/- 4.25e-41],[0.4515949026087468677952772432731289401176 +/- 4.25e-41],[9.715778412273687504240900785665025768013e-6 +/- 2.38e-46]
861,[0.06253620257442311795125481412965320723751 +/- 1.30e-42],[0.4226255669459881843760123430673667833599 +/- 2.46e-41],[0.0001717299006297658067162752361899482788878 +/- 4.09e-44],[2.118301657858285628542268274094698662995e-5 +/- 5.18e-46],[0.9862349435208409829144103924879774595534 +/- 4.85e-41],[0.4862349435208409829144103924879774595534 +/- 4.85e-41],[1.044368072471426961871150550492062716305e-5 +/- 2.80e-45]
862,[0.06251501955784453509496939144691226025088 +/- 1.25e-42],[0.4225549754420045306310418794633760632152 +/- 4.95e-41],[0.0001715013756869164612745768177242135219046 +/- 4.63e-44],[2.040173018292342769089452944885349879579e-5 +/- 1.32e-45],[0.9514479276768484771001575265017982822044 +/- 1.03e-41],[0.4514479276768484771001575265017982822044 +/- 1.03e-41],[9.680318327658601874685995267008211069223e-6 +/- 4.32e-46]
863,[0.06249461782766161166727849691746340675208 +/- 2.97e-42],[0.4224895324757678632582265123216750995985 +/- 3.60e-41],[0.0001712734241315440767059950353254235844392 +/- 4.68e-44],[2.110734389547375345370154530813343819586e-5 +/- 3.28e-45],[0.9859865563077984855582434420863988625590 +/- 1.90e-41],[0.4859865563077984855582434420863988625590 +/- 1.90e-41],[1.040367671033791050885464451117425977622e-5 +/- 3.16e-45]
864,[0.06247351048376613791382479537215527331389 +/- 2.89e-42],[0.4224191872586278014837109770273321720759 +/- 2.92e-41],[0.0001710460438552258711416923097375818038073 +/- 4.65e-44],[2.106998209176463392187263515686842448973e-5 +/- 4.70e-45],[0.9858826566822696474667657857875385230294 +/- 3.32e-41],[0.4858826566822696474667657857875385230294 +/- 3.32e-41],[1.038413527776845786756208625765976339445e-5 +/- 3.13e-45]
865,[0.06245244050167437327990292273699840488940 +/- 2.63e-42],[0.4223489621605808644669165302241744834987 +/- 3.52e-41],[0.0001708192327597422598557996218782658294201 +/- 4.30e-44],[2.029635169628391792629166058664774502138e-5 +/- 1.55e-45],[0.9512656240639914281786788289011307158941 +/- 2.44e-41],[0.4512656240639914281786788289011307158941 +/- 2.44e-41],[9.628273725814448488285365685367830717171e-6 +/- 3.94e-46]
866,[0.06243214414997808936197663107641175714438 +/- 4.01e-42],[0.4222838376252313199091419602254699237739 +/- 4.82e-41],[0.0001705929887570156682912790745631529487140 +/- 2.72e-44],[1.952653661744857679391097802685815431881e-5 +/- 2.06e-45],[0.9166969703626535087441039356819986921689 +/- 2.09e-41],[0.4166969703626535087441039356819986921689 +/- 2.09e-41],[8.876050552394983068567238270640002112281e-6 +/- 4.28e-46]
867,[0.06241261761336064078518272009838489899006 +/- 2.82e-42],[0.4222237907972844933896005688450557656492 +/- 2.13e-41],[0.0001703673097690497826057792441114717676120 +/- 4.95e-44],[1.949230331741735492416960723864360683618e-5 +/- 3.29e-46],[0.9165887067541706021541987104768519371909 +/- 4.05e-41],[0.4165887067541706021541987104768519371909 +/- 4.05e-41],[8.859233558984690099669750738116538546318e-6 +/- 2.53e-46]
868,[0.06239312531004322343025855049114625538322 +/- 1.01e-42],[0.4221638475245794502528097410235076740623 +/- 4.65e-41],[0.0001701421937278692341057575621522630843646 +/- 4.00e-44],[1.945817090670850980451012447513880261466e-5 +/- 3.19e-45],[0.9164805437210486057864522680326441480196 +/- 2.51e-41],[0.4164805437210486057864522680326441480196 +/- 2.51e-41],[8.842467692919914512411233764649972944615e-6 +/- 5.00e-46]
869,[0.06237366713913651492045404036667111658061 +/- 3.66e-42],[0.4221040075116273873376345369597843431674 +/- 4.86e-41],[0.0001699176385754597139714549389900334209625 +/- 3.61e-44],[1.869591976058486862118429949898573567487e-5 +/- 8.11e-46],[0.8820172880855962723408929795841215213289 +/- 1.64e-41],[0.3820172880855962723408929795841215213289 +/- 1.64e-41],[8.097533531011041995110754123145110192256e-6 +/- 1.56e-46]
870,[0.06235497121937593005183285606717213084493 +/- 1.48e-42],[0.4220491994108916419435878690352901816754 +/- 3.96e-41],[0.0001696936422637085147092554142435549720484 +/- 2.41e-44],[1.793629533247205306440204281263371247053e-5 +/- 2.54e-45],[0.8475514985982287740030792142253416444637 +/- 2.68e-41],[0.3475514985982287740030792142253416444637 +/- 2.68e-41],[7.355053153007433681769281227653268133743e-6 +/- 4.18e-46]
871,[0.06233703492404345799876845402435949713246 +/- 9.46e-43],[0.4219994083343250614665200932651492975646 +/- 5.69e-42],[0.0001694702027543454948015520614840840990841 +/- 4.81e-44],[1.717910158260302739098591546917351514106e-5 +/- 1.06e-45],[0.8130756629506546841178400171542792731601 +/- 1.25e-41],[0.3130756629506546841178400171542792731601 +/- 1.25e-41],[6.614831634920666452916916162715977795518e-6 +/- 1.75e-46]
872,[0.06231985582246085497137746810889032361732 +/- 1.14e-43],[0.4219546207022504020734536188486172093602 +/- 3.75e-41],[0.0001692473180188844630574738897425012099972 +/- 1.30e-44],[1.714824160854359593796777498054492486699e-5 +/- 5.08e-46],[0.8129079351128889370682415512158012540125 +/- 1.41e-41],[0.3129079351128889370682415512158012540125 +/- 1.41e-41],[6.600773151268535059048810630520674542572e-6 +/- 4.81e-47]
873,[0.06230270758085231137543950033390977869245 +/- 2.90e-42],[0.4219099206918512952638425847947536897939 +/- 9.87e-42],[0.0001690249860385649792007112304030539604432 +/- 4.03e-44],[1.711747344505580901311469417805608519432e-5 +/- 3.10e-45],[0.8127403797841644846954007197987272841943 +/- 4.74e-41],[0.3127403797841644846954007197987272841943 +/- 4.74e-41],[6.586759166037450592809828603980159178113e-6 +/- 3.62e-46]
874,[0.06228559010740725556642638563973172260726 +/- 1.43e-42],[0.4218653080426046377865160400555136452453 +/- 3.16e-41],[0.0001688032048042945672632131741863763604940 +/- 4.66e-44],[1.780897286735150146958367534191165039098e-5 +/- 3.64e-45],[0.8469165223682749793405918145732989677784 +/- 1.70e-41],[0.3469165223682749793405918145732989677784 +/- 1.70e-41],[7.294965644094490854953076629085870095238e-6 +/- 2.74e-47]
875,[0.06226778113453990406495680196438981095687 +/- 2.41e-42],[0.4218158903120882547267526947243900610416 +/- 1.14e-41],[0.0001685819723165913383857240780810628746480 +/- 8.80e-45],[1.777760257507502412380651753598384666536e-5 +/- 4.91e-45],[0.8467762657807718921782534017918231186571 +/- 3.19e-43],[0.3467762657807718921782534017918231186571 +/- 3.19e-43],[7.280377219636449616151955051423421925060e-6 +/- 8.79e-47]
876,[0.06225000353196482904083299544685382711020 +/- 2.24e-42],[0.4217665630911451041609919240988429472371 +/- 2.66e-41],[0.0001683612865855270196579809927831029403814 +/- 5.51e-45],[1.774632453942901129469102447691154582874e-5 +/- 4.22e-45],[0.8466361487021563207062581927588389363176 +/- 2.65e-41],[0.3466361487021563207062581927588389363176 +/- 2.65e-41],[7.265833854833811528836078166409635015580e-6 +/- 4.59e-46]
877,[0.06223225720742540002953830442237691556437 +/- 3.49e-42],[0.4217173261172224083040351339981498921961 +/- 1.29e-41],[0.0001681411456306703856629140128777168714222 +/- 4.89e-44],[1.843312451836142895921130089948758829468e-5 +/- 8.90e-47],[0.8808042582384840946083261627183518994464 +/- 4.67e-41],[0.3808042582384840946083261627183518994464 +/- 4.67e-41],[7.969321496322378042481059321330046045878e-6 +/- 8.24e-47]
878,[0.06221382408290703860057909312147742797608 +/- 1.20e-42],[0.4216633128725292758276193421254502356712 +/- 1.69e-41],[0.0001679215474810310894203809196524460143221 +/- 2.81e-44],[1.768488301812020935636072932574027207693e-5 +/- 3.22e-45],[0.8464062684124616632154680079403252048453 +/- 3.08e-41],[0.3464062684124616632154680079403252048453 +/- 3.08e-41],[7.237841403405819601754069266055171613635e-6 +/- 2.31e-46]
879,[0.06219613919988891839122273239215168770400 +/- 1.89e-42],[0.4216142491025320279709010919252504923243 +/- 3.83e-41],[0.0001677024901750038894568299153410586781913 +/- 2.47e-44],[1.693906806188316440066906382297873083479e-5 +/- 4.88e-45],[0.8120010280853735407849887653897721990235 +/- 1.67e-41],[0.3120010280853735407849887653897721990235 +/- 1.67e-41],[6.508620638790618793875251364517679093067e-6 +/- 1.56e-46]
880,[0.06217920013182703522682206332832870897317 +/- 2.91e-42],[0.4215701211628756654104229977611859440390 +/- 3.44e-41],[0.0001674839717603132697578235340065441880273 +/- 1.17e-44],[1.690892739190085633718494604524152310044e-5 +/- 3.80e-45],[0.8118348326484328948666610211229825998786 +/- 2.10e-41],[0.3118348326484328948666610211229825998786 +/- 2.10e-41],[6.494907992943070029084395887114972588446e-6 +/- 3.89e-47]
881,[0.06216229120443513437048487838228346745007 +/- 3.35e-42],[0.4215260788175003649594396615472938029209 +/- 2.97e-41],[0.0001672659902939584493905767060645294047096 +/- 3.25e-45],[1.759145004287539588997200625787077079403e-5 +/- 1.11e-45],[0.8459349806668526859623818240437476332680 +/- 3.63e-41],[0.3459349806668526859623818240437476332680 +/- 3.63e-41],[7.193812845624130015688589334521858903255e-6 +/- 8.53e-47]
882,[0.06214469975439225897459490637602559667927 +/- 2.63e-42],[0.4214772889971663733751267710351813133136 +/- 4.23e-41],[0.0001670485438421587786135661508272103336599 +/- 3.45e-45],[1.756071767531970544435423650280511509174e-5 +/- 3.21e-45],[0.8457957075337735856004762070933493819578 +/- 1.51e-41],[0.3457957075337735856004762070933493819578 +/- 1.51e-41],[7.179536073840316289703714204149107889230e-6 +/- 4.86e-46]
883,[0.06212713903671693926915055213952279156418 +/- 8.84e-43],[0.4214285878691880471441585964014694287729 +/- 3.24e-41],[0.0001668316304802995183198604275888984387168 +/- 2.11e-44],[1.823988574786075444598598387713274482859e-5 +/- 2.45e-45],[0.8798980778021268152051163000197842586414 +/- 6.63e-42],[0.3798980778021268152051163000197842586414 +/- 6.63e-42],[7.875113845289002665176445057728663574314e-6 +/- 2.00e-46]
884,[0.06210889915096907851470456615564565881935 +/- 2.30e-42],[0.4213751594974413006799514943888111074184 +/- 4.05e-41],[0.0001666152482928779996901036974796281213103 +/- 4.94e-44],[1.820841109922390716157208395498997278231e-5 +/- 1.99e-45],[0.8797787706652529575434550504546116624745 +/- 4.77e-41],[0.3797787706652529575434550504546116624745 +/- 4.77e-41],[7.860121445987874558222907441501002494062e-6 +/- 3.95e-46]
885,[0.06209069073986985460754299407169066884657 +/- 1.71e-44],[0.4213218239544691434965658284647425412324 +/- 3.13e-41],[0.0001663993953734501609600650966511988663954 +/- 3.37e-44],[1.888340562887315045967314982345114973213e-5 +/- 1.98e-46],[0.9138440559736642986885048495991218520780 +/- 4.57e-41],[0.4138440559736642986885048495991218520780 +/- 4.57e-41],[8.551552231438925823314012584756717051154e-6 +/- 2.31e-46]
886,[0.06207180733424098145708332092186721769684 +/- 2.15e-42],[0.4212637869899860522344641280441141955345 +/- 3.70e-41],[0.0001661840698245774582363431122959681298943 +/- 2.77e-44],[1.814668420362994691682034597530898792312e-5 +/- 2.17e-45],[0.8795965239719977636081829340570088065975 +/- 2.58e-41],[0.3795965239719977636081829340570088065975 +/- 2.58e-41],[7.831338639458724471924261851963147297223e-6 +/- 2.28e-46]
887,[0.06205366065003735151016650057589190870891 +/- 4.74e-42],[0.4212106290772974352025360790071318705189 +/- 5.33e-42],[0.0001659692697577741473221939580169339585114 +/- 1.02e-44],[1.881816599691184314016747079452888052800e-5 +/- 1.60e-45],[0.9135918359889405400747550126692139737829 +/- 3.42e-41],[0.4135918359889405400747550126692139737829 +/- 3.42e-41],[8.519165253028419300026256532629238368870e-6 +/- 9.98e-47]
888,[0.06203484248404043966702633310509737982839 +/- 3.27e-42],[0.4211527927051207445232508214436951605276 +/- 4.22e-41],[0.0001657549932934549335435380917836179239865 +/- 3.73e-44],[1.878599184602726444721685281226127692830e-5 +/- 3.41e-45],[0.9134858612353936749059785320465019272904 +/- 3.00e-41],[0.4134858612353936749059785320465019272904 +/- 3.00e-41],[8.503406946124608179954039937959784554345e-6 +/- 1.86e-46]
889,[0.06201605649219441240257911625228511855146 +/- 1.57e-42],[0.4210950537451234140875231474334389530931 +/- 1.23e-42],[0.0001655412385608829865929930924719129170806 +/- 3.95e-44],[1.805547183138711636567585074896852860937e-5 +/- 3.33e-45],[0.8793636300694845457198711007689980552649 +/- 1.44e-41],[0.3793636300694845457198711007689980552649 +/- 1.44e-41],[7.789257029007565017808568608526104329768e-6 +/- 4.12e-46]
890,[0.06199800102036302528621344040153615002285 +/- 9.37e-43],[0.4210421551756093271097296277553538721648 +/- 3.17e-41],[0.0001653280036981183174372874514760910944770 +/- 2.08e-44],[1.872108270911695571570493112591407196984e-5 +/- 3.26e-45],[0.9132230352057297742551250769487238503571 +/- 2.03e-42],[0.4132230352057297742551250769487238503571 +/- 2.03e-42],[8.471076967146434253285693787922169255122e-6 +/- 4.17e-46]
891,[0.06197927993765390833049773547041023595088 +/- 7.73e-43],[0.4209846167031768537030375664751611555466 +/- 4.42e-41],[0.0001651152868519665143606317436905020081090 +/- 2.88e-44],[1.868918730735131282493118151264439457404e-5 +/- 1.05e-45],[0.9131173844976941131717232039563668175613 +/- 2.82e-41],[0.4131173844976941131717232039563668175613 +/- 2.82e-41],[8.455460721567254490858431982687670803975e-6 +/- 2.32e-46]
892,[0.06196059075034655701767280428889759155631 +/- 4.82e-42],[0.4209271748171295260311843517386157353564 +/- 3.85e-41],[0.0001649030861779278352435643753710792376848 +/- 4.49e-44],[1.865738329613613295786800353568510133959e-5 +/- 3.67e-45],[0.9130118298370069475011267122092284080009 +/- 6.12e-42],[0.4130118298370069475011267122092284080009 +/- 6.12e-42],[8.439890659996416353557220596582045172935e-6 +/- 2.24e-46]
893,[0.06194193336705042088471493628536190645497 +/- 4.40e-42],[0.4208698292493070494816615432185625856758 +/- 2.38e-41],[0.0001646913998401466532034518821458330594450 +/- 5.00e-44],[1.793529071651923725275711252806316025358e-5 +/- 4.59e-45],[0.8790685591540565077607948880328975489905 +/- 3.06e-42],[0.3790685591540565077607948880328975489905 +/- 3.06e-42],[7.733987001494614922435957439218305510199e-6 +/- 1.92e-46]
894,[0.06192399807633390164746217917283384329471 +/- 2.03e-42],[0.4208172713491758756372844493719940419609 +/- 4.63e-41],[0.0001644802260113612527492117455113592974746 +/- 1.94e-45],[1.859342371278110840631275262662365960252e-5 +/- 1.82e-45],[0.9127601856758738334387979302813835592981 +/- 3.66e-41],[0.4127601856758738334387979302813835592981 +/- 3.66e-41],[8.408150513658608818489469689251245209818e-6 +/- 3.27e-46]
895,[0.06190540465262112053905586642020721963511 +/- 4.92e-43],[0.4207601226323378158965850625791905396199 +/- 7.77e-42],[0.0001642695628728539736289420474620310002909 +/- 1.21e-44],[1.787515987215889556188359666829501125615e-5 +/- 4.75e-46],[0.8788894894975782305708851333631333681838 +/- 4.98e-41],[0.3788894894975782305708851333631333681838 +/- 4.98e-41],[7.705986110405683498835743720505181161287e-6 +/- 1.35e-46]
896,[0.06188752949274896164349398282353892462385 +/- 3.36e-42],[0.4207077377979360656063455080680123934900 +/- 4.96e-41],[0.0001640594086144016995749900880970383347293 +/- 2.29e-44],[1.784473835905633777240493998525983141917e-5 +/- 2.07e-46],[0.8787713733337562303087820928959852971613 +/- 1.74e-41],[0.3787713733337562303087820928959852971613 +/- 1.74e-41],[7.691506869869599529716323862275548017575e-6 +/- 2.14e-46]
897,[0.06186968475438990530572157788355366479243 +/- 4.19e-42],[0.4206554428130644132037399141208833269808 +/- 1.01e-41],[0.0001638497614342266891765744090343754231753 +/- 4.78e-44],[1.849770086587343430442746012001637485930e-5 +/- 4.48e-45],[0.9123553851437792329730795621708768303825 +/- 1.69e-41],[0.4123553851437792329730795621708768303825 +/- 1.69e-41],[8.360367778855836247975237832676703252084e-6 +/- 4.72e-46]
898,[0.06185118705352403187141715042343364841757 +/- 4.89e-42],[0.4205985908903346396029783718758430593375 +/- 1.25e-41],[0.0001636406195389477461353945169038263258126 +/- 3.82e-44],[1.778516127023739116691263325112579120870e-5 +/- 4.80e-45],[0.8785948591819212541827792230735741681362 +/- 1.87e-42],[0.3785948591819212541827792230735741681362 +/- 1.87e-42],[7.663794701579374601802732423646478298426e-6 +/- 4.33e-46]
899,[0.06183340189225379448025023779018252262637 +/- 3.82e-42],[0.4205464672534511143085445639386580915504 +/- 4.31e-42],[0.0001634319811435317261847229690633320678304 +/- 2.80e-44],[1.707531407571009979163954945994381222847e-5 +/- 3.11e-45],[0.8448478805460139591032095493724825713121 +/- 1.98e-41],[0.3448478805460139591032095493724825713121 +/- 1.98e-41],[6.969758703614858695496484985550254441397e-6 +/- 2.88e-46]
900,[0.06181632657817808438045859824072257881414 +/- 2.28e-42],[0.4204990562033440105569070849549168356219 +/- 3.68e-41],[0.0001632238444712453779772783137640712075729 +/- 3.90e-44],[1.704609230295244299031454605778986130770e-5 +/- 4.06e-45],[0.8447107939135097189815650787790015185246 +/- 7.10e-42],[0.3447107939135097189815650787790015185246 +/- 7.10e-42],[6.956193827772191357679328421669444882009e-6 +/- 2.31e-46]
901,[0.06179928048587513193746828369466478895283 +/- 1.86e-44],[0.4204517297020638197839613963000201565410 +/- 4.86e-41],[0.0001630162077536075152717275783718907043662 +/- 1.35e-44],[1.633973029594823684499602508755736531296e-5 +/- 4.34e-46],[0.8109623340781611059054060301596330854891 +/- 2.46e-41],[0.3109623340781611059054060301596330854891 +/- 2.46e-41],[6.265445949239353548384464685608465853949e-6 +/- 1.04e-46]
902,[0.06178294075557918370062328766957723158752 +/- 2.95e-42],[0.4204090957575829581307104011818302895812 +/- 1.54e-41],[0.0001628090692303415177719664448398021879656 +/- 3.00e-44],[1.698771990624507190040010791166269964969e-5 +/- 2.42e-45],[0.8444188635829591009358057905574487879852 +/- 5.93e-42],[0.3444188635829591009358057905574487879852 +/- 5.93e-42],[6.928896827515892100266063212403824596714e-6 +/- 3.51e-46]
903,[0.06176595303567293862872288756166556888787 +/- 2.64e-42],[0.4203619396081736338239241315443798675288 +/- 1.16e-41],[0.0001626024271493281579973767786221354364787 +/- 1.81e-44],[1.763384196085894648317540904206710279107e-5 +/- 3.24e-45],[0.8778913658045932112371081954501429378003 +/- 8.63e-42],[0.3778913658045932112371081954501429378003 +/- 8.63e-42],[7.590548082067113090153493166645290321591e-6 +/- 4.64e-47]
904,[0.06174831919371207968223971215262350178508 +/- 3.71e-42],[0.4203102720426271508744957606088898105560 +/- 5.24e-42],[0.0001623962797665587515860675876129916339870 +/- 6.13e-45],[1.760410751547751534710019211788145645141e-5 +/- 2.38e-45],[0.8777741766448816371157675452308280664297 +/- 1.99e-41],[0.3777741766448816371157675452308280664297 +/- 1.99e-41],[7.576410196580678935683013154418341852620e-6 +/- 5.02e-47]
905,[0.06173071508619660216689261196050562032862 +/- 4.89e-42],[0.4202586923349020448438475301554566352179 +/- 1.61e-41],[0.0001621906253460886284566695487262825179782 +/- 3.49e-44],[1.690243860926573334126592367411094821013e-5 +/- 2.40e-45],[0.8440969196949206070300196033917397162452 +/- 1.85e-41],[0.3440969196949206070300196033917397162452 +/- 1.85e-41],[6.890295326374279045110035049188252696182e-6 +/- 3.11e-46]
906,[0.06171381264758733643355134603683150938041 +/- 4.76e-42],[0.4202117760431945181390880301603235685401 +/- 1.94e-41],[0.0001619854621599909222775776843860860542470 +/- 4.70e-44],[1.754445667777921992241571302633265134347e-5 +/- 3.42e-45],[0.8775088611161594586072117822382554150874 +/- 3.54e-41],[0.3775088611161594586072117822382554150874 +/- 3.54e-41],[7.547716214404692242124329696952515240952e-6 +/- 3.46e-46]
907,[0.06169626819090955721362893032380517672907 +/- 1.29e-42],[0.4201603750206013784245659022967038599835 +/- 1.91e-41],[0.0001617807884883106757156242986282028376412 +/- 2.36e-44],[1.818407475797704334682775527538218626736e-5 +/- 1.84e-45],[0.9109097886109428008611251517484361918717 +/- 3.79e-41],[0.4109097886109428008611251517484361918717 +/- 3.79e-41],[8.202803843265414334640359188964474839814e-6 +/- 3.34e-46]
908,[0.06167808411615158017028210256852979454280 +/- 3.93e-42],[0.4201045037190351677870755377097190991723 +/- 2.29e-41],[0.0001615766026190192589590175585354492063043 +/- 4.99e-44],[1.815369553075734942278549792719601050190e-5 +/- 3.24e-45],[0.9108056258256483135256401965938443258461 +/- 2.85e-42],[0.4108056258256483135256401965938443258461 +/- 2.85e-42],[8.187960243219481858348631796006195422150e-6 +/- 3.03e-46]
909,[0.06165993042062082282085931707060259853230 +/- 2.03e-42],[0.4200487245082409513134384530905730049198 +/- 4.41e-41],[0.0001613729028479690990320027642426010755420 +/- 2.12e-44],[1.812340167957415794552194173205113723732e-5 +/- 3.66e-46],[0.9107015562997301080317983855867560229064 +/- 3.54e-41],[0.4107015562997301080317983855867560229064 +/- 3.54e-41],[8.173159718194779480142229238120829157197e-6 +/- 6.86e-47]
910,[0.06164180701894124866291379512887054739506 +/- 4.71e-42],[0.4199930371372980770987982688002305482470 +/- 8.21e-42],[0.0001611696874788487174410959901897111201842 +/- 1.56e-44],[1.742938236287143118138789965499559682179e-5 +/- 1.81e-45],[0.8771892011284342268581992600934612196438 +/- 4.45e-42],[0.3771892011284342268581992600934612196438 +/- 4.45e-42],[7.494591589997166831225349261376194665000e-6 +/- 2.78e-46]
911,[0.06162437763657837723173240722921555179824 +/- 2.92e-42],[0.4199419649214105976878725262729525758521 +/- 2.38e-41],[0.0001609669548231380737149059700835612436597 +/- 1.49e-45],[1.806265878079199279271553269531401945544e-5 +/- 3.99e-45],[0.9104632231187018406543802159187606358831 +/- 3.5e-44],[0.4104632231187018406543802159187606358831 +/- 3.5e-44],[8.143170369760880925807559737470542243791e-6 +/- 1.05e-46]
912,[0.06160631497779758523893969169652023777879 +/- 2.52e-42],[0.4198864640037924670479319199864109569830 +/- 5.87e-42],[0.0001607647032000642124215023749554793018734 +/- 3.58e-44],[1.803261914925538459952881210181109321019e-5 +/- 4.28e-45],[0.9103593975509769628121019855112049861411 +/- 1.25e-41],[0.4103593975509769628121019855112049861411 +/- 1.25e-41],[8.128498206600085328249409069580151619745e-6 +/- 2.53e-46]
913,[0.06158828235864832985434016288441842668558 +/- 2.71e-42],[0.4198310541784121843933424191765910227981 +/- 8.48e-42],[0.0001605629309365572112690095034123194183712 +/- 2.91e-44],[1.734381500029918094050556134967986272728e-5 +/- 3.08e-45],[0.8769427810877777430210777860129568326158 +/- 1.75e-42],[0.3769427810877777430210777860129568326158 +/- 1.75e-42],[7.455019873446344286822216788773829869837e-6 +/- 2.03e-46]
914,[0.06157093854364803067339965732306874682285 +/- 2.01e-44],[0.4197802271160082036587958153862391038214 +/- 2.32e-41],[0.0001603616363672064279166063405391919923475 +/- 2.91e-44],[1.665751588392460145746006863416147945619e-5 +/- 1.28e-45],[0.8435367099575197858055478991430082869958 +/- 2.02e-41],[0.3435367099575197858055478991430082869958 +/- 2.02e-41],[6.783899426400501444409628352772593898772e-6 +/- 3.71e-46]
915,[0.06155428102776410607194219725443458534339 +/- 3.84e-42],[0.4197339682209531124742793873557849975847 +/- 9.09e-42],[0.0001601608178342170431443993914520144641653 +/- 3.90e-44],[1.728563953428312755672198496733482181515e-5 +/- 3.72e-46],[0.8766796301962743972053035708650508546156 +/- 9.96e-42],[0.3766796301962743972053035708650508546156 +/- 9.96e-42],[7.427055543679198333104287687740040328684e-6 +/- 2.86e-46]
916,[0.06153699538822982294438547526946725052158 +/- 1.32e-42],[0.4196833155806038766219424826646254741540 +/- 3.10e-41],[0.0001599604736873668980517060717959849985034 +/- 4.90e-44],[1.725689039436575354410271076995382441750e-5 +/- 5.44e-46],[0.8765638901276665183762479188591053810362 +/- 1.39e-41],[0.3765638901276665183762479188591053810362 +/- 1.39e-41],[7.413403462767198797782882041495560942348e-6 +/- 1.54e-46]
917,[0.06151973849783545719084137255869729669716 +/- 1.19e-42],[0.4196327479588491433310248730012618293800 +/- 4.02e-41],[0.0001597606022839636229741461255790281006916 +/- 8.74e-45],[1.657511808487197424054393168448984164644e-5 +/- 3.84e-45],[0.8432230419408025057794684796128847910134 +/- 4.49e-41],[0.3432230419408025057794684796128847910134 +/- 4.49e-41],[6.746687610105838074522474629767430963599e-6 +/- 4.46e-46]
918,[0.06150316337975058521660082862701280685551 +/- 4.75e-42],[0.4195867207242401476895644406466827583318 +/- 3.06e-41],[0.0001595612019888020558305888965024194058487 +/- 3.68e-44],[1.654733721722752224201130155313712576670e-5 +/- 8.89e-47],[0.8430888942721651999948388030143592436433 +/- 1.99e-41],[0.3430888942721651999948388030143592436433 +/- 1.99e-41],[6.733818542240845394415659547193211667878e-6 +/- 4.43e-46]
919,[0.06148661604253335769435881732545966972975 +/- 1.96e-42],[0.4195407739536304143263535296265139683747 +/- 2.90e-41],[0.0001593622711741219476314476295261301320610 +/- 1.33e-44],[1.717032253946337524186748762660744041645e-5 +/- 3.37e-45],[0.8761578474106184613738374885402464818174 +/- 1.24e-41],[0.3761578474106184613738374885402464818174 +/- 1.24e-41],[7.371675760114057427846221606917839852130e-6 +/- 2.85e-46]
920,[0.06146944571999389431911694983783306228933 +/- 1.60e-42],[0.4194904668836689971006710099314760765327 +/- 4.37e-41],[0.0001591638082195659529000506235247391095988 +/- 9.64e-45],[1.714189220334695397974889415068991638147e-5 +/- 2.60e-45],[0.8760424383347951776340484013678107129611 +/- 2.46e-41],[0.3760424383347951776340484013678107129611 +/- 2.46e-41],[7.358181133406826599420275428790508475963e-6 +/- 1.73e-46]
921,[0.06145230382779054736513720094368237237295 +/- 1.20e-43],[0.4194402439124034010271770227388845804224 +/- 1.82e-41],[0.0001589658115121379027788552642873554388672 +/- 5.22e-45],[1.646599781959450139517281620588255618335e-5 +/- 7.01e-46],[0.8427837580217628393190481320514795923914 +/- 3.35e-41],[0.3427837580217628393190481320514795923914 +/- 3.35e-41],[6.697182472319318691846197369726457458617e-6 +/- 3.94e-46]
922,[0.06143583782997095286374202812747648981677 +/- 3.24e-42],[0.4193945252933857026420029094517407235060 +/- 4.30e-41],[0.0001587682794461613586121069828949807808281 +/- 2.56e-45],[1.579205686561129615055613783377073471344e-5 +/- 3.36e-45],[0.8095117926636612510743447759470152651698 +/- 1.71e-42],[0.3095117926636612510743447759470152651698 +/- 1.71e-42],[6.037994597013416470696775762031724364260e-6 +/- 3.18e-46]
923,[0.06142004577310534156759147198964271908205 +/- 3.33e-42],[0.4193533001049573635720079882973976491311 +/- 2.93e-41],[0.0001585712104232384438161832235069643197557 +/- 4.95e-45],[1.511976654628539790765568963452479688134e-5 +/- 3.24e-45],[0.7762124652825255564350905713005462812046 +/- 1.76e-41],[0.2762124652825255564350905713005462812046 +/- 1.76e-41],[5.380315543793373845691566148357033459958e-6 +/- 1.65e-46]
924,[0.06140492600655905616968381630000819428517 +/- 1.99e-42],[0.4193165594792542203676410889130480969038 +/- 3.50e-41],[0.0001583746028522089518683047557339731152412 +/- 5.24e-45],[1.509362755092899074806034588188723156504e-5 +/- 3.51e-45],[0.7760235165878942612925983432638809549507 +/- 3.45e-41],[0.2760235165878942612925983432638809549507 +/- 3.45e-41],[5.368646781470923206090525354628043615046e-6 +/- 3.62e-46]
925,[0.06138983237900812717893575595412630705361 +/- 3.07e-42],[0.4192798927290872140188143217578986372557 +/- 1.99e-41],[0.0001581784551491097282635452924465418521588 +/- 1.6e-47],[1.506756261495926543516710003711276935962e-5 +/- 1.03e-46],[0.7758347572044369197974775190456658266020 +/- 1.95e-41],[0.2758347572044369197974775190456658266020 +/- 1.95e-41],[5.357013767384964221381037535021620333244e-6 +/- 4.80e-46]
926,[0.06137476481639316791350058885408919428425 +/- 2.69e-42],[0.4192432996417689392053018839743322856432 +/- 1.17e-41],[0.0001579827657371343243091275102436027350740 +/- 3.43e-44],[1.439790028971407181121950744737507865883e-5 +/- 3.25e-45],[0.7424541043777145139021057292767452872777 +/- 1.13e-41],[0.2424541043777145139021057292767452872777 +/- 1.13e-41],[4.701745197554116024571813403462851398713e-6 +/- 3.68e-46]
927,[0.06136036691610345384168936934664181920559 +/- 1.52e-42],[0.4192111775369021272262966292347679283740 +/- 3.93e-41],[0.0001577875330465929206438613272072288479717 +/- 3.65e-44],[1.437236803253548347350457088971592827313e-5 +/- 2.73e-45],[0.7422286257390314955907597015540679952519 +/- 3.99e-41],[0.2422286257390314955907597015540679952519 +/- 3.99e-41],[4.690467110009742812644810531089062728296e-6 +/- 3.00e-46]
928,[0.06134599454807091835821586477575210327732 +/- 4.65e-42],[0.4191791274262978406708931867676843207721 +/- 2.29e-41],[0.0001575927555148725183892607558064843061739 +/- 1.44e-44],[1.434690885475227236913279038642823180690e-5 +/- 1.04e-45],[0.7420033784168956807133440163385985751539 +/- 3.61e-41],[0.2420033784168956807133440163385985751539 +/- 3.61e-41],[4.679224534121429703622341390560421046435e-6 +/- 2.59e-47]
929,[0.06133164763921616608584673198536567504551 +/- 1.55e-42],[0.4191471490970183292958456884706134410936 +/- 2.93e-41],[0.0001573984315863973958573708775143307749628 +/- 1.03e-44],[1.496439271012249984395827672132830980070e-5 +/- 4.09e-45],[0.7750756064929870106462101332699741519880 +/- 3.10e-41],[0.2750756064929870106462101332699741519880 +/- 3.10e-41],[5.310887565100302772932361609891869812171e-6 +/- 2.86e-46]
930,[0.06131668324650604358600277370864434673571 +/- 2.25e-42],[0.4191108482001945943324391016635919415637 +/- 2.56e-41],[0.0001572045597125898287586485146487300081163 +/- 3.01e-44],[1.429641955225967331072354451564353398543e-5 +/- 4.19e-45],[0.7415722939320706879127767066969656042437 +/- 2.53e-42],[0.2415722939320706879127767066969656042437 +/- 2.53e-42],[4.657157359456357623275166033940607165726e-6 +/- 1.85e-46]
931,[0.06130238682695378391269205016412870320172 +/- 2.33e-42],[0.4190790106649902716390152202980893626249 +/- 5.25e-42],[0.0001570111383518310718713710144025424296514 +/- 3.45e-44],[1.427117753911479783540884085239107359866e-5 +/- 1.44e-45],[0.7413477379835012465157592303971790478891 +/- 6.82e-43],[0.2413477379835012465157592303971790478891 +/- 6.82e-43],[4.646019999730490684270404956363351672174e-6 +/- 4.38e-46]
932,[0.06128811564941466911485664132327631212812 +/- 3.66e-42],[0.4190472442799884288135501989774689747847 +/- 1.05e-41],[0.0001568181659694226001519991960466881748381 +/- 1.29e-44],[1.424600745971218860922290295631010618864e-5 +/- 2.02e-45],[0.7411234116004428443061917481916013689294 +/- 2.02e-41],[0.2411234116004428443061917481916013689294 +/- 2.02e-41],[4.634917567849112443276908908539241438859e-6 +/- 4.05e-46]
933,[0.06127386964195495692624741842032000202194 +/- 4.98e-42],[0.4190155488355869507214194681422066870017 +/- 3.50e-41],[0.0001566256410375476072836949070544857419262 +/- 2.60e-44],[1.358048701220163893287236643512696127974e-5 +/- 2.34e-45],[0.7075337795875808303573634420476684554012 +/- 1.08e-41],[0.2075337795875808303573634420476684554012 +/- 1.08e-41],[3.983427900679316117103034613137380434807e-6 +/- 4.77e-46]
934,[0.06126028915494275528731454605388487506066 +/- 4.72e-42],[0.4189883042743168711565614443698882864741 +/- 9.70e-42],[0.0001564335620352327596777927260088830855271 +/- 3.95e-44],[1.291550482029588728915724075688569470526e-5 +/- 2.82e-45],[0.6738642448344608389771537157881674810462 +/- 3.73e-41],[0.1738642448344608389771537157881674810462 +/- 3.73e-41],[3.332339576479853127880102765008443735167e-6 +/- 3.32e-46]
935,[0.06124737365012245940002538881312798936595 +/- 2.70e-44],[0.4189655092503925705640974038943627244094 +/- 1.27e-41],[0.0001562419274483102039604510549629378836897 +/- 3.25e-44],[1.353103460192116721170137630625481035641e-5 +/- 1.08e-45],[0.7069943622236475409959132006216275340323 +/- 3.95e-41],[0.2069943622236475409959132006216275340323 +/- 3.95e-41],[3.961626891679187795933790324713450412246e-6 +/- 3.76e-46]
936,[0.06123384261552053823281368743682173455559 +/- 3.62e-42],[0.4189384053225384284157486066082394304674 +/- 1.40e-41],[0.0001560507357693798259939620538133780967242 +/- 2.11e-45],[1.350640168265283337722670669033174050368e-5 +/- 2.93e-45],[0.7067280545770163266032032868934000531945 +/- 3.02e-41],[0.2067280545770163266032032868934000531945 +/- 3.02e-41],[3.950815488514447801929679689279488457281e-6 +/- 2.68e-46]
937,[0.06122033621383788539943646073013140281509 +/- 6.15e-44],[0.4189113711434439619786865294588985357147 +/- 1.70e-41],[0.0001558599854977717594992844539443584029028 +/- 1.25e-44],[1.412096126698007734297826612714373678937e-5 +/- 3.06e-45],[0.7399526404688147749923763121446023341990 +/- 3.42e-41],[0.2399526404688147749923763121446023341990 +/- 3.42e-41],[4.579160552522593257890533856358384057805e-6 +/- 2.30e-46]
938,[0.06120621525257090532209348246400425907830 +/- 5.66e-43],[0.4188800325136461441654739780542515574160 +/- 9.06e-42],[0.0001556696751395091423632800952668530050262 +/- 1.24e-44],[1.473449656464574309188054803275513152293e-5 +/- 1.73e-45],[0.7732247766262219405224045608443856717252 +/- 3.23e-41],[0.2732247766262219405224045608443856717252 +/- 3.23e-41],[5.206544919759160748746005294439423985174e-6 +/- 2.04e-46]
939,[0.06119148075600625957900160191597150394678 +/- 2.37e-42],[0.4188443946743861835188429051586623684881 +/- 1.71e-41],[0.0001554798032072711187308858851090802868737 +/- 6.14e-45],[1.407210198844738634733738053991570876602e-5 +/- 4.86e-46],[0.7395440263414603758625591326369732841591 +/- 1.35e-41],[0.2395440263414603758625591326369732841591 +/- 1.35e-41],[4.558062602542015368130456325909277052816e-6 +/- 1.06e-46]
940,[0.06117740865401781219265426453543158823801 +/- 1.62e-42],[0.4188131907253452474574752975669859130731 +/- 3.55e-41],[0.0001552903682203560849990395827098993098792 +/- 4.94e-44],[1.404749656934168033757861030806927646323e-5 +/- 2.21e-45],[0.7393215103504472998042940874637308162607 +/- 2.40e-41],[0.2393215103504472998042940874637308162607 +/- 2.40e-41],[4.547234252692055342240713897589070890809e-6 +/- 1.23e-46]
941,[0.06116336115744847051231668592512351896155 +/- 1.62e-42],[0.4187820560709746899385436908404533656593 +/- 9.67e-42],[0.0001551013687046451778456021513325579553597 +/- 1.67e-45],[1.465871612174365809041572687906746102711e-5 +/- 2.09e-45],[0.7726075805470542859104959295580396360512 +/- 1.46e-41],[0.2726075805470542859104959295580396360512 +/- 1.46e-41],[5.172195091646869424022675892855147167113e-6 +/- 3.74e-46]
942,[0.06114870244132672685422627019824445150052 +/- 1.29e-42],[0.4187466368517059542012015746238443015813 +/- 1.12e-41],[0.0001549128031925660024427831520291631568827 +/- 3.55e-44],[1.526837844114257621654504061653200682349e-5 +/- 8.62e-46],[0.8059133716021861460832184255165573585236 +/- 1.46e-41],[0.3059133716021861460832184255165573585236 +/- 1.46e-41],[5.795661534368548737051934128358171126069e-6 +/- 3.23e-46]
943,[0.06113343406288558427800972515762791949370 +/- 2.21e-42],[0.4187069419817053548846498217700062796436 +/- 1.31e-41],[0.0001547246702230565990206805186768806659501 +/- 2.64e-44],[1.460985230593744654797532781752882267734e-5 +/- 3.13e-45],[0.7722847729650924171160311815170346409957 +/- 2.93e-41],[0.2722847729650924171160311815170346409957 +/- 2.93e-41],[5.151001880954499384280803155624067050397e-6 +/- 3.29e-46]
944,[0.06111882421057964683146174982981039067102 +/- 4.57e-43],[0.4186716569689387637770430928508197487180 +/- 6.68e-42],[0.0001545369683415296459624937722279268114793 +/- 9.21e-45],[1.458514200494625721187874866316107700758e-5 +/- 1.33e-45],[0.7720995285892867880473881558805260084323 +/- 3.49e-41],[0.2720995285892867880473881558805260084323 +/- 3.49e-41],[5.140024202844394673750683141336811659010e-6 +/- 2.16e-46]
945,[0.06110423906857470057424987108114722959401 +/- 2.88e-42],[0.4186364417125932832200228699468563536265 +/- 5.21e-42],[0.0001543496960998368976287620019097755143754 +/- 1.26e-44],[1.456050020472761949433150667037468224896e-5 +/- 1.57e-45],[0.7719144665773946818653800503803653672974 +/- 4.32e-41],[0.2719144665773946818653800503803653672974 +/- 4.32e-41],[5.129079474081333646832321640992645318320e-6 +/- 2.21e-46]
946,[0.06108967856836997295475553957447685491176 +/- 3.92e-42],[0.4186012960158809328856342881971553995752 +/- 4.98e-41],[0.0001541628520562338551236164409763752238048 +/- 2.86e-44],[1.516626656787872286812067194488751746702e-5 +/- 4.80e-46],[0.8051950809198450697351055465320099670049 +/- 2.61e-41],[0.3051950809198450697351055465320099670049 +/- 2.61e-41],[5.748507488580222712090677710783013289034e-6 +/- 4.22e-46]
947,[0.06107451230180209423188741890253196739430 +/- 3.11e-42],[0.4185618997747222726652848607615661624358 +/- 3.16e-41],[0.0001539764347753446682315238532560924289513 +/- 4.98e-44],[1.577040977470310569057978029682680079803e-5 +/- 2.01e-45],[0.8384915979207222835603863712062785032907 +/- 1.98e-41],[0.3384915979207222835603863712062785032907 +/- 1.98e-41],[6.366374114828689968978919466973429162866e-6 +/- 6.89e-47]
948,[0.06105874189202739112619683912223514059350 +/- 1.14e-42],[0.4185182623896452568050229618964028326762 +/- 3.60e-41],[0.0001537904428281272667683328632483366296887 +/- 3.73e-45],[1.574484466991285744548265406745805600447e-5 +/- 4.64e-45],[0.8383612294745381654788691822096021358337 +/- 1.15e-41],[0.3383612294745381654788691822096021358337 +/- 1.15e-41],[6.354593715809639652720215805154007871620e-6 +/- 2.86e-46]
949,[0.06104299704735747826875135646816768253749 +/- 4.40e-42],[0.4184746990519743040458755426687532231767 +/- 3.73e-41],[0.0001536048747918387196056224265921848092294 +/- 2.18e-44],[1.509305962692865211220671316166140962854e-5 +/- 3.94e-45],[0.8048342419333527603549211296294135611292 +/- 4.99e-41],[0.3048342419333527603549211296294135611292 +/- 4.99e-41],[5.716557708550726006908086988360807466584e-6 +/- 3.81e-46]
950,[0.06102790398773054961663914975500602112787 +/- 4.15e-42],[0.4184355036913628848531271152835108939001 +/- 5.79e-42],[0.0001534197292500008196423914499429609340502 +/- 3.51e-44],[1.506825392875040067218674710944322536232e-5 +/- 4.66e-45],[0.8046801131799373271106981525714077421046 +/- 6.82e-42],[0.3046801131799373271106981525714077421046 +/- 6.82e-42],[5.705369422257734406991107778101826404111e-6 +/- 3.63e-46]
951,[0.06101283573380179921596696300789657790250 +/- 3.53e-42],[0.4183963790403177359704701749741952942139 +/- 2.57e-42],[0.0001532350047923658930130227113409585827427 +/- 3.27e-44],[1.441944431040235113130058368791467841562e-5 +/- 2.11e-45],[0.7711508323753518179982853646942145210610 +/- 1.09e-41],[0.2711508323753518179982853646942145210610 +/- 1.09e-41],[5.070142134337399421763963778910808003510e-6 +/- 2.62e-46]
952,[0.06099841628949139686483566242420866322409 +/- 2.09e-42],[0.4183616051407537470174174029637733753146 +/- 7.16e-42],[0.0001530507000148828308352042670952301136439 +/- 2.69e-44],[1.439526706238125550396260915776064387999e-5 +/- 2.74e-45],[0.7709671095776472559190773437526567568665 +/- 3.01e-41],[0.2709671095776472559190773437526567568665 +/- 3.01e-41],[5.059416749475365458969836821735520849034e-6 +/- 2.50e-46]
953,[0.06098402102242901560933169981505090258021 +/- 2.08e-42],[0.4183268994902152481019592400013958459676 +/- 1.60e-41],[0.0001528668135196633418160990036891496162815 +/- 2.64e-44],[1.499340741134853768124393536485452425620e-5 +/- 1.78e-45],[0.8041574265376787061211461662059484891168 +/- 1.60e-41],[0.3041574265376787061211461662059484891168 +/- 1.60e-41],[5.670974442033652384419448370006066478938e-6 +/- 1.65e-46]
954,[0.06096902761501766707165045587968604805595 +/- 1.73e-42],[0.4182879928418790761062523596408112882717 +/- 3.32e-42],[0.0001526833439149484240495194297332104770650 +/- 3.28e-44],[1.496887115644598852236491035754227112763e-5 +/- 2.33e-45],[0.8040038402778777045630721290594773945625 +/- 9.3e-44],[0.3040038402778777045630721290594773945625 +/- 9.3e-44],[5.659916144942258377612253528110483311888e-6 +/- 4.69e-46]
955,[0.06095405874386122108312809096932850578482 +/- 4.10e-42],[0.4182491561310811558354085792822226177359 +/- 1.23e-41],[0.0001525002898150750543511917121020110026648 +/- 2.82e-44],[1.432479007541684949089212927068979809821e-5 +/- 6.31e-46],[0.7705218741630253935070095924306243994734 +/- 2.10e-41],[0.2705218741630253935070095924306243994734 +/- 2.10e-41],[5.029278451572903556243785181189167222800e-6 +/- 2.46e-46]
956,[0.06093973395378580423363719884005781598673 +/- 4.12e-42],[0.4182146414105906849928525362549054723047 +/- 3.16e-41],[0.0001523176498404430934933818329514870870891 +/- 4.58e-44],[1.430087477634943761557015851386904529305e-5 +/- 1.78e-45],[0.7703388910721696702707621235416262472142 +/- 4.97e-42],[0.2703388910721696702707621235416262472142 +/- 4.97e-42],[5.018677718606930744344875660300556328830e-6 +/- 4.81e-48]
957,[0.06092543307900945479602162868154394694143 +/- 2.84e-42],[0.4181801941934451013663479380307077066214 +/- 1.50e-41],[0.0001521354226174824057142090536972362373114 +/- 3.92e-44],[1.489483924995890089979113667221428274681e-5 +/- 2.42e-45],[0.8034833000430326234747880896265063152591 +/- 2.68e-41],[0.3034833000430326234747880896265063152591 +/- 2.68e-41],[5.625922740330655165601653200980434452549e-6 +/- 4.01e-46]
958,[0.06091053823975949589512183754487173265869 +/- 3.98e-42],[0.4181415730902221067335742208281044071939 +/- 3.36e-41],[0.0001519536067786201908908890743694693445825 +/- 3.41e-44],[1.425397360235252544522268638140672801906e-5 +/- 2.09e-45],[0.7700208846408579913907272711010262153534 +/- 2.23e-41],[0.2700208846408579913907272711010262153534 +/- 2.23e-41],[4.998397625994002559708388077187792289444e-6 +/- 3.99e-46]
959,[0.06089628426615714336967661485849032593067 +/- 3.05e-42],[0.4181072546365730759455183234465201416359 +/- 7.12e-42],[0.0001517722009622485277799328111350047309746 +/- 2.84e-44],[1.361458351548794129267293403844554774709e-5 +/- 8.08e-46],[0.7365315221745972539766897186559296628891 +/- 2.07e-41],[0.2365315221745972539766897186559296628891 +/- 2.07e-41],[4.372220421990526215363703579440343717199e-6 +/- 1.24e-46]
960,[0.06088266968264165542838394192445188038292 +/- 1.32e-43],[0.4180772308906303052259432677678619014793 +/- 4.64e-41],[0.0001515912038126921267409780034649778752909 +/- 3.53e-44],[1.359128999689879801679567024753502365521e-5 +/- 2.19e-45],[0.7363138910705493281116341876256064689581 +/- 4.23e-41],[0.2363138910705493281116341876256064689581 +/- 4.23e-41],[4.362012808376654946440956872010889490497e-6 +/- 2.56e-46]
961,[0.06086907839264475663036714625420434535926 +/- 4.67e-42],[0.4180472726982907737234691069346265651356 +/- 4.51e-42],[0.0001514106139801762903744513110985683403298 +/- 2.54e-44],[1.356806081338248761766008902781824043263e-5 +/- 4.01e-45],[0.7360964767357319891009245299209749344724 +/- 2.41e-41],[0.2360964767357319891009245299209749344724 +/- 2.41e-41],[4.351836281544662867606177947014970009108e-6 +/- 2.39e-46]
962,[0.06085551033183137414274948616517652711883 +/- 2.03e-42],[0.4180173798719859121202558013618158925154 +/- 3.86e-41],[0.0001512304301207950805166495588857633471393 +/- 2.23e-44],[1.415872770428385745409265609032008553225e-5 +/- 3.37e-45],[0.7692280950019517927828306391737905758382 +/- 3.09e-41],[0.2692280950019517927828306391737905758382 +/- 3.09e-41],[4.955522701580509784578399960489339404102e-6 +/- 3.89e-46]
963,[0.06084135160412709028529539350908620703330 +/- 2.21e-43],[0.4179833351663426758746071998574847955107 +/- 3.87e-41],[0.0001510506508964796900490917078794791192193 +/- 9.79e-45],[1.413526508662103863226355687004984051969e-5 +/- 3.12e-45],[0.7690463359196138186097355170562466674504 +/- 4.94e-41],[0.2690463359196138186097355170562466674504 +/- 4.94e-41],[4.945139325396062933825339758990476681862e-6 +/- 3.43e-46]
964,[0.06082721633904046924666312995221615719278 +/- 9.32e-44],[0.4179493566625733107203534891107412358152 +/- 4.10e-41],[0.0001508712749749670179921293308037011056622 +/- 1.82e-45],[1.411186620195375474685332551177350064740e-5 +/- 3.99e-45],[0.7688647527627831580858821488558457798415 +/- 1.88e-41],[0.2688647527627831580858821488558457798415 +/- 1.88e-41],[4.934786519704573487215026462251526252331e-6 +/- 4.01e-46]
965,[0.06081310447283851549191627662670438369213 +/- 2.69e-42],[0.4179154441774571401074935360562935415764 +/- 7.16e-42],[0.0001506923010297684463658141905874728403659 +/- 3.35e-44],[1.347688926588987809527133812834726370544e-5 +/- 2.39e-45],[0.7353116136547399317712115703949534729701 +/- 6.30e-42],[0.2353116136547399317712115703949534729701 +/- 6.30e-42],[4.312822620114138555531979099132543201202e-6 +/- 4.92e-46]
966,[0.06079962758357262561382100528857603642843 +/- 2.76e-42],[0.4178858014410011979369981335332355261750 +/- 2.05e-41],[0.0001505137277401388173139082877852912351722 +/- 1.82e-45],[1.284254302719575581502533057802744096669e-5 +/- 4.09e-45],[0.7016879245083278643083700642652492584411 +/- 1.95e-41],[0.2016879245083278643083700642652492584411 +/- 1.95e-41],[3.691364434380071505881949613017126607278e-6 +/- 1.20e-46]
967,[0.06078678504054542985800597995799800898746 +/- 5.61e-43],[0.4178604262691602126486420188003403133911 +/- 4.63e-41],[0.0001503355537910456089996857667832993773862 +/- 1.35e-44],[1.343103423916040820722534385091819852846e-5 +/- 3.80e-45],[0.7348667274661035397830175614121569544015 +/- 7.88e-42],[0.2348667274661035397830175614121569544015 +/- 7.88e-42],[4.292619246912764196368055349428707009948e-6 +/- 1.91e-46]
968,[0.06077335400630626944979875461414709078893 +/- 2.11e-42],[0.4178309135155753769967255368407583024476 +/- 4.31e-41],[0.0001501577778731383087948186469121523639451 +/- 1.24e-46],[1.340824765895632533809130863007955687913e-5 +/- 1.65e-45],[0.7346508569158281772080079171501205502114 +/- 1.68e-41],[0.2346508569158281772080079171501205502114 +/- 1.68e-41],[4.282655867471788399491442103055778363820e-6 +/- 6.03e-47]
969,[0.06075994575864731312446066330551701123205 +/- 2.98e-42],[0.4178014648405889743868846955949637491440 +/- 4.75e-41],[0.0001499803986827179822951607531516482109770 +/- 2.96e-44],[1.399528306271589118870069767304704721170e-5 +/- 2.76e-45],[0.7678914108549489734942814190868282041225 +/- 2.55e-41],[0.2678914108549489734942814190868282041225 +/- 2.55e-41],[4.882482173893647651956359837512077104420e-6 +/- 2.32e-46]
970,[0.06074595047558459723327196260784396418484 +/- 1.28e-42],[0.4177678865651152993793020484624413057031 +/- 4.50e-41],[0.0001498034149217070367096477274137036066394 +/- 2.78e-44],[1.458112701251658136596489979693529259664e-5 +/- 4.25e-45],[0.8011651543329730685968795475183889947768 +/- 3.87e-41],[0.3011651543329730685968795475183889947768 +/- 3.87e-41],[5.481176188609115049643710220083025121986e-6 +/- 1.35e-46]
971,[0.06073136934857208065190599770804702889224 +/- 4.65e-42],[0.4177301852458598211399832821403115674037 +/- 1.18e-41],[0.0001496268252976191771808168562043610600842 +/- 1.10e-44],[1.516556242078820789470435290647711601304e-5 +/- 1.20e-46],[0.8344608968903472941255183074844900252813 +/- 4.98e-41],[0.3344608968903472941255183074844900252813 +/- 4.98e-41],[6.078520429184229008529424223572176876681e-6 +/- 4.26e-46]
972,[0.06071620378615129244401129335514055177623 +/- 1.60e-42],[0.4176883689410627812548394800925396034882 +/- 2.09e-41],[0.0001494506285235295546076198901322112330743 +/- 1.89e-44],[1.514160276185466223414051108043019702772e-5 +/- 4.26e-45],[0.8343331450615128800148219415746577558791 +/- 7.76e-42],[0.3343331450615128800148219415746577558791 +/- 7.76e-42],[6.067527944451646749742097865889216146965e-6 +/- 1.46e-46]
973,[0.06070106218338943778177715284406012157920 +/- 3.89e-42],[0.4176466220183755573734105883751825307402 +/- 3.47e-41],[0.0001492748233180451035532562773358134272780 +/- 3.34e-45],[1.451213689423761411157010623565317118436e-5 +/- 4.33e-45],[0.8007897660494810618566053660760440917793 +/- 2.38e-41],[0.3007897660494810618566053660760440917793 +/- 2.38e-41],[5.450996561594486638717066797082980515446e-6 +/- 3.56e-47]
974,[0.06068655004649520016766558273782446840802 +/- 4.81e-43],[0.4176091114690204844807308324289449430721 +/- 4.36e-41],[0.0001490994084052750688326944944571046477794 +/- 3.88e-44],[1.388405867758145598272293652585996946724e-5 +/- 9.77e-46],[0.7672167492157810612858214885785193827784 +/- 3.08e-41],[0.2672167492157810612858214885785193827784 +/- 3.08e-41],[4.835729967491903415570395876738940313362e-6 +/- 3.03e-46]
975,[0.06067266598781761871168285980129860843855 +/- 2.29e-42],[0.4175758298598925910032467849473989204793 +/- 3.57e-41],[0.0001489243825148017193863766294033332432578 +/- 4.75e-44],[1.386133861692371598762032292266444557857e-5 +/- 3.49e-45],[0.7670369593922728585096871457742132950795 +/- 1.90e-42],[0.2670369593922728585096871457742132950795 +/- 1.90e-42],[4.825699299161164821987473494215276176262e-6 +/- 4.48e-46]
976,[0.06065880464920069499569523947837594399297 +/- 3.72e-42],[0.4175426123393135352438882475538539433954 +/- 1.89e-41],[0.0001487497443816512480583172302039284596365 +/- 4.34e-44],[1.383867950133326176114561093371280597089e-5 +/- 3.59e-45],[0.7668573417756898058357245892473951121552 +/- 3.71e-41],[0.2668573417756898058357245892473951121552 +/- 3.71e-41],[4.815697815268140075820762037088685149875e-6 +/- 3.19e-46]
977,[0.06064496596969936173393409386744223118700 +/- 2.83e-42],[0.4175094587319840501429861441924862347877 +/- 3.39e-41],[0.0001485754927462648559084128506150581460077 +/- 2.29e-44],[1.441894299816640821044265563397855628070e-5 +/- 1.53e-45],[0.8001317304110608537943513430322265554161 +/- 3.29e-41],[0.3001317304110608537943513430322265554161 +/- 3.29e-41],[5.408587296637861657789129552094477691040e-6 +/- 1.20e-46]
978,[0.06063054702670119532572365121180825263072 +/- 2.13e-42],[0.4174722178518518226754581941655381353749 +/- 4.28e-42],[0.0001484016263544700197002748492038742600380 +/- 2.88e-44],[1.499766033792609628232712818088082146768e-5 +/- 3.68e-46],[0.8334189496696162985949187557190283591290 +/- 3.54e-41],[0.3334189496696162985949187557190283591290 +/- 3.54e-41],[5.999988552402462280852925323688046107653e-6 +/- 1.35e-46]
979,[0.06061554936636326922944132408362737180925 +/- 4.45e-42],[0.4174308987408308822876211797969014583568 +/- 3.58e-41],[0.0001482281439574519412172859746904190047590 +/- 3.42e-44],[1.437363708906921358939957752478638078812e-5 +/- 1.19e-45],[0.7998747060413432675821724682938116392950 +/- 3.17e-41],[0.2998747060413432675821724682938116392950 +/- 3.17e-41],[5.388706711531884119333708168109495612598e-6 +/- 4.70e-46]
980,[0.06060117572927420001585192450610258542847 +/- 3.68e-42],[0.4173937837400619244744652197888426494289 +/- 4.61e-41],[0.0001480550443117251770708622235198796507898 +/- 4.46e-44],[1.435075566716915552992307442140251298231e-5 +/- 2.55e-45],[0.7997247116033298830629407583665656416618 +/- 2.86e-41],[0.2997247116033298830629407583665656416618 +/- 2.86e-41],[5.378445909228819523600878899596638390473e-6 +/- 2.40e-46]
981,[0.06058682497360703086032200143168118291548 +/- 4.02e-42],[0.4173567339256963488396039683899134034550 +/- 2.12e-41],[0.0001478823261791054476760765002741474341523 +/- 3.46e-44],[1.432793464553926123894451209095746685587e-5 +/- 2.34e-45],[0.7995748564360874144660135422237999503858 +/- 1.08e-41],[0.2995748564360874144660135422237999503858 +/- 1.08e-41],[5.368214032635934495196334354805800396154e-6 +/- 2.40e-46]
982,[0.06057249703896149159908305691959022544863 +/- 1.87e-42],[0.4173197491249557138282225411313855081996 +/- 6.76e-42],[0.0001477099883266816240808708491734664383776 +/- 9.42e-45],[1.370700776660496734859563800762492313554e-5 +/- 1.79e-45],[0.7659974466885362743651187379763289345352 +/- 2.40e-41],[0.2659974466885362743651187379763289345352 +/- 2.40e-41],[4.759844936062008184711298237880026795321e-6 +/- 4.40e-46]
983,[0.06055879003119488663173446128158260052549 +/- 2.60e-42],[0.4172869508940287986477718774727762538874 +/- 1.67e-41],[0.0001475380295267878913460505445598133516209 +/- 1.49e-44],[1.428246166123682999338993103968483278583e-5 +/- 5.71e-46],[0.7992670383147400732261871899754061567967 +/- 1.04e-41],[0.2992670383147400732261871899754061567967 +/- 1.04e-41],[5.347737109507850601863998963929444666657e-6 +/- 3.40e-46]
984,[0.06054450756953364980174107135054291569271 +/- 3.24e-42],[0.4172500962904742869820672414308505493678 +/- 1.70e-41],[0.0001473664485569760871841172064725623945448 +/- 6.07e-45],[1.425982062207848269603768248920557145326e-5 +/- 5.00e-45],[0.7991176042410272459138828102073227764717 +/- 2.87e-41],[0.2991176042410272459138828102073227764717 +/- 2.87e-41],[5.337591561925352781711178306199987589970e-6 +/- 1.77e-46]
985,[0.06053024774891157131904503366805371012125 +/- 3.52e-42],[0.4172133061846109915251892457478263224699 +/- 1.53e-41],[0.0001471952441999882145757604085425946107615 +/- 6.60e-45],[1.364117769927147320674226389376302436927e-5 +/- 3.53e-45],[0.7655184122920477679614404702034333595105 +/- 4.69e-41],[0.2655184122920477679614404702034333595105 +/- 4.69e-41],[4.731413100384647556878762550878408958827e-6 +/- 3.36e-46]
986,[0.06051660657121229984583829140415994709688 +/- 4.25e-42],[0.4171806894486252747426086778535391251104 +/- 4.00e-41],[0.0001470244152437291270934890216534999130692 +/- 1.42e-44],[1.421476357502673740966434216508714088081e-5 +/- 3.68e-45],[0.7988139068437921665337283344260529117221 +/- 1.87e-41],[0.2988139068437921665337283344260529117221 +/- 1.87e-41],[5.317344881359433489763701671570192916081e-6 +/- 4.18e-46]
987,[0.06050239180763727310842862706199485995600 +/- 3.44e-42],[0.4171440281101824308758585524269443712125 +/- 2.00e-41],[0.0001468539604812393856724458283995709702763 +/- 3.29e-44],[1.478720494826071257812885471732483141930e-5 +/- 1.29e-46],[0.8321428565060949465306636101496650651171 +/- 2.12e-41],[0.3321428565060949465306636101496650651171 +/- 2.12e-41],[5.902189092721486913333620862888427693735e-6 +/- 8.80e-47]
988,[0.06048760460268901239585049820727753512458 +/- 4.14e-42],[0.4171033284869769151326502834368860536803 +/- 1.12e-41],[0.0001466838787106682855789127787509796841001 +/- 1.83e-44],[1.476423954567186725965209901702766236683e-5 +/- 3.28e-45],[0.8320172217082693754354781716702339396814 +/- 3.25e-41],[0.3320172217082693754354781716702339396814 +/- 3.25e-41],[5.891683088632171431670522743516086382460e-6 +/- 2.68e-46]
989,[0.06047284036314334052859084610826050746222 +/- 2.71e-42],[0.4170626953496158282429604737128136976282 +/- 1.98e-41],[0.0001465141687352470523373806532932815240592 +/- 3.78e-44],[1.414847809153123339793018137546694472623e-5 +/- 3.06e-46],[0.7984353156268890369480917604597773264337 +/- 3.26e-42],[0.2984353156268890369480917604597773264337 +/- 3.26e-42],[5.288350154665991372172896380202953086834e-6 +/- 4.80e-46]
990,[0.06045869188505180929519291592688504051749 +/- 1.07e-42],[0.4170262178706129935496059992037930350633 +/- 3.03e-41],[0.0001463448293632622053873268621969653321363 +/- 6.07e-45],[1.412618923461245010683862217501234620646e-5 +/- 1.49e-45],[0.7982867027269007678718782652343345420630 +/- 1.93e-41],[0.2982867027269007678718782652343345420630 +/- 1.93e-41],[5.278372287168497670396202167499455579893e-6 +/- 6.38e-48]
991,[0.06044456569581719684508607730471002817128 +/- 4.62e-42],[0.4169898038869978996135595772830311465228 +/- 3.57e-41],[0.0001461758594080290882510196295703137148215 +/- 1.92e-44],[1.469536111333821135199164680302810951093e-5 +/- 1.10e-45],[0.8316054935783168346459042053804397320892 +/- 2.54e-41],[0.3316054935783168346459042053804397320892 +/- 2.54e-41],[5.859824776207058865595950790152242586311e-6 +/- 4.98e-46]
992,[0.06042987033470385863373408565790700006177 +/- 3.69e-42],[0.4169493727185848633610375371878180903521 +/- 1.95e-41],[0.0001460072576878655640037468766940969199379 +/- 2.55e-44],[1.467263392340782069597332416373934138564e-5 +/- 3.81e-45],[0.8314803305738497835544884807139630090968 +/- 2.23e-41],[0.3314803305738497835544884807139630090968 +/- 2.23e-41],[5.849434273404411549091680884571132961832e-6 +/- 5.72e-47]
993,[0.06041519770078045081303811233374326072039 +/- 1.96e-42],[0.4169090073481270647444789290788619605966 +/- 2.14e-41],[0.0001458390230260658748478546953682127180102 +/- 1.45e-44],[1.406044598404850638732618265596514153978e-5 +/- 4.20e-45],[0.7979012644910181553353385871377841922542 +/- 3.23e-41],[0.2979012644910181553353385871377841922542 +/- 3.23e-41],[5.249552575440064121076206716686370929621e-6 +/- 3.16e-46]
994,[0.06040113725479640230665078615108729557885 +/- 1.74e-42],[0.4168727763157988502121905975837903523223 +/- 8.25e-42],[0.0001456711542508746646018743547932829679342 +/- 1.10e-44],[1.462728175593666907697633933731810142560e-5 +/- 9.54e-46],[0.8312180284374381052495812350442002031070 +/- 4.85e-41],[0.3312180284374381052495812350442002031070 +/- 4.85e-41],[5.828578373964970067549432112581044314975e-6 +/- 7.35e-47]
995,[0.06038650997304046563757380981174997747742 +/- 2.66e-42],[0.4168325431387600038747748457228246568670 +/- 2.40e-41],[0.0001455036501954611629258192618104110335822 +/- 2.23e-44],[1.401672876370451010088152118526717075169e-5 +/- 1.03e-45],[0.7976325251936140289436374482793621147711 +/- 4.97e-42],[0.2976325251936140289436374482793621147711 +/- 4.97e-42],[5.230271140062503288552882540163140633387e-6 +/- 2.13e-46]
996,[0.06037249324427676112747292829056471030667 +/- 9.69e-43],[0.4167964346687203734976176655540461354216 +/- 3.44e-41],[0.0001453365096978935301134451339796570874859 +/- 5.84e-45],[1.399478281278305718699092819026388960632e-5 +/- 1.15e-45],[0.7974846444196655776722085910332984316012 +/- 2.72e-41],[0.2974846444196655776722085910332984316012 +/- 2.72e-41],[5.220455362900216062898682095504095516746e-6 +/- 1.90e-46]
997,[0.06035849846146397807028593736237444641706 +/- 4.66e-42],[0.4167603887255338368226177515525490476257 +/- 1.50e-41],[0.0001451697316011133612918887763771468002331 +/- 1.26e-44],[1.455990687316586356187917796668630202694e-5 +/- 1.69e-45],[0.8308336931607170393547759439840135423313 +/- 3.13e-41],[0.3308336931607170393547759439840135423313 +/- 3.13e-41],[5.797679851668924106523960248569061791724e-6 +/- 2.41e-46]
998,[0.06034393855459081220672405818440776011504 +/- 2.29e-42],[0.4167203513789031691874910759620448470688 +/- 4.94e-41],[0.0001450033147529103488786341941812890603511 +/- 1.79e-44],[1.395138457594222053474955339713278467430e-5 +/- 3.07e-45],[0.7972154963958440606992552641756024069801 +/- 5.05e-42],[0.2972154963958440606992552641756024069801 +/- 5.05e-42],[5.201313460280607020975078635059458541205e-6 +/- 3.18e-46]
999,[0.06032998717001486998618930863101062733036 +/- 3.41e-42],[0.4166844271823061270615824495998917184752 +/- 4.74e-41],[0.0001448372580058971021552002318415414722136 +/- 2.76e-44],[1.392960778761598222195688903530931358890e-5 +/- 2.45e-45],[0.7970679844057071156185955468585767067424 +/- 5.54e-42],[0.2970679844057071156185955468585767067424 +/- 5.54e-42],[5.191577870380076536567234678669173296230e-6 +/- 4.87e-46]
1000,[0.06031605756222725400396735174197531801677 +/- 4.52e-42],[0.4166485650328657622470358095859351324717 +/- 2.24e-41],[0.0001446715602174841228263024034377021347198 +/- 1.41e-44],[1.390788736994350352518810451717988559239e-5 +/- 1.16e-46],[0.7969206071416584309340444329003856598673 +/- 4.89e-41],[0.2969206071416584309340444329003856598673 +/- 4.89e-41],[5.181869216248504742656143520520605674701e-6 +/- 3.86e-46]
1001,[0.06030214967485731050044216363745813813118 +/- 2.13e-42],[0.4166127647691522189735964963714788699612 +/- 2.99e-41],[0.0001445062202498549354425139552452719001328 +/- 7.36e-45],[1.447045631738159113972451682575430124274e-5 +/- 4.45e-45],[0.8302959029702842228117820433957042815180 +/- 2.56e-41],[0.3302959029702842228117820433957042815180 +/- 2.56e-41],[5.756420594926942445883024218107485663215e-6 +/- 2.34e-47]
1002,[0.06028767921853992890930243912063238382994 +/- 6.24e-43],[0.4165729893230558947628898339384103901969 +/- 5.73e-42],[0.0001443412369699413715736383580894105596295 +/- 1.50e-44],[1.503139468743171099289292957999579969701e-5 +/- 1.90e-45],[0.8636748913870916071051998588432412574987 +/- 8.27e-42],[0.3636748913870916071051998588432412574987 +/- 8.27e-42],[6.329396494980629268549931035033302744397e-6 +/- 4.81e-46]
1003,[0.06027264782385249719830954619105238803024 +/- 2.37e-42],[0.4165292484412408838662449893035941665265 +/- 4.83e-41],[0.0001441766092493990066291082315487746805757 +/- 4.28e-44],[1.442676243149307884439979668036730675792e-5 +/- 1.67e-45],[0.8300873704450110569960097896690776485303 +/- 1.91e-41],[0.3300873704450110569960097896690776485303 +/- 1.91e-41],[5.736856437766857987990631003110374435660e-6 +/- 2.82e-46]
1004,[0.06025822106142100411946514639437202072348 +/- 4.45e-42],[0.4164895967392452173470124762527816898917 +/- 2.23e-41],[0.0001440123359645827482307450125188807740053 +/- 2.27e-44],[1.440472962704115157671635967407827572939e-5 +/- 2.68e-45],[0.8299637306631910886147883530871704261113 +/- 2.40e-41],[0.3299637306631910886147883530871704261113 +/- 2.40e-41],[5.726802450915693880506332079051844249898e-6 +/- 3.62e-46]
1005,[0.06024381633179396296788843003469794244776 +/- 4.95e-42],[0.4164500088267182671594694905742144133278 +/- 2.01e-41],[0.0001438484159965225750521503455437065046565 +/- 3.96e-45],[1.496318275261229716229266695236587044242e-5 +/- 2.09e-46],[0.8633291894219606510288504681718854458416 +/- 4.92e-41],[0.3633291894219606510288504681718854458416 +/- 4.92e-41],[6.297205199698298500865110210246711364044e-6 +/- 2.42e-46]
1006,[0.06022885314904135067072613736774557657731 +/- 2.64e-42],[0.4164064716039243446556293275832895562540 +/- 1.34e-41],[0.0001436848482308994250478550306947910697775 +/- 2.85e-44],[1.436117032135475885412682510783511048684e-5 +/- 1.06e-45],[0.8297442854338420430415833218511223733637 +/- 7.39e-42],[0.3297442854338420430415833218511223733637 +/- 7.39e-42],[5.707196697513623473883501223270000144491e-6 +/- 1.57e-46]
1007,[0.06021449197871999591187201054263774146683 +/- 4.21e-42],[0.4163670078746092258474514583336696287551 +/- 1.53e-41],[0.0001435216315580212320041252462943374166852 +/- 3.91e-44],[1.376061403584227893075403804003475257956e-5 +/- 4.32e-45],[0.7961399709760801003200381734916745965285 +/- 4.03e-41],[0.2961399709760801003200381734916745965285 +/- 4.03e-41],[5.118531903619002826700985312027781368483e-6 +/- 4.81e-46]
1008,[0.06020073136468415363294125650459770671425 +/- 3.77e-42],[0.4163316095235008004330752618127027381791 +/- 2.13e-41],[0.0001433587648727991093520194888857113823145 +/- 4.70e-44],[1.373932901614033632136641455101446325427e-5 +/- 3.49e-45],[0.7959934792247901323883049930144783413144 +/- 4.85e-41],[0.2959934792247901323883049930144783413144 +/- 4.85e-41],[5.109026523260038088725332291116003938995e-6 +/- 4.62e-46]
1009,[0.06018699203566801329661989009004669225099 +/- 1.96e-42],[0.4162962718430079827507235971189230772106 +/- 4.36e-41],[0.0001431962470747236801919040528737896061569 +/- 1.22e-44],[1.429544574376930981939688905314428750391e-5 +/- 2.93e-45],[0.8293415627395431727266685027349181936104 +/- 2.58e-41],[0.3293415627395431727266685027349181936104 +/- 2.58e-41],[5.676894361545366632788890092957551025052e-6 +/- 1.10e-46]
1010,[0.06017269658992424398680049320099354796349 +/- 1.95e-42],[0.4162570007590366779550494958379482791765 +/- 1.22e-41],[0.0001430340770678415524871707095012463093487 +/- 1.96e-45],[1.485011142835102034776411116641066412078e-5 +/- 4.74e-45],[0.8627018398618483121474918198551822769483 +/- 4.72e-41],[0.3627018398618483121474918198551822769483 +/- 4.72e-41],[6.243365306927949455189358873453945243145e-6 +/- 4.27e-46]
1011,[0.06015784647849589296645272908982713729937 +/- 2.73e-42],[0.4162138048173370372730485891148105910603 +/- 4.56e-41],[0.0001428722537607319383933583327063141147625 +/- 2.24e-44],[1.425242075057361844962617424264921428662e-5 +/- 4.00e-45],[0.8291220449935328447576121358584960490806 +/- 9.96e-42],[0.3291220449935328447576121358584960490806 +/- 9.96e-42],[5.657533642798799009105973248193263806612e-6 +/- 3.43e-46]
1012,[0.06014359405774531934800310291558448808508 +/- 6.60e-43],[0.4161746564731589940329745828251710644835 +/- 1.30e-41],[0.0001427107760664834166972613425403212572291 +/- 2.67e-44],[1.423083146490143335126817527320253258349e-5 +/- 3.74e-45],[0.8289992444728159824075545801630558359848 +/- 2.08e-41],[0.3289992444728159824075545801630558359848 +/- 2.08e-41],[5.647692481493058391334825179541879516515e-6 +/- 1.13e-46]
1013,[0.06012936322628041791465183474031128555250 +/- 2.84e-42],[0.4161355706487375654891335822943345046845 +/- 2.42e-41],[0.0001425496429026708373489127711392805712643 +/- 4.38e-44],[1.478352496983093177926721405741380932448e-5 +/- 1.92e-45],[0.8623732271469800529924902280880524205519 +/- 2.02e-41],[0.3623732271469800529924902280880524205519 +/- 2.02e-41],[6.212105713959670561199740474688853674240e-6 +/- 3.10e-46]
1014,[0.06011457970131058698287256752625387174317 +/- 2.69e-42],[0.4160925725763817245462975453092144554174 +/- 2.96e-41],[0.0001423888531913323670775592690899321601230 +/- 4.68e-44],[1.476142789903683324125577231734324409298e-5 +/- 2.14e-45],[0.8622685908447655401143539021148248745707 +/- 1.23e-41],[0.3622685908447655401143539021148248745707 +/- 1.23e-41],[6.201781835288271333883466309240389628718e-6 +/- 9.83e-47]
1015,[0.06009981827341155014963131175393652849908 +/- 2.95e-43],[0.4160496398492434000747878629383571165251 +/- 3.19e-41],[0.0001422284058589466750909002202742644970603 +/- 4.99e-44],[1.531161173305834982289582366660975155021e-5 +/- 3.82e-45],[0.8956357305894184918153647216379038440500 +/- 3.15e-41],[0.3956357305894184918153647216379038440500 +/- 3.15e-41],[6.763710387618632057022072230671662432308e-6 +/- 2.90e-46]
1016,[0.06008450666167849179980841593026991874753 +/- 5.09e-43],[0.4160028104303712464556323104411436583897 +/- 4.63e-41],[0.0001420682998364102578649440714073825451281 +/- 9.95e-45],[1.528891334912212341625429215317475640658e-5 +/- 3.96e-45],[0.8955440252507358147523440267322105773461 +/- 7.11e-42],[0.3955440252507358147523440267322105773461 +/- 7.11e-42],[6.752809641187993890787604777970463083180e-6 +/- 3.13e-46]
1017,[0.06006921774832936967639216163811674399112 +/- 2.92e-42],[0.4159560498410217198448619856611154607747 +/- 3.01e-41],[0.0001419085340590149020398427507144233191807 +/- 4.78e-44],[1.526627172657028724147912746460756194144e-5 +/- 4.24e-45],[0.8954523950726378883114518839751541695002 +/- 2.42e-41],[0.3954523950726378883114518839751541695002 +/- 2.42e-41],[6.741937093833106440530620113920221230134e-6 +/- 4.29e-47]
1018,[0.06005395147660279938915068251065213642918 +/- 1.49e-42],[0.4159093579138654483759186951326194349419 +/- 3.50e-41],[0.0001417491074664252844450003825582015858354 +/- 1.21e-44],[1.467479041358047337352792924581588423301e-5 +/- 1.10e-45],[0.8619458637563746184817198716983991420410 +/- 1.02e-41],[0.3619458637563746184817198716983991420410 +/- 1.02e-41],[6.162196391940013766894963069990871557343e-6 +/- 3.03e-47]
1019,[0.06003927668618921891577715458140632054495 +/- 1.53e-42],[0.4158666749858628287362051363660052012739 +/- 1.15e-41],[0.0001415900190026567082846161272860227865096 +/- 3.75e-44],[1.522105330063652412287699345026532595882e-5 +/- 2.00e-45],[0.8952547203077185595574089417769442470339 +/- 5.18e-42],[0.3952547203077185595574089417769442470339 +/- 5.18e-42],[6.720090973733228735222387930433600398578e-6 +/- 4.02e-46]
1020,[0.06002405563288858239165427758795605521899 +/- 3.52e-43],[0.4158201211665068335551646873693008194303 +/- 4.67e-41],[0.0001414312676160529745226136060845002854914 +/- 8.53e-45],[1.519858166609094778263559572788602341341e-5 +/- 4.41e-45],[0.8951633562152405092603821766014427411905 +/- 3.26e-41],[0.3951633562152405092603821766014427411905 +/- 3.26e-41],[6.709303390475030689598189463508480018318e-6 +/- 2.32e-46]
1021,[0.06000885705122249144387164199222816919558 +/- 3.76e-42],[0.4157736355042323868928761032681952022662 +/- 5.71e-42],[0.0001412728522592643875136317193009240650294 +/- 2.07e-44],[1.574200846828838803519521118493411116585e-5 +/- 3.65e-45],[0.9284447768569075024621808531626435506119 +/- 3.54e-42],[0.4284447768569075024621808531626435506119 +/- 3.54e-42],[7.264386071843717013595587133458161167651e-6 +/- 1.32e-46]
1022,[0.05999311504275420305583644678104323508441 +/- 3.98e-43],[0.4157232968191182439844499767226072949822 +/- 4.89e-41],[0.0001411147718892258939344044358015062007924 +/- 3.53e-44],[1.628338174491508479140795988725344829319e-5 +/- 3.88e-45],[0.9617024407258996455999706727833486207725 +/- 1.42e-41],[0.4617024407258996455999706727833486207725 +/- 1.42e-41],[7.817467000732738864093427280963756120457e-6 +/- 3.28e-46]
1023,[0.05997683166100928797104503882115598163612 +/- 2.80e-42],[0.4156691179049866661779730039547408147056 +/- 1.76e-41],[0.0001409570254671353540774410150836108987932 +/- 2.55e-44],[1.682249738847235126071240329041765719674e-5 +/- 8.70e-47],[0.9949247335015616793204286160109467819443 +/- 1.10e-41],[0.4949247335015616793204286160109467819443 +/- 1.10e-41],[8.368341600593375036536960018208525017845e-6 +/- 1.73e-46]
1024,[0.05996000916362081561978432641786556397892 +/- 4.64e-43],[0.4156111129811225281993718905178439862166 +/- 2.77e-41],[0.0001407996119584319445764338100258595366105 +/- 2.25e-44],[1.679759186016754261152561822784616413945e-5 +/- 3.17e-45],[0.9948414702432160207933936578845940901041 +/- 3.23e-41],[0.4948414702432160207933936578845940901041 +/- 3.23e-41],[8.355245836905708241247372239606814256369e-6 +/- 8.30e-47]
1025,[0.05994321157176064807717280079963771781478 +/- 1.02e-42],[0.4155531906747369012426043771787034128630 +/- 2.63e-42],[0.0001406425303327746916402689658145367260152 +/- 3.57e-46],[1.677274833197620507101200501421755123542e-5 +/- 4.40e-45],[0.9947582651945369494734808505104349345180 +/- 2.83e-41],[0.4947582651945369494734808505104349345180 +/- 2.83e-41],[8.342183380250927224278734992076395906225e-6 +/- 4.89e-46]
1026,[0.05992643882342867187210178879462350026355 +/- 4.42e-42],[0.4154953507884034013762858810161831031146 +/- 1.51e-41],[0.0001404857795640211338798966517670492557249 +/- 4.98e-44],[1.674796658775041574046507084500767825092e-5 +/- 1.13e-45],[0.9946751182705380475804773388360890411524 +/- 2.41e-41],[0.4946751182705380475804773388360890411524 +/- 2.41e-41],[8.329154113145417347002963351855643782020e-6 +/- 2.46e-46]
1027,[0.05990969085684092145636132372377849258529 +/- 4.67e-42],[0.4154375931253601408194210979589248262321 +/- 2.28e-41],[0.0001403293586302061138196326021840031657357 +/- 3.08e-44],[1.616585173393573661830169466518980779998e-5 +/- 4.33e-45],[0.9614417491917153896175078891071275027049 +/- 3.95e-41],[0.4614417491917153896175078891071275027049 +/- 3.95e-41],[7.758763240261326747176792707618326924522e-6 +/- 2.84e-46]
1028,[0.05989352500510698571974302202911330277749 +/- 4.69e-42],[0.4153837832280860039784325689609567255500 +/- 1.30e-41],[0.0001401732665135206971917123574493609219025 +/- 1.96e-44],[1.614215841869556169900700472190627805556e-5 +/- 4.12e-45],[0.9613610919546042544766569936647851423754 +/- 3.86e-42],[0.4613610919546042544766569936647851423754 +/- 3.86e-42],[7.746687375720484113363467902322729106135e-6 +/- 4.41e-46]
1029,[0.05987738284668829015804401502439139649944 +/- 8.82e-43],[0.4153300495493806478615031222646270957587 +/- 1.40e-41],[0.0001400175022002912191201043376457325273627 +/- 3.02e-44],[1.611852366793478512093343562536625389363e-5 +/- 3.78e-45],[0.9612804943336458639000640495423034634918 +/- 2.15e-41],[0.4612804943336458639000640495423034634918 +/- 2.15e-41],[7.734642083450927752268506280058719568051e-6 +/- 3.90e-46]
1030,[0.05986126432302035537292308158876603024555 +/- 4.52e-42],[0.4152763919079418984673413163621863367670 +/- 2.88e-41],[0.0001398620646809584563067083911607813529705 +/- 1.03e-44],[1.664927728029100567202517099487229586130e-5 +/- 1.83e-45],[0.9943048781752442518703162680780460700204 +/- 2.01e-41],[0.4943048781752442518703162680780460700204 +/- 2.01e-41],[8.276957257660781909582880565946221287567e-6 +/- 2.69e-46]
1031,[0.05984461504574006436725105641777115794968 +/- 4.19e-42],[0.4152189640238261990975059118904602036919 +/- 3.21e-41],[0.0001397069529500569243401233763355773060476 +/- 4.97e-44],[1.717808865027237906808733722005675399592e-5 +/- 3.25e-45],[1.027310544067891682997805154506260167850 +/- 3.46e-40],[0.5273105440678916829978051545062601678503 +/- 4.55e-41],[8.817379831762903182380406127977362079683e-6 +/- 1.47e-46]
1032,[0.05982743695708979198818296908055110119569 +/- 1.74e-42],[0.4151577779860348915632789023701758372149 +/- 1.90e-41],[0.0001395521660061942992541612844368929392579 +/- 1.31e-44],[1.715262854147792467964489939960262872236e-5 +/- 3.47e-46],[1.027220569999093501709181009164324536101 +/- 3.17e-40],[0.5272205699990935017091810091643245361013 +/- 1.67e-41],[8.803580127517006103082837097096905084164e-6 +/- 4.72e-46]
1033,[0.05981028432854831406350332418115149856697 +/- 4.10e-42],[0.4150966791814252029048112826451471151344 +/- 3.33e-41],[0.0001393977028520309624702170195808810495704 +/- 3.08e-44],[1.767795822591064500474819747289457590471e-5 +/- 5.23e-46],[1.060158070084420414388110846762451094000 +/- 2.47e-40],[0.5601580700844204143881108467624510940002 +/- 4.64e-41],[9.340541983584182906251194280421093326064e-6 +/- 4.23e-46]
1034,[0.05979260637032240341849857598367860399106 +/- 1.20e-42],[0.4150318447042997997468368834574250597987 +/- 2.39e-42],[0.0001392435624942596682644728314015869068952 +/- 4.57e-44],[1.820059242550985224943299141163479572843e-5 +/- 3.36e-45],[1.093032103758790827706994085695577492019 +/- 8.45e-41],[0.5930321037587908277069940856955774920189 +/- 1.56e-41],[9.874856903689195919776516929510833559081e-6 +/- 2.24e-47]
1035,[0.05977440577789689356624914299226696919533 +/- 2.78e-42],[0.4149632919002280310954368905495622332017 +/- 1.08e-41],[0.0001390897439435853329077251582786578401456 +/- 3.72e-44],[1.817296751332500216610832999719503167536e-5 +/- 2.38e-45],[1.092912717270060698735331301271292055737 +/- 4.32e-40],[0.5929127172700606987353313012712920557374 +/- 3.14e-41],[9.858960719297355584182092701198328927335e-6 +/- 2.98e-47]
1036,[0.05975623281038356856408303466226977416366 +/- 2.60e-42],[0.4148948399289921816656996233162104063823 +/- 2.23e-41],[0.0001389362462147049446323698852554640588633 +/- 3.01e-44],[1.814541185593563673090650206190612689830e-5 +/- 4.24e-45],[1.092793398696951197973443729818425272612 +/- 2.86e-40],[0.5927933986969511979734437298184252726117 +/- 1.49e-41],[9.843105181328955237536786000969824433339e-6 +/- 1.70e-46]
1037,[0.05973808739852763292735212816020786803676 +/- 8.88e-43],[0.4148264885482132574855532939310597042256 +/- 2.70e-41],[0.0001387830683262875935877703473170952512113 +/- 2.34e-44],[1.757403909530863221945477389241157200818e-5 +/- 2.74e-45],[1.059872914275480042192513556581074859095 +/- 6.49e-41],[0.5598729142754800421925135565810748590949 +/- 3.52e-41],[9.283404030197031856217534959863880878165e-6 +/- 2.84e-46]
1038,[0.05972051335943232429513267338631545646475 +/- 9.30e-43],[0.4147620148331783408955650666450862969948 +/- 4.70e-41],[0.0001386302093009546209518614049439155951102 +/- 1.55e-44],[1.809027307654644951160464197961772721048e-5 +/- 2.89e-45],[1.092530866947678985761655850621892859878 +/- 1.32e-40],[0.5925308669476789857616558506218928598781 +/- 3.12e-41],[9.811205809967889812076091461104523417777e-6 +/- 4.89e-47]
1039,[0.05970242308635577784562106874433583873754 +/- 4.47e-43],[0.4146938660603527499052970200127181183051 +/- 7.97e-42],[0.0001384776681652598863734131679339457784875 +/- 7.87e-45],[1.860385768558574826917383168873321180119e-5 +/- 2.22e-45],[1.125126395452273654409051386718736249402 +/- 1.73e-40],[0.6251263954522736544090513867187362494018 +/- 2.76e-41],[1.033640535277142187931756713713238172305e-5 +/- 2.47e-45]
1040,[0.05968381922867019209735189491264710552574 +/- 7.46e-43],[0.4146220593005220668078972262188063038276 +/- 4.26e-41],[0.0001383254439496701529258900222312872274319 +/- 4.06e-44],[1.857528666073461914671023956400783903172e-5 +/- 1.95e-45],[1.124985306074169304737144789207557344853 +/- 4.17e-40],[0.6249853060741693047371447892075573448526 +/- 1.70e-41],[1.031949586931695478985654277388353675432e-5 +/- 8.78e-47]
1041,[0.05966524394200945747820518467308309768671 +/- 2.47e-42],[0.4145503600926422204850162963348600901527 +/- 1.43e-42],[0.0001381735356885455887602950935285064187445 +/- 3.62e-44],[1.800939337116717505728008258308265008827e-5 +/- 3.55e-45],[1.092251870822417406285333162743692080771 +/- 1.80e-40],[0.5922518708224174062853331627436920807712 +/- 2.10e-41],[9.765235657980152795506754737291921587185e-6 +/- 5.77e-47]
1042,[0.05964723454863829030314790459050001503662 +/- 7.35e-43],[0.4144825024737032472913883398832764790749 +/- 4.15e-41],[0.0001380219424201203846507877252070277097672 +/- 2.73e-44],[1.744644116859461014596461278060486152339e-5 +/- 3.27e-45],[1.059591355424299969290290615852632239150 +/- 1.73e-40],[0.5595913554242999692902906158526322391502 +/- 2.71e-41],[9.213813996203040740834696989733015454828e-6 +/- 4.95e-46]
1043,[0.05962978810746969569300193997771941017510 +/- 4.13e-42],[0.4144184677890265591260303548351431518100 +/- 1.25e-41],[0.0001378706631864834866332025151500396465427 +/- 6.63e-45],[1.688613911476779839563310334662347720324e-5 +/- 4.95e-45],[1.026987686426921629921747163185912568348 +/- 1.43e-41],[0.5269876864269216299217471631859125683480 +/- 1.43e-41],[8.664940682721465404550658121905175392464e-6 +/- 1.90e-46]
1044,[0.05961290196835492789460630687437278669789 +/- 2.64e-42],[0.4143582393913614197975090598532651431552 +/- 7.72e-42],[0.0001377196970335594429428834985173652925456 +/- 3.29e-44],[1.686139663470551064006043641760890571357e-5 +/- 1.49e-45],[1.026897806847751463102210370248065546124 +/- 3.71e-41],[0.5268978068477514631022103702480655461240 +/- 3.71e-41],[8.651525836332390599691693297792819810955e-6 +/- 3.48e-47]
1045,[0.05959604057172022238396624643795517779218 +/- 9.35e-43],[0.4142980959548728262725875624239971665440 +/- 3.51e-41],[0.0001375690430110893644644767281927497084622 +/- 3.04e-44],[1.736868522134359588764538882324788964646e-5 +/- 3.53e-46],[1.059250860338984791001546772567766069709 +/- 1.62e-40],[0.5592508603389847910015467725677660697092 +/- 3.83e-41],[9.170114952641989815996426166304509820196e-6 +/- 4.73e-46]
1046,[0.05957867188649887878807860104913192990253 +/- 2.61e-42],[0.4142343386339670894931986910898184543208 +/- 2.39e-41],[0.0001374187001726119979124993319233034295414 +/- 4.96e-44],[1.681253906841320634956334086828529538532e-5 +/- 2.18e-45],[1.026754598989050305276671315319106294095 +/- 1.92e-41],[0.5267545989890503052766713153191062940950 +/- 1.92e-41],[8.625315419759989287746176915115835422873e-6 +/- 8.3e-48]
1047,[0.05956185934743046558172903770826364460715 +/- 2.72e-42],[0.4141743609143189262787433160965177393006 +/- 4.23e-42],[0.0001372686675754449109676236499996726665923 +/- 4.78e-44],[1.625889249059801031106516425003359586512e-5 +/- 1.96e-45],[0.9943088360895444407909241450918036594305 +/- 4.99e-41],[0.4943088360895444407909241450918036594305 +/- 4.99e-41],[8.082915419660171576223592948163558095909e-6 +/- 9.87e-47]
1048,[0.05954560045493986757141797254401361101128 +/- 2.17e-42],[0.4141181471565998118326012049029220762778 +/- 3.22e-42],[0.0001371189442806657885996818087817010237231 +/- 2.10e-44],[1.623537303196333857097975733586130935176e-5 +/- 3.64e-45],[0.9942260456490574569543462968572612504691 +/- 5.48e-42],[0.4942260456490574569543462968572612504691 +/- 5.48e-42],[8.070543161023651436759810547646678796499e-6 +/- 2.68e-47]
1049,[0.05952936508190790423284699278667774970193 +/- 4.03e-43],[0.4140620117462432524354983712036342310925 +/- 1.78e-41],[0.0001369695293530938398144095869089378887528 +/- 2.23e-44],[1.673879710020746734999465447221738068241e-5 +/- 2.34e-45],[1.026452922102811243268557504447710624418 +/- 2.55e-40],[0.5264529221028112432685575044477106244183 +/- 4.57e-41],[8.585087982250043187359798565831469455562e-6 +/- 4.22e-46]
1050,[0.05951262628480769676549699813220553232125 +/- 2.02e-42],[0.4140022891915612755990032040862238560940 +/- 3.20e-41],[0.0001368204218612713140669092005084131513058 +/- 3.15e-44],[1.671441576619293597644925478044633840565e-5 +/- 4.43e-46],[1.026363417224376500646247198366790563435 +/- 3.90e-40],[0.5263634172243765006462471983667905634346 +/- 1.03e-41],[8.571873131833363157064411746356157354181e-6 +/- 3.49e-46]
1051,[0.05949591186904150382952054887742508598284 +/- 2.34e-42],[0.4139426504067830541977680851524402349280 +/- 2.56e-41],[0.0001366716208774451265907191834577556717863 +/- 2.51e-44],[1.721437496859655407784818405318074226808e-5 +/- 3.03e-45],[1.058512016991520255602983041886882713825 +/- 6.89e-42],[0.5585120169915202556029830418868827138250 +/- 6.88e-42],[9.082972257873025980670012509535942567405e-6 +/- 3.55e-46]
1052,[0.05947869749407290727544270069337190524057 +/- 4.27e-42],[0.4138794470130688904648840452662585533368 +/- 4.58e-41],[0.0001365231254775485918972363756523250572831 +/- 2.92e-44],[1.718905395296412184504478660981849772928e-5 +/- 3.85e-45],[1.058410908903869184396728545745497859862 +/- 2.02e-40],[0.5584109089038691843967285457454978598622 +/- 1.67e-42],[9.068836271739651329789914663955383761798e-6 +/- 2.47e-46]
1053,[0.05946150844011994315359765590676208674284 +/- 4.99e-42],[0.4138163333674125589058793593310033895411 +/- 4.20e-41],[0.0001363749347411832647060406577344906711665 +/- 3.61e-44],[1.716379492198670956046197105757832744459e-5 +/- 3.01e-45],[1.058309861654071220876934710333855375402 +/- 5.36e-41],[0.5583098616540712208769347103338553754019 +/- 4.65e-41],[9.054735588853034410812448323713720697885e-6 +/- 3.59e-46]
1054,[0.05944434464519795644403719393570450841540 +/- 3.94e-43],[0.4137533092591190728962498490217772059780 +/- 1.79e-41],[0.0001362270477516008875724279810096428978975 +/- 1.32e-44],[1.765903034164602022264317547113569781052e-5 +/- 3.36e-45],[1.090342570659446583166170093744627460100 +/- 4.08e-40],[0.5903425706594465831661700937446274600996 +/- 7.89e-42],[9.561102765102017689345277241490600642849e-6 +/- 9.08e-47]
1055,[0.05942668561485631042381455076023337271759 +/- 1.24e-43],[0.4136867515922458274575067517169474055128 +/- 4.36e-42],[0.0001360794635956854444841619271610461770013 +/- 8.09e-45],[1.711371240907663102739419199461960629014e-5 +/- 3.98e-45],[1.058132700466699728909144270793098381950 +/- 4.53e-40],[0.5581327004666997289091442707930983819505 +/- 4.73e-41],[9.026960907337547848053972612486556719750e-6 +/- 1.36e-46]
1056,[0.05940957190244723379278715656823875311130 +/- 2.68e-43],[0.4136239036926665300671405637582134543992 +/- 4.52e-41],[0.0001359321813639353197051089795353219487351 +/- 4.88e-44],[1.708863707396287619062744475185774288633e-5 +/- 2.46e-45],[1.058031801392038072553711451909842530375 +/- 4.99e-40],[0.5580318013920380725537114519098425303755 +/- 1.51e-42],[9.012964371365662919896190960938095697083e-6 +/- 4.72e-46]
1057,[0.05939248326537327091659652912348689536841 +/- 3.41e-42],[0.4135611447094128314415348801666761957642 +/- 4.46e-41],[0.0001357852001504455611490283767005158145471 +/- 3.70e-44],[1.654714543701681582412535767186966732307e-5 +/- 3.88e-47],[1.025909774420878954098482432558773715955 +/- 2.64e-40],[0.5259097744208789540984824325587737159547 +/- 3.68e-41],[8.482525209396117685167755658827696112331e-6 +/- 5.46e-47]
1058,[0.05937593611993625410077240376581502570109 +/- 3.35e-43],[0.4135020712535188404102136960717237967006 +/- 1.41e-41],[0.0001356385190528902475723443250844485306109 +/- 1.14e-45],[1.652322746357534327465319019526800666567e-5 +/- 2.16e-45],[1.025820507038572689120076325754871567162 +/- 2.94e-40],[0.5258205070385726891200763257548715671623 +/- 6.57e-42],[8.469563420888175432793614403935973470361e-6 +/- 3.67e-46]
1059,[0.05935941289247267875749775057561975769442 +/- 4.67e-42],[0.4134430800638001875669193715475659502194 +/- 1.42e-42],[0.0001354921371725049588802369411529874328960 +/- 3.88e-44],[1.598515841484665689483886009692819067661e-5 +/- 1.17e-45],[0.9937639976075581896243864648704891748008 +/- 4.26e-41],[0.4937639976075581896243864648704891748008 +/- 4.26e-41],[7.942424700740389355699979100427491086816e-6 +/- 3.56e-46]
1060,[0.05934342773405783210060291171552282950375 +/- 1.95e-42],[0.4133877529412305609847169337893895456138 +/- 4.46e-41],[0.0001353460536140693488458490401801666571210 +/- 2.07e-44],[1.596229767790754080645511979361181871830e-5 +/- 9.33e-46],[0.9936814551139979086367013529936772658593 +/- 4.86e-41],[0.4936814551139979086367013529936772658593 +/- 4.86e-41],[7.930398926171099530968225030443744925802e-6 +/- 2.50e-46]
1061,[0.05932746543637992455979645659572921768503 +/- 2.48e-43],[0.4133325021125158273149243691251570883916 +/- 1.63e-41],[0.0001352002674858898195478192486697514039317 +/- 4.40e-44],[1.645203501282474151847120504088043957500e-5 +/- 4.71e-45],[1.025548688605721240076772321070616646896 +/- 4.34e-40],[0.5255486886057212400767723210706166468964 +/- 3.38e-41],[8.430945816566292729434741543052487929775e-6 +/- 4.36e-46]
1062,[0.05931101340136709981827798539068833724545 +/- 4.75e-42],[0.4132737560475806819438291704497317481786 +/- 5.83e-42],[0.0001350547778997822968367183465233542442009 +/- 1.28e-44],[1.642834761167010069220069281605584056218e-5 +/- 1.77e-45],[1.025459683144506404875181610036481218673 +/- 4.46e-40],[0.5254596831445064048751816100364812186726 +/- 4.54e-41],[8.418111869737455665110947297939436347675e-6 +/- 3.98e-46]
1063,[0.05929458505375542971758578469787228140489 +/- 2.58e-42],[0.4132150914854923372332414489316163392750 +/- 9.95e-42],[0.0001349095839710551061462856939193804937184 +/- 2.83e-44],[1.691505966719669655214998300364755388889e-5 +/- 9.52e-46],[1.057269493397149549282765356052532165866 +/- 2.06e-40],[0.5572694933971495492827653560525321658658 +/- 5.79e-42],[8.915651865858209361690233000593669023113e-6 +/- 3.07e-46]
1064,[0.05927766999408823302103363471486863385100 +/- 3.69e-42],[0.4131529512583015879861233941084361568067 +/- 7.57e-42],[0.0001347646848184919479706365126242499669548 +/- 2.18e-44],[1.689046988743115803362528793174199565682e-5 +/- 4.89e-45],[1.057169223601134268925291591987083607477 +/- 4.37e-40],[0.5571692236011342689252915919870836074774 +/- 3.66e-41],[8.901933373903279857805497581292835829378e-6 +/- 8.76e-47]
1065,[0.05926077952420080186300000942693689185535 +/- 3.15e-42],[0.4130908982835784907186301095267921685377 +/- 3.22e-41],[0.0001346200795643349723338391134599030569246 +/- 8.95e-45],[1.737373537278292487994143959961222894020e-5 +/- 4.39e-45],[1.088895000411152070351965528918767281697 +/- 1.35e-40],[0.5888950004111520703519655289187672816969 +/- 3.48e-41],[9.396044518190500148009432212521610287916e-6 +/- 3.10e-46]
1066,[0.05924340578882801893812006798733727962641 +/- 3.34e-42],[0.4130253921750024161481219490495932492477 +/- 6.93e-42],[0.0001344757673342679515834443276138169252760 +/- 4.66e-44],[1.785443039037906246091171437757252420887e-5 +/- 2.40e-45],[1.120551845977563734719719429771102528399 +/- 1.89e-40],[0.6205518459775637347197194297711025283988 +/- 1.19e-41],[9.887627937431002685259183059033333513041e-6 +/- 2.09e-46]
1067,[0.05922555135843763987565915627295970710220 +/- 2.22e-42],[0.4129564496386353388769038710667679533347 +/- 2.35e-41],[0.0001343317472573995508446878415239437343744 +/- 2.59e-44],[1.732313603199775625880501827505551237330e-5 +/- 2.23e-45],[1.088701306130734950297028516105171126767 +/- 4.91e-40],[0.5887013061307349502970285161051711267665 +/- 9.13e-42],[9.367264235735974585560020689281939570789e-6 +/- 4.44e-47]
1068,[0.05920822822240564211940035125468465158982 +/- 4.49e-42],[0.4128911266185122216107945179380320762547 +/- 1.89e-41],[0.0001341880184662466954771802807880010688245 +/- 3.02e-44],[1.729769388653600394101458060890031779601e-5 +/- 2.77e-45],[1.088585152484382651378335183151771729275 +/- 9.79e-41],[0.5885851524843826513783351831517717292749 +/- 2.20e-42],[9.352659064474086879239573569879588327244e-6 +/- 1.98e-46]
1069,[0.05919093052851910611545933667407575127203 +/- 1.53e-42],[0.4128258966951050398630943629178749413212 +/- 2.90e-41],[0.0001340445800967180348809501610356703605523 +/- 8.52e-45],[1.777410550269792210324832792699396705527e-5 +/- 1.74e-45],[1.120091062690460174841075038767698899802 +/- 1.89e-40],[0.6200910626904601748410750387676988998018 +/- 1.14e-41],[9.839882074468570018532940979564198580396e-6 +/- 1.37e-46]
1070,[0.05917315642301640819335608834614875730497 +/- 3.21e-42],[0.4127572594446382676361556263542141764987 +/- 1.32e-41],[0.0001339014312880975020037116416303974691699 +/- 4.05e-44],[1.824766966598993820917031389124212579715e-5 +/- 7.51e-46],[1.151509325296642833794704090737743580516 +/- 2.63e-40],[0.6515093252966428337947040907377435805157 +/- 3.79e-41],[1.032429932711356126445389691283047270994e-5 +/- 9.49e-47]
1071,[0.05915490875335041825514691803225751517918 +/- 3.95e-42],[0.4126852335389488339520518474005443872864 +/- 4.21e-41],[0.0001337585711830279679061927957177615888869 +/- 2.08e-44],[1.822001280795803111564362180945829557293e-5 +/- 4.90e-45],[1.151347102926205480483074435023386995330 +/- 2.18e-40],[0.6513471029262054804830744350233869953302 +/- 1.70e-41],[1.030753673464748496678087302294246831448e-5 +/- 1.54e-45]
1072,[0.05913668874054246022403127441044805688360 +/- 3.13e-42],[0.4126133149552120045360429478430517724639 +/- 4.75e-41],[0.0001336159989274949907472812574590832428057 +/- 1.69e-44],[1.819242398555946195132122828056040703163e-5 +/- 1.53e-45],[1.151184960435508430701085015843970502563 +/- 3.25e-40],[0.6511849604355084307010850158439705025627 +/- 2.41e-41],[1.029081624622753549087770510293426429107e-5 +/- 2.16e-45]
1073,[0.05911849631655690076207995318216749647657 +/- 1.50e-42],[0.4125415034398596922901442006357891327118 +/- 1.89e-41],[0.0001334737136708106585556230299469025379329 +/- 2.04e-45],[1.767066965548216766538211017363982532270e-5 +/- 7.15e-46],[1.119705699993482392579270049307655751733 +/- 4.68e-40],[0.6197056999934823925792700493076557517335 +/- 3.22e-41],[9.779904405477177297967060275588067084114e-6 +/- 2.30e-47]
1074,[0.05910082564690141859441457107199385665125 +/- 1.21e-42],[0.4124732480662375816088920504317881000922 +/- 3.69e-41],[0.0001333317145655975251591473367222617497776 +/- 1.24e-44],[1.813698605018238411285658592157592195679e-5 +/- 1.90e-45],[1.150821882631696205705704671649430700590 +/- 1.56e-41],[0.6508218826316962057057046716494307005900 +/- 1.56e-41],[1.025697163443857846188211505819120026080e-5 +/- 2.78e-46]
1075,[0.05908268866085123621030171448607228072929 +/- 2.01e-42],[0.4124016536253090124230350717295856333168 +/- 4.44e-41],[0.0001331900007677726386487860732438613856216 +/- 3.44e-44],[1.810960106102770280772077357881685970988e-5 +/- 4.35e-45],[1.150659999083534683466065783703340817104 +/- 4.71e-41],[0.6506599990835346834660657837033408171040 +/- 4.71e-41],[1.024037771292685488526422170270913383148e-5 +/- 2.87e-45]
1076,[0.05906457905979020850749399371249346386958 +/- 2.13e-42],[0.4123301654897079111918896910735710326738 +/- 4.00e-41],[0.0001330485714365316617574110551975670334819 +/- 8.72e-45],[1.808228318388606988340372444400974192470e-5 +/- 2.00e-45],[1.150498195147654430525026058495712498092 +/- 4.31e-40],[0.6504981951476544305250260584957124980924 +/- 3.09e-41],[1.022382531748090023371740260769099411414e-5 +/- 4.22e-45]
1077,[0.05904649677660632243761058998804945412766 +/- 2.58e-42],[0.4122587834091906018708982018420797482713 +/- 2.52e-41],[0.0001329074257343330835397262571897821008000 +/- 1.77e-44],[1.756768107921517759209368082556491137593e-5 +/- 5.24e-46],[1.119285971806219504027390018373680266145 +/- 3.43e-41],[0.6192859718062195040273900183736802661450 +/- 3.43e-41],[9.719963194005834988007306419213554180863e-6 +/- 2.07e-46]
1078,[0.05902892909552710726001849630722388921628 +/- 1.50e-42],[0.4121909102402575294357966210275343640022 +/- 2.18e-41],[0.0001327665628268825217435259731015297179246 +/- 3.15e-44],[1.754170553672652084157335690506069977124e-5 +/- 4.28e-45],[1.119149756288250365670517216941345187424 +/- 4.24e-41],[0.6191497562882503656705172169413451874240 +/- 4.24e-41],[9.704637513361627486526214872046398608741e-6 +/- 3.23e-46]
1079,[0.05901138738999038073917692295031882851651 +/- 2.50e-43],[0.4121231350901752468450397875019399897143 +/- 2.07e-41],[0.0001326259818831171152673636891524906611188 +/- 2.65e-44],[1.703135948140019244346856296131488958507e-5 +/- 3.12e-45],[1.088065105521790794194600781553242839964 +/- 1.71e-40],[0.5880651055217907941946007815532428399642 +/- 2.94e-41],[9.204916286517722417598531271739353674261e-6 +/- 2.67e-46]
1080,[0.05899435603050898054673345438735751362693 +/- 4.83e-42],[0.4120588413611634840904051271781824484913 +/- 3.90e-41],[0.0001324856820751900061042708195408917048818 +/- 3.66e-44],[1.700662814486960245693983514088364972106e-5 +/- 2.42e-45],[1.087949681516150053413339240638661802595 +/- 4.68e-40],[0.5879496815161500534133392406386618025945 +/- 3.22e-41],[9.190720647581021372029624282207607434377e-6 +/- 2.56e-46]
1081,[0.05897734940236411094427651455221662997720 +/- 4.12e-42],[0.4119946382786735020028978086842121931949 +/- 3.15e-41],[0.0001323456625784549101757196854802881616384 +/- 1.59e-45],[1.649990208692751733982772952377180738701e-5 +/- 3.71e-45],[1.056954783310021346030291618023854760243 +/- 7.41e-41],[0.5569547833100213460302916180238547602429 +/- 2.60e-41],[8.694505703150597360919442223360095131648e-6 +/- 4.51e-46]
1082,[0.05896084950027718342693668682269285816982 +/- 2.89e-42],[0.4119338935367467521483502614643554449166 +/- 1.79e-41],[0.0001322059225714507764645415907754420586972 +/- 4.22e-44],[1.599527662140971796033562806408979631261e-5 +/- 2.45e-45],[1.025999422169422109103350540888609781174 +/- 1.28e-40],[0.5259994221694221091033505408886097811739 +/- 2.72e-41],[8.200303117629110441871968242322936738851e-6 +/- 1.74e-46]
1083,[0.05894485422365577370897635119462876837350 +/- 4.51e-42],[0.4118765939986898669220605343820445235868 +/- 4.57e-41],[0.0001320664612358865338599889261710391389011 +/- 1.97e-44],[1.597269531725824429121810476988527901015e-5 +/- 3.86e-45],[1.025911204263172180773539095441268440600 +/- 3.94e-40],[0.5259112042631721807735390954412684406004 +/- 6.04e-42],[8.188057011874826423556265202164383165237e-6 +/- 2.84e-46]
1084,[0.05892888152833851546468513308985888309449 +/- 4.36e-42],[0.4118193724731331166992144703691623531135 +/- 4.41e-41],[0.0001319272777566259251325702821932469321569 +/- 1.13e-44],[1.595016737629692737645966850732443491813e-5 +/- 4.46e-45],[1.025823041519211608560996299586114632415 +/- 3.37e-40],[0.5258230415192116085609962995861146324147 +/- 3.66e-41],[8.175840455020509193574607806258308941950e-6 +/- 2.63e-46]
1085,[0.05891293136096221853730867342135155865958 +/- 3.79e-42],[0.4117622287831118603615437119795992290890 +/- 4.19e-41],[0.0001317883713216724274606899239719467995158 +/- 2.80e-45],[1.640619102241017477845635924685168762584e-5 +/- 4.63e-45],[1.056549976355396226708781244477116340347 +/- 1.87e-40],[0.5565499763553962267087812444771163403468 +/- 1.36e-41],[8.642151748563485365172722690634093313949e-6 +/- 3.93e-46]
1086,[0.05889652516993980836253021706210470697195 +/- 3.73e-43],[0.4117018179256732098999402596724662977998 +/- 4.67e-41],[0.0001316497411221542589354880357722956301703 +/- 1.10e-44],[1.686029266257310851585095003394075925582e-5 +/- 1.71e-46],[1.087240023130709614612573151582514681962 +/- 8.15e-41],[0.5872400231307096146125731515825146819619 +/- 1.87e-41],[9.106580370956090373324897012813258585981e-6 +/- 1.26e-46]
1087,[0.05887966487727723525401436611207076621269 +/- 4.56e-42],[0.4116381522114630699912946951395025004824 +/- 3.13e-41],[0.0001315113863523094704746062282156084767601 +/- 2.90e-45],[1.731234644834276229321034848502615584152e-5 +/- 2.46e-45],[1.117885320665977937439459237890454777280 +/- 4.89e-40],[0.6178853206659779374394592378904547772805 +/- 1.11e-41],[9.569000092372649624071043672305594958963e-6 +/- 4.95e-47]
1088,[0.05886235253082889249172115576358574005685 +/- 3.04e-42],[0.4115712448401032488862004996694028278995 +/- 1.60e-41],[0.0001313733062094711225798942643560519545158 +/- 4.71e-44],[1.728699419972599465400041207109129685115e-5 +/- 2.69e-46],[1.117750172279037416295635150300676905791 +/- 2.03e-40],[0.6177501722790374162956351503006769057912 +/- 2.58e-42],[9.554052336483573064718217888898263969065e-6 +/- 3.93e-47]
1089,[0.05884506553662916649706715535151464876000 +/- 1.89e-42],[0.4115044332076289262742873469628329494625 +/- 4.28e-41],[0.0001312354998940525463783291452536103713611 +/- 3.96e-44],[1.726170280133213591886647842809436458811e-5 +/- 3.39e-45],[1.117615094143041074781048402852149264115 +/- 8.53e-41],[0.6176150941430410747810484028521492641151 +/- 1.48e-41],[9.539141209334323790846822347601429810872e-6 +/- 4.24e-46]
1090,[0.05882780383382783436114828887308655439541 +/- 3.78e-42],[0.4114377170933696525342730451281201331532 +/- 1.60e-41],[0.0001310979666095326883896369412652430891751 +/- 3.91e-44],[1.770910151088435424635467869865090560821e-5 +/- 8.29e-46],[1.148121740045044015116173487211219888460 +/- 2.16e-40],[0.6481217400450440151161734872112198884602 +/- 1.59e-41],[9.996896048165053744531957848474928782205e-6 +/- 3.08e-46]
1091,[0.05881009473231695000690193419438790348981 +/- 4.44e-42],[0.4113677903051887705264371583709385934445 +/- 1.87e-41],[0.0001309607055624415384682913982923578447806 +/- 4.20e-44],[1.815405476819799315324926087621261623473e-5 +/- 9.20e-46],[1.178557458034430542574230085449817525621 +/- 1.20e-40],[0.6785574580344305425742300854498175256209 +/- 1.94e-41],[1.045224326785973893818532354699820202166e-5 +/- 2.99e-45]
1092,[0.05879194067754875201374868493351169087357 +/- 8.32e-43],[0.4112946688554780121521854004643598892283 +/- 3.98e-41],[0.0001308237159623456403717117215472760336665 +/- 3.95e-44],[1.812655181143607503897057985492874425853e-5 +/- 1.17e-45],[1.178367956235622349310495416872846654649 +/- 1.53e-41],[0.6783679562356223493104954168728466546490 +/- 1.52e-41],[1.043517166336136240688690494533297708302e-5 +/- 2.59e-45]
1093,[0.05877381412573731593870971435365676212931 +/- 2.31e-42],[0.4112216572830750273297929221105713521107 +/- 4.09e-41],[0.0001306869970218336844105953724927905855797 +/- 2.41e-45],[1.856748487612547445214971478692381202065e-5 +/- 3.12e-45],[1.208667457856459638043608283551339004514 +/- 1.63e-40],[0.7086674578564596380436082835513390045138 +/- 3.73e-41],[1.088651160451343531205116523632351224639e-5 +/- 5.00e-45]
1094,[0.05875524664086119046425756463886983831729 +/- 1.66e-42],[0.4111454778732025979873874250829735023777 +/- 3.43e-41],[0.0001305505479565021816414005335488127261493 +/- 3.63e-44],[1.807203265185596800290923586264202508766e-5 +/- 8.21e-46],[1.178017261514880210878037484693002174169 +/- 3.72e-40],[0.6780172615148802108780374846930021741694 +/- 2.83e-41],[1.040150300757210544186692790859049288337e-5 +/- 5.00e-45]
1095,[0.05873717460820933449625465540300719629220 +/- 4.00e-42],[0.4110726828541102059793578685417698587342 +/- 3.15e-41],[0.0001304143679849412190650374226908136965193 +/- 2.82e-44],[1.851015691910751128711376415371703299406e-5 +/- 2.10e-45],[1.208207734646941148718020632801582242351 +/- 4.59e-40],[0.7082077346469411487180206328015822423515 +/- 4.11e-41],[1.084998541535675356224778561995266849994e-5 +/- 3.56e-46]
1096,[0.05871866445129022698496754163885347925921 +/- 6.56e-44],[0.4109967392224218242239098160762211319301 +/- 3.01e-41],[0.0001302784563287202952998381956266014122279 +/- 2.40e-44],[1.848162240717657747131097605707466560205e-5 +/- 1.27e-46],[1.207984396017123479953933501688432405819 +/- 2.70e-40],[0.7079843960171234799539335016884324058193 +/- 3.07e-41],[1.083184544477838277377963457845490871135e-5 +/- 4.53e-45]
1097,[0.05870018282888305040749623066279640459361 +/- 2.12e-42],[0.4109209126814863668324300377174110735906 +/- 8.45e-42],[0.0001301428122123742362008520730059800500307 +/- 2.26e-44],[1.891572194585351707189709144110895305310e-5 +/- 1.06e-45],[1.238036032504354183676355263000461227851 +/- 3.66e-40],[0.7380360325043541836763552630004612278514 +/- 3.45e-41],[1.127631507512215557959337613259930953687e-5 +/- 2.46e-45]
1098,[0.05868126710693719689042433357135529564055 +/- 4.79e-42],[0.4108419644299335918069628111921416928202 +/- 3.91e-42],[0.0001300074348633891899014558870381428306020 +/- 3.62e-44],[1.888596092950550121091506267365157719644e-5 +/- 1.26e-45],[1.237774179215035323931857292527868093901 +/- 2.49e-40],[0.7377741792150353239318572925278680939008 +/- 4.89e-41],[1.125695991839922097418875950531656777294e-5 +/- 2.95e-45]
1099,[0.05866238114600769138921341850868164406336 +/- 1.66e-42],[0.4107631414410124897981692260723983426132 +/- 1.76e-41],[0.0001298723235121887007571807657173284404743 +/- 4.96e-44],[1.839685534123802589138652612792635668808e-5 +/- 6.20e-46],[1.207361435783555502580650276882280854863 +/- 3.64e-40],[0.7073614357835555025806502768822808548626 +/- 3.65e-41],[1.077823559904839605230606600585438621365e-5 +/- 5.91e-46]
1100,[0.05864398429066645336332203198255371770667 +/- 2.67e-43],[0.4106876607515821313663267483586171743076 +/- 1.08e-41],[0.0001297374773921198616755334701838385632421 +/- 1.10e-44],[1.836859680069179966364247153004720033458e-5 +/- 3.21e-46],[1.207138406188528297431908122577716120817 +/- 4.19e-40],[0.7071384061885282974319081225777161208166 +/- 1.85e-41],[1.076027421459762834758861925864813163520e-5 +/- 2.39e-45]
1101,[0.05862561569386576156365838951102367050634 +/- 4.32e-42],[0.4106122960692790456291618640528082011970 +/- 2.40e-41],[0.0001296028957394395443194362750479382416008 +/- 2.94e-44],[1.788359293636277647376449898397794792847e-5 +/- 3.62e-45],[1.176854191251954139485704914749697284097 +/- 1.14e-40],[0.6768541912519541394857049147496972840969 +/- 1.33e-41],[1.028554337793024147961615428482693115246e-5 +/- 9.93e-46]
1102,[0.05860773210092939878718462501203969255841 +/- 2.79e-42],[0.4105402470517165717101624702766165643018 +/- 2.62e-41],[0.0001294685777933007066757225331634898518977 +/- 3.91e-44],[1.831240294201699445068154925020680330801e-5 +/- 1.27e-45],[1.206690925439518984274499406575431780804 +/- 6.61e-41],[0.7066909254395189842744994065754317808039 +/- 3.41e-41],[1.072454321921888951991050950138311522668e-5 +/- 4.35e-45]
1103,[0.05858941969798738179273394346278948575510 +/- 7.96e-43],[0.4104651131645948584060048455780355230784 +/- 2.32e-41],[0.0001293345227957387774839064926877310497973 +/- 1.37e-45],[1.873865865238112259383386639577985648742e-5 +/- 1.69e-45],[1.236445114389792585539795626087212029940 +/- 3.31e-40],[0.7364451143897925855397956260872120299397 +/- 3.03e-41],[1.116102401486266700367112960100024140369e-5 +/- 4.77e-45]
1104,[0.05857068103933500067014010959639370589861 +/- 1.79e-42],[0.4103869112709033065736048004056067373007 +/- 4.68e-41],[0.0001292007299916581170241958296147923545858 +/- 6.24e-45],[1.870933670664026732651088478261786445109e-5 +/- 1.89e-45],[1.236184101729857302561808802868798131098 +/- 3.69e-40],[0.7361841017298573025618088028687981310976 +/- 3.19e-41],[1.114196196024961629242157817502892381365e-5 +/- 3.69e-46]
1105,[0.05855197170262836040281359871161108803416 +/- 6.91e-43],[0.4103088328514300331687962200187713089808 +/- 1.63e-42],[0.0001290671986288185537674340146482129239647 +/- 2.33e-44],[1.913134097627315746593427054997214360227e-5 +/- 3.78e-45],[1.265779355973656923828048679609816162310 +/- 3.96e-42],[0.7657793559736569238280486796098161623100 +/- 3.94e-42],[1.157420201442105958713048145339170437798e-5 +/- 1.87e-46]
1106,[0.05853284036165208724534766444106111589056 +/- 1.58e-42],[0.4102277149966334960073500746672241082752 +/- 1.17e-41],[0.0001289339279578219963933473376531500614021 +/- 1.79e-44],[1.955030211011152943238863662205601216768e-5 +/- 3.82e-45],[1.295259136749163345000528963745097936718 +/- 2.98e-40],[0.7952591367491633450005289637450979367177 +/- 2.23e-42],[1.200343308775558360632864878095400706534e-5 +/- 3.88e-45]
1107,[0.05851329005954197571591527580443905987839 +/- 7.41e-43],[0.4101435780255250116044377826786979200252 +/- 1.42e-41],[0.0001288009172320991206871284514525244352514 +/- 3.02e-45],[1.951832064484613972072562987019426773461e-5 +/- 4.30e-45],[1.294908193015556679059212613622272266774 +/- 2.07e-40],[0.7949081930155566790592126136222722667742 +/- 6.44e-42],[1.198175521490926547719342429754382956084e-5 +/- 1.88e-46]
1108,[0.05849377173889712957619455017456886561066 +/- 3.88e-42],[0.4100595821847507629012395582247057414899 +/- 1.85e-42],[0.0001286681657078961308280149519645782691810 +/- 1.02e-44],[1.948641891249281078063691248533026055252e-5 +/- 2.54e-45],[1.294557375109898442976266884971725217065 +/- 2.27e-40],[0.7945573751098984429762668849717252170652 +/- 2.61e-41],[1.196013259751254330279836593966148011075e-5 +/- 3.26e-45]
1109,[0.05847428531998463676541391326208353535010 +/- 3.61e-42],[0.4099757271357925178800318772437977930203 +/- 3.43e-41],[0.0001285356726442615945871180633268926916179 +/- 1.59e-44],[1.989876409452251379194591422276318519335e-5 +/- 3.14e-45],[1.323754686257658696804434762757241287741 +/- 1.33e-40],[0.8237546862576586968044347627572412877411 +/- 3.26e-41],[1.238273249852581717303211923398146238283e-5 +/- 3.82e-45]
1110,[0.05845438655589011425162196734786077216491 +/- 2.56e-43],[0.4098888979878543003456277120888926676755 +/- 1.17e-42],[0.0001284034373030333519553232215929656012372 +/- 3.35e-44],[1.942317179279172241352338157441639553765e-5 +/- 1.65e-45],[1.293887147015360874379906370308068182071 +/- 2.97e-40],[0.7938871470153608743799063703080681820713 +/- 3.37e-42],[1.191742763357521045476887515199395490558e-5 +/- 5.76e-46]
1111,[0.05843496338409732252920844396628635576937 +/- 2.61e-42],[0.4098053208796881497440123853740767994229 +/- 3.47e-41],[0.0001282714589488254967256215229067214570541 +/- 8.04e-46],[1.895097647524490850590248308639050263655e-5 +/- 3.63e-45],[1.264150515800283291560157718783709402056 +/- 4.46e-40],[0.7641505158002832915601577187837094020556 +/- 4.58e-41],[1.145543846834554777212502071010826769051e-5 +/- 1.25e-45]
1112,[0.05841601240762207762070254148319996526674 +/- 3.95e-42],[0.4097249734025442810972870174966030740722 +/- 1.10e-41],[0.0001281397368490154305577388930788129466266 +/- 9.16e-45],[1.892083745915489554573851072662451966999e-5 +/- 1.75e-45],[1.263847354178751694872781016252418783332 +/- 4.33e-40],[0.7638473541787516948727810162524187833316 +/- 3.28e-41],[1.143542500147338220592670331949874212350e-5 +/- 4.30e-45]
1113,[0.05839709157016292272515680297247334074707 +/- 3.94e-42],[0.4096447560191310104473989894713891225689 +/- 2.13e-41],[0.0001280082702737309890564087137938944113269 +/- 7.34e-45],[1.932801964846365956918463455264323576424e-5 +/- 9.61e-46],[1.292790391830404960505733197855133097175 +/- 2.78e-40],[0.7927903918304049605057331978551330971753 +/- 2.25e-41],[1.185270896755042657947526217194115462981e-5 +/- 3.58e-45]
1114,[0.05837776355051445906558761833792069751130 +/- 1.83e-42],[0.4095616008216109465552043739622679823318 +/- 4.72e-41],[0.0001278770584958376393980837721543947201655 +/- 4.40e-44],[1.886112533847958368776091800599370605398e-5 +/- 3.20e-45],[1.263273873870949211275789213863776126503 +/- 3.27e-40],[0.7632738738709492112757892138637761265033 +/- 2.64e-41],[1.139594865407426780376555738914431972198e-5 +/- 4.78e-45]
1115,[0.05835890242517597948189985741991470380525 +/- 2.16e-42],[0.4094816398979276077550034793035869057409 +/- 2.02e-41],[0.0001277461007909257490443050481240920826147 +/- 3.91e-44],[1.839726253393934975589172917316974282236e-5 +/- 3.88e-45],[1.233867263558198686197861501624390944583 +/- 4.04e-40],[0.7338672635581986861978615016243909445834 +/- 3.56e-42],[1.094214030268501794936317978827268448531e-5 +/- 3.97e-45]
1116,[0.05834050516264204013214396569074153406243 +/- 4.52e-42],[0.4094048533611365905445309269521215716197 +/- 3.47e-42],[0.0001276153964372979250833382792398648999246 +/- 1.66e-44],[1.836877105031708738854912430827156931343e-5 +/- 2.46e-45],[1.233607059981489851116073578906124338489 +/- 1.42e-40],[0.7336070599814898511160735789061243384891 +/- 4.15e-41],[1.092362435563429717490053081984485076252e-5 +/- 2.58e-45]
1117,[0.05832213639159172304475541656643326249311 +/- 2.06e-42],[0.4093281869763066506549068537629080449369 +/- 4.37e-42],[0.0001274849447159564237450547016626234785064 +/- 2.94e-45],[1.877153511223864293350280005392990266877e-5 +/- 2.19e-45],[1.262343273760368189316994985388187914966 +/- 1.74e-40],[0.7623432737603681893169949853881879149662 +/- 2.63e-41],[1.133634077864010185418332704216752194841e-5 +/- 1.19e-45]
1118,[0.05830336485647948440182191376637933259044 +/- 3.29e-42],[0.4092486138374137687862983796827152396295 +/- 4.27e-41],[0.0001273547449105906296373701166018518428979 +/- 5.50e-45],[1.917140389461428065668369465637521551268e-5 +/- 2.97e-45],[1.290967089469125787665491783011354001487 +/- 1.78e-42],[0.7909670894691257876654917830113540014870 +/- 1.77e-42],[1.174619373588824146479870081116255469039e-5 +/- 1.42e-45]
1119,[0.05828419345258487012116523007172295737493 +/- 6.12e-43],[0.4091661533172910544132259694169038197307 +/- 5.68e-42],[0.0001272247963075646042558667241768560009065 +/- 3.89e-44],[1.871254461785102704399755819759074801669e-5 +/- 1.63e-45],[1.261770292381871034302381796837008551312 +/- 4.07e-40],[0.7617702923818710343023817968370085513124 +/- 6.34e-42],[1.129734997789522637652917251421206397062e-5 +/- 2.79e-46]
1120,[0.05826548090796701909412123251352536662691 +/- 3.92e-42],[0.4090868336745222919665068103152386397159 +/- 4.79e-41],[0.0001270950981959047033215052531452971091757 +/- 6.60e-45],[1.868299100572493267340189860203414066325e-5 +/- 3.50e-45],[1.261468100415081103577557510842118914021 +/- 4.58e-40],[0.7614681004150811035775575108421189140215 +/- 4.23e-41],[1.127773398829525364970658193346928663459e-5 +/- 2.61e-45]
1121,[0.05824679791696129416144783061492333248625 +/- 6.67e-43],[0.4090076416923508031371391172082634813388 +/- 5.94e-42],[0.0001269656498672872625045910424061603370512 +/- 5.38e-45],[1.822890495084619734233073994161795207059e-5 +/- 3.25e-45],[1.232458457946271702861748981114616819086 +/- 2.32e-40],[0.7324584579462717028617489811146168190858 +/- 3.11e-41],[1.083356240063065260618312869695299913767e-5 +/- 5.97e-46]
1122,[0.05822856901201044796410549987498171453418 +/- 7.97e-44],[0.4089315590127088292774751310890782980581 +/- 3.87e-42],[0.0001268364506160263510963871440642058892027 +/- 2.02e-44],[1.777768530598855659195474944116276611535e-5 +/- 8.22e-46],[1.203552449210998435332775378889942025303 +/- 4.47e-40],[0.7035524492109984353327753788899420253034 +/- 4.67e-41],[1.039218028805481111124492350832814573407e-5 +/- 2.06e-45]
1123,[0.05821079132670445940751354512554055176806 +/- 4.74e-42],[0.4088585668433513479640251377007469805453 +/- 2.70e-41],[0.0001267074997390615931929704609712924398641 +/- 2.02e-44],[1.817264833348788323753394010370439041440e-5 +/- 7.97e-46],[1.231919706007207094620996855579964945053 +/- 1.13e-40],[0.7319197060072070946209968555799649450531 +/- 1.29e-41],[1.079690450664890909492313254648483789717e-5 +/- 3.16e-45]
1124,[0.05819261867837097152427601118543684737765 +/- 3.32e-43],[0.4087827223785768162074827741346535955244 +/- 5.00e-41],[0.0001265787965359460559591036444593889409768 +/- 2.02e-44],[1.814470019605514602402225521105032263223e-5 +/- 6.42e-46],[1.231660285315240859511855146063264338176 +/- 1.59e-40],[0.7316602853152408595118551460632643381762 +/- 4.20e-41],[1.077874855647173274052412427350102059108e-5 +/- 4.10e-45]
1125,[0.05817447397817491637825198893022579705502 +/- 1.90e-42],[0.4087069958676094694044675392764363258483 +/- 3.20e-41],[0.0001264503403088342045430461984770456073657 +/- 1.32e-44],[1.811681938260491637850202606560516512286e-5 +/- 3.31e-45],[1.231400970246504734267470463704953122467 +/- 7.24e-41],[0.7314009702465047342674704637049531224671 +/- 2.77e-41],[1.076063735077727822724070284500816030553e-5 +/- 3.30e-45]
1126,[0.05815635715879231146187348690416019188990 +/- 4.77e-42],[0.4086313870368492733111413703255766947018 +/- 1.30e-41],[0.0001263221303624699232163532001918351475088 +/- 4.91e-44],[1.767182547682654813108107607199389886625e-5 +/- 2.56e-45],[1.202748383685599950410373735279129641627 +/- 4.32e-40],[0.7027483836855999504103737352791296416274 +/- 3.13e-41],[1.032539054640722480570354152435191925732e-5 +/- 1.73e-45]
1127,[0.05813868533331548491374240582808819799103 +/- 1.02e-42],[0.4085588272699993767238672922860401428651 +/- 2.25e-41],[0.0001261941660041746023158094876375571134848 +/- 1.24e-44],[1.764531117030129424797960976325794874298e-5 +/- 3.25e-46],[1.202527013005915772280914471019032259817 +/- 2.9e-43],[0.7025270130059157722809144710190322598170 +/- 2.70e-43],[1.030854826208440872397372700396142064553e-5 +/- 1.50e-45]
1128,[0.05812104002214518361949442621832494004229 +/- 4.00e-42],[0.4084863767163413560320068086690897371408 +/- 2.43e-41],[0.0001260664465438352905677213131594672040893 +/- 3.31e-44],[1.761885996414670441330452496370821421624e-5 +/- 4.98e-45],[1.202305737618517753993562038947926285140 +/- 1.86e-40],[0.7023057376185177539935620389479262851402 +/- 1.41e-41],[1.029174697912282712983596081417755554394e-5 +/- 2.76e-45]
1129,[0.05810342116218103691508112169336123182807 +/- 2.29e-43],[0.4084140351256370289165860514267748576935 +/- 2.72e-42],[0.0001259389712938929123778365459420769945617 +/- 2.36e-45],[1.800573410593308485665463595480921544886e-5 +/- 2.72e-45],[1.230322568813995150103183301637316503310 +/- 3.48e-40],[0.7303225688139951501031833016373165033097 +/- 4.76e-41],[1.068824901611219728738689993773257277572e-5 +/- 2.62e-45]
1130,[0.05808541542807510383022446705740642261262 +/- 9.15e-43],[0.4083388970245801877349496853920712903706 +/- 1.66e-41],[0.0001258117395693305496731887542215761931714 +/- 4.43e-44],[1.838992663118970482072337955301640128247e-5 +/- 6.49e-46],[1.258234919357284254617647398792983989059 +/- 4.38e-40],[0.7582349193572842546176473987929839890586 +/- 3.78e-41],[1.108209947257634509157576126481358680556e-5 +/- 1.93e-45]
1131,[0.05806702550144391412540374367785340621134 +/- 1.56e-42],[0.4082609803626523618236527913815477162536 +/- 3.76e-41],[0.0001256847506876617878851601320733572692095 +/- 2.13e-44],[1.877118833678697678257745302169362127542e-5 +/- 3.08e-45],[1.286025569913655019816406089790767992187 +/- 4.05e-40],[0.7860255699136550198164060897907679921866 +/- 4.65e-42],[1.147304871346389922320850581876375526536e-5 +/- 2.21e-45]
1132,[0.05804825431310712714862116622483171259006 +/- 3.03e-42],[0.4081803048526500984958793306219886345221 +/- 3.34e-42],[0.0001255580039689191256660334788886819498832 +/- 4.39e-44],[1.874113965242111019026472514982544222546e-5 +/- 3.99e-45],[1.285678657284982618807567788518965069184 +/- 1.83e-40],[0.7856786572849826188075677885189650691842 +/- 1.73e-41],[1.145271670698717876492145288342508133487e-5 +/- 2.62e-45]
1133,[0.05802951317345470603843090149968188714784 +/- 2.45e-42],[0.4080997621992818596858914390609339330039 +/- 2.52e-41],[0.0001254314987356424479342545115808843307073 +/- 4.67e-44],[1.830477822763973748279975587930939225385e-5 +/- 4.08e-45],[1.257415869574787989110021277529911525414 +/- 1.84e-40],[0.7574158695747879891100212775299115254142 +/- 1.65e-41],[1.102604941939360674589643245379444271418e-5 +/- 1.08e-45]
1134,[0.05801120839522706630094810174380257775558 +/- 3.71e-42],[0.4080222104091944781519651783792603639464 +/- 3.00e-42],[0.0001253052343128675618465529077854339369625 +/- 1.96e-44],[1.827621816964951397389422853925679588161e-5 +/- 1.78e-45],[1.257115592239368846899635414665995021478 +/- 4.52e-40],[0.7571155922393688468996354146659950214785 +/- 4.85e-41],[1.100711010891299661753343880250463154602e-5 +/- 3.91e-45]
1135,[0.05799293217705741678697420751526332095970 +/- 2.10e-42],[0.4079447821267010896503754348404956716185 +/- 4.97e-41],[0.0001251792100281147952979738582849614374598 +/- 4.43e-44],[1.784453167943183029626039144578012943565e-5 +/- 4.63e-45],[1.229045284254542667217700702648469942820 +/- 3.46e-40],[0.7290452842545426672177007026484699428197 +/- 4.56e-41],[1.058502224229374332133897112839217857815e-5 +/- 4.52e-45]
1136,[0.05797508764537798495667794712381754083027 +/- 3.57e-42],[0.4078703136520971884938649204663236702981 +/- 2.34e-41],[0.0001250534252113776575537517619188704358729 +/- 2.05e-44],[1.781737349831597732764117179973847189667e-5 +/- 4.95e-46],[1.228787211847986520587037328430418471954 +/- 3.35e-40],[0.7287872118479865205870373284304184719543 +/- 3.45e-41],[1.056739021133163666625666561938336163929e-5 +/- 4.74e-45]
1137,[0.05795727027187966897935030595201780235837 +/- 2.34e-43],[0.4077959599253788532398183894867649193329 +/- 1.22e-41],[0.0001249278791951115616198142375427693839823 +/- 2.03e-44],[1.738999515781216988590072766294109361990e-5 +/- 4.68e-45],[1.200887088855113647828796663554422302250 +/- 3.57e-40],[0.7008870888551136478287966635544223022496 +/- 4.34e-41],[1.014951629880835598712032124000480737388e-5 +/- 3.66e-45]
1138,[0.05793988027672185680946440522435486126475 +/- 1.29e-43],[0.4077245374989084303916571579171695118328 +/- 8.43e-42],[0.0001248025713142226079615380643200440816114 +/- 2.28e-44],[1.696524895649719181527428906050689660101e-5 +/- 4.57e-45],[1.173084009024721365297841868847490076720 +/- 4.47e-41],[0.6730840090247213652978418688474900767200 +/- 4.47e-41],[9.734202916324092348028450566756736180618e-6 +/- 2.80e-46]
1139,[0.05792291502776535961764913093529435436815 +/- 1.14e-42],[0.4076560290941542281103898723306124837118 +/- 4.53e-42],[0.0001246775009060564291831892008321941140897 +/- 2.50e-44],[1.654298882160270668306243920985109922895e-5 +/- 3.76e-45],[1.145369151802303967176142057268337020678 +/- 1.65e-40],[0.6453691518023039671761420572683370206778 +/- 3.60e-41],[9.321304530747061501394619588790537438933e-6 +/- 3.95e-47]
1140,[0.05790637203894375691096606849608450326892 +/- 8.06e-44],[0.4075904184492389352551259670871029336674 +/- 3.84e-41],[0.0001245526673103870952832668802252299666644 +/- 5.52e-45],[1.651942462029607535827217023686880527813e-5 +/- 4.26e-45],[1.145211056179481265094770904891270786376 +/- 1.98e-42],[0.6452110561794812650947709048912707863760 +/- 1.97e-42],[9.307031528578011956451727930562782934905e-6 +/- 9.93e-47]
1141,[0.05788985261432346083560779632584763446364 +/- 1.80e-42],[0.4075249001084122883988491090579553484015 +/- 4.50e-41],[0.0001244280698694060791037371358908419247100 +/- 3.10e-44],[1.610059415290945565613425499195827819108e-5 +/- 8.78e-46],[1.117612110002511320543306862921470140004 +/- 2.28e-41],[0.6176121100025113205433068629214701400040 +/- 2.28e-41],[8.897471527084795901650263623639040946572e-6 +/- 3.10e-46]
1142,[0.05787375202017055137995166207085567618545 +/- 7.14e-43],[0.4074622571363449375645428062026765991755 +/- 3.80e-41],[0.0001243037079277112815938841810443448432760 +/- 2.45e-44],[1.568377132442168644689610861721639051546e-5 +/- 2.85e-47],[1.090070992890305471822554141310697265709 +/- 2.98e-41],[0.5900709928903054718225541413106972657090 +/- 2.98e-41],[8.489849356625615480855085659363973316056e-6 +/- 4.51e-47]
1143,[0.05785806824884612969350476596223845979494 +/- 4.75e-42],[0.4074024766120613330866362550049201130259 +/- 2.33e-41],[0.0001241795808322961165122290450657807009016 +/- 2.73e-44],[1.566223417596793356707180274642714569612e-5 +/- 1.61e-45],[1.089957586156625520966804775929734526987 +/- 3.54e-40],[0.5899575861566255209668047759297345269874 +/- 4.64e-41],[8.477443513059840184692713907244571114006e-6 +/- 1.55e-46]
1144,[0.05784240601467016175993769415949203264924 +/- 8.66e-43],[0.4073427760288359114962424094741163828806 +/- 1.82e-41],[0.0001240556879325386541926639567243537741661 +/- 1.15e-44],[1.564074586330755651137009548568637634299e-5 +/- 3.70e-46],[1.089844239077550601312144409810480885785 +/- 1.04e-41],[0.5898442390775506013121444098104808857850 +/- 1.04e-41],[8.465066393484438055653732048717223722901e-6 +/- 4.50e-47]
1145,[0.05782676526880685420342632406400634627290 +/- 3.86e-42],[0.4072831552125271419210381401429414006040 +/- 3.02e-41],[0.0001239320285801908240036283545878477827997 +/- 1.61e-44],[1.522751535655802924584028356416854405761e-5 +/- 5.54e-46],[1.062396405645813424725596446191956345375 +/- 2.66e-40],[0.5623964056458134247255964461919563453753 +/- 3.47e-41],[8.060927030564272073335888428133781002731e-6 +/- 1.27e-46]
1146,[0.05781153775345029617418048378044217772884 +/- 1.47e-42],[0.4072263737773413164493577111559164398565 +/- 4.20e-42],[0.0001238086021293676751318082912966054638554 +/- 4.47e-44],[1.559800569336913282478650750635678646269e-5 +/- 3.36e-45],[1.089616665707064666205843622081406630783 +/- 2.49e-40],[0.5896166657070646662058436220814066307828 +/- 4.82e-41],[8.440440017165286744016645261189960415477e-6 +/- 4.86e-46]
1147,[0.05779593974775692704135569727293582094238 +/- 4.16e-42],[0.4071669116782735652073885827324304441016 +/- 3.19e-41],[0.0001236854079365366953244755723356574001522 +/- 9.36e-45],[1.518639246282867712389038596102181427782e-5 +/- 1.90e-45],[1.062206190363763394691062860425558102632 +/- 2.21e-40],[0.5622061903637633946910628604255581026318 +/- 2.10e-41],[8.037878078051865851174223969051964642474e-6 +/- 4.90e-46]
1148,[0.05778075335529409836423180688697479912810 +/- 1.98e-42],[0.4071102785851834140632249590511749975906 +/- 2.75e-41],[0.0001235624453605071872271964209792318928336 +/- 2.51e-44],[1.516591725113348205046863540581694434791e-5 +/- 4.42e-45],[1.062108762476822602273756906592583051112 +/- 1.09e-40],[0.5621087624768226022737569065925830511121 +/- 8.27e-42],[8.026386071781012694528185477297425724565e-6 +/- 3.79e-46]
1149,[0.05776558743804296488218133825156898218375 +/- 1.25e-43],[0.4070537194736197352228013195279709235637 +/- 2.29e-41],[0.0001234397137624197019562319768705390239599 +/- 2.09e-44],[1.475661212571088860115238117386785911682e-5 +/- 2.59e-45],[1.034743164755420510204287117073559989018 +/- 8.70e-41],[0.5347431647554205102042871170735599890179 +/- 1.31e-41],[7.626044547040837776587462784544266029842e-6 +/- 2.55e-46]
1150,[0.05775083082591725399358018587039511432463 +/- 3.31e-42],[0.4069999747933436270206789648019582603758 +/- 4.63e-41],[0.0001233172125057355295475247020682334441863 +/- 4.41e-44],[1.473697771193154826907379851013361746831e-5 +/- 2.49e-45],[1.034657226103254395942580338061398867636 +/- 1.55e-40],[0.5346572261032543959425803380613988676362 +/- 4.52e-41],[7.615306234589128154334848289330764264926e-6 +/- 4.40e-46]
1151,[0.05773609384820532244531111207188498070716 +/- 5.00e-42],[0.4069462991723814939929325759003329722295 +/- 4.82e-41],[0.0001231949409562262459267159693610271667479 +/- 4.09e-44],[1.510492768593172211678039558142199282177e-5 +/- 3.76e-45],[1.061813842593020252069478799025621666510 +/- 4.96e-40],[0.5618138425930202520694787990256216665105 +/- 4.85e-42],[7.992133013258930035507704199839951701403e-6 +/- 1.45e-46]
1152,[0.05772098892051939072319433167630355871434 +/- 3.24e-42],[0.4068899605900458178834663405834614040021 +/- 4.87e-41],[0.0001230728984819633160471709254543158169642 +/- 4.65e-44],[1.508463462719064279593137500429871850754e-5 +/- 4.89e-45],[1.061716600388436832044610440476892733310 +/- 4.31e-40],[0.5617166003884368320446104404768927333104 +/- 3.09e-41],[7.980745217497030488777994326953254023483e-6 +/- 7.76e-47]
1153,[0.05770590428589220008039840030129925999584 +/- 4.32e-42],[0.4068336953584594124792495171592244827668 +/- 4.88e-41],[0.0001229510844533077528454973367262072122290 +/- 1.10e-44],[1.545018369295463288036879523965286226277e-5 +/- 3.55e-46],[1.088807332394374233798691710438732278255 +/- 4.30e-40],[0.5888073323943742337986917104387322782554 +/- 2.95e-41],[8.355180181645407175583777850863292101139e-6 +/- 2.46e-46]
1154,[0.05769045410219924544751803150605960713357 +/- 2.92e-42],[0.4067747830711702786430017033053015708367 +/- 2.46e-41],[0.0001228294982428998316665357163406011516772 +/- 4.56e-44],[1.504438661800509314642417416067415500616e-5 +/- 2.83e-45],[1.061543644958219883739843982088038870676 +/- 1.23e-40],[0.5615436449582198837398439820880388706759 +/- 2.29e-41],[7.958297087226917541936547406283073934580e-6 +/- 3.90e-46]
1155,[0.05767540971558124035437160733189893297857 +/- 3.24e-42],[0.4067186623091065639923831256109951403108 +/- 4.28e-41],[0.0001227081392256488598122687755628997555619 +/- 4.26e-44],[1.464026325642737133010368590978525013476e-5 +/- 2.86e-46],[1.034319783878066901017866537639446752968 +/- 6.84e-41],[0.5343197838780669010178665376394467529681 +/- 3.18e-41],[7.563021051151487581380689622116721329973e-6 +/- 4.74e-46]
1156,[0.05766076945232481298304150364598914772843 +/- 2.01e-42],[0.4066653224313433207281594983853498224276 +/- 2.40e-41],[0.0001225870067787230008715493144041281194455 +/- 1.24e-44],[1.462088819102098112393654200789533038419e-5 +/- 3.95e-46],[1.034234178436544014704728917760972394894 +/- 6.32e-41],[0.5342341784365440147047289177609723948941 +/- 3.69e-41],[7.552427055302455140358615877414223226859e-6 +/- 3.56e-46]
1157,[0.05764614856413379200191756710398125239805 +/- 2.19e-42],[0.4066120507396603679627131469440012971668 +/- 4.19e-41],[0.0001224661002815391534899772407780982519658 +/- 1.17e-44],[1.421927743738714281738430124476693360700e-5 +/- 7.96e-46],[1.007073914584283907112010391207865030811 +/- 1.33e-40],[0.5070739145842839071120103912078650308109 +/- 3.25e-41],[7.159578426487429563994569486217403108271e-6 +/- 4.66e-46]
1158,[0.05763192928669640485910018280273648546444 +/- 8.13e-43],[0.4065615438540772577387712434710015749516 +/- 2.49e-41],[0.0001223454191157528842416686550698342220897 +/- 4.33e-44],[1.458227933583279923818697903638225698369e-5 +/- 2.83e-45],[1.034057160442164756914644804045335154710 +/- 2.32e-40],[0.5340571604421647569146448040453351547098 +/- 3.14e-41],[7.531276792802494420559728673736697013707e-6 +/- 6.66e-47]
1159,[0.05761734700736057205986199582370010320746 +/- 2.88e-42],[0.4065084083401942516857639302570498498360 +/- 4.53e-41],[0.0001222249626652484142670530285952768559909 +/- 9.64e-45],[1.418208789501564016605705206060828827535e-5 +/- 8.69e-46],[1.006924728058325951940580877323310386693 +/- 4.01e-40],[0.5069247280583259519405808773233103866926 +/- 8.08e-43],[7.139809808170331794821003988915826447354e-6 +/- 4.10e-46]
1160,[0.05760316491946555641969593877163949491918 +/- 1.78e-42],[0.4064580285906926624986320042205906582630 +/- 4.18e-42],[0.0001221047303161286593432086084506974140577 +/- 4.87e-46],[1.416354868366918759726618280714759771043e-5 +/- 4.78e-45],[1.006846464750255566280188529542350482011 +/- 2.81e-40],[0.5068464647502555662801885295423504820107 +/- 1.94e-41],[7.129929765822362786423052099326904020866e-6 +/- 1.57e-47]
1161,[0.05758900137078188723209867258883234732147 +/- 1.36e-42],[0.4064077124126583454972089482925304960072 +/- 4.38e-42],[0.0001219847214567053230556014646458856565354 +/- 4.40e-44],[1.414505018752244478212260396491922478131e-5 +/- 1.68e-45],[1.006768249040176727234648090684259835246 +/- 2.47e-41],[0.5067682490401767272346480906842598352460 +/- 2.47e-41],[7.120071896337795240769167750105573230594e-6 +/- 1.98e-47]
1162,[0.05757485632059436478731654998486742809669 +/- 4.22e-44],[0.4063574596719069588461624722196191589136 +/- 1.81e-41],[0.0001218649354774890427424302235179823822018 +/- 2.96e-44],[1.450592607928130835392799693066589096783e-5 +/- 2.04e-45],[1.033722189114403541275886536133220906061 +/- 5.40e-41],[0.5337221891144035412758865361332209060611 +/- 4.62e-41],[7.489569928646373897201815182326862682728e-6 +/- 1.10e-46]
1163,[0.05756035039451508347896262198793676220572 +/- 2.22e-42],[0.4063045926091142676226113356113513256919 +/- 2.19e-41],[0.0001217453717711795878850966679689894502073 +/- 4.85e-44],[1.486550404610973676995225929618002058111e-5 +/- 4.89e-46],[1.060654049890635520559461176082016401206 +/- 3.72e-40],[0.5606540498906355205594611760820164012064 +/- 2.82e-41],[7.857797788050134270946080703236176177767e-6 +/- 3.59e-46]
1164,[0.05754548489046897374219266972864058218514 +/- 1.11e-42],[0.4062491195613301998572315708259409450363 +/- 2.00e-41],[0.0001216260297326561106206221922186708196205 +/- 8.56e-45],[1.484574391269334421027314588133752542375e-5 +/- 5.51e-46],[1.060557415719009095209940379073053584867 +/- 4.77e-40],[0.5605574157190090952099403790730535848675 +/- 2.37e-41],[7.846715056425051842676202346678186832095e-6 +/- 3.69e-46]
1165,[0.05753063914655628039798239658275924465972 +/- 2.65e-42],[0.4061937180151235759842138911363290304795 +/- 4.74e-41],[0.0001215069087589674480541117371144197223136 +/- 3.39e-44],[1.444901429283038731003260635652073609824e-5 +/- 4.72e-45],[1.033494224299391948320153362849306461795 +/- 9.19e-41],[0.5334942242993919483201533628493064617949 +/- 8.13e-42],[7.458644171204692452908954965767772631612e-6 +/- 1.24e-47]
1166,[0.05751619013226345001067236397640272392362 +/- 8.83e-43],[0.4061410500347068920710236651188205107535 +/- 9.81e-42],[0.0001213880082493224760516304606452241731313 +/- 2.07e-44],[1.480646008789958156540205455600578888598e-5 +/- 3.64e-45],[1.060364912317018933359188894135294647621 +/- 2.91e-40],[0.5603649123170189333591888941352946476213 +/- 9.65e-42],[7.824684325654785900566679320209184026753e-6 +/- 1.68e-46]
1167,[0.05750138367217555042910696192184671813473 +/- 3.15e-42],[0.4060857906145369690689975959781242380177 +/- 1.50e-41],[0.0001212693276050805141961041746946427982817 +/- 3.50e-44],[1.441124703435540648858091557974052499331e-5 +/- 2.78e-45],[1.033337766298350414136595556000177780440 +/- 5.36e-41],[0.5333377662983504141365955560001777804399 +/- 4.66e-41],[7.438092900068922062841102155754590648297e-6 +/- 3.30e-47]
1168,[0.05748697242514119502261838100626697760974 +/- 1.67e-43],[0.4060332550061400266643230477394822643940 +/- 3.65e-41],[0.0001211508662297417815910826592522241884656 +/- 3.41e-44],[1.439237688859286199489940348251214797691e-5 +/- 1.13e-45],[1.033252743049520993811596304304700730842 +/- 4.59e-40],[0.5332527430495209938115963043047007308415 +/- 4.12e-41],[7.427780382361726582404917181708529104886e-6 +/- 4.18e-46]
1169,[0.05747258004825260216062348160278446546176 +/- 2.93e-42],[0.4059807858788721171488903004902543991509 +/- 6.87e-42],[0.0001210326235289379031994155038023741772991 +/- 2.32e-44],[1.399924701616904075828902012451723647420e-5 +/- 1.89e-45],[1.006263083089223238405523343513015084237 +/- 8.51e-41],[0.5062630830892232384055233435130150842371 +/- 1.50e-41],[7.043189871952135770029999124461963919781e-6 +/- 4.85e-46]
1170,[0.05745858080123643311986519258265994822529 +/- 1.28e-42],[0.4059310274396397915131585405935812117896 +/- 3.50e-41],[0.0001209145989104224664060832754620145990821 +/- 2.47e-44],[1.398110925030721065867316603179131806741e-5 +/- 1.64e-45],[1.006185371865993434952116815766004981195 +/- 2.74e-40],[0.5061853718659934349521168157660049811953 +/- 2.63e-41],[7.033527998763606595775882471269748455035e-6 +/- 2.64e-47]
1171,[0.05744459969198612590920651941662815690722 +/- 1.32e-42],[0.4058813312502184886652582209759164875351 +/- 2.16e-41],[0.0001207967917840616274966027262160550634443 +/- 3.85e-44],[1.433624333469760692959147659206818608215e-5 +/- 2.72e-45],[1.033001044620355864820604596397479969182 +/- 3.45e-41],[0.5330010446203558648206045963974799691820 +/- 3.45e-41],[7.397119986585988177847886135030727683029e-6 +/- 4.56e-46]
1172,[0.05743026344865142830227692794003608872114 +/- 8.35e-43],[0.4058290597461591388425319790547356148778 +/- 3.12e-41],[0.0001206792015618247677445835774254090922827 +/- 3.36e-44],[1.431753711707964778729160080593573961053e-5 +/- 4.04e-45],[1.032916191688301486729306786032990326660 +/- 7.98e-41],[0.5329161916883014867293067860329903266599 +/- 2.03e-41],[7.386898778611144468715198480173075348390e-6 +/- 2.39e-46]
1173,[0.05741594591153434865448963633923015298153 +/- 1.37e-42],[0.4057768541698010661862587971378561941091 +/- 1.51e-42],[0.0001205618276577751988041563073439399071680 +/- 1.55e-44],[1.467069418777107803882148241728218507973e-5 +/- 3.46e-45],[1.059688744421408786915258843757494019487 +/- 1.87e-40],[0.5596887444214087869152588437574940194868 +/- 1.34e-41],[7.748522811976531355293028390772206306386e-6 +/- 1.93e-46]
1174,[0.05740127521734657757645081485681287079645 +/- 1.10e-42],[0.4057220862778170856522645191310525848885 +/- 7.74e-42],[0.0001204446694880609171051154639463780831162 +/- 4.98e-44],[1.428040312045155662609372969530367002265e-5 +/- 4.63e-46],[1.032764608197340752130152317184609929159 +/- 4.48e-41],[0.5327646081973407521301523171846099291590 +/- 4.48e-41],[7.366725498705026006033982470735219158184e-6 +/- 3.01e-46]
1175,[0.05738699481422612601982472112711756712643 +/- 3.75e-42],[0.4056700107226895684129683847289846679606 +/- 2.66e-41],[0.0001203277264709054069507314768018778991944 +/- 3.56e-44],[1.426181908551702208763096589537637667265e-5 +/- 4.45e-46],[1.032679923013184976235616544002829885430 +/- 5.19e-41],[0.5326799230131849762356165440028298854301 +/- 4.82e-41],[7.356572470523553747203355505442525103170e-6 +/- 4.32e-46]
1176,[0.05737273299514060899773709016122219074975 +/- 3.61e-42],[0.4056180006813060833778744969077447423474 +/- 2.88e-41],[0.0001202109980265984920202758924999355026836 +/- 3.71e-44],[1.424327551047742804403973546275376602152e-5 +/- 2.30e-45],[1.032595286316837090650474848683225132124 +/- 9.06e-41],[0.5325952863168370906504748486832251321241 +/- 9.42e-42],[7.346442017618018105341313218918853937879e-6 +/- 1.01e-46]
1177,[0.05735848971963013156969305042575943698373 +/- 2.09e-42],[0.4055660560166295218307268298318288125967 +/- 3.11e-41],[0.0001200944835774872349803805513432727833883 +/- 2.32e-44],[1.385602862082093889582798075648961033678e-5 +/- 1.73e-45],[1.005745294882273951850685498283489983744 +/- 4.32e-40],[0.5057452948822739518506854982834899837444 +/- 3.15e-41],[6.967590419157347662903927438128550628952e-6 +/- 4.61e-46]
1178,[0.05734463369100931063079722244500294737340 +/- 4.70e-42],[0.4055167841898086732672254152713068494930 +/- 4.39e-41],[0.0001199781825479668849114106004005854426038 +/- 4.34e-44],[1.420639500553092237300176536449366674681e-5 +/- 2.73e-45],[1.032425751632771602605822004410389383024 +/- 8.21e-41],[0.5324257516327716026058220044103893830239 +/- 1.80e-41],[7.326290076404715248397143621472153841598e-6 +/- 3.40e-47]
1179,[0.05733042729600377970842422067963845370665 +/- 1.51e-42],[0.4054649695754226189505499990741128756828 +/- 3.96e-41],[0.0001198620943644718722570745399476556535689 +/- 3.24e-44],[1.418797175163811822490574163650825247933e-5 +/- 2.22e-46],[1.032341244692890689416834035248874292325 +/- 1.54e-40],[0.5323412446928906894168340352488742923252 +/- 4.69e-41],[7.316226665129019183266716174001002614502e-6 +/- 2.64e-46]
1180,[0.05731623932425214159019931493800194545417 +/- 8.31e-43],[0.4054132199309060906134540803049000476318 +/- 2.98e-42],[0.0001197462184554668510075218658713863559360 +/- 7.63e-45],[1.416958846875214159234424288871788267903e-5 +/- 2.32e-45],[1.032256786020691330050557985553692711217 +/- 3.72e-40],[0.5322567860206913300505579855536927112166 +/- 2.81e-41],[7.306185553584424921906753134157726041367e-6 +/- 4.07e-46]
1181,[0.05730206973578338944860697069511322757149 +/- 1.38e-43],[0.4053615351208192207984164335731732662792 +/- 2.44e-41],[0.0001196305542514377878281904375010204823368 +/- 4.11e-45],[1.451728099053793133291442559991533921628e-5 +/- 1.88e-45],[1.058870535345772220234954677466740093134 +/- 2.35e-40],[0.5588705353457722202349546774667400931342 +/- 3.43e-41],[7.662202628291625176837742808887861302117e-6 +/- 1.94e-46]
1182,[0.05728755245479285151727405626951331223227 +/- 3.86e-42],[0.4053073253192086988582040703382877047662 +/- 4.36e-42],[0.0001195151011848830978486616049910459614553 +/- 3.56e-44],[1.486341395911308162752936584171677902356e-5 +/- 8.09e-46],[1.085439261359310403339964159690098758187 +/- 2.89e-40],[0.5854392613593104033399641596900987581873 +/- 1.13e-41],[8.016686330844215878354552667718199412053e-6 +/- 4.64e-46]
1183,[0.05727268904083373843564652690367159545325 +/- 2.99e-43],[0.4052506007790091769853165670726211335886 +/- 2.38e-41],[0.0001193998586903048268277615079451116176878 +/- 5.64e-45],[1.484370381810864596144227302261048179531e-5 +/- 1.62e-45],[1.085327724859038063053544661197626271177 +/- 1.74e-40],[0.5853277248590380630535446611976262711768 +/- 2.67e-41],[8.005352839819327700323967421858422015170e-6 +/- 2.37e-46]
1184,[0.05725784533701562978968508463064898497145 +/- 4.99e-42],[0.4051939496682912944717051553552481174723 +/- 1.36e-41],[0.0001192848262041998794131119412942556880653 +/- 3.61e-44],[1.482403683725188010757968528770510675157e-5 +/- 4.85e-45],[1.085216245891283684363908884737459752232 +/- 3.53e-40],[0.5852162458912836843639088847374597522316 +/- 4.76e-41],[7.994044707399014235563477907079605935963e-6 +/- 2.84e-46]
1185,[0.05724302130017837790957750494536127986470 +/- 3.42e-42],[0.4051373718324345325312179824778413897728 +/- 4.49e-41],[0.0001191700031650512932152839081141410075686 +/- 3.89e-44],[1.516692637721195091297132373379967453471e-5 +/- 1.11e-45],[1.111675627467606738597403280273157846335 +/- 2.85e-40],[0.6116756274676067385974032802731578463353 +/- 1.60e-41],[8.345275347692595023807354998346633281259e-6 +/- 1.06e-46]
1186,[0.05722785437380116595866453362162748019017 +/- 1.30e-42],[0.4050783011229481024380886125038008718266 +/- 1.35e-41],[0.0001190553890133195584186415734198008772064 +/- 2.65e-44],[1.478500300440371040407789099271825963893e-5 +/- 1.65e-45],[1.085012895075468640076883299127676401070 +/- 4.36e-41],[0.5850128950754686400768832991276764010700 +/- 4.36e-41],[7.971718539533211432710169712950409740752e-6 +/- 9.95e-47]
1187,[0.05721306937079676224826045573063476193053 +/- 2.29e-43],[0.4050218678574648183536751153814304452122 +/- 9.38e-42],[0.0001189409831914339826528839281072631116546 +/- 6.76e-45],[1.512612348452582732683009694199511829172e-5 +/- 1.07e-45],[1.111401232954548926919654965834670994748 +/- 2.47e-40],[0.6114012329545489269196549658346709947482 +/- 4.68e-41],[8.321144762163543202357356117594534405732e-6 +/- 4.58e-46]
1188,[0.05719794324731223642093362563369276681224 +/- 1.95e-42],[0.4049629539320390084083117746806763463492 +/- 2.78e-41],[0.0001188267851437841008511961969863586551901 +/- 3.69e-44],[1.510582402657971940211325846770189213138e-5 +/- 2.70e-45],[1.111270192647782474729149138133217321639 +/- 9.76e-41],[0.6112701926477824747291491381332173216391 +/- 2.46e-42],[8.309176313664991616701269934931681205040e-6 +/- 2.84e-46]
1189,[0.05718283742328565670153151237522506492011 +/- 3.33e-42],[0.4049041177522316345150454944347366853969 +/- 2.69e-41],[0.0001187127943167111298228130069200536213198 +/- 3.65e-44],[1.472707520093373310838737868136428410070e-5 +/- 3.90e-45],[1.084734066947199085038699879605848838722 +/- 2.56e-40],[0.5847340669471990850386998796058488387217 +/- 4.50e-41],[7.938740783457291094420715140333036715863e-6 +/- 2.04e-47]
1190,[0.05716811034808472296842312499654370063601 +/- 4.04e-42],[0.4048478979034625585168288871138014103936 +/- 8.74e-43],[0.0001185990101584994672696706969022543085230 +/- 1.58e-44],[1.435003407319736844412139041943964348284e-5 +/- 4.09e-45],[1.058249410178744204673791962143546720325 +/- 6.10e-41],[0.5582494101787442046737919621435467203251 +/- 3.91e-41],[7.569952773282649868956969314252600641704e-6 +/- 1.40e-47]
1191,[0.05715376031401152559997900360612426099252 +/- 3.14e-42],[0.4047942833452780582985557319150367513789 +/- 2.83e-41],[0.0001184854321193682349786870267275066499383 +/- 1.19e-44],[1.397460861663530218308088718984185689112e-5 +/- 9.71e-46],[1.031810378530367347116315333979304610773 +/- 4.84e-40],[0.5318103785303673471163153339793046107725 +/- 1.66e-41],[7.202720628582847428309830742108875067608e-6 +/- 3.55e-46]
1192,[0.05713978570539489029779592271893441913563 +/- 2.01e-42],[0.4047432636815077145305551910596758506896 +/- 3.39e-41],[0.0001183720596514628659230530488136210685330 +/- 1.21e-45],[1.395669511019972028780183172588012231242e-5 +/- 4.14e-45],[1.031726971329627321421165326186505235152 +/- 2.41e-40],[0.5317269713296273214211653261865052351518 +/- 4.01e-41],[7.192940988208911161306950598150424799190e-6 +/- 3.82e-46]
1193,[0.05712582901028469057750812088720853901332 +/- 4.07e-43],[0.4046923072589064538668269295313162752302 +/- 9.91e-42],[0.0001182588922088467350077541716473306495941 +/- 3.85e-44],[1.429415537331284520276222000322521616910e-5 +/- 2.48e-45],[1.057942784166349008575273205599146560558 +/- 1.86e-40],[0.5579427841663490085752732055991465605578 +/- 1.44e-41],[7.538518118044578217094066974862233637923e-6 +/- 2.43e-46]
1194,[0.05711153485491137773230535866720531379715 +/- 4.92e-43],[0.4046388963733589818709140305076199608538 +/- 3.77e-41],[0.0001181459292474928331963555849949446486027 +/- 8.16e-45],[1.463002159384175650466980012937916101076e-5 +/- 2.56e-45],[1.084107570406353783057355460387344757221 +/- 3.04e-40],[0.5841075704063537830573554603873447572207 +/- 3.85e-42],[7.882526237657676000382240542667323720581e-6 +/- 4.14e-46]
1195,[0.05709690483331753597580068886707593463614 +/- 2.72e-43],[0.4045830415691486629939841793512029921933 +/- 4.37e-41],[0.0001180331702252754847578913570736748821873 +/- 4.21e-44],[1.425747129054732343252030538472389210281e-5 +/- 3.95e-45],[1.057781268105683209992574146946394630691 +/- 3.75e-40],[0.5577812681056832099925741469463946306906 +/- 2.53e-41],[7.518142603020000130206708858093804545481e-6 +/- 1.79e-46]
1196,[0.05708264736202698865236816856169121074404 +/- 3.09e-42],[0.4045297624627667810650613970809142201555 +/- 1.14e-41],[0.0001179206146019621073744867718034125385105 +/- 1.47e-45],[1.423903996268841810284988253438782323996e-5 +/- 1.63e-45],[1.057686284461740903522435707553297294002 +/- 2.72e-40],[0.5576862844617409035224357075532972940017 +/- 2.81e-41],[7.507819102651124615831141326894995886187e-6 +/- 3.68e-46]
1197,[0.05706840832206430023426531867915682292080 +/- 3.05e-42],[0.4044765502415087450969869474877352833728 +/- 4.44e-41],[0.0001178082618392050148521199684227146758697 +/- 4.10e-44],[1.422064827085506066823084956567321784867e-5 +/- 1.80e-45],[1.057591351889779024508385422639128379995 +/- 7.20e-42],[0.5575913518897790245083854226391283799950 +/- 7.19e-42],[7.497518280502643073945341875142086616405e-6 +/- 4.06e-46]
1198,[0.05705418767379344517359708782959114970295 +/- 1.72e-42],[0.4044234047671109509117727784223214220655 +/- 2.25e-41],[0.0001176961114005332621786917934185028990820 +/- 3.82e-44],[1.385159022009287502683670973483752089070e-5 +/- 2.87e-45],[1.031383071241087159235998289437533563168 +/- 1.11e-40],[0.5313830712410871592359982894375335631681 +/- 1.02e-41],[7.136534191771150002672816989304221212589e-6 +/- 4.76e-46]
1199,[0.05704033608357335229857025111985631218206 +/- 2.41e-42],[0.4043728121409413174729436503943376777266 +/- 1.96e-43],[0.0001175841627513445326753220920520260764988 +/- 4.50e-44],[1.348404497267736702935517772402214705283e-5 +/- 8.76e-47],[1.005215761953761981873153930873701702415 +/- 8.84e-41],[0.5052157619537619818731539308737017024151 +/- 1.17e-41],[6.777004811235087775441288582214463429394e-6 +/- 2.54e-46]
1200,[0.05702685203860067493154089594213229003500 +/- 4.77e-42],[0.4043247626561132364523302363211342809497 +/- 6.41e-42],[0.0001174724153588970669885265688443622685677 +/- 4.96e-44],[1.346704279718136914944929338501498686842e-5 +/- 4.46e-45],[1.005140905731327177059238778437146542143 +/- 4.44e-40],[0.5051409057313271770592387784371465421434 +/- 4.32e-41],[6.767960747892504708368765311166177226739e-6 +/- 4.15e-46]
1201,[0.05701338499580349356239144664874727504814 +/- 3.67e-42],[0.4042767716567705536994275660208734967749 +/- 2.39e-41],[0.0001173608686923016336726509472193585910891 +/- 2.71e-44],[1.379857614184594791636833385448589093257e-5 +/- 2.28e-45],[1.031107952992858769955405801035085888319 +/- 1.52e-40],[0.5311079529928587699554058010350858883188 +/- 4.82e-41],[7.107435751649813980651097358055446943576e-6 +/- 3.00e-46]
1202,[0.05699958641966164761447507831489278915720 +/- 3.77e-42],[0.4042263675553202457398461165554011601922 +/- 2.35e-41],[0.0001172495222225135411136485710334304407545 +/- 1.81e-44],[1.343340766754853004734938867313104520438e-5 +/- 4.96e-45],[1.005017011050507382597274508054258865121 +/- 2.35e-40],[0.5050170110505073825972745080542588651208 +/- 3.50e-41],[6.750233392962330646567398681115173810632e-6 +/- 2.57e-46]
1203,[0.05698615301199409908442772892621965811200 +/- 6.21e-43],[0.4041784910273806265376125331978158163373 +/- 3.00e-42],[0.0001171383754223246905469839268406290424873 +/- 4.25e-44],[1.306962949639716346526518337971726175723e-5 +/- 3.46e-45],[0.9789595425671375008449962565829434125158 +/- 4.83e-41],[0.4789595425671375008449962565829434125158 +/- 4.83e-41],[6.394364111004159752672847480657699019223e-6 +/- 3.84e-46]
1204,[0.05697308338249770192096246374283994085024 +/- 2.16e-42],[0.4041331332154161404090759410839194843910 +/- 3.00e-41],[0.0001170274277663556699241279362966467616290 +/- 3.41e-44],[1.305331561282090805201480801781246130077e-5 +/- 3.32e-45],[0.9788890255765860709497513133066616365566 +/- 2.24e-41],[0.4788890255765860709497513133066616365566 +/- 2.24e-41],[6.385902212649099679554386305080958838297e-6 +/- 1.56e-46]
1205,[0.05696003006688488101291044893482212838894 +/- 1.39e-42],[0.4040878301254164971690074969404522254619 +/- 7.94e-42],[0.0001169166787310478883837813829145722247030 +/- 1.53e-44],[1.269148497257105882295859878455493310262e-5 +/- 1.58e-45],[0.9528746308806726717153454452582118223936 +/- 2.35e-41],[0.4528746308806726717153454452582118223936 +/- 2.35e-41],[6.031907436730251023830943870062713416102e-6 +/- 3.89e-46]
1206,[0.05694733858191230995408749033603757345584 +/- 1.24e-42],[0.4040450333538350590374924806148431684153 +/- 4.77e-41],[0.0001168061277946557510856206052450851017653 +/- 1.95e-44],[1.267572518787358282515202925304424657587e-5 +/- 3.11e-45],[0.9528044133432576182889638183041521047956 +/- 9.38e-42],[0.4528044133432576182889638183041521047956 +/- 9.38e-42],[6.023927079909203532654854408551480634503e-6 +/- 3.17e-47]
1207,[0.05693466285672443637126233830678452920926 +/- 2.90e-42],[0.4040022882105043454721960999013265468536 +/- 2.15e-42],[0.0001166957744372388741660047172508189776235 +/- 3.31e-44],[1.231572728761490843704936927074822811180e-5 +/- 4.27e-45],[0.9268259481286873598433852505590740867838 +/- 3.12e-41],[0.4268259481286873598433852505590740867838 +/- 3.12e-41],[5.671692713226351341495920848431521728782e-6 +/- 1.25e-46]
1208,[0.05692234712943682146282528893751378098115 +/- 1.09e-42],[0.4039620377875741390731332740651124615066 +/- 3.60e-41],[0.0001165856181406543395767162129650336396174 +/- 9.46e-46],[1.230046085357414743668759613223603449078e-5 +/- 1.48e-45],[0.9267521631463785991997745965326407230062 +/- 4.38e-41],[0.4267521631463785991997745965326407230062 +/- 4.38e-41],[5.664133827471854471840921760742865670341e-6 +/- 1.15e-46]
1209,[0.05691004666858324731538860134138154494666 +/- 3.06e-43],[0.4039218363210372378460411305720453873234 +/- 9.32e-42],[0.0001164756583885489895694269822646307716273 +/- 1.91e-44],[1.262841977265056121743152451922035873127e-5 +/- 1.12e-45],[0.9525656095130520817009314595010325784241 +/- 5.47e-42],[0.4525656095130520817009314595010325784241 +/- 5.47e-42],[5.999784618004278429167948710521393163417e-6 +/- 4.98e-47]
1210,[0.05689741824881059675417116981686232458793 +/- 9.64e-43],[0.4038792475960680045464717386544672419564 +/- 2.67e-41],[0.0001163658946663517605901896125629102885557 +/- 2.99e-44],[1.261279067017769879683502429788561063218e-5 +/- 2.43e-45],[0.9524954700925808442692845618682575902484 +/- 7.90e-42],[0.4524954700925808442692845618682575902484 +/- 7.90e-42],[5.991871691449244445731073607232975923513e-6 +/- 1.85e-46]
1211,[0.05688480545814041905537433479256443897730 +/- 3.15e-42],[0.4038367100901089216542988200330702635156 +/- 4.87e-41],[0.0001162563264612660563498494812840590285252 +/- 3.27e-44],[1.225534640405845049225102789454876000136e-5 +/- 1.88e-45],[0.9265795752902955042761788803884431240893 +/- 9.14e-42],[0.4265795752902955042761788803884431240893 +/- 9.14e-42],[5.642127890031268700867993302536445786289e-6 +/- 7.27e-47]
1212,[0.05687255011173636060488208376466989021730 +/- 4.51e-42],[0.4037966508288121030218849565603422743867 +/- 1.90e-41],[0.0001161469532622621598378566590044963983001 +/- 1.35e-45],[1.224020783871300520634213384706719642241e-5 +/- 4.85e-45],[0.9265060775909763844290826771569953731940 +/- 4.58e-41],[0.4265060775909763844290826771569953731940 +/- 4.58e-41],[5.634634418979499554985128896785872971420e-6 +/- 1.16e-46]
1213,[0.05686030990389764759967574163082282302087 +/- 3.09e-42],[0.4037566401242418905936971320267397396883 +/- 2.23e-42],[0.0001160377745600696840485281450703966458008 +/- 2.50e-44],[1.256590692880658132217527336474801923898e-5 +/- 1.71e-45],[0.9522593150022771964949737975206625058911 +/- 3.52e-41],[0.4522593150022771964949737975206625058911 +/- 3.52e-41],[5.967963106762408568095105956850401745300e-6 +/- 1.01e-46]
1214,[0.05684774399696884101835356635745807500163 +/- 4.11e-42],[0.4037142575840470846727811722802388720241 +/- 9.76e-42],[0.0001159287898471700611903705473192700399904 +/- 4.03e-44],[1.221026253367853119307033983783142755778e-5 +/- 1.66e-45],[0.9263827710208716802035703383570930151680 +/- 1.35e-41],[0.4263827710208716802035703383570930151680 +/- 1.35e-41],[5.619972366568207022632471116993572768062e-6 +/- 2.51e-46]
1215,[0.05683553373443516248716049601762024357408 +/- 3.69e-42],[0.4036743417339340626538121616760103566156 +/- 8.05e-42],[0.0001158199986177890701506210953079630592952 +/- 5.96e-45],[1.219521873451777377664109823350047852004e-5 +/- 1.24e-45],[0.9263094623480410433142380637163513743682 +/- 4.94e-41],[0.4263094623480410433142380637163513743682 +/- 4.94e-41],[5.612527295954189188937538207325615943214e-6 +/- 1.54e-46]
1216,[0.05682333851570064471338385491938674309556 +/- 3.72e-42],[0.4036344741449661812386678961264796266438 +/- 3.06e-41],[0.0001157114003678894019887009413189787820592 +/- 4.27e-44],[1.218020626200269006319474229085256809080e-5 +/- 5.71e-47],[0.9262362022300996389431200290051274000835 +/- 3.58e-41],[0.4262362022300996389431200290051274000835 +/- 3.58e-41],[5.605098188772342456963870142452627821701e-6 +/- 2.78e-46]
1217,[0.05681115830943864202332066017709589052747 +/- 4.52e-42],[0.4035946547197777991145017084634366464522 +/- 3.90e-41],[0.0001156029945951632632337991536076278540127 +/- 4.94e-44],[1.250393103568137274175137978040048098231e-5 +/- 1.20e-45],[0.9519493588385638114538351739962684920619 +/- 1.20e-41],[0.4519493588385638114538351739962684920619 +/- 1.20e-41],[5.936391008690372897023827028767470987863e-6 +/- 2.67e-46]
1218,[0.05679865437840296065057890879731549004648 +/- 3.18e-42],[0.4035524768667736342577381330950670122379 +/- 4.65e-41],[0.0001154947807990250167633187391862152112933 +/- 3.44e-44],[1.215043188191616803353588642225469113742e-5 +/- 4.08e-45],[0.9261073127373138878352459596140929300376 +/- 2.01e-41],[0.4261073127373138878352459596140929300376 +/- 2.01e-41],[5.590483744802935575011245542196340828950e-6 +/- 2.80e-46]
1219,[0.05678650394652104448254537291089323535535 +/- 4.25e-42],[0.4035127520849227230416536612206247246557 +/- 2.52e-41],[0.0001153867584806038600404175453453351017931 +/- 4.13e-44],[1.179791658727553588510003936734322342550e-5 +/- 4.51e-45],[0.9002729895134886089769513309715426453810 +/- 3.02e-41],[0.4002729895134886089769513309715426453810 +/- 3.02e-41],[5.245505971440454188586922551449656237941e-6 +/- 4.00e-46]
1220,[0.05677470602993376894666027287152589213192 +/- 2.52e-43],[0.4034754743399905990949325501332367700070 +/- 4.24e-42],[0.0001152789271427365404903670756275017999687 +/- 4.00e-44],[1.178339356646633623554691289453996556664e-5 +/- 2.78e-45],[0.9001928674249661682174515701180484286432 +/- 1.55e-41],[0.4001928674249661682174515701180484286432 +/- 1.55e-41],[5.238466366491316344239667230267805015235e-6 +/- 1.02e-46]
1221,[0.05676292263636730261042472595863135216635 +/- 3.62e-42],[0.4034382423306921265704058306266486307869 +/- 3.39e-41],[0.0001151712862899601077969312117587902855155 +/- 4.72e-44],[1.210561901185095203560041659276484259314e-5 +/- 4.10e-45],[0.9258657956400998275330072984545474894135 +/- 1.90e-41],[0.4258657956400998275330072984545474894135 +/- 1.90e-41],[5.568160198243036259096714022120892725732e-6 +/- 3.55e-46]
1222,[0.05675081701735545165838912554203858732376 +/- 4.79e-43],[0.4033986624885938790943874179011508871847 +/- 2.44e-42],[0.0001150638354285047029014346519055599783905 +/- 1.95e-45],[1.242691515958745540125421155962334395229e-5 +/- 2.03e-45],[0.9515297541422053855030474505346317736466 +/- 2.28e-41],[0.4515297541422053855030474505346317736466 +/- 2.28e-41],[5.896948489869283589847269228110551195895e-6 +/- 2.34e-46]
1223,[0.05673839010219586420298787133047896397981 +/- 1.82e-42],[0.4033567407153684517193366183927150067037 +/- 7.35e-42],[0.0001149565740662863834886476504916717643132 +/- 3.49e-44],[1.274717547679977858770418497665990608506e-5 +/- 1.89e-45],[0.9771767994793800104106626628458207576250 +/- 2.77e-41],[0.4771767994793800104106626628458207576250 +/- 2.77e-41],[6.224724532614849477116813513262045575159e-6 +/- 4.87e-46]
1224,[0.05672564292671906442440016714550230407372 +/- 3.13e-42],[0.4033124836742507312578480494861216667500 +/- 1.40e-42],[0.0001148495017128999857450594677717742650912 +/- 3.68e-44],[1.273152263591280247767041648100074960498e-5 +/- 2.35e-45],[0.9771062893037492218710592864499006985863 +/- 4.52e-41],[0.4771062893037492218710592864499006985863 +/- 4.52e-41],[6.216610811435228327503850604661285215360e-6 +/- 1.25e-46]
1225,[0.05671291140408315162192249672902130332412 +/- 1.86e-42],[0.4032682792438557905177804326810152815012 +/- 3.64e-42],[0.0001147426178796120221765478996505086545113 +/- 4.24e-44],[1.271590221623646894793878066150825481373e-5 +/- 1.27e-45],[0.9770358220917269528650264271336605274256 +/- 7.30e-42],[0.4770358220917269528650264271336605274256 +/- 7.30e-42],[6.208514294157464961566613369898323615431e-6 +/- 3.43e-46]
1226,[0.05670019550186691515297455794835979506930 +/- 4.42e-42],[0.4032241273192274501216753256465623271656 +/- 2.64e-41],[0.0001146359220793536152738764502739235693146 +/- 3.03e-44],[1.236721423985968860866336415440410281270e-5 +/- 2.74e-45],[0.9513418535800367822790761163553090222454 +/- 5.92e-42],[0.4513418535800367822790761163553090222454 +/- 5.92e-42],[5.867335046423556568997627421275841113714e-6 +/- 1.01e-47]
1227,[0.05668782828762705546436589458420539096649 +/- 1.72e-42],[0.4031823969111494576906517057341238586602 +/- 4.06e-42],[0.0001145294138267134668158642212801493585148 +/- 8.08e-45],[1.201968657922324725843021475320322113169e-5 +/- 4.16e-45],[0.9256702158944235799435250978736985884981 +/- 3.08e-41],[0.4256702158944235799435250978736985884981 +/- 3.08e-41],[5.527262834331934383251367608986460153625e-6 +/- 9.42e-47]
1228,[0.05667580860104783221710746436945218774536 +/- 3.41e-44],[0.4031430807051366795201759283483762884339 +/- 3.36e-42],[0.0001144230926379308626014765110458995441567 +/- 2.80e-44],[1.200504211658541686661899676014020676009e-5 +/- 3.90e-45],[0.9255977401721389106033916253572042655265 +/- 1.08e-41],[0.4255977401721389106033916253572042655265 +/- 1.08e-41],[5.520020818698081994937720063153486354700e-6 +/- 4.99e-46]
1229,[0.05666380355893124680024084537269204753860 +/- 5.24e-44],[0.4031038115193085705943450282477513856265 +/- 2.03e-41],[0.0001143169580308887124034765327585167325892 +/- 1.53e-44],[1.232196651038101176232630800662905226244e-5 +/- 4.25e-45],[0.9511163466362103701058367519172692459356 +/- 8.63e-43],[0.4511163466362103701058367519172692459356 +/- 8.63e-43],[5.844332857064145965156623593193679896685e-6 +/- 2.16e-46]
1230,[0.05665148159242086578847851906468541848634 +/- 2.49e-42],[0.4030622304384510463248563491365606031798 +/- 4.53e-41],[0.0001142110095251066249376606588333924858709 +/- 4.91e-44],[1.197602733511343904051463007811998837455e-5 +/- 3.76e-45],[0.9254725465599975969510597761552340993770 +/- 2.75e-41],[0.4254725465599975969510597761552340993770 +/- 2.75e-41],[5.505804431350056909444787465734321318331e-6 +/- 9.81e-47]
1231,[0.05663950556508575234943800443460729849796 +/- 2.96e-42],[0.4030230534348490647009077563708538086471 +/- 3.93e-41],[0.0001141052466417340176430712674434121418530 +/- 2.55e-44],[1.229183299065566173123599170378241837467e-5 +/- 3.42e-45],[0.9509585502720404910369901489947211023367 +/- 3.01e-41],[0.4509585502720404910369901489947211023367 +/- 3.01e-41],[5.828968238485685484708716810242533184764e-6 +/- 3.83e-46]
1232,[0.05662721373209509668770676844290351607959 +/- 1.71e-42],[0.4029815721994105983682739737960544053799 +/- 2.78e-41],[0.0001139996689035432610699426903046331683349 +/- 2.53e-44],[1.227689890172370304022299648860880399089e-5 +/- 4.61e-45],[0.9508891689040478009285986749576356547615 +/- 2.24e-41],[0.4508891689040478009285986749576356547615 +/- 2.24e-41],[5.821415285334683712594681508565856099771e-6 +/- 3.13e-46]
1233,[0.05661493683319337298466654544641490727560 +/- 2.60e-42],[0.4029401399905056093257488804494524827814 +/- 3.68e-41],[0.0001138942758349228576734870241667890240449 +/- 6.17e-45],[1.226199547815471674218322895417761340861e-5 +/- 3.32e-45],[0.9508198313451003157383909507634137151129 +/- 3.23e-41],[0.4508198313451003157383909507634137151129 +/- 3.23e-41],[5.813878246098256743516277906801087630083e-6 +/- 4.85e-46]
1234,[0.05660267483771521826792436221746072966219 +/- 1.21e-42],[0.4028987567109390934443489690282091728265 +/- 1.31e-41],[0.0001137890669618706548129677557142709284052 +/- 4.75e-45],[1.191874417434455703189744905173993443602e-5 +/- 2.00e-45],[0.9252583460968159818773697422875568456928 +/- 1.44e-42],[0.4252583460968159818773697422875568456928 +/- 1.44e-42],[5.477978617014788860885567725006260176275e-6 +/- 2.04e-47]
1235,[0.05659075609354087371089246476840898972775 +/- 2.79e-42],[0.4028597599329684877877802143986351772233 +/- 4.03e-41],[0.0001136840418119870917568403440562066768609 +/- 6.64e-45],[1.223211992210853284760592572612246083593e-5 +/- 4.33e-45],[0.9506633085988230465661488739977458659375 +/- 1.94e-41],[0.4506633085988230465661488739977458659375 +/- 1.94e-41],[5.798654040198468864766059368457300883350e-6 +/- 3.97e-46]
1236,[0.05657852397361876517804485884268286726692 +/- 3.15e-42],[0.4028184756290113558187252584316870781928 +/- 2.68e-41],[0.0001135791999144684804960601891812709543422 +/- 1.38e-44],[1.221730808791978794937460613734894556532e-5 +/- 1.95e-45],[0.9505940939486823120846857450520571812459 +/- 4.89e-41],[0.4505940939486823120846857450520571812459 +/- 4.89e-41],[5.791164602654594622218113086134948348298e-6 +/- 1.29e-46]
1237,[0.05656630666553084539009548423654551832135 +/- 1.54e-42],[0.4027772399636067853321573760527081828309 +/- 2.59e-42],[0.0001134745408001003201689698704344352839669 +/- 2.27e-44],[1.252893622077841025043296279642670448928e-5 +/- 1.86e-45],[0.9759508466817794822070163060076226690840 +/- 9.50e-42],[0.4759508466817794822070163060076226690840 +/- 9.50e-42],[6.110100547149643640113393291892248914734e-6 +/- 2.92e-46]
1238,[0.05655377772931006697984505127374909161686 +/- 2.26e-42],[0.4027337283950958251176140482062705075823 +/- 3.33e-41],[0.0001133700640012506449024792472592500284229 +/- 2.40e-44],[1.218816501767654511184825337850712648854e-5 +/- 4.48e-45],[0.9504916751981164486649716515719911816054 +/- 4.08e-42],[0.4504916751981164486649716515719911816054 +/- 4.08e-42],[5.776659616992159448665827191296281556456e-6 +/- 2.45e-46]
1239,[0.05654158956429239043473320302037058449037 +/- 3.72e-42],[0.4026925866793878180911455558716439158834 +/- 2.43e-41],[0.0001132657690518634048755440554277366700402 +/- 2.21e-44],[1.249830552319643508302934153978583591924e-5 +/- 7.51e-46],[0.9757857001498381322202733763717145532031 +/- 3.20e-41],[0.4757857001498381322202733763717145532031 +/- 3.20e-41],[6.094078897782043187711308143156981295617e-6 +/- 1.81e-46]
1240,[0.05652909125876919399965017367883079865445 +/- 4.48e-42],[0.4026491793679919341292541314074768929537 +/- 5.26e-42],[0.0001131616554874518804122310853121040774632 +/- 9.47e-45],[1.248316084748000151260956638839808547905e-5 +/- 2.10e-45],[0.9757156582348362122588295017195137146987 +/- 1.99e-41],[0.4757156582348362122588295017195137146987 +/- 1.99e-41],[6.086235297436434424511424571340556852064e-6 +/- 4.78e-46]
1241,[0.05651660809792171399813756411244240056898 +/- 4.58e-42],[0.4026058230192392345334571971590553624006 +/- 4.42e-41],[0.0001130577228450921289129309732812346191285 +/- 6.06e-45],[1.214490640110273498295137307711966480819e-5 +/- 4.65e-45],[0.9503593531325662972624165584987746311247 +/- 3.60e-41],[0.4503593531325662972624165584987746311247 +/- 3.60e-41],[5.755267386623212407575972138454736660124e-6 +/- 3.92e-46]
1242,[0.05650446319152061126315461273936528090417 +/- 2.76e-42],[0.4025648197418484001195915884508969587823 +/- 6.80e-42],[0.0001129539706634164644335431511616263067571 +/- 2.20e-44],[1.213027336980459944832845029056581233857e-5 +/- 4.95e-45],[0.9502903892093347435333374980193919735044 +/- 1.60e-41],[0.4502903892093347435333374980193919735044 +/- 1.60e-41],[5.747869892117484874094540323773351922022e-6 +/- 2.56e-46]
1243,[0.05649233291815080666370628428907471509183 +/- 1.33e-42],[0.4025238645416938919094048176583456621383 +/- 3.96e-41],[0.0001128503984826069697237116593140921818395 +/- 9.41e-45],[1.179397048164943355810344544276503981868e-5 +/- 4.78e-45],[0.9249908443208024831577939197820420861944 +/- 4.47e-42],[0.4249908443208024831577939197820420861944 +/- 4.47e-42],[5.418788200624019999831293222046487395578e-6 +/- 2.56e-47]
1244,[0.05648053894766915723014818084363195005201 +/- 2.7e-45],[0.4024852497840607216161436863878905138837 +/- 1.33e-41],[0.0001127470058443890405364354129732457386045 +/- 2.42e-44],[1.177979236517489339251884199700198811388e-5 +/- 3.68e-45],[0.9249191901404218962454580213214378420515 +/- 1.56e-41],[0.4249191901404218962454580213214378420515 +/- 1.56e-41],[5.411780710347796092942407754165836299549e-6 +/- 3.54e-46]
1245,[0.05646875915530398233675566200163494806390 +/- 3.88e-42],[0.4024466806138563680459461086052809661608 +/- 2.84e-41],[0.0001126437922920249620226121951150933200729 +/- 3.52e-44],[1.208608657868323432200905877251010442120e-5 +/- 2.75e-45],[0.9500362955798646947141373321349855262817 +/- 3.78e-41],[0.4500362955798646947141373321349855262817 +/- 3.78e-41],[5.725231401404789591104199886908944367792e-6 +/- 2.99e-47]
1246,[0.05645667306872529910243365294286243795947 +/- 4.93e-42],[0.4024058729180692692508981731119735438670 +/- 4.47e-41],[0.0001125407573703075170253022076133475946613 +/- 4.21e-45],[1.239133951120453457940087543329154859332e-5 +/- 4.43e-45],[0.9751314087130243572202148488923212703866 +/- 4.48e-41],[0.4751314087130243572202148488923212703866 +/- 4.48e-41],[6.037662765442345969772657259978220026679e-6 +/- 4.65e-46]
1247,[0.05644428172921409456785425206742914641088 +/- 1.60e-42],[0.4023628334635244301707640916381284734550 +/- 1.31e-41],[0.0001124379006255536260897145204944898762132 +/- 4.03e-44],[1.205740254176516231347633023071599553918e-5 +/- 2.95e-45],[0.9499288672908191960829213300193724115488 +/- 5.00e-41],[0.4499288672908191960829213300193724115488 +/- 5.00e-41],[5.710926001815035762126091964963135141043e-6 +/- 1.39e-46]
1248,[0.05643222432667232940554077573719843041534 +/- 2.42e-42],[0.4023221185727775732124699782742577257775 +/- 1.97e-41],[0.0001123352216055980190061282907115732473608 +/- 3.92e-44],[1.204294738103583137348155527263485358808e-5 +/- 4.68e-45],[0.9498601722668191061120582679787741936769 +/- 3.56e-41],[0.4498601722668191061120582679787741936769 +/- 3.56e-41],[5.703620955602275794783128979399724686846e-6 +/- 1.78e-46]
1249,[0.05642018137929129357416729418192579556175 +/- 4.35e-42],[0.4022814511934997124022110270023256452929 +/- 2.32e-41],[0.0001122327198597869377041602503695713284572 +/- 4.10e-44],[1.234637897597153408022486123948941798924e-5 +/- 2.47e-45],[0.9748900596997428011568913818719971521009 +/- 2.60e-41],[0.4748900596997428011568913818719971521009 +/- 2.60e-41],[6.014188564791166936554692073739541616700e-6 +/- 2.22e-46]
1250,[0.05640783500031532204008706932068630614377 +/- 4.90e-42],[0.4022385646232978614051260094342700767610 +/- 7.74e-42],[0.0001121303949389718703179807624353934939238 +/- 1.34e-44],[1.233154236454864982897827045571789392135e-5 +/- 1.53e-45],[0.9748204256656923920240082542618306825329 +/- 4.72e-41],[0.4748204256656923920240082542618306825329 +/- 4.72e-41],[6.006509548310932313552288672121114912135e-6 +/- 4.67e-46]
1251,[0.05639550345795077339025809105023058824984 +/- 3.76e-42],[0.4021957280080990670499082394644105459299 +/- 3.05e-41],[0.0001120282463955033162432627816869366397883 +/- 1.38e-45],[1.231673583177449567436940621912820680134e-5 +/- 2.97e-46],[0.9747508333741020859886032759347999430142 +/- 3.77e-41],[0.4747508333741020859886032759347999430142 +/- 3.77e-41],[5.998846474788727138287394305034579657376e-6 +/- 1.62e-46]
1252,[0.05638318672211899889458372164401146004304 +/- 2.42e-42],[0.4021529412503048519687161228186307778780 +/- 3.24e-41],[0.0001119262737832245820078214113862842548367 +/- 4.55e-44],[1.230195929211655446294776121516790338663e-5 +/- 2.34e-45],[0.9746812827728373390895041361493655584071 +/- 4.64e-42],[0.4746812827728373390895041361493655584071 +/- 4.64e-42],[5.991199298285990401485286202992097696554e-6 +/- 4.98e-46]
1253,[0.05637088476282688234012077388279629213966 +/- 4.22e-42],[0.4021102042525854123504724610202783154490 +/- 1.72e-41],[0.0001118244766574656077790664826523661635797 +/- 2.83e-44],[1.197218191436383065483302478926122081864e-5 +/- 4.95e-45],[0.9496237897452878375862021373456889601400 +/- 3.88e-41],[0.4496237897452878375862021373456889601400 +/- 3.88e-41],[5.668537227042412246799671323260553551160e-6 +/- 3.62e-46]
1254,[0.05635891258091251850946594085800703091884 +/- 2.87e-42],[0.4020697643767456210577333612119941151409 +/- 3.96e-41],[0.0001117228545750368243325467738756587749054 +/- 1.92e-44],[1.164341003817668157356038165211149874599e-5 +/- 2.65e-45],[0.9245822841586998410257885945479751078514 +/- 2.62e-41],[0.4245822841586998410257885945479751078514 +/- 2.62e-41],[5.346831443892178967991468500212500161285e-6 +/- 4.25e-46]
1255,[0.05634726917087434182789238047635491942009 +/- 1.15e-42],[0.4020316153179917299424248317070085993709 +/- 1.96e-41],[0.0001116214070942230403070122012532222976338 +/- 4.10e-44],[1.131555851954020784792492719513929729068e-5 +/- 3.64e-45],[0.8995506739323614958673497223629582842858 +/- 2.28e-41],[0.3995506739323614958673497223629582842858 +/- 2.28e-41],[5.025997048770279378619268754008092328471e-6 +/- 8.06e-47]
1256,[0.05633595361235480162004445554915978012280 +/- 4.71e-43],[0.4019957513744446190663642142479288926356 +/- 3.30e-41],[0.0001115201337747773595725596174977973418502 +/- 5.92e-45],[1.130205121988239706326768898323264774609e-5 +/- 3.26e-45],[0.8994734395692167494830770743959329228100 +/- 8.92e-42],[0.3994734395692167494830770743959329228100 +/- 8.92e-42],[5.019458136702937754629260812667276653060e-6 +/- 1.51e-47]
1257,[0.05632465156113491922298118786017654747505 +/- 4.39e-42],[0.4019599300957358168603668582439227021682 +/- 3.62e-41],[0.0001114190341779151285395588222469750599087 +/- 3.29e-44],[1.097538430803959241213346304681544695520e-5 +/- 4.76e-46],[0.8744436679575046791049510068855529860147 +/- 4.64e-41],[0.3744436679575046791049510068855529860147 +/- 4.64e-41],[4.699746030690340146195686856638488193672e-6 +/- 2.14e-46]
1258,[0.05631367617682687963056905439712973202810 +/- 8.17e-43],[0.4019263866997303706081272670022489784969 +/- 2.59e-41],[0.0001113181078663079132371780823166273572223 +/- 4.64e-44],[1.127513941269469671883408125287955950172e-5 +/- 4.34e-45],[0.8993158130167708638214155030093959855978 +/- 1.06e-41],[0.3993158130167708638214155030093959855978 +/- 1.06e-41],[5.006407533694347916181192005731220361616e-6 +/- 4.16e-46]
1259,[0.05630240103741418493385022031587685246860 +/- 2.55e-42],[0.4018906505971166705168802458259861184598 +/- 4.89e-41],[0.0001112173544040775059914429497536085711467 +/- 2.75e-44],[1.157425196274667635517168386867967868341e-5 +/- 4.45e-45],[0.9241946726878708655652952383081709276896 +/- 4.76e-41],[0.4241946726878708655652952383081709276896 +/- 4.76e-41],[5.312447872768081912233843270407473049885e-6 +/- 2.70e-46]
1260,[0.05629082678545143825749504863200817278991 +/- 4.05e-42],[0.4018527257383088356608669317563405980004 +/- 3.77e-41],[0.0001111167733567899615338685170965829216573 +/- 1.34e-45],[1.156052139656507166600840026929403270556e-5 +/- 2.99e-45],[0.9241238461136016795276386791660653837854 +/- 2.52e-42],[0.4241238461136016795276386791660653837854 +/- 2.52e-42],[5.305666354579742575135933156452084644918e-6 +/- 1.43e-46]
1261,[0.05627926626405487318582904023173887875721 +/- 1.52e-42],[0.4018148450826811790859740633481686794007 +/- 9.86e-42],[0.0001110163642914496623728035282104277625631 +/- 3.45e-44],[1.123529366290824794693115667736585927924e-5 +/- 2.57e-45],[0.8991227893402555913864695451092318969049 +/- 4.78e-41],[0.3991227893402555913864695451092318969049 +/- 4.78e-41],[4.987374137282438878111415737431998208950e-6 +/- 9.31e-48]
1262,[0.05626803097039196493788210907506151289793 +/- 7.55e-43],[0.4017792329718455366804158245550956617475 +/- 3.25e-41],[0.0001109161267764934132607150347938302931954 +/- 3.57e-44],[1.091080812926835399950977834362637846528e-5 +/- 3.39e-45],[0.8741188981534351440020692788354140838875 +/- 2.85e-41],[0.3741188981534351440020692788354140838875 +/- 2.85e-41],[4.669776072692701121412783705692638720750e-6 +/- 4.05e-46]
1263,[0.05625712016226269658388259929671788651946 +/- 3.97e-42],[0.4017458849562439508961331067506421850731 +/- 2.55e-41],[0.0001108160603817845645917246178669935900795 +/- 3.25e-44],[1.058691586673403483754746335144818195747e-5 +/- 7.08e-46],[0.8491008253617103598186237660403571520244 +/- 4.76e-42],[0.3491008253617103598186237660403571520244 +/- 4.76e-42],[4.352723441927421990812338395772792675670e-6 +/- 1.14e-46]
1264,[0.05624653324639596254904505183336643833751 +/- 3.51e-42],[0.4017147976462221215664014866712683756785 +/- 1.40e-41],[0.0001107161646786071645647816443486909732531 +/- 2.94e-44],[1.057413562019928860167691302567743149749e-5 +/- 2.81e-45],[0.8490007769943144943395510650632882400527 +/- 8.42e-43],[0.3490007769943144943395510650632882400527 +/- 8.42e-43],[4.346735182690560360223496121235431482335e-6 +/- 3.56e-46]
1265,[0.05623595911077576326044337492034076090601 +/- 1.00e-42],[0.4016837496670536061689670090782708066251 +/- 1.19e-41],[0.0001106164392396601399489256647830236359012 +/- 6.22e-45],[1.087187408348373180259937159369913516753e-5 +/- 2.00e-46],[0.8738575389131346072857475827922346864771 +/- 9.78e-42],[0.3738575389131346072857475827922346864771 +/- 9.78e-42],[4.651252529422592512571515194136353216186e-6 +/- 4.48e-46]
1266,[0.05622508723669227952864077554874706177084 +/- 1.48e-42],[0.4016505228976098008673058601653947540750 +/- 4.24e-41],[0.0001105168836390515052881489423672662477087 +/- 3.99e-44],[1.116902400155097072550210336031778605892e-5 +/- 3.19e-45],[0.8987242503374857609797427239527274143978 +/- 4.30e-41],[0.3987242503374857609797427239527274143978 +/- 4.30e-41],[4.955202577817930128266323743548907275538e-6 +/- 3.16e-46]
1267,[0.05621391821269072855791527344538674398478 +/- 2.56e-42],[0.4016151209127328926295067028269142252935 +/- 4.02e-41],[0.0001104174974522926003844212980970260428613 +/- 3.97e-44],[1.084612769770800941791779491338954981644e-5 +/- 1.55e-45],[0.8737012565526204561392288295682562815196 +/- 2.49e-42],[0.3737012565526204561392288295682562815196 +/- 2.49e-42],[4.639127526674846289231300855683005759631e-6 +/- 3.43e-46]
1268,[0.05620307208499302054849735565047335443497 +/- 3.89e-42],[0.4015819734366595365314098657126530441761 +/- 2.46e-41],[0.0001103182802562923558984830239656321405736 +/- 3.87e-44],[1.083321989152966312784759131686770441314e-5 +/- 1.39e-45],[0.8736148844859519593452377983479460501372 +/- 4.30e-41],[0.3736148844859519593452377983479460501372 +/- 4.30e-41],[4.632993633992801535537578898938488934553e-6 +/- 4.04e-46]
1269,[0.05619223886510149088536950805915648673055 +/- 2.98e-42],[0.4015488661361120043349614534398081577531 +/- 2.81e-41],[0.0001102192316293515869090476170667055489659 +/- 1.06e-44],[1.082033794063627839297131632095007912478e-5 +/- 1.71e-45],[0.8735285706070694306739095531777195581539 +/- 2.01e-41],[0.3735285706070694306739095531777195581539 +/- 2.01e-41],[4.626872549391804628908495814186075661993e-6 +/- 4.12e-46]
1270,[0.05618141852716085460697653674283553665143 +/- 1.81e-42],[0.4015157989320981378887574804973998808987 +/- 4.42e-41],[0.0001101203511511573142720845829464362053786 +/- 1.59e-44],[1.111646112098306927774703564144752510292e-5 +/- 2.98e-45],[0.8984135008275831884270299179909935519866 +/- 2.38e-41],[0.3984135008275831884270299179909935519866 +/- 2.38e-41],[4.929743584601980598405243708925234780383e-6 +/- 9.06e-47]
1271,[0.05617030206603987153769878970719408912633 +/- 4.72e-42],[0.4014805632976354292695998286311743997242 +/- 3.33e-42],[0.0001100216384027771136228736068933194013655 +/- 1.94e-44],[1.079468724178648374222702960198634941063e-5 +/- 2.71e-45],[0.8733638279729550330300004539933634883352 +/- 3.74e-41],[0.3733638279729550330300004539933634883352 +/- 3.74e-41],[4.614738578901880764855356558776600618560e-6 +/- 3.20e-46]
1272,[0.05615950737879808505395656267759210277691 +/- 4.65e-42],[0.4014475755507557245646170560500746486163 +/- 2.05e-41],[0.0001099230929666534918645350567651425139883 +/- 4.41e-44],[1.078188267403218381344814790934226212001e-5 +/- 1.91e-45],[0.8732777127498368947011415897310510623159 +/- 4.59e-41],[0.3732777127498368947011415897310510623159 +/- 4.59e-41],[4.608655923471099151530964504975862058362e-6 +/- 4.54e-46]
1273,[0.05614872549612405287014311452968276051479 +/- 4.65e-42],[0.4014146276630663585649743545502789130604 +/- 8.08e-42],[0.0001098247144265982909877481196371742039904 +/- 4.31e-44],[1.046089412933617019653514001559764802885e-5 +/- 3.10e-45],[0.8482010889501867123906707963880344355363 +/- 8.24e-42],[0.3482010889501867123906707963880344355363 +/- 8.24e-42],[4.294376386306887643764072712212955144736e-6 +/- 4.28e-47]
1274,[0.05613826460199471669994657938966716286677 +/- 4.21e-42],[0.4013839232290412147848560603773947088067 +/- 2.91e-41],[0.0001097265023677871190673669456922900201807 +/- 1.33e-44],[1.044837111875818544915579679147846868454e-5 +/- 4.26e-45],[0.8481019764223878778322885593341796980260 +/- 5.95e-43],[0.3481019764223878778322885593341796980260 +/- 5.95e-43],[4.288515694983952355780493117188470766838e-6 +/- 2.64e-46]
1275,[0.05612781623087595851449742359287568439808 +/- 1.25e-42],[0.4013532573336101846098696186356532204437 +/- 4.24e-42],[0.0001096284563767538082826370345278442776121 +/- 1.05e-46],[1.043587320818163238700566866595405620994e-5 +/- 1.94e-45],[0.8480029319003688871431943764939236146636 +/- 2.84e-41],[0.3480029319003688871431943764939236146636 +/- 2.84e-41],[4.282667354992593011970738421483608035852e-6 +/- 1.51e-46]
1276,[0.05611738035766777688211041792420973034187 +/- 1.32e-42],[0.4013226299002742157406083672514569907513 +/- 8.70e-42],[0.0001095305760413848998086988090792537944734 +/- 8.35e-45],[1.042340032722859489018396613380686186122e-5 +/- 1.53e-45],[0.8479039552918803194614334165277654133552 +/- 2.67e-41],[0.3479039552918803194614334165277654133552 +/- 2.67e-41],[4.276831330719745108018204477253330687937e-6 +/- 3.62e-46]
1277,[0.05610695695734054828722023395807592348001 +/- 8.95e-44],[0.4012920408527450047065483188460337832353 +/- 3.99e-41],[0.0001094328609509141554280429378042774636262 +/- 4.90e-44],[1.071854275109300631847470100615435307910e-5 +/- 3.28e-45],[0.8728533453399058434563710437049760294306 +/- 4.23e-41],[0.3728533453399058434563710437049760294306 +/- 4.23e-41],[4.578597932001432536709044145196065570908e-6 +/- 4.50e-46]
1278,[0.05609623841458945528090175925706976912693 +/- 9.93e-43],[0.4012592899053217804941421376654511965071 +/- 1.02e-41],[0.0001093353106959170957115525432814715332417 +/- 3.56e-44],[1.070588849037853766361543581934222791344e-5 +/- 2.49e-45],[0.8727674409341071883559324562387046842061 +/- 4.83e-41],[0.3727674409341071883559324562387046842061 +/- 4.83e-41],[4.572588834447159729922984442282664289993e-6 +/- 1.58e-46]
1279,[0.05608553252609907674323814382125042689902 +/- 2.46e-42],[0.4012265783647571904000964153327758451853 +/- 3.27e-41],[0.0001092379248683055646197310311015054147921 +/- 2.25e-44],[1.100010011952724698409203899347772278351e-5 +/- 3.12e-45],[0.8977230018762111349109613790678573303443 +/- 7.92e-42],[0.3977230018762111349109613790678573303443 +/- 7.92e-42],[4.873432931242328035271274671137818926793e-6 +/- 1.52e-46]
1280,[0.05607453242597954949625405178225694917623 +/- 4.04e-42],[0.4011917108266664352731571305912358704569 +/- 9.78e-42],[0.0001091407030613223203756709425295204273474 +/- 2.15e-44],[1.098721811254029794215430501383479730814e-5 +/- 2.08e-46],[0.8976465008890792089006945490123448273391 +/- 4.31e-42],[0.3976465008890792089006945490123448273391 +/- 4.31e-42],[4.867204219733974004167975239685848178220e-6 +/- 1.09e-46]
1281,[0.05606354520786700919831189747724311437893 +/- 4.11e-42],[0.4011568840515919746156612064707461379823 +/- 4.40e-41],[0.0001090436448695356524622690330621263036688 +/- 1.24e-44],[1.128013813940652698934615076056940890179e-5 +/- 2.46e-45],[0.9225788742519354520778318570628909588546 +/- 1.61e-42],[0.4225788742519354520778318570628909588546 +/- 1.61e-42],[5.166764825632719477310146605276792394730e-6 +/- 4.28e-46]
1282,[0.05605226506972760267132255132648254497002 +/- 4.11e-42],[0.4011199097698554251433137373633793643139 +/- 1.45e-41],[0.0001089467498888340245971357613832564907389 +/- 4.29e-44],[1.096174574339622316394856323515000468019e-5 +/- 3.30e-46],[0.8975161722094902226460126893098331859948 +/- 2.68e-41],[0.3975161722094902226460126893098331859948 +/- 2.68e-41],[4.855033640141982187632818091851416610557e-6 +/- 4.28e-46]
1283,[0.05604130332398420644815860276324739496534 +/- 3.92e-42],[0.4010851625059441879624653014760063002713 +/- 7.15e-43],[0.0001088500177164207435395835935505094647360 +/- 2.05e-44],[1.125377894370047836048732141603970063551e-5 +/- 4.08e-45],[0.9224262501558732195278805943786930437547 +/- 1.42e-41],[0.4224262501558732195278805943786930437547 +/- 1.42e-41],[5.153682084033488784577645147899288458296e-6 +/- 4.27e-46]
1284,[0.05603004954504050596979811544183135526471 +/- 1.60e-42],[0.4010482738128167584513807404893811752297 +/- 1.51e-41],[0.0001087534479508086535850080392561660607160 +/- 3.56e-44],[1.124067562266212510000152872810359183714e-5 +/- 2.88e-45],[0.9223555776302501343402006421238232714509 +/- 5.40e-42],[0.4223555776302501343402006421238232714509 +/- 5.40e-42],[5.147214545784332352940650044348313487600e-6 +/- 4.09e-46]
1285,[0.05601880886941784384469811391310325167287 +/- 1.27e-42],[0.4010114274054435042293044733057304926816 +/- 3.79e-41],[0.0001086570401918148566028981939744757064043 +/- 4.60e-44],[1.092383982474755067542710475791120230748e-5 +/- 1.22e-45],[0.8973328914200689286220792883211690716277 +/- 1.23e-41],[0.3973328914200689286220792883211690716277 +/- 1.23e-41],[4.837001857925621449727442789655971321735e-6 +/- 3.91e-46]
1286,[0.05600788502959309629402268680834534047056 +/- 3.79e-42],[0.4009767978971985665475056051272078326779 +/- 2.14e-41],[0.0001085607940405554574756298155344881454769 +/- 9.44e-45],[1.060771618515301555162728360084692027165e-5 +/- 3.92e-45],[0.8723077107588876898681515489174395588338 +/- 8.92e-42],[0.3723077107588876898681515489174395588338 +/- 8.92e-42],[4.527455713808250121412096697568343334928e-6 +/- 2.87e-46]
1287,[0.05599727731340794327847105952474449355029 +/- 2.15e-42],[0.4009443810009533729540426015033918840959 +/- 2.02e-41],[0.0001084647090994403347961036684912742058817 +/- 3.45e-44],[1.059528613977588488502371283808115288988e-5 +/- 1.51e-45],[0.8722225832459307560579338689429062845113 +/- 4.05e-41],[0.3722225832459307560579338689429062845113 +/- 4.05e-41],[4.521557745616402515320296949216578761116e-6 +/- 4.37e-46]
1288,[0.05598668202726816739358603581190641239740 +/- 2.27e-42],[0.4009120028226789294826983645708678325545 +/- 1.68e-41],[0.0001083687849721679366831950764979530504211 +/- 2.98e-44],[1.058288061526211339229987860112834413738e-5 +/- 4.14e-45],[0.8721375123406591380833224024987387980177 +/- 1.06e-41],[0.3721375123406591380833224024987387980177 +/- 1.06e-41],[4.515671909343950101761094976800508637109e-6 +/- 2.89e-46]
1289,[0.05597609914665290528019373593330528405326 +/- 4.89e-42],[0.4008796632873749174381601487080694153292 +/- 5.41e-42],[0.0001082730212637201015748773831454836592109 +/- 4.00e-44],[1.087310794639754646663882054539371359844e-5 +/- 1.39e-45],[0.8970172985703676494964042868254096231836 +/- 3.37e-41],[0.3970172985703676494964042868254096231836 +/- 3.37e-41],[4.812406573231891820804681902062407509800e-6 +/- 2.80e-46]
1290,[0.05596522603870650773372709711275989033967 +/- 3.56e-42],[0.4008451949185785431303086675341960128505 +/- 1.22e-41],[0.0001081774175803569038597723864287509539347 +/- 6.32e-45],[1.055825110305516870791661001082105727165e-5 +/- 2.92e-45],[0.8719811945659123067835001710234962810868 +/- 1.10e-42],[0.3719811945659123067835001710234962810868 +/- 1.10e-42],[4.504077475886951372555465959639961306742e-6 +/- 9.64e-47]
1291,[0.05595466778760345256501918050274906928239 +/- 4.80e-42],[0.4008129314351570354860626341484086494313 +/- 1.18e-41],[0.0001080819735296115242087648316654811037376 +/- 4.36e-45],[1.084782230430419348755729591781059681988e-5 +/- 3.12e-45],[0.8968565393798842030423513306849093000071 +/- 3.40e-41],[0.3968565393798842030423513306849093000071 +/- 3.40e-41],[4.800131381626230499130372484031875464319e-6 +/- 4.11e-46]
1292,[0.05594381996529914837153162320683125868557 +/- 4.92e-42],[0.4007785435498612256421829201030838313595 +/- 5.20e-42],[0.0001079866887202851444691957724498720566545 +/- 2.30e-45],[1.083524084571386118695007396303828755200e-5 +/- 3.03e-45],[0.8967806559357871374805631292977177942389 +/- 1.70e-41],[0.3967806559357871374805631292977177942389 +/- 1.70e-41],[4.794052973297428779223604575387511753563e-6 +/- 3.46e-46]
1293,[0.05593298472445343451034467313286822039802 +/- 2.92e-42],[0.4007441955008265297387105661447633737855 +/- 2.94e-41],[0.0001078915627624418669850210887420977310647 +/- 2.14e-44],[1.052172498669215514368476650590031750571e-5 +/- 2.11e-45],[0.8717691009787668936839664487884056198622 +/- 2.59e-41],[0.3717691009787668936839664487884056198622 +/- 2.59e-41],[4.487027854803085198742032615163499457812e-6 +/- 1.44e-46]
1294,[0.05592246299946674235520098836636232008052 +/- 2.80e-42],[0.4007120437320105219671772987749207908912 +/- 1.25e-41],[0.0001077965952674036582071867347243672408360 +/- 2.75e-44],[1.020887887600966877685023108105217844748e-5 +/- 4.10e-45],[0.8467529544804328264768209766589809994408 +/- 4.67e-41],[0.3467529544804328264768209766589809994408 +/- 4.67e-41],[4.180627765699795953203832532795669878254e-6 +/- 4.31e-46]
1295,[0.05591225412059073268642413813528126790207 +/- 2.78e-43],[0.4006820842415026691838870505863057860206 +/- 4.37e-41],[0.0001077017858477453164593314254141365497394 +/- 4.53e-44],[1.049720066735890920594804205676443169585e-5 +/- 1.87e-45],[0.8715927273624695708895592950350943764559 +/- 6.99e-42],[0.3715927273624695708895592950350943764559 +/- 6.99e-42],[4.475351047798330477747568941255536675905e-6 +/- 4.58e-46]
1296,[0.05590175691992337377721819009322450347037 +/- 3.88e-42],[0.4006500092310306197581961015059199095006 +/- 3.92e-41],[0.0001076071341172894637247805086133498236579 +/- 4.45e-44],[1.048498841822592478816761532965228981208e-5 +/- 1.40e-45],[0.8715081181445585019625577950644825704148 +/- 1.28e-41],[0.3715081181445585019625577950644825704148 +/- 1.28e-41],[4.469560563951615945979561076773094108865e-6 +/- 1.70e-46]
1297,[0.05589127193150514785243002247789485118056 +/- 1.80e-42],[0.4006179722737704687809910860637583425459 +/- 2.16e-41],[0.0001075126396911015613216417555690049303486 +/- 1.55e-44],[1.077235398639542020378381898380457282834e-5 +/- 3.42e-45],[0.8963489260498757977522018953575397974853 +/- 7.60e-42],[0.3963489260498757977522018953575397974853 +/- 7.60e-42],[4.763335805346129219968225118992627196394e-6 +/- 5.74e-47]
1298,[0.05588049957751875243222623865891104660773 +/- 3.46e-42],[0.4005838259204723465251201853103739393946 +/- 2.43e-41],[0.0001074183021854849493336547872904021680349 +/- 4.05e-44],[1.105894077466496488340072281575899601126e-5 +/- 4.74e-45],[0.9211810019561138648410016724538187572086 +/- 4.01e-41],[0.4211810019561138648410016724538187572086 +/- 4.01e-41],[5.056352384771191491097226637518476822033e-6 +/- 4.63e-46]
1299,[0.05586944063674408746734283793609528761172 +/- 2.21e-42],[0.4005475751604182947576733714260382198949 +/- 4.73e-41],[0.0001073241212179759096652808809672881920184 +/- 1.83e-44],[1.074778688864682902927404819393318374316e-5 +/- 2.49e-45],[0.8962256854845865150268866368741318844532 +/- 4.19e-41],[0.3962256854845865150268866368741318844532 +/- 4.19e-41],[4.751648269368397394609659954764022846560e-6 +/- 1.65e-46]
1300,[0.05585869284985544063831356388790135442798 +/- 9.57e-43],[0.4005135052742984978086450342949037494499 +/- 4.37e-41],[0.0001072300964073387525903490191093741237382 +/- 3.23e-44],[1.073540152813704813391389171722133351666e-5 +/- 1.74e-46],[0.8961502535444198687545935248994908160481 +/- 1.56e-41],[0.3961502535444198687545935248994908160481 +/- 1.56e-41],[4.745668508659125381357663880754838287794e-6 +/- 4.09e-46]
1301,[0.05584795744832730359017964999618413309446 +/- 2.39e-42],[0.4004794746146669144630754672927344969679 +/- 1.32e-41],[0.0001071362273735609266643972992273141594408 +/- 3.19e-44],[1.102065499614418716529123509437326297718e-5 +/- 1.92e-45],[0.9209451557900845270969144131633787710106 +/- 4.71e-42],[0.4209451557900845270969144131633787710106 +/- 4.71e-42],[5.037315528611237660844856365340271924123e-6 +/- 2.94e-46]
1302,[0.05583693679333115940301435876108975983149 +/- 4.80e-42],[0.4004433487163877118940332233851573339830 +/- 2.71e-41],[0.0001070425137378481518716662600451816908495 +/- 9.07e-46],[1.071083931566761197900475389104031428122e-5 +/- 2.09e-45],[0.8960157097019783024071869120586701644276 +/- 1.19e-41],[0.3960157097019783024071869120586701644276 +/- 1.19e-41],[4.733913241888102416168078190947119457504e-6 +/- 5.36e-47]
1303,[0.05582622595401549179103535400719871951720 +/- 3.98e-42],[0.4004093950807056169164232593096190634872 +/- 8.45e-43],[0.0001069489551226195758785123469265921469956 +/- 1.22e-44],[1.099533758534729672436143790434391417994e-5 +/- 1.65e-45],[0.9207967064984409552392045156230695198607 +/- 1.80e-41],[0.4207967064984409552392045156230695198607 +/- 1.80e-41],[5.024781051126073674119750495469824352818e-6 +/- 4.42e-46]
1304,[0.05581523061643014449431099256929437560302 +/- 4.05e-42],[0.4003733513627618762352151804456079135245 +/- 4.19e-41],[0.0001068555511515029532658156795712290581118 +/- 4.92e-44],[1.098273930353370101586466526365115307057e-5 +/- 1.30e-45],[0.9207269749230681731977406051981370265323 +/- 3.73e-41],[0.4207269749230681731977406051981370265323 +/- 3.73e-41],[5.018572073366815997313707121466240781558e-6 +/- 3.75e-46]
1305,[0.05580424787712661079329512790403072444995 +/- 3.47e-42],[0.4003373483358828472631001462171935839249 +/- 3.62e-41],[0.0001067623014493298476137565438681441710160 +/- 2.68e-44],[1.097016543163124538806853368087763244989e-5 +/- 4.34e-45],[0.9206572867739469382022174541455255061250 +/- 2.56e-41],[0.4206572867739469382022174541455255061250 +/- 2.56e-41],[5.012375497620328956615313316147706759700e-6 +/- 4.87e-46]
1306,[0.05579327771169497954790705937034984681750 +/- 3.58e-42],[0.4003013859235500424848546038981182206031 +/- 3.12e-41],[0.0001066692056421308563131296514651399366375 +/- 4.22e-44],[1.066230393385612574376123212129570830841e-5 +/- 2.05e-45],[0.8957774504403935327057499119274783480282 +/- 1.57e-41],[0.3957774504403935327057499119274783480282 +/- 1.57e-41],[4.710879320178817879367778652411827310689e-6 +/- 4.22e-46]
1307,[0.05578261540776112342216329813822855110920 +/- 4.84e-42],[0.4002675830574459743095765099884929379728 +/- 4.10e-41],[0.0001065762633571308579781542391375128344727 +/- 1.81e-44],[1.094500738766971306030403106483132250836e-5 +/- 4.60e-45],[0.9205061645475428291113311702689870311900 +/- 2.56e-41],[0.4205061645475428291113311702689870311900 +/- 2.56e-41],[4.999904677222618028448959183185032699369e-6 +/- 1.35e-46]
1308,[0.05577167040037345370910299410716371978669 +/- 3.20e-42],[0.4002317024688464017813581278170913748377 +/- 4.15e-41],[0.0001064834742227442823365215590450945736622 +/- 3.38e-44],[1.093250664563614691377973144559443014536e-5 +/- 3.28e-45],[0.9204366219614186922189803652190623513286 +/- 3.14e-41],[0.4204366219614186922189803652190623513286 +/- 3.14e-41],[4.993745418198589967416052257284897165727e-6 +/- 2.23e-46]
1309,[0.05576073789372781756218921437571812535654 +/- 1.45e-42],[0.4001958622642678139200618975515661684610 +/- 2.14e-41],[0.0001063908378685704024731992837109943416635 +/- 3.33e-44],[1.121383051167936629120531355938177614515e-5 +/- 6.53e-47],[0.9451293517670955901762649251651018579834 +/- 2.71e-41],[0.4451293517670955901762649251651018579834 +/- 2.71e-41],[5.281398886995920176022958480494843785012e-6 +/- 1.48e-46]
1310,[0.05574952406321613819589800906215874358040 +/- 3.71e-42],[0.4001579535322038217187351122586518789001 +/- 3.68e-41],[0.0001062983539253886493052848589257830185442 +/- 5.82e-45],[1.149414205059920896556841620490119242602e-5 +/- 8.42e-46],[0.9697925888622445888939572238933720203839 +/- 1.41e-41],[0.4697925888622445888939572238933720203839 +/- 1.41e-41],[5.568059410555488820052008176696802968964e-6 +/- 3.82e-46]
1311,[0.05573802992116553898693244064595384238797 +/- 2.74e-43],[0.4001179829644688506458518080730612689364 +/- 7.47e-42],[0.0001062060220251539481659669262975251276530 +/- 4.17e-44],[1.177330595488425982445681228830133167252e-5 +/- 2.57e-45],[0.9944150251881962326279797456243760654457 +/- 3.92e-41],[0.4944150251881962326279797456243760654457 +/- 3.92e-41],[5.853591521438262809658696213578861075137e-6 +/- 4.47e-46]
1312,[0.05572625661521065472710798383366554105630 +/- 2.25e-42],[0.4000759582282087676801176573915727517156 +/- 6.82e-42],[0.0001061138418009920773764156469883149597670 +/- 1.97e-44],[1.175973832080284000124401662033231704983e-5 +/- 2.24e-46],[0.9943419301493318026350083727796840430735 +/- 3.93e-41],[0.4943419301493318026350083727796840430735 +/- 3.93e-41],[5.846411142174888353396974573528684114977e-6 +/- 2.53e-46]
1313,[0.05571449687688985188710673981704520873925 +/- 2.08e-42],[0.4000339805876940495624109977527623242562 +/- 3.59e-43],[0.0001060218128871950486851791310992491679147 +/- 3.56e-44],[1.145555045835124491568868307717819554687e-5 +/- 3.11e-45],[0.9696668036352818752596023007030638021271 +/- 1.76e-42],[0.4696668036352818752596023007030638021271 +/- 1.76e-42],[5.548598495365416125043454288928739262765e-6 +/- 3.38e-46]
1314,[0.05570304132643150064219105113396803054370 +/- 1.06e-42],[0.3999941370385075579030316440158156502403 +/- 1.27e-41],[0.0001059299349192165094554142546290327284861 +/- 7.38e-45],[1.144246265365286002279949676479048489083e-5 +/- 1.16e-46],[0.9695984100665235390075966995995494431705 +/- 7.86e-42],[0.4695984100665235390075966995995494431705 +/- 7.86e-42],[5.541843111141543490118188608585501705216e-6 +/- 5.00e-46]
1315,[0.05569159886377784778216825163720324005881 +/- 2.30e-43],[0.3999543377826622810382359196978767500864 +/- 1.08e-41],[0.0001058382075336671664810259690244661074127 +/- 9.25e-45],[1.114007116461417540677635414145544340338e-5 +/- 2.88e-45],[0.9449869414147889626194330627108908346886 +/- 3.12e-41],[0.4449869414147889626194330627108908346886 +/- 3.12e-41],[5.245772166187912988762490426389326924628e-6 +/- 2.16e-47]
1316,[0.05568045879261323360676147528306178461541 +/- 3.16e-42],[0.3999166607998659923531196786427055902063 +/- 6.49e-42],[0.0001057466303683102313135298178018070919994 +/- 2.91e-44],[1.112741566966523935946077109916598107816e-5 +/- 3.19e-46],[0.9449198524175099951038330940716456979368 +/- 3.49e-41],[0.4449198524175099951038330940716456979368 +/- 3.49e-41],[5.239394774984838354592154610421564319684e-6 +/- 4.91e-46]
1317,[0.05566933137694356836740201451196261863433 +/- 1.32e-42],[0.3998790256419477461558326181769320415528 +/- 4.12e-41],[0.0001056552030620568869821878109377039031054 +/- 4.89e-45],[1.082665744103894714736694699449098909382e-5 +/- 2.51e-45],[0.9203595135486219815265162026891834716033 +/- 2.20e-41],[0.4203595135486219815265162026891834716033 +/- 2.20e-41],[4.944902930079039506331759796525722539070e-6 +/- 3.16e-46]
1318,[0.05565850471950252942025464756496812764523 +/- 4.87e-42],[0.3998435020985995248295959840386561766893 +/- 4.99e-41],[0.0001055639252549617759906981107548855360340 +/- 3.53e-44],[1.052678384597498339754941821567917998813e-5 +/- 1.78e-45],[0.8958156481452841878391928715600886838464 +/- 2.29e-41],[0.3958156481452841878391928715600886838464 +/- 2.29e-41],[4.651253613962481132248345628198569831936e-6 +/- 2.32e-46]
1319,[0.05564797793565655443685709814675244846525 +/- 3.27e-42],[0.3998100845662879682213000163010204402949 +/- 3.40e-43],[0.0001054727965882185094744441925686443381197 +/- 2.32e-44],[1.080199232689177622733741217373369757810e-5 +/- 1.31e-45],[0.9202037934554293111388782745860221184795 +/- 8.24e-42],[0.4202037934554293111388782745860221184795 +/- 8.24e-42],[4.932644469538600698577232233063572060455e-6 +/- 3.36e-46]
1320,[0.05563717594332966266062976073457871476767 +/- 1.37e-42],[0.3997746416067640710083714677201914645258 +/- 4.83e-41],[0.0001053818167041551974030292987858203460449 +/- 4.41e-44],[1.078976966396879359826734290310490283261e-5 +/- 1.90e-45],[0.9201347209965620143241354243160244547997 +/- 7.18e-42],[0.4201347209965620143241354243160244547997 +/- 7.18e-42],[4.926622986771994051100415559646743983893e-6 +/- 4.60e-46]
1321,[0.05562638617366569386703149339167560986484 +/- 3.98e-42],[0.3997392381830471506760521313591291090742 +/- 7.94e-42],[0.0001052909852462299997135371454949705934972 +/- 1.92e-44],[1.106360960895176658531549478831077614120e-5 +/- 6.70e-46],[0.9444844479636086579608691980171822874332 +/- 2.44e-41],[0.4444844479636086579608691980171822874332 +/- 2.44e-41],[5.206652603039239565740479391308470862447e-6 +/- 2.33e-46]
1322,[0.05561532256405674210044617789688729908869 +/- 4.83e-42],[0.3997018184861414390874001438979639691770 +/- 2.65e-41],[0.0001052003018590266982606700045602458284958 +/- 3.86e-44],[1.076569323771494333831567911124113259614e-5 +/- 2.62e-45],[0.9200269700301861184039745014353753736084 +/- 2.34e-41],[0.4200269700301861184039745014353753736084 +/- 2.34e-41],[4.914944515989035373365565924612963556942e-6 +/- 4.75e-47]
1323,[0.05560455687081902715710786221777605795610 +/- 1.32e-42],[0.3996664915499798629839427174182668437507 +/- 2.67e-41],[0.0001051097661882502894706205102099147273053 +/- 3.49e-44],[1.075354008127199078137795990250938732491e-5 +/- 2.38e-45],[0.9199580169595015019647637454554401965699 +/- 4.55e-41],[0.4199580169595015019647637454554401965699 +/- 4.55e-41],[4.908958109578936681729444814473231295217e-6 +/- 2.16e-46]
1324,[0.05559380333073775516632648425787354856877 +/- 3.78e-42],[0.3996312039329820357478922180153636207175 +/- 1.67e-41],[0.0001050193778807225975862338651463545274411 +/- 3.13e-44],[1.074141012745497827598755100050584215532e-5 +/- 4.75e-46],[0.9198891062705091783634959058775349683789 +/- 2.17e-41],[0.4198891062705091783634959058775349683789 +/- 2.17e-41],[4.902983487637655398895836384341754246673e-6 +/- 4.74e-46]
1325,[0.05558306192061030018805049670687304272662 +/- 1.55e-42],[0.3995959555622707035591788879672242571609 +/- 2.87e-41],[0.0001049291365843779083917125850287129201051 +/- 2.23e-44],[1.072930331406753754584557600528866483542e-5 +/- 3.12e-46],[0.9198202379097736982635608412092134344929 +/- 1.43e-41],[0.4198202379097736982635608412092134344929 +/- 1.43e-41],[4.897020618021884687239505685587397856092e-6 +/- 1.49e-46]
1326,[0.05557233261729623265050465113086775406178 +/- 3.04e-42],[0.3995607463651585886726634246334883655669 +/- 1.59e-41],[0.0001048390419482586233058065592045114704350 +/- 3.76e-44],[1.043387980116264731780720537360167407615e-5 +/- 6.64e-47],[0.8954352019259427562455061951290018921273 +/- 1.17e-42],[0.3954352019259427562455061951290018921273 +/- 1.17e-42],[4.607729690735346652245714202082748256454e-6 +/- 3.01e-46]
1327,[0.05556189873749507000318684392549415238771 +/- 3.12e-42],[0.3995276136736987370612499692622923211196 +/- 2.08e-41],[0.0001047490936225109337331170568884386365879 +/- 3.62e-44],[1.070503698388169995482636347854455734675e-5 +/- 7.21e-46],[0.9196674675811673627867858147913996556919 +/- 1.24e-41],[0.4196674675811673627867858147913996556919 +/- 1.24e-41],[4.884978451183356816958080679666490026121e-6 +/- 1.13e-46]
1328,[0.05555119370051118830323201756201560783036 +/- 1.35e-43],[0.3994924836963883013844103789551814899123 +/- 2.94e-42],[0.0001046592912583805155638244083886686496569 +/- 2.46e-44],[1.069299959869202690268790854039906653121e-5 +/- 2.82e-45],[0.9195987448148670453380462214712984479817 +/- 1.65e-41],[0.4195987448148670453380462214712984479817 +/- 1.65e-41],[4.879051037439513528780197053332842137736e-6 +/- 3.90e-46]
1329,[0.05554050070091249627632932965347520876383 +/- 1.08e-42],[0.3994573926730532826685836833626805029978 +/- 4.07e-41],[0.0001045696345082082437128254769362800939624 +/- 2.89e-44],[1.039909350673397408796062985385680199492e-5 +/- 4.06e-45],[0.8952619092899969669454473610406054067531 +/- 1.45e-41],[0.3952619092899969669454473610406054067531 +/- 1.45e-41],[4.591243648036670570176816857782432466363e-6 +/- 6.19e-47]
1330,[0.05553010160740576230224136902362135196183 +/- 4.00e-42],[0.3994243681594993800335264761408369829223 +/- 3.03e-41],[0.0001044801230254259265899387443474622402572 +/- 2.67e-44],[1.010589341707553058696841042722483355134e-5 +/- 4.03e-45],[0.8709286443404857755655817388821390492901 +/- 3.86e-41],[0.3709286443404857755655817388821390492901 +/- 3.86e-41],[4.304101569519374543719730635918156092837e-6 +/- 4.69e-46]
1331,[0.05551999571398868677165440061319412712828 +/- 2.67e-42],[0.3993934058050777963671988628977095859270 +/- 2.18e-41],[0.0001043907564645520603935018990024225346053 +/- 1.39e-44],[1.009444799265481962585160027520369502145e-5 +/- 1.29e-45],[0.8708454971212150286849322453768951582031 +/- 4.57e-41],[0.3708454971212150286849322453768951582031 +/- 4.57e-41],[4.298673641162852436339559021937786882776e-6 +/- 3.81e-46]
1332,[0.05550990126599603195202854901291892343326 +/- 1.22e-42],[0.3993624792690229606861002954392528984877 +/- 2.94e-41],[0.0001043015344811876031203492730187779277294 +/- 1.26e-44],[1.008302439102923859671077242712038614903e-5 +/- 3.64e-45],[0.8707624034650996629570513625428412746973 +/- 3.59e-42],[0.3707624034650996629570513625428412746973 +/- 3.59e-42],[4.293256510086634086569308068063965149672e-6 +/- 2.42e-46]
1333,[0.05549981824160500271343183824049180304711 +/- 2.18e-42],[0.3993315884842193106422608130856142272418 +/- 2.92e-41],[0.0001042124567320117681858143622913204067512 +/- 3.28e-44],[9.791271363820202904341693278589965540566e-6 +/- 4.11e-46],[0.8464433482666738521351815162470166992611 +/- 4.20e-41],[0.3464433482666738521351815162470166992611 +/- 4.20e-41],[4.007498956682424104659704699201533779277e-6 +/- 1.28e-46]
1334,[0.05549002697024118251052749654721321308157 +/- 1.62e-42],[0.3993027507732918575828050075389826064372 +/- 1.47e-41],[0.0001041235228747778375480560132287853020000 +/- 8.94e-45],[1.006011721439952686202609133704111285084e-5 +/- 2.92e-45],[0.8705811427777238767023460119180668139884 +/- 4.44e-42],[0.3705811427777238767023460119180668139884 +/- 4.44e-42],[4.282300121841579951074278358552805947757e-6 +/- 2.43e-46]
1335,[0.05547996685302678298366547045587617196872 +/- 7.71e-43],[0.3992719324015127179840066284404129859966 +/- 1.93e-41],[0.0001040347325683089942316557082125184284015 +/- 8.29e-45],[1.032833976088502393740129373613126833677e-5 +/- 8.23e-46],[0.8947175833008812932199289775425949315077 +/- 7.97e-43],[0.3947175833008812932199289775425949315077 +/- 7.97e-43],[4.556496246431735018624248234152064295085e-6 +/- 2.90e-46]
1336,[0.05546963851326589795972806916214004070038 +/- 4.01e-42],[0.3992391373143378418013452755644097748247 +/- 4.15e-41],[0.0001039460854724941741460777624118223692262 +/- 4.99e-44],[1.031676708691822925838117022988519695085e-5 +/- 3.71e-46],[0.8946437985032526880894951825839890697093 +/- 3.59e-41],[0.3946437985032526880894951825839890697093 +/- 3.59e-41],[4.550915300889937561950910601210982557390e-6 +/- 4.13e-46]
1337,[0.05545932174617897973046968799191015550343 +/- 3.16e-42],[0.3992063789905581939045339069668229511012 +/- 3.23e-41],[0.0001038575812482839370952241917081950818845 +/- 7.40e-46],[1.002666508423465016908507257772663203441e-5 +/- 3.20e-46],[0.8703897239596132936853742871441573307034 +/- 1.81e-41],[0.3703897239596132936853742871441573307034 +/- 1.81e-41],[4.266794070006146589458357908973263129363e-6 +/- 4.51e-46]
1338,[0.05544929508109474508030060291933242887140 +/- 1.26e-42],[0.3991756626334300436131430866908998762103 +/- 9.08e-42],[0.0001037692195576863568749515589120611507804 +/- 3.52e-44],[1.029354959150095598138997292490989566549e-5 +/- 6.44e-46],[0.8944798995013120314510959048026783391911 +/- 2.54e-41],[0.3944798995013120314510959048026783391911 +/- 2.54e-41],[4.539619515911897254343187028381147458201e-6 +/- 3.54e-46]
1339,[0.05543900153150324412431921294640751897573 +/- 3.26e-42],[0.3991429788331036556833522957824498788805 +/- 9.10e-42],[0.0001036810000637629303560482867244203340182 +/- 1.27e-44],[1.000435451962828910129640533352261093532e-5 +/- 3.78e-45],[0.8702509379801873314159544224669666669029 +/- 2.97e-41],[0.3702509379801873314159544224669666669029 +/- 2.97e-41],[4.256383398305548053580769353150010606645e-6 +/- 1.45e-46]
1340,[0.05542899717698361583521791654107399636480 +/- 2.07e-42],[0.3991123310641285787650126415468579544974 +/- 2.20e-41],[0.0001035929224306245054507977742452375013206 +/- 1.94e-44],[9.993102280205221968024838576595155737966e-6 +/- 3.93e-46],[0.8701682447003249855183757670544069277650 +/- 1.96e-41],[0.3701682447003249855183757670544069277650 +/- 1.96e-41],[4.251050475242653560556908577172523737309e-6 +/- 1.49e-48]
1341,[0.05541900407470341061324989170249740120906 +/- 2.98e-44],[0.3990817185232229006262103098337061916390 +/- 1.46e-41],[0.0001035049863234272278618752022257180398811 +/- 2.66e-44],[9.981871348279918286464956065121126625477e-6 +/- 1.84e-46],[0.8700856043778871964948461232819860301078 +/- 2.43e-41],[0.3700856043778871964948461232819860301078 +/- 2.43e-41],[4.245728089469783958040984323833940932621e-6 +/- 3.45e-47]
1342,[0.05540902220335513069496342674643228008243 +/- 4.50e-42],[0.3990511411448155458091233658919275526246 +/- 2.97e-41],[0.0001034171914083685065129441933929334305473 +/- 5.24e-45],[1.024709913524595817136718987645902857123e-5 +/- 3.14e-45],[0.8941239267844396288554931561462541545571 +/- 2.39e-42],[0.3941239267844396288554931561462541545571 +/- 2.39e-42],[4.516853680291040134929495324480640003928e-6 +/- 1.58e-46]
1343,[0.05539877510421988473679205955655582105386 +/- 3.27e-42],[0.3990186077780821403567933338752412848605 +/- 4.29e-41],[0.0001033295373526829975609335404599002109169 +/- 3.21e-44],[9.959801100326039554553094335325928338545e-6 +/- 4.72e-47],[0.8699534658055308262417883591960640772259 +/- 1.41e-42],[0.3699534658055308262417883591960640772259 +/- 1.41e-42],[4.235471298901666053546716603752373065418e-6 +/- 2.17e-46]
1344,[0.05538881530311955869723750646222049512552 +/- 4.72e-42],[0.3989880979607432431084421323196903002408 +/- 2.47e-41],[0.0001032420238246386068905840580192041190646 +/- 4.60e-44],[9.948633441908125686174307254512450888526e-6 +/- 1.05e-46],[0.8698709917611811413844212277334416088279 +/- 3.85e-41],[0.3698709917611811413844212277334416088279 +/- 3.85e-41],[4.230180052764948746519886338923710472098e-6 +/- 1.77e-46]
1345,[0.05537886666967765057155133215496598267464 +/- 3.82e-42],[0.3989576231121109319498126002865330469931 +/- 8.71e-42],[0.0001031546504935325109924612872828004262582 +/- 4.47e-44],[9.662528324595619997157696532767155382378e-6 +/- 8.75e-47],[0.8457225464374863317232851756130193122852 +/- 1.82e-41],[0.3457225464374863317232851756130193122852 +/- 1.82e-41],[3.949940688557085216224285826556378064129e-6 +/- 3.43e-46]
1346,[0.05536920414135305495155417445843321551925 +/- 3.82e-42],[0.3989291642140281943171699671500955091812 +/- 7.37e-42],[0.0001030674170296871961262313161885096790520 +/- 2.40e-44],[9.377029746491355292317765884530664304658e-6 +/- 4.65e-46],[0.8215719903685632627203477471379760535810 +/- 1.39e-41],[0.3215719903685632627203477471379760535810 +/- 1.39e-41],[3.670268892652636610704329624913742583111e-6 +/- 5.00e-46]
1347,[0.05535982711160656359626185669254868485495 +/- 8.48e-43],[0.3989027175953884117646912092606865344184 +/- 2.26e-41],[0.0001029803231044465156715944030957669826127 +/- 2.88e-45],[9.092023843055575871501793996821703979053e-6 +/- 4.29e-46],[0.7974098482587098334382129291691063474594 +/- 5.64e-42],[0.2974098482587098334382129291691063474594 +/- 5.64e-42],[3.391050960096033853449534738783642710746e-6 +/- 8.59e-47]
1348,[0.05535073508776350802039035489855186315097 +/- 1.01e-43],[0.3988782804027553505273882548720112772823 +/- 1.26e-42],[0.0001028933683901717655698644412295595917180 +/- 3.85e-44],[9.081387774919778536812979433255654467150e-6 +/- 2.37e-46],[0.7972810596151362115002812711878198451005 +/- 2.91e-41],[0.2972810596151362115002812711878198451005 +/- 2.91e-41],[3.386164198867721574317469593687264598853e-6 +/- 3.50e-46]
1349,[0.05534165369998858824185354191911860749650 +/- 2.96e-42],[0.3988538759149074753418527408533644554018 +/- 4.35e-41],[0.0001028065525602377777597716040341329297907 +/- 1.80e-44],[8.797037880076586415931201431601837772356e-6 +/- 5.57e-47],[0.7730961987206101388882401268226893996484 +/- 1.42e-41],[0.2730961987206101388882401268226893996484 +/- 1.42e-41],[3.107553250198232133006048094383586921803e-6 +/- 2.59e-46]
1350,[0.05533285666210851165543761071768700565873 +/- 5.95e-43],[0.3988314771065370319421615273306030556776 +/- 4.92e-41],[0.0001027198752890290315116507992429697658926 +/- 3.04e-44],[8.786512559760018396411146795721401143543e-6 +/- 2.06e-46],[0.7729456599648671239105419402387889682261 +/- 8.21e-42],[0.2729456599648671239105419402387889682261 +/- 8.21e-42],[3.102728424042512870906334476314088883900e-6 +/- 3.22e-46]
1351,[0.05532407014954875163704119957089128425759 +/- 2.95e-42],[0.3988091107773708803686917612868160934443 +/- 2.77e-41],[0.0001026333362519357825647598620811539486957 +/- 3.36e-44],[8.502648559435183635900180284324186623435e-6 +/- 1.93e-46],[0.7487238426696875875045788290579053350613 +/- 4.37e-41],[0.2487238426696875875045788290579053350613 +/- 4.37e-41],[2.824554664950863452960944884692851759284e-6 +/- 2.14e-46]
1352,[0.05531556750098931645340529939060696007096 +/- 3.62e-42],[0.3987887476017178745659790449718038489134 +/- 3.34e-41],[0.0001025469351253502099730487656616040237823 +/- 2.48e-44],[8.492195056321028506034209324793880435648e-6 +/- 4.05e-46],[0.7485484371763143220092618520334985433993 +/- 2.19e-41],[0.2485484371763143220092618520334985433993 +/- 2.19e-41],[2.819753144375146634965062356619483160745e-6 +/- 2.05e-46]
1353,[0.05530707530593299542489926518128216619053 +/- 2.04e-42],[0.3987684169570151447983258652428399850715 +/- 4.10e-41],[0.0001024606715866625805652745491398386043368 +/- 6.07e-45],[8.754920812434135105934908220467055889140e-6 +/- 2.32e-46],[0.7724748261680140621782657042771544635478 +/- 4.49e-41],[0.2724748261680140621782657042771544635478 +/- 4.49e-41],[3.088120733094118591163176941681974115809e-6 +/- 3.02e-47]
1354,[0.05529832038512056128979333027306169913464 +/- 1.18e-42],[0.3987461490790463995668957095288187180374 +/- 2.93e-41],[0.0001023745453142574309259261911281456796660 +/- 1.05e-44],[8.471522051990773755819042315397421579888e-6 +/- 1.97e-47],[0.7482169178235838115877628208667686981235 +/- 4.96e-41],[0.2482169178235838115877628208667686981235 +/- 4.96e-41],[2.810381645921923424885075983591491930320e-6 +/- 4.36e-46]
1355,[0.05528984886306857051603751123074630171306 +/- 1.06e-42],[0.3987258818523645697966857920180032807978 +/- 2.43e-41],[0.0001022885559875097668039893165699228223232 +/- 1.88e-44],[8.188291791416374767342585702165919160552e-6 +/- 5.57e-47],[0.7239204818849337173793467254931113503931 +/- 4.28e-41],[0.2239204818849337173793467254931113503931 +/- 4.28e-41],[2.532772990445432065944846439657082043884e-6 +/- 3.61e-46]
1356,[0.05528166057127715414127016864504413579390 +/- 1.62e-42],[0.3987076147477356131402768378288523648318 +/- 1.09e-41],[0.0001022027032867812798571424488268067959055 +/- 7.84e-45],[8.177913258306188387164913445549902817259e-6 +/- 4.01e-46],[0.7237174443135794404448099431582823319215 +/- 8.67e-42],[0.2237174443135794404448099431582823319215 +/- 8.67e-42],[2.527978105739393700520467511370107899857e-6 +/- 4.81e-46]
1357,[0.05527348265801884795288300373159858589108 +/- 1.14e-42],[0.3986893803616235455130008442398801409628 +/- 3.20e-41],[0.0001021169868934165816395345339830939218873 +/- 4.06e-44],[7.894866933586110469316668492541054600353e-6 +/- 8.58e-47],[0.6993587253219043570232434335444460516506 +/- 1.03e-41],[0.1993587253219043570232434335444460516506 +/- 1.03e-41],[2.250505429443711053536693795901164287010e-6 +/- 1.72e-47]
1358,[0.05526558779108526184241368706310604483648 +/- 7.78e-43],[0.3986731457368793755369356181855804244060 +/- 1.65e-41],[0.0001020314064897394547418476999339029526719 +/- 4.09e-44],[8.157145745042795717216039555684591577352e-6 +/- 4.80e-46],[0.7233018226927050412122250375999578655471 +/- 2.07e-41],[0.2233018226927050412122250375999578655471 +/- 2.07e-41],[2.518320092236193354762609240529368121327e-6 +/- 4.16e-46]
1359,[0.05525743064534021904669647102355036024490 +/- 3.43e-42],[0.3986549773054576920046014218669183870714 +/- 1.66e-41],[0.0001019459617590491209928996970696864318950 +/- 2.15e-44],[8.146828914409913278847915959092498714111e-6 +/- 1.42e-47],[0.7230992079236795917801076453937367483345 +/- 4.06e-41],[0.2230992079236795917801076453937367483345 +/- 4.06e-41],[2.513557002936750316510328828678297238780e-6 +/- 1.57e-46]
1360,[0.05524928381642580913341762310759126774619 +/- 6.87e-43],[0.3986368413884812857581444727350832846825 +/- 2.54e-42],[0.0001018606523856165266325872284404086632560 +/- 2.89e-44],[8.136532550269271570444187842572830181529e-6 +/- 1.77e-46],[0.7228967369480372335422378682088780509461 +/- 9.59e-42],[0.2228967369480372335422378682088780509461 +/- 9.59e-42],[2.508804456890053418258580187025416470661e-6 +/- 1.56e-46]
1361,[0.05524114728387553986184717891974869491601 +/- 2.22e-42],[0.3986187379182338265450314325802879945461 +/- 4.23e-41],[0.0001017754780546806443665144430866473632589 +/- 1.49e-44],[8.398458964688910297759567484348280768005e-6 +/- 3.78e-46],[0.7469022508030850978915339385030033203786 +/- 1.07e-41],[0.2469022508030850978915339385030033203786 +/- 1.07e-41],[2.776264791583454006784173219128752800805e-6 +/- 3.27e-46]
1362,[0.05523274882491085095154941935226434663524 +/- 2.21e-43],[0.3985987024217747887771735145691300686030 +/- 8.33e-42],[0.0001016904384524447922131902644411023500217 +/- 1.84e-44],[8.660115814661240415992221404946194781568e-6 +/- 2.50e-46],[0.7709335158467068737674307444421131096833 +/- 9.10e-42],[0.2709335158467068737674307444421131096833 +/- 9.10e-42],[3.043473369722301106326325467260248568238e-6 +/- 8.03e-47]
1363,[0.05522408870909618971113342713085940044046 +/- 1.79e-42],[0.3985767363248929432422975906843188451908 +/- 3.26e-42],[0.0001016055332660729690552139837840169551019 +/- 4.94e-44],[8.378229302390842643741303473213662179314e-6 +/- 2.32e-46],[0.7465799615010927612162071988344249193803 +/- 4.63e-41],[0.2465799615010927612162071988344249193803 +/- 4.63e-41],[2.767156319970205093674733133966357895593e-6 +/- 2.55e-46]
1364,[0.05521571047979379886848968582738618677828 +/- 1.11e-42],[0.3985567625012358926996794636190515494148 +/- 3.67e-41],[0.0001015207621836862068064006939058299051000 +/- 5.66e-46],[8.368018480738978980468200184485876034388e-6 +/- 1.43e-46],[0.7464059635095566600508162582395442337350 +/- 3.37e-41],[0.2464059635095566600508162582395442337350 +/- 3.37e-41],[2.762477468316562502310639668259942856025e-6 +/- 3.03e-46]
1365,[0.05520734246131305988950921762720170090224 +/- 4.51e-42],[0.3985368204258227833420851122369812070490 +/- 3.75e-41],[0.0001014361248943589391073266973924727956518 +/- 3.45e-44],[8.086606405856713569784046632558934140629e-6 +/- 4.33e-46],[0.7220159942254495276826488635823621151138 +/- 4.41e-41],[0.2220159942254495276826488635823621151138 +/- 4.41e-41],[2.486587520865316589377544806370234489913e-6 +/- 2.05e-46]
1366,[0.05519925585490720317593943358056914196810 +/- 3.89e-42],[0.3985188681540206796403119923499829658106 +/- 4.45e-41],[0.0001013516210881153864623000240841059720723 +/- 1.77e-45],[7.805388792193128469502097345275891906216e-6 +/- 1.05e-46],[0.6975906039043513737374230451985914772408 +/- 2.44e-41],[0.1975906039043513737374230451985914772408 +/- 2.44e-41],[2.210854728440638860957762040886718545242e-6 +/- 2.88e-46]
1367,[0.05519145046611501004746993148322386607620 +/- 2.34e-42],[0.3985029049563826494190923378262798562261 +/- 1.60e-41],[0.0001012672504559259577312826598282162269288 +/- 8.60e-45],[8.066139958628885893218825067686862426952e-6 +/- 1.72e-46],[0.7215973530741355376268144270499498763737 +/- 1.91e-42],[0.2215973530741355376268144270499498763737 +/- 1.91e-42],[2.477053521250985729647042924097187623735e-6 +/- 4.64e-46]
1368,[0.05518338432615638116157671265815617921377 +/- 7.13e-43],[0.3984850178925718730229101624908666833428 +/- 3.86e-41],[0.0001011830126897036678908090499967924783153 +/- 3.56e-44],[8.056005119135798957730814456484681936314e-6 +/- 6.52e-47],[0.7213961163116856055335052859268934459451 +/- 3.66e-41],[0.2213961163116856055335052859268934459451 +/- 3.66e-41],[2.472384042601523352404185730893480982798e-6 +/- 3.82e-46]
1369,[0.05517532832103724536261898184369969453183 +/- 4.40e-42],[0.3984671627409191418589345783407108382735 +/- 4.02e-41],[0.0001010989074823005719784599224930365913403 +/- 2.90e-44],[8.045890251713383939058846542661920255416e-6 +/- 4.26e-47],[0.7211950216306462972916886842942200053096 +/- 2.48e-41],[0.2211950216306462972916886842942200053096 +/- 2.48e-41],[2.467724838479280918271666597622849445271e-6 +/- 1.58e-46]
1370,[0.05516728243078553197867992299715703261158 +/- 1.02e-42],[0.3984493394353569379749677516771416927581 +/- 3.65e-41],[0.0001010149345275042151359615020503401320195 +/- 2.75e-44],[8.306209341616335372181407394110551852912e-6 +/- 2.20e-46],[0.7452563740804446172767431793303509457084 +/- 3.49e-41],[0.2452563740804446172767431793303509457084 +/- 3.49e-41],[2.733489918810201271364725102331762250730e-6 +/- 1.11e-46]
1371,[0.05515897622144391564330774158976292205973 +/- 3.93e-42],[0.3984295946294362691065853073224693378159 +/- 1.39e-41],[0.0001009310935200340986664877862278497197220 +/- 3.98e-44],[8.026013251145761344213936062325674104895e-6 +/- 4.06e-46],[0.7208231090442344091033267199927733286239 +/- 1.29e-41],[0.2208231090442344091033267199927733286239 +/- 1.29e-41],[2.458757463669868417450268686728955303994e-6 +/- 4.09e-46]
1372,[0.05515095020819276988196352765370059638562 +/- 1.18e-42],[0.3984118325045211600304563635390261293313 +/- 4.18e-41],[0.0001008473841555381620222477491257252543249 +/- 3.03e-44],[8.015957819322512472166411763217252755125e-6 +/- 3.4e-48],[0.7206224543844792181378427687362926829692 +/- 4.01e-41],[0.2206224543844792181378427687362926829692 +/- 4.01e-41],[2.454128757133938832693595942523087918967e-6 +/- 2.03e-46]
1373,[0.05514293425037344736949136124193737913287 +/- 3.95e-42],[0.3983941020294248634879968011379040337270 +/- 2.00e-42],[0.0001007638061305892806389401567639904671262 +/- 2.31e-44],[8.275694751827967398178080315720683324973e-6 +/- 2.18e-46],[0.7446977336037641425754871786934753990336 +/- 4.21e-41],[0.2446977336037641425754871786934753990336 +/- 4.21e-41],[2.719282815551505803810799195402385741902e-6 +/- 1.35e-46]
1374,[0.05513465855562161940209318316162165844954 +/- 1.08e-42],[0.3983744539018218408089532522270514263969 +/- 1.21e-41],[0.0001006803591426817795341561433703086973698 +/- 4.37e-46],[8.535175765452098303273724190838386098664e-6 +/- 2.24e-46],[0.7687993861372644191197979380668815410392 +/- 2.82e-41],[0.2687993861372644191197979380668815410392 +/- 2.82e-41],[2.984198540862980996985437471412352029619e-6 +/- 3.76e-48]
1375,[0.05512612337985616730378990943743082006344 +/- 2.42e-42],[0.3983528894594379274582530306232701723855 +/- 2.84e-41],[0.0001005970428902279625873038353783449121520 +/- 1.92e-44],[8.525146997657150336714585042963986594189e-6 +/- 2.41e-46],[0.7686510294974863898774546019816206064385 +/- 4.00e-41],[0.2686510294974863898774546019816206064385 +/- 4.00e-41],[2.979621999641761018710513401597258948173e-6 +/- 1.21e-46]
1376,[0.05511759823285851015345319485238785607685 +/- 1.78e-42],[0.3983313559218872214177811049993948739986 +/- 1.63e-41],[0.0001005138570725546574191201444212990174066 +/- 3.12e-45],[8.515137365017243079388797429584051444423e-6 +/- 4.60e-46],[0.7685027734345363605784496888522980547333 +/- 3.47e-41],[0.2685027734345363605784496888522980547333 +/- 3.47e-41],[2.975054974057211631041803880772394167652e-6 +/- 4.92e-46]
1377,[0.05510908309549349291037380605495827202540 +/- 3.81e-42],[0.3983098532286195719581455157747890347154 +/- 3.75e-41],[0.0001004308013898997757893224064856573755067 +/- 2.90e-44],[8.505146816966853190241798591709284713910e-6 +/- 3.78e-46],[0.7683546178207794780308641062413796397373 +/- 6.77e-42],[0.2683546178207794780308641062413796397373 +/- 6.77e-42],[2.970497437823863064077085552319349042002e-6 +/- 4.95e-46]
1378,[0.05510057794867652605718356425636656274069 +/- 1.09e-43],[0.3982883813192445769669462127509733658383 +/- 2.44e-41],[0.0001003478755434088894314368459401703363696 +/- 2.47e-44],[8.763293924262954725735631736021183506971e-6 +/- 2.47e-46],[0.7924521462814689923858373762010938193807 +/- 3.22e-41],[0.2924521462814689923858373762010938193807 +/- 3.22e-41],[3.234067985899262403394502973197671361440e-6 +/- 2.11e-46]
1379,[0.05509181465475226310245782862463054155718 +/- 2.93e-42],[0.3982650018734859855767887955347835962145 +/- 4.51e-41],[0.0001002650792351318212443219144492655004894 +/- 2.72e-44],[8.485615873868297444978664842598505109223e-6 +/- 3.42e-46],[0.7680979279308827283511774849076447125408 +/- 3.72e-41],[0.2680979279308827283511774849076447125408 +/- 3.72e-41],[2.961830712302365344155422007296269893205e-6 +/- 4.91e-46]
1380,[0.05508332903887839480501284995978794305207 +/- 3.70e-42],[0.3982435883149478625961546877565862651480 +/- 1.65e-41],[0.0001001824121680192517603824196978168575577 +/- 1.45e-44],[8.475681974979582606717296331428565917035e-6 +/- 4.58e-46],[0.7679500856389496600472259005432265945177 +/- 1.66e-41],[0.2679500856389496600472259005432265945177 +/- 1.66e-41],[2.957301201620043510879546536648982215540e-6 +/- 2.20e-46]
1381,[0.05507485335690341522240613266345651448616 +/- 3.34e-42],[0.3982222053618458956855652384484219123575 +/- 3.50e-41],[0.0001000998740459193408109450410809298691039 +/- 4.60e-44],[8.732788289391885633755667914960453541019e-6 +/- 1.90e-46],[0.7920198303555316272243543158122937573792 +/- 1.97e-41],[0.2920198303555316272243543158122937573792 +/- 1.97e-41],[3.219802405268375778414663569722100848955e-6 +/- 3.25e-46]
1382,[0.05506612056861402333677237699554155403262 +/- 4.36e-42],[0.3981989220465561756824382383501332228466 +/- 3.28e-41],[0.0001000174645735743643097373525416579431500 +/- 1.55e-44],[8.456195963225181776892201522084646280389e-6 +/- 4.79e-46],[0.7676879445323627492591008741363839531314 +/- 4.02e-41],[0.2676879445323627492591008741363839531314 +/- 4.02e-41],[2.948622200049654067765269233206023288597e-6 +/- 4.13e-47]
1383,[0.05505766437265079815499548479401946938634 +/- 4.75e-42],[0.3981775975803412405146921966465470625215 +/- 2.76e-41],[9.993518345661736607588085987448263618828e-5 +/- 2.65e-46],[8.180028532626577529135872903799046876408e-6 +/- 4.67e-46],[0.7433419194626025337934092005280538995742 +/- 7.82e-42],[0.2433419194626025337934092005280538995742 +/- 7.82e-42],[2.677830742852854132290663960125885735181e-6 +/- 1.28e-46]
1384,[0.05504948434411817157746634892111567033946 +/- 1.16e-42],[0.3981582295451943335588642445413509530818 +/- 2.76e-41],[9.985303040156882461827383416745341100966e-5 +/- 2.95e-45],[8.170203865238963910265576607765331221964e-6 +/- 1.97e-46],[0.7431703813581298580954700954122367988417 +/- 3.42e-41],[0.2431703813581298580954700954122367988417 +/- 3.42e-41],[2.673346031435045076286080713182172704246e-6 +/- 4.40e-46]
1385,[0.05504131414025293261355608334450790500824 +/- 3.12e-42],[0.3981388920158573996125932645124452000056 +/- 8.39e-42],[9.977100511583333480370190755857995413725e-5 +/- 4.90e-45],[7.894744320373173717441877688269230818713e-6 +/- 2.18e-47],[0.7188113600285642661719486176572626086993 +/- 4.65e-41],[0.2188113600285642661719486176572626086993 +/- 4.65e-41],[2.403217085703808707546460672166059043846e-6 +/- 2.33e-46]
1386,[0.05503341939593255943983864146681963577742 +/- 1.83e-42],[0.3981215067176580161836614278967827951922 +/- 3.03e-42],[9.968910730769630433147351487453705002418e-5 +/- 1.51e-45],[7.884955388401775651267362081677247645313e-6 +/- 1.80e-46],[0.7186129514071884145066042729333743971658 +/- 4.45e-41],[0.2186129514071884145066042729333743971658 +/- 4.45e-41],[2.398722936731199605632945554123880653076e-6 +/- 4.08e-46]
1387,[0.05502553444054415766418737410473795852977 +/- 2.86e-42],[0.3981041522008722866739159450479186576008 +/- 3.26e-41],[9.960733668632066493783333756039541115261e-5 +/- 2.34e-46],[7.609975966125534165364966331394631036170e-6 +/- 2.62e-46],[0.6942209125420149746984867069245207019594 +/- 3.96e-41],[0.1942209125420149746984867069245207019594 +/- 3.96e-41],[2.129029030761518844277363967160517918201e-6 +/- 1.47e-46]
1388,[0.05501792446457803213002200913840656389874 +/- 3.32e-42],[0.3980887473576654218380742421524749153033 +/- 1.64e-41],[9.952569296174359825385995697424458491281e-5 +/- 3.29e-46],[7.600187510931187982873062099694866431825e-6 +/- 4.12e-46],[0.6939926945289600218137666667999543203324 +/- 3.13e-41],[0.1939926945289600218137666667999543203324 +/- 3.13e-41],[2.124490453277193204112039555087640716650e-6 +/- 2.66e-46]
1389,[0.05501032427706710094203913607630686903230 +/- 4.87e-42],[0.3980733738238150660759317501606495017320 +/- 3.59e-41],[9.944417584487327624100397480603582975061e-5 +/- 9.70e-46],[7.325402791028068979256273174273386667383e-6 +/- 7.43e-47],[0.6695422016035610427954464328008706406604 +/- 2.49e-41],[0.1695422016035610427954464328008706406604 +/- 2.49e-41],[1.854946430335906807387748418586881247427e-6 +/- 2.37e-46]
1390,[0.05500299887427607287305987980313259564564 +/- 2.53e-42],[0.3980599494670084257400881540675933695339 +/- 2.61e-41],[9.936278504748561612886993110263551021764e-5 +/- 4.53e-45],[7.580565775904172690769502005701206795502e-6 +/- 4.54e-46],[0.6935240085170584550995407674136347499964 +/- 1.45e-41],[0.1935240085170584550995407674136347499964 +/- 1.45e-41],[2.115314621792385940758782326892266131471e-6 +/- 1.29e-46]
1391,[0.05499541830850016870036911030112689443884 +/- 1.98e-42],[0.3980446392889697600235077198971731564385 +/- 4.43e-41],[9.928152028222104978028946698048727518549e-5 +/- 2.61e-45],[7.305930685711700746277407768053350608897e-6 +/- 3.20e-46],[0.6690377501646019625784299006987652103520 +/- 1.04e-41],[0.1690377501646019625784299006987652103520 +/- 1.04e-41],[1.845901947487110389317269070706150078640e-6 +/- 4.46e-46]
1392,[0.05498811237781445699962283289335884108823 +/- 3.09e-42],[0.3980312777335542738189994142908522431985 +/- 4.11e-41],[9.920038126258130740917436124718589227785e-5 +/- 3.96e-45],[7.296147640056113636318800049544065442370e-6 +/- 3.11e-46],[0.6687772096988916036118521627335310385981 +/- 3.84e-41],[0.1687772096988916036118521627335310385981 +/- 3.84e-41],[1.841305927267253114518974489386567426351e-6 +/- 2.44e-46]
1393,[0.05498081623017440088598651409330929702279 +/- 7.12e-43],[0.3980179481241142912104217317122374544472 +/- 2.40e-41],[9.911936770292621557707633932316719424776e-5 +/- 4.59e-45],[7.021500901445973463374992101593028556289e-6 +/- 9.88e-47],[0.6442141419874729161398044373472516668779 +/- 4.22e-41],[0.1442141419874729161398044373472516668779 +/- 4.22e-41],[1.571837160920303465936581086339664494160e-6 +/- 3.20e-47]
1394,[0.05497379472927295491252313910120770399423 +/- 4.43e-42],[0.3980065681290246956684177610372452148015 +/- 1.98e-41],[9.903847931847050939481593037139145082974e-5 +/- 2.26e-45],[7.276610815984048701195381739387511562417e-6 +/- 3.11e-47],[0.6682507765829437164247791786659160234364 +/- 4.36e-41],[0.1682507765829437164247791786659160234364 +/- 4.36e-41],[1.832089783631106060025906927489381612150e-6 +/- 3.56e-46]
1395,[0.05496651811845697086382194371946831648267 +/- 2.01e-42],[0.3979933026086929985374606045076699321315 +/- 7.91e-42],[9.895771582528065885597515555190166278464e-5 +/- 4.20e-46],[7.266886050662272981671003176520679050578e-6 +/- 1.22e-46],[0.6679907753829492900264099449836779882749 +/- 2.76e-41],[0.1679907753829492900264099449836779882749 +/- 2.76e-41],[1.827524970790867531346542703409064585865e-6 +/- 3.45e-46]
1396,[0.05495925123240630859084027271629179580362 +/- 1.43e-42],[0.3979800688309875839456795952438063381205 +/- 1.50e-41],[9.887707694027170922947848779531680627797e-5 +/- 1.89e-45],[7.257180688457888205650528821670992474131e-6 +/- 9.17e-47],[0.6677309616273150446040006562906693600787 +/- 4.79e-41],[0.1677309616273150446040006562906693600787 +/- 4.79e-41],[1.822970575771526873967560448175215939039e-6 +/- 2.12e-46]
1397,[0.05495199405171785070263462218747012481115 +/- 2.71e-42],[0.3979668667279393444642594531657073971450 +/- 6.63e-42],[9.879656238120413543891335224228199604516e-5 +/- 1.54e-46],[6.982623212723637454969627703684254899355e-6 +/- 4.42e-46],[0.6430775110415218652869037285928576229243 +/- 6.98e-42],[0.1430775110415218652869037285928576229243 +/- 6.98e-42],[1.553555104421536228390630226598891702635e-6 +/- 8.02e-47]
1398,[0.05494501142850512706517965255976644055625 +/- 2.06e-42],[0.3979556146422560945256410172898667178543 +/- 1.26e-41],[9.871617186668071035666545716548703426771e-5 +/- 4.45e-45],[7.237797369278617507647121593933825390570e-6 +/- 4.85e-46],[0.6672058587701397272119785916519932992448 +/- 1.84e-41],[0.1672058587701397272119785916519932992448 +/- 1.84e-41],[1.813836177885569574492193482522525205852e-6 +/- 4.16e-47]
1399,[0.05493777363113584844767200543817250673086 +/- 2.63e-42],[0.3979424760963676627567091745707204901909 +/- 4.60e-41],[9.863590511614338694136547825261628535657e-5 +/- 4.72e-45],[7.493066597606891933298430244401308033430e-6 +/- 5.98e-47],[0.6913906581829958703263767026654837479484 +/- 3.00e-42],[0.1913906581829958703263767026654837479484 +/- 3.00e-42],[2.074229570434012243181300831738600799578e-6 +/- 1.34e-46]
1400,[0.05493028056453824155573870700792810542282 +/- 3.95e-42],[0.3979274499054398465683501298932881232960 +/- 4.40e-41],[9.855576184987019414756208489417239650566e-5 +/- 3.61e-45],[7.483504179119867750636804053393688204687e-6 +/- 2.37e-47],[0.6911641015119397272347558376821185306695 +/- 3.18e-41],[0.1911641015119397272347558376821185306695 +/- 3.18e-41],[2.069808529454683532544980271751683968534e-6 +/- 8.10e-47]
1401,[0.05492279706035912168798807020387471173462 +/- 7.45e-43],[0.3979124542636318376269317730606707534958 +/- 2.01e-42],[9.847574178897214653695201573874977214965e-5 +/- 1.66e-45],[7.209282524016415290508472546466329759979e-6 +/- 2.47e-46],[0.6664692897074566961585078048797553533526 +/- 4.78e-42],[0.1664692897074566961585078048797553533526 +/- 4.78e-42],[1.800719342372371965649742173562545451444e-6 +/- 2.17e-46]
1402,[0.05491558777783510527269756173132824540486 +/- 7.24e-43],[0.3978994068724034617508036975755340209099 +/- 6.01e-42],[9.839584465539016752091090223822058173668e-5 +/- 4.26e-45],[6.935073621765315460271538478733040865396e-6 +/- 1.69e-46],[0.6417245966278096833961261627558536880036 +/- 2.65e-41],[0.1417245966278096833961261627558536880036 +/- 2.65e-41],[1.531607977618009510910974816006777832444e-6 +/- 1.16e-46]
1403,[0.05490865270421333995723729019284951236399 +/- 3.89e-42],[0.3978883082772432203222582743890271763304 +/- 1.14e-41],[9.831607017189202616447882303501116486452e-5 +/- 1.60e-45],[6.660778565999512993413402665459978125553e-6 +/- 1.77e-47],[0.6169212102949356110900504148230735730088 +/- 3.94e-41],[0.1169212102949356110900504148230735730088 +/- 3.94e-41],[1.262375613688025399954943923546007605129e-6 +/- 3.72e-46]
1404,[0.05490199192564734044424387679018405238587 +/- 1.68e-42],[0.3978791597394428073041173384779948995309 +/- 4.14e-41],[9.823641806206928748236216851352768292385e-5 +/- 2.35e-45],[6.650994990621648143668020940927134529404e-6 +/- 2.95e-46],[0.6165893296949479489502698248955158648627 +/- 6.99e-42],[0.1165893296949479489502698248955158648627 +/- 6.99e-42],[1.257619959373403567011642450838196334209e-6 +/- 3.68e-46]
1405,[0.05489534093065671879610020876924312525134 +/- 1.08e-42],[0.3978700447708305775697046087172970576911 +/- 3.46e-41],[9.815688805033427615791832316131224694144e-5 +/- 4.81e-45],[6.376376002064324630966974963072471735533e-6 +/- 4.65e-46],[0.5916810431834430923077611788094486083637 +/- 1.44e-41],[0.09168104318344309230776117880944860836371 +/- 4.31e-42],[9.880201678489200674639195998581017005160e-7 +/- 1.86e-47]
1406,[0.05488896455465465447146924179428005277960 +/- 3.39e-42],[0.3978628831026203403787491543583642617510 +/- 1.11e-42],[9.807747986191705361649195292064976367548e-5 +/- 4.29e-45],[6.631497038579318703851643800926005336956e-6 +/- 1.62e-46],[0.6159241718267642547190340321172721481289 +/- 3.30e-41],[0.1159241718267642547190340321172721481289 +/- 3.30e-41],[1.248125722828697872665860972828168806239e-6 +/- 3.43e-46]
1407,[0.05488233305761607515276539015047912677427 +/- 3.57e-42],[0.3978538351708372388015755044202827330912 +/- 2.15e-41],[9.799819322286240838487133466192551014668e-5 +/- 3.26e-45],[6.886871325389197881942153777431591775376e-6 +/- 1.75e-46],[0.6402378408211549595683035995091956674073 +/- 8.49e-43],[0.1402378408211549595683035995091956674073 +/- 8.49e-43],[1.508501845887448706217988568445362548193e-6 +/- 1.24e-46]
1408,[0.05487544618629068595488344799670169518249 +/- 1.06e-42],[0.3978428986447825531648325712563217637637 +/- 2.50e-41],[9.791902786002685966903020432706347037256e-5 +/- 2.47e-45],[6.877297032325744947442411089485862353921e-6 +/- 4.95e-46],[0.6399449684193002310881939034858572669525 +/- 2.19e-41],[0.1399449684193002310881939034858572669525 +/- 2.19e-41],[1.503946688378942583045219485957072165082e-6 +/- 4.57e-46]
1409,[0.05486856888925836020993600558561220932014 +/- 2.87e-42],[0.3978319940755157903855791020015769569427 +/- 2.93e-41],[9.783998350107567408271504807437458018076e-5 +/- 8.66e-46],[7.132953341591306250609013815515623172627e-6 +/- 4.23e-46],[0.6643537395056476451611698335262244253274 +/- 3.81e-41],[0.1643537395056476451611698335262244253274 +/- 3.81e-41],[1.764613466738634262921978082155815347050e-6 +/- 2.83e-46]
1410,[0.05486143593591676890368539657179669369696 +/- 4.52e-42],[0.3978191982545061641388741242204413797873 +/- 3.47e-41],[9.776105987447989545982963565445194660470e-5 +/- 1.45e-45],[6.858324080111730276917800428976530099577e-6 +/- 1.33e-46],[0.6393739467704231170476786224722280612005 +/- 3.19e-41],[0.1393739467704231170476786224722280612005 +/- 3.19e-41],[1.495011956780628051018610159755980306774e-6 +/- 2.91e-48]
1411,[0.05485457761183665717340847877136771716686 +/- 4.94e-42],[0.3978083563471369259768439944347604607433 +/- 1.02e-41],[9.768225670951338768395791586082671878450e-5 +/- 3.37e-45],[6.583672952567886762013725473343452572930e-6 +/- 5.00e-48],[0.6143412734622086317793860834962424146358 +/- 1.95e-42],[0.1143412734622086317793860834962424146358 +/- 1.95e-42],[1.225354020596532594469781556747484230109e-6 +/- 1.14e-46]
1412,[0.05484799393888408928664646504589437371429 +/- 2.01e-42],[0.3977994691455475330739241497913885171372 +/- 3.83e-41],[9.760357373624989046875317868181074880980e-5 +/- 1.70e-45],[6.574049042086361108859288188777657325284e-6 +/- 2.34e-46],[0.6140114592576075015644186945493945022368 +/- 2.53e-42],[0.1140114592576075015644186945493945022368 +/- 2.53e-42],[1.220688821387100831697323049262512666306e-6 +/- 1.16e-46]
1413,[0.05484141988984200292553760575770559605697 +/- 3.29e-42],[0.3977906149153351276548903825928618446618 +/- 2.34e-41],[9.752501068556008802330565603785002033545e-5 +/- 2.41e-45],[6.564444784845261088374686994887032745464e-6 +/- 4.71e-47],[0.6136818895952872695786565691920270743174 +/- 2.28e-41],[0.1136818895952872695786565691920270743174 +/- 2.28e-41],[1.216034724077132207638453637682953989802e-6 +/- 4.62e-46]
1414,[0.05483485544505715766444923107071070902422 +/- 1.26e-42],[0.3977817935831792054578148154867860314918 +/- 2.27e-41],[9.744656728910869053698250088329110541817e-5 +/- 3.87e-45],[6.820178855859295448442314752337689389173e-6 +/- 3.16e-46],[0.6381790164980006893868870426661290158604 +/- 2.55e-43],[0.1381790164980006893868870426661290158604 +/- 2.55e-43],[1.476710424943985061758799598754274531206e-6 +/- 4.83e-46]
1415,[0.05482803526620129836900078875595837133483 +/- 2.09e-42],[0.3977710802191483964896596626791020669661 +/- 3.93e-41],[9.736824327935152841861337100041362014025e-5 +/- 1.17e-46],[6.545419603598277583423505037273552861964e-6 +/- 1.02e-46],[0.6130381179073973024322901124295738350350 +/- 1.72e-42],[0.1130381179073973024322901124295738350350 +/- 1.72e-42],[1.206910127269924425112164447413366437307e-6 +/- 1.11e-46]
1416,[0.05482148984659770009141736525092109778197 +/- 1.19e-43],[0.3977623233725601684456159443502999322875 +/- 2.72e-41],[9.729003838953265922527166689203339644231e-5 +/- 1.49e-45],[6.535874166635114598155318738474718817885e-6 +/- 1.24e-47],[0.6127093079333380757990612041329089255488 +/- 4.35e-41],[0.1127093079333380757990612041329089255488 +/- 4.35e-41],[1.202289314888249462912287180210628197460e-6 +/- 9.33e-47]
1417,[0.05481495397243106497681920993218262306315 +/- 2.24e-42],[0.3977535992039232352417359475795863764282 +/- 3.70e-42],[9.721195235368148721627585052072725416869e-5 +/- 4.70e-45],[6.260845561390926157858758691943801298565e-6 +/- 1.87e-46],[0.5874680826593524311472439029063111986220 +/- 2.98e-41],[0.08746808265935243114724390290631119862197 +/- 2.76e-43],[9.321768675537137033622016857014565774223e-7 +/- 4.42e-47]
1418,[0.05480869312686967405066135117349067926185 +/- 3.67e-42],[0.3977468343938719093327804538454333044913 +/- 1.45e-41],[9.713398490660989546840722084144570774875e-5 +/- 3.36e-45],[5.985491538505555955886292784994215125925e-6 +/- 1.59e-47],[0.5621460621959507781696007651483239399830 +/- 1.76e-41],[0.06214606219595077816960076514832393998298 +/- 2.44e-42],[6.617047675691835200528134154270070910993e-7 +/- 5.26e-48]
1419,[0.05480270763533116849470546488070568504673 +/- 2.26e-42],[0.3977420319341003090679279162075693914547 +/- 3.74e-41],[9.705613578390939048871006058472640201261e-5 +/- 1.16e-46],[6.241589730580768362673085072109727314005e-6 +/- 1.35e-46],[0.5867325881322492733519864817090731354253 +/- 1.55e-42],[0.08673258813224927335198648170907313542530 +/- 1.55e-42],[9.226506970001785639997713760686747154682e-7 +/- 3.30e-47]
1420,[0.05479646604560058772634279179563357531941 +/- 3.74e-42],[0.3977353349550704477434082994067678861490 +/- 4.59e-41],[9.697840472194825926160721388694129602466e-5 +/- 4.33e-45],[6.231967556486479256671039555783917115512e-6 +/- 7.90e-47],[0.5863644088232678063304308424385264162664 +/- 3.62e-42],[0.08636440882326780633043084243852641626640 +/- 3.62e-42],[9.178936949837297621992171190891825598574e-7 +/- 4.16e-47]
1421,[0.05479023407804410124708612075607779140230 +/- 1.78e-42],[0.3977286718581453127099310826316843034457 +/- 1.01e-41],[9.690079145786873866742892331251145186519e-5 +/- 2.51e-45],[6.222365283045197083842168009493954731865e-6 +/- 2.22e-46],[0.5859965065237835957277776763496648330740 +/- 1.43e-41],[0.08599650652378359572777767634966483307399 +/- 4.24e-42],[9.131482367208325715082033780115023579392e-7 +/- 1.87e-47]
1422,[0.05478401171276105605000227858806829744757 +/- 3.64e-42],[0.3977220425666691982447072257787584759637 +/- 1.88e-41],[9.682329572958419720981516461594775658105e-5 +/- 1.09e-46],[6.212782855967183977577041594048355928106e-6 +/- 4.53e-46],[0.5856288809045640957671066316230970050411 +/- 1.62e-41],[0.08562888090456409576710663162309700504112 +/- 3.82e-42],[9.084142886495157777482500566957604334173e-7 +/- 2.02e-47]
1423,[0.05477779892990508886602470154647424909164 +/- 1.75e-42],[0.3977154470041980307173251274948279293379 +/- 4.82e-41],[9.674591727577632898981178515986439485203e-5 +/- 1.17e-45],[6.469678567913648806541526703017951025287e-6 +/- 2.10e-46],[0.6104013484716959705360413570242742697267 +/- 1.56e-41],[0.1104013484716959705360413570242742697267 +/- 1.56e-41],[1.170150164091941962200211065329539961928e-6 +/- 3.16e-46]
1424,[0.05477132925133717521721816001977123114061 +/- 2.97e-42],[0.3977069502804651512475117332433595946948 +/- 4.41e-41],[9.666865583589235986483849401665257030292e-5 +/- 4.35e-45],[6.460285519640735610859720226240649306375e-6 +/- 2.11e-46],[0.6100743362190221947527466239660626948654 +/- 4.87e-41],[0.1100743362190221947527466239660626948654 +/- 4.87e-41],[1.165614742568878270277618653821092275736e-6 +/- 3.93e-46]
1425,[0.05476486896581753448160730029954499049131 +/- 3.41e-42],[0.3976984856711864365679146544392684359430 +/- 3.89e-41],[9.659151115014226573106218508227056458900e-5 +/- 3.40e-45],[6.450911499457996637961704663790323730659e-6 +/- 1.49e-46],[0.6097475650916636152094285082785025114728 +/- 4.83e-41],[0.1097475650916636152094285082785025114728 +/- 4.83e-41],[1.161090048110152123096076843547605820217e-6 +/- 7.52e-47]
1426,[0.05475841805431807648496933859488120016758 +/- 4.07e-42],[0.3976900531053947252193397392963846934128 +/- 3.66e-41],[9.651448295949600286806221553579519215846e-5 +/- 4.13e-46],[6.708030514649175591851550582940468674787e-6 +/- 4.80e-46],[0.6346315406192745563376448350280664749322 +/- 4.01e-41],[0.1346315406192745563376448350280664749322 +/- 4.01e-41],[1.423050108456735330171827163447971402914e-6 +/- 2.06e-46]
1427,[0.05475171002380342730937748704429825969890 +/- 1.15e-42],[0.3976797170233948177893381828982709667293 +/- 3.24e-41],[9.643757100568075028502512707351701592349e-5 +/- 2.44e-45],[6.965199112665797384229727765405151246023e-6 +/- 1.65e-46],[0.6595680188926903966090413818425467753077 +/- 1.97e-41],[0.1595680188926903966090413818425467753077 +/- 1.97e-41],[1.685077189562811880714962966054384292058e-6 +/- 6.61e-47]
1428,[0.05474474482469076151199325731653285454766 +/- 4.88e-42],[0.3976674765718967210990630297146186109751 +/- 2.59e-41],[9.636077503117816400805490278841918830450e-5 +/- 4.76e-45],[6.956077845748008233483062929601257866686e-6 +/- 3.84e-47],[0.6593131194972452285940960628070817831138 +/- 2.06e-41],[0.1593131194972452285940960628070817831138 +/- 2.06e-41],[1.680831805556726686123897450360219403098e-6 +/- 2.50e-46]
1429,[0.05473778874684501350375977425360325328979 +/- 1.57e-42],[0.3976552657823548687997092883375366474309 +/- 3.52e-41],[9.628409477922164324853121448437137104579e-5 +/- 2.85e-45],[7.213152468733830590480711977929155927532e-6 +/- 1.63e-46],[0.6843106762875912816098441253482516030094 +/- 3.00e-41],[0.1843106762875912816098441253482516030094 +/- 3.00e-41],[1.942774029027593411745904916077214818611e-6 +/- 2.53e-46]
1430,[0.05473057559437627967316929354162532413386 +/- 9.06e-43],[0.3976411506941788058845251176735333553281 +/- 4.06e-41],[9.620752999379360839279224961243981587005e-5 +/- 4.72e-45],[6.938109230999885879781139039848365061391e-6 +/- 4.69e-46],[0.6588280129988358997699744951940473887931 +/- 1.33e-41],[0.1588280129988358997699744951940473887931 +/- 1.33e-41],[1.672615737926341506862900313218206674547e-6 +/- 1.63e-46]
1431,[0.05472363748514527978728951240258547576880 +/- 4.87e-43],[0.3976289972528283202441732624189629509982 +/- 1.02e-41],[9.613108041962279075376062977221432299245e-5 +/- 2.43e-45],[6.929041100178184314055984353391513756054e-6 +/- 2.13e-46],[0.6585736663574968121559405334166204140039 +/- 3.73e-41],[0.1585736663574968121559405334166204140039 +/- 3.73e-41],[1.668398704239399129487903939555084524849e-6 +/- 4.44e-46]
1432,[0.05471670844404510160297545641823208425504 +/- 3.47e-42],[0.3976168732874977854605204947544304182061 +/- 3.45e-41],[9.605474580218153402547065958761043925564e-5 +/- 1.93e-45],[6.919990622904309976144695733269068742826e-6 +/- 8.51e-47],[0.6583194997846843042776103267492499344658 +/- 2.89e-41],[0.1583194997846843042776103267492499344658 +/- 2.89e-41],[1.664191102179477856703273602163659497984e-6 +/- 4.73e-47]
1433,[0.05470978845342219729299931172249881518630 +/- 6.35e-43],[0.3976047787363459307138553471896485779289 +/- 3.60e-41],[9.597852588768310738179269137468312785782e-5 +/- 1.68e-45],[7.176630595295556072528777386222606497063e-6 +/- 2.52e-46],[0.6833630393533832900324995285480582227513 +/- 9.16e-42],[0.1833630393533832900324995285480582227513 +/- 9.16e-42],[1.925665747909107355553372367093718996750e-6 +/- 3.45e-46]
1434,[0.05470261182282690173692678294511259257980 +/- 3.58e-42],[0.3975907825682259192870171759406301391509 +/- 1.85e-42],[9.590242042307903016098577287693109277614e-5 +/- 1.66e-45],[7.433151304279493871675444487634062502772e-6 +/- 2.74e-46],[0.7084437066233129838138751801638860401116 +/- 4.14e-41],[0.2084437066233129838138751801638860401116 +/- 4.14e-41],[2.187038427006254796727482952934202030468e-6 +/- 4.90e-46]
1435,[0.05469517867152262224305510750062495851730 +/- 8.00e-43],[0.3975748851605827203864146364517108837356 +/- 2.46e-41],[9.582642915605640807804297783864524474234e-5 +/- 3.00e-45],[7.689512176336984404398958678953284794651e-6 +/- 1.17e-46],[0.7335579748887793238131719807285530630900 +/- 2.64e-41],[0.2335579748887793238131719807285530630900 +/- 2.64e-41],[2.448268512192474399466410742022814663164e-6 +/- 4.94e-47]
1436,[0.05468748915934628525865070854194600523251 +/- 3.86e-42],[0.3975570871867989477015914695542402380942 +/- 3.92e-41],[9.575055183503528090712491758627736088541e-5 +/- 3.48e-45],[7.680574448292149030710327880310941140433e-6 +/- 3.9e-48],[0.7333890774532759094937448349261052821716 +/- 2.34e-41],[0.2333890774532759094937448349261052821716 +/- 2.34e-41],[2.444217182812232545111270996289502090347e-6 +/- 2.92e-46]
1437,[0.05467980858489799310961999821406569429137 +/- 4.29e-42],[0.3975393169631183721555170675881034333183 +/- 3.20e-41],[9.567478820916598157670591123976312280599e-5 +/- 2.04e-45],[7.406805162847035934598850697234850374116e-6 +/- 4.57e-46],[0.7079073635989724594636570744564193001764 +/- 2.49e-41],[0.2079073635989724594636570744564193001764 +/- 2.49e-41],[2.175326057169184607123917257469409371950e-6 +/- 4.37e-48]
1438,[0.05467240177973514607368539936336845944099 +/- 1.60e-42],[0.3975235001487831498889131884099958958267 +/- 8.54e-42],[9.559913802832650662038416771039551307742e-5 +/- 6.38e-46],[7.133154448436364965401122476169024127689e-6 +/- 2.86e-46],[0.6823850481760401838602595354657304878995 +/- 3.91e-43],[0.1823850481760401838602595354657304878995 +/- 3.91e-43],[1.906519964355340981486743045328789730527e-6 +/- 2.72e-46]
1439,[0.05466526862528670970871999824089229041686 +/- 3.91e-42],[0.3975096365004910923835385078302671891835 +/- 1.91e-41],[9.552360104311989792663211917236000969528e-5 +/- 4.58e-45],[7.388987072795135733634118077882785860594e-6 +/- 1.55e-46],[0.7075102538533946377514326036997796387690 +/- 7.04e-42],[0.2075102538533946377514326036997796387690 +/- 7.04e-42],[2.167163761718268761561234515714435470671e-6 +/- 4.20e-46]
1440,[0.05465787963821391457298636412281440763100 +/- 3.32e-42],[0.3974938760222339363909463412146192934918 +/- 4.89e-41],[9.544817700487163573108575801853598380919e-5 +/- 4.09e-45],[7.380133717089233937754989105173000878330e-6 +/- 4.14e-46],[0.7073165451505317667444616783600847548351 +/- 1.53e-41],[0.2073165451505317667444616783600847548351 +/- 1.53e-41],[2.163138746670022976298799593081868060875e-6 +/- 4.63e-46]
1441,[0.05465049950449682533904860913370923463012 +/- 4.99e-42],[0.3974781433138314109609717800129573351908 +/- 4.73e-41],[9.537286566562704279529248210971970122817e-5 +/- 2.10e-45],[7.106865022458340546502335781525390959677e-6 +/- 4.81e-46],[0.6817562117862244657405318092877847126488 +/- 3.99e-41],[0.1817562117862244657405318092877847126488 +/- 3.99e-41],[1.894690274656547558048854605889513521543e-6 +/- 2.35e-46]
1442,[0.05464339263947436699850210679792770923917 +/- 4.70e-42],[0.3974643617416350603802946613567542476609 +/- 2.35e-41],[9.529766677814869971615556096804439433113e-5 +/- 4.20e-45],[7.362433562613715147282889158949742221095e-6 +/- 2.83e-46],[0.7069219551453558512229834212706362590030 +/- 1.84e-41],[0.2069219551453558512229834212706362590030 +/- 1.84e-41],[2.155045739229543575011888652371675204973e-6 +/- 1.03e-47]
1443,[0.05463603020591175328335482390876875949694 +/- 4.22e-42],[0.3974486849054568123397635444249359573878 +/- 1.45e-41],[9.522258009591387131062991290496849121405e-5 +/- 2.49e-45],[7.617947682655343865682337728142761608357e-6 +/- 4.81e-46],[0.7321311900544488004617454836055284238273 +/- 3.26e-41],[0.2321311900544488004617454836055284238273 +/- 3.26e-41],[2.415363920250142295624311693964999054502e-6 +/- 1.15e-47]
1444,[0.05462841225822909793948914157104061673534 +/- 4.15e-42],[0.3974311127167228035729395468075130586732 +/- 3.61e-41],[9.514760537311194402053844425453228365180e-5 +/- 3.09e-45],[7.609141334157049918893642973971285311449e-6 +/- 4.25e-46],[0.7319631447789512651847652869812473803708 +/- 1.42e-41],[0.2319631447789512651847652869812473803708 +/- 1.42e-41],[2.411378722451396612217544900532398901336e-6 +/- 3.53e-46]
1445,[0.05462080311689494088957024792806664545002 +/- 4.41e-42],[0.3974135678516376083341818860973804858888 +/- 4.67e-41],[9.507274236464187428269076113520299853635e-5 +/- 4.16e-45],[7.600351213794073600861032281604517020515e-6 +/- 3.12e-46],[0.7317952111432306696346640114335058369819 +/- 4.28e-41],[0.2317952111432306696346640114335058369819 +/- 4.28e-41],[2.407401671311693021191260895440180858714e-6 +/- 6.55e-48]
1446,[0.05461320276568114681596938689578504093300 +/- 3.90e-42],[0.3973960502575923095109448478889719647617 +/- 4.85e-41],[9.499799082610964780979663560983291768290e-5 +/- 1.53e-45],[7.855520598088179999234053552510378019195e-6 +/- 4.71e-46],[0.7570645482803335591925027579157597479194 +/- 1.93e-41],[0.2570645482803335591925027579157597479194 +/- 1.93e-41],[2.667376062769536368300198125656600526093e-6 +/- 2.45e-46]
1447,[0.05460534724508305863597015284223253055498 +/- 4.70e-42],[0.3973766391012034486642109763636514274361 +/- 3.38e-41],[9.492335051382574972797520576500710464111e-5 +/- 3.24e-45],[8.110489930028914003657883992668469482900e-6 +/- 4.71e-46],[0.7823640053509394694157590852611871645947 +/- 4.58e-41],[0.2823640053509394694157590852611871645947 +/- 4.58e-41],[2.927167413554725562323938517424450631409e-6 +/- 2.65e-46]
1448,[0.05459723675515302972196649495823986208550 +/- 1.80e-42],[0.3973553353565748691413684912638580996870 +/- 4.69e-41],[9.484882118480264551696752699190805580557e-5 +/- 1.37e-45],[8.101614685648178623667666252003875157488e-6 +/- 7.36e-47],[0.7822381410899826470523697420068811417024 +/- 2.26e-41],[0.2822381410899826470523697420068811417024 +/- 2.26e-41],[2.923131139474334289692690665426188644884e-6 +/- 2.22e-46]
1449,[0.05458913514046738154334282729198785821034 +/- 4.31e-42],[0.3973340589696608924164942847737152985477 +/- 1.03e-41],[9.477440259675227269946478341682842873736e-5 +/- 3.69e-45],[8.092755371094920344137263911644498420346e-6 +/- 3.30e-46],[0.7821123571096215775173693376280561626067 +/- 2.48e-41],[0.2821123571096215775173693376280561626067 +/- 2.48e-41],[2.919102699883747798088983708237376129277e-6 +/- 1.68e-47]
1450,[0.05458104238509628662299869002807621371192 +/- 3.97e-42],[0.3973128098903951189802253751416197301278 +/- 3.70e-41],[9.470009450808354322626722769008169200676e-5 +/- 1.91e-45],[8.083911946637165909434248353651191896963e-6 +/- 7.34e-47],[0.7819866533126726759538738927353370964137 +/- 4.25e-41],[0.2819866533126726759538738927353370964137 +/- 4.25e-41],[2.915082074418833959182536997648251122673e-6 +/- 2.35e-46]
1451,[0.05457295847314964945708925577972256252003 +/- 3.00e-42],[0.3972915880688355151107564114095233373713 +/- 8.70e-42],[9.462589667789985650428975778106010175789e-5 +/- 4.13e-45],[8.337993833192524158554205639056586645066e-6 +/- 2.74e-46],[0.8073169446130228652386439757154771487511 +/- 4.56e-41],[0.3073169446130228652386439757154771487511 +/- 4.56e-41],[3.173978703304945918628510015695387615353e-6 +/- 2.90e-46]
1452,[0.05456462047931645693293070157408350593338 +/- 1.94e-42],[0.3972684792909921518927723720381004955114 +/- 2.55e-41],[9.455180886599662301472897452352861990922e-5 +/- 2.51e-45],[8.329068497265760449788311906324865444860e-6 +/- 9.05e-47],[0.8072080000700588013772987766912562119364 +/- 1.58e-41],[0.3072080000700588013772987766912562119364 +/- 1.58e-41],[3.169884930859785771457205376618038872359e-6 +/- 4.81e-46]
1453,[0.05455629141081919117248091326217718106794 +/- 2.93e-42],[0.3972453981363014219712099627872226714399 +/- 7.34e-42],[9.447783083285879846900360678395424553702e-5 +/- 4.34e-45],[8.582463729514343446401027215327334254474e-6 +/- 2.74e-46],[0.8325440609173787240848034576563342741639 +/- 4.12e-41],[0.3325440609173787240848034576563342741639 +/- 4.12e-41],[3.428103658734820428730181614223284668016e-6 +/- 4.41e-46]
1454,[0.05454770894708967682903451223496185373368 +/- 2.61e-42],[0.3972204344329509353071630863097333328120 +/- 3.40e-42],[9.440396233965842845037535555873040591000e-5 +/- 1.34e-45],[8.311534334617595419051305308668594601490e-6 +/- 3.05e-46],[0.8070203202160525190953299852241157496179 +/- 1.11e-41],[0.3070203202160525190953299852241157496179 +/- 1.11e-41],[3.162014473461892460553892100213180526512e-6 +/- 8.19e-47]
1455,[0.05453939741275505923361546092965318513908 +/- 1.12e-42],[0.3971974062366942560175382536068452368250 +/- 4.90e-41],[9.433020314825220348945050721335342548759e-5 +/- 2.69e-45],[8.564199306230149544328728865921404612602e-6 +/- 1.06e-46],[0.8323302235279498711180760568215406704983 +/- 1.43e-41],[0.3323302235279498711180760568215406704983 +/- 1.43e-41],[3.419486868701704174116984454926047930406e-6 +/- 7.24e-47]
1456,[0.05453083321344882908407113220078726373447 +/- 1.50e-42],[0.3971725005811171540308883005202219979245 +/- 1.20e-41],[9.425655302117902452205411252639743666177e-5 +/- 6.90e-46],[8.555193406479469590133647136883872537709e-6 +/- 8.75e-47],[0.8322353315068044905565275028989131751283 +/- 7.79e-42],[0.3322353315068044905565275028989131751283 +/- 7.79e-42],[3.415305034406959864947279396314894897694e-6 +/- 1.08e-46]
1457,[0.05452227802004234961448099855365037986193 +/- 8.01e-43],[0.3971476230388422565829193609466797595886 +/- 3.70e-41],[9.418301172165757867825813516148601398161e-5 +/- 1.94e-45],[8.285444371041214644667365085904533266251e-6 +/- 3.50e-46],[0.8067504999494508082444318373496706331028 +/- 2.99e-41],[0.3067504999494508082444318373496706331028 +/- 2.99e-41],[3.150372021188092670494279344989502285122e-6 +/- 1.25e-46]
1458,[0.05451399257567130839983633118856447532866 +/- 4.55e-42],[0.3971246731428599345459233819588164728815 +/- 2.32e-41],[9.410957901358392535163275352970095820002e-5 +/- 3.03e-45],[8.276612750413303791124345397918207572777e-6 +/- 1.69e-46],[0.8066419772082007596620397023598647857130 +/- 4.01e-41],[0.3066419772082007596620397023598647857130 +/- 4.01e-41],[3.146323858767237309469203407621611351712e-6 +/- 4.67e-46]
1459,[0.05450571596292089509604520684316655712109 +/- 1.78e-42],[0.3971017505797831123583463595062864433788 +/- 1.77e-41],[9.403625466152909249807596649251935419660e-5 +/- 2.95e-46],[8.527975468187617820869915512691242038503e-6 +/- 1.76e-46],[0.8319142712760392281658152372892538802596 +/- 4.68e-41],[0.3319142712760392281658152372892538802596 +/- 4.68e-41],[3.402462081389417130801901488192090002218e-6 +/- 1.60e-47]
1460,[0.05449718798745270747822433692765386587905 +/- 3.27e-42],[0.3970769595887561037651020759733655116733 +/- 3.48e-41],[9.396303843073668311386081866296435155852e-5 +/- 1.32e-46],[8.519032860329491470176912089246080191035e-6 +/- 1.55e-46],[0.8318196056825290196876146735409478657119 +/- 2.69e-41],[0.3318196056825290196876146735409478657119 +/- 2.69e-41],[3.398311491097391201449715268367659216853e-6 +/- 3.48e-47]
1461,[0.05448866895459237798675416001556461979886 +/- 2.24e-42],[0.3970521965129118448379761263156826440676 +/- 2.70e-41],[9.388993008712049184282193776456349619910e-5 +/- 4.53e-45],[8.250701134734743555727428681361904054405e-6 +/- 2.66e-46],[0.8063723830819323263010611423644909551482 +/- 9.36e-42],[0.3063723830819323263010611423644909551482 +/- 9.36e-42],[3.134763816047812368832749440706768774774e-6 +/- 3.57e-46]
1462,[0.05448041825345764324319843258688325789481 +/- 2.18e-42],[0.3970293517315093476891965172070447061577 +/- 1.69e-41],[9.381692939726213166288367708194786822894e-5 +/- 3.36e-45],[8.501061915336941562067184301100231990034e-6 +/- 3.10e-46],[0.8316135099663967674871325618157209775524 +/- 4.13e-41],[0.3316135099663967674871325618157209775524 +/- 4.13e-41],[3.389876362518994752158645764340083814605e-6 +/- 4.46e-46]
1463,[0.05447191719154230630163636540258215766282 +/- 2.21e-42],[0.3970046454840900681605179597303968010652 +/- 1.81e-41],[9.374403612840867060241099286596319867595e-5 +/- 4.79e-45],[8.750972183892787107326489598588915297244e-6 +/- 2.49e-46],[0.8568602548864983176819215966194454577553 +/- 2.00e-41],[0.3568602548864983176819215966194454577553 +/- 2.00e-41],[3.644554810705159778132298781784824113027e-6 +/- 2.61e-47]
1464,[0.05446316621935841351452903891298356874752 +/- 5.52e-43],[0.3969780805875961186445151020796668297970 +/- 1.76e-41],[9.367125004847027843714127192771507322098e-5 +/- 2.23e-45],[8.741921059426522916625611494028191916644e-6 +/- 4.20e-46],[0.8567767709854033513081566535661178450886 +/- 3.34e-41],[0.3567767709854033513081566535661178450886 +/- 3.34e-41],[3.640288198061601293482174218721298322095e-6 +/- 3.15e-46]
1465,[0.05445442429829898699161241330148954055560 +/- 3.91e-42],[0.3969515443044464142835372084422740822167 +/- 2.66e-41],[9.359857092601788331873067076378534758103e-5 +/- 4.70e-45],[8.474916804982713848067652822044289011692e-6 +/- 1.55e-46],[0.8313866739219153066921231257592180723765 +/- 1.93e-41],[0.3313866739219153066921231257592180723765 +/- 1.93e-41],[3.378060510062904507153245325105816049605e-6 +/- 4.13e-46]
1466,[0.05444594938149400427776434564866749626659 +/- 2.22e-42],[0.3969269172539534287704167662623918719972 +/- 1.07e-41],[9.352599853028083828622214649950593198425e-5 +/- 4.29e-45],[8.208429448457742502176838728258676967989e-6 +/- 1.97e-46],[0.8059946246410165133365860777427673649900 +/- 2.26e-41],[0.3059946246410165133365860777427673649900 +/- 2.26e-41],[3.116317666624389341774800312086968753313e-6 +/- 2.89e-46]
1467,[0.05443774095204554653526216880993923758962 +/- 4.23e-42],[0.3969041962604453889588759933311363008738 +/- 3.36e-41],[9.345353263114459761201426372682325309006e-5 +/- 1.21e-45],[8.199735041512929114501827633296317165230e-6 +/- 3.39e-46],[0.8058867329325597754405717417780330142990 +/- 4.44e-41],[0.3058867329325597754405717417780330142990 +/- 4.44e-41],[3.112335841085144057825358670666781409347e-6 +/- 2.50e-46]
1468,[0.05442954121700403360614766698230594127246 +/- 1.01e-42],[0.3968815021774847042500268643093939719741 +/- 3.22e-41],[9.338117299914840293418006186445855637728e-5 +/- 3.55e-45],[8.191055893513337083996113082625501619736e-6 +/- 7.23e-47],[0.8057789079371631602357417727285516012518 +/- 3.71e-41],[0.3057789079371631602357417727285516012518 +/- 3.71e-41],[3.108361488864004917716949948260405743586e-6 +/- 3.15e-46]
1469,[0.05442135016111052026906367086922331577084 +/- 7.41e-43],[0.3968588349574424740834396333416234955514 +/- 8.68e-42],[9.330891940548297912725377680641624918391e-5 +/- 3.87e-45],[7.925542950418281299510993800241222638064e-6 +/- 1.23e-46],[0.7803807646384659277844873313966396039744 +/- 1.71e-42],[0.2803807646384659277844873313966396039744 +/- 1.71e-42],[2.847545574297651622222527475416602739153e-6 +/- 2.51e-46]
1470,[0.05441342461816010198776415987542307454820 +/- 1.20e-42],[0.3968380677572251625702275210114827733472 +/- 9.39e-42],[9.323677162198823986387004008594364353731e-5 +/- 2.07e-45],[7.917003407693810239693013872367917626697e-6 +/- 2.06e-46],[0.7802567758795347983113785365302850081049 +/- 4.56e-41],[0.2802567758795347983113785365302850081049 +/- 4.56e-41],[2.843671363400144166108425534522438549101e-6 +/- 4.48e-46]
1471,[0.05440550761475240817752446686155070663057 +/- 4.50e-42],[0.3968173268778837913566285701593135722777 +/- 2.74e-41],[9.316472942115100281990534021195593045901e-5 +/- 3.26e-45],[8.164973675390486003750866984167263003992e-6 +/- 5.39e-47],[0.8054348176237632803292792009597200678166 +/- 2.11e-41],[0.3054348176237632803292792009597200678166 +/- 2.11e-41],[3.096299279441707402915443221986255571546e-6 +/- 3.39e-46]
1472,[0.05439734264107701769152071599456653936757 +/- 5.07e-43],[0.3967947413027080274308061198611544792594 +/- 5.18e-42],[9.309279257610271447603503579123252964470e-5 +/- 3.70e-45],[8.156355178091513289111665251023550260924e-6 +/- 2.77e-46],[0.8053272429014934346592294540356436662181 +/- 4.56e-41],[0.3053272429014934346592294540356436662181 +/- 4.56e-41],[3.092354642914543069367168347046157431398e-6 +/- 8.02e-47]
1473,[0.05438918628589892617823160432931551581731 +/- 4.18e-43],[0.3967721824011282556875844369973365840899 +/- 3.44e-41],[9.302096086061718446888107000198940702854e-5 +/- 3.22e-45],[7.891760178347951806252859449712197315291e-6 +/- 2.99e-46],[0.7799207962124803946026648458908510408888 +/- 3.25e-42],[0.2799207962124803946026648458908510408888 +/- 3.25e-42],[2.832425809606530863260811894255729825598e-6 +/- 1.58e-46]
1474,[0.05438129452572057822642535146986580361999 +/- 4.30e-42],[0.3967515177728081490404156193674683787201 +/- 2.59e-41],[9.294923404910832944518576231519046014391e-5 +/- 1.28e-45],[8.139116838520462087905873100346298640107e-6 +/- 1.70e-47],[0.8051038998790533201815222954527971034800 +/- 3.02e-42],[0.3051038998790533201815222954527971034800 +/- 3.02e-42],[3.084417165755766516497794946308155995316e-6 +/- 1.07e-46]
1475,[0.05437315540888205776433744559676545732135 +/- 4.19e-42],[0.3967290125904734946176078922727398498253 +/- 3.57e-41],[9.287761191662792637270565736518452255993e-5 +/- 4.07e-46],[8.130543460524370223167137760036674250788e-6 +/- 3.59e-47],[0.8049965197820697993549692555076855561219 +/- 2.55e-42],[0.3049965197820697993549692555076855561219 +/- 2.55e-42],[3.080494633775723824467049598343073953318e-6 +/- 4.60e-46]
1476,[0.05436502486542153339411427845900542064710 +/- 3.40e-42],[0.3967065339407899248479120302507817288178 +/- 3.03e-41],[9.280609423886337526177640376121366387279e-5 +/- 4.09e-45],[8.121985046172594278610674924880759033108e-6 +/- 1.50e-47],[0.8048892057790274973096584810579871588370 +/- 1.88e-41],[0.3048892057790274973096584810579871588370 +/- 1.88e-41],[3.076579425214132765267377187619777274617e-6 +/- 1.65e-46]
1477,[0.05435690288037536079983566778408053988807 +/- 2.89e-43],[0.3966840817770419085265972638200030331148 +/- 9.9e-44],[9.273468079213547125175502853127832418677e-5 +/- 5.23e-46],[7.858261159267228136098245051323637252554e-6 +/- 4.12e-46],[0.7794703091857189352378550280827542792515 +/- 9.17e-42],[0.2794703091857189352378550280827542792515 +/- 9.17e-42],[2.817491121806509893508923627287031990122e-6 +/- 3.98e-46]
1478,[0.05434904461921609357169956953902921625082 +/- 2.27e-42],[0.3966635184727654171102983638179623779125 +/- 1.29e-41],[9.266337135339618601679977684068697597490e-5 +/- 3.06e-45],[7.594788905863889558994501755848450880487e-6 +/- 3.71e-48],[0.7540249221198754732252068931794280447247 +/- 2.38e-41],[0.2540249221198754732252068931794280447247 +/- 2.38e-41],[2.558623201611169869101547843947972586610e-6 +/- 4.26e-46]
1479,[0.05434144983031022968214057503727336779994 +/- 2.76e-42],[0.3966448427712395471984708949738490771152 +/- 4.19e-41],[9.259216570022645844569991258665638324323e-5 +/- 2.44e-45],[7.841440268072972689010607432542032019939e-6 +/- 2.42e-46],[0.7792205177458754876851448841902106679479 +/- 1.24e-41],[0.2792205177458754876851448841902106679479 +/- 1.24e-41],[2.809847740994344939611137144802731762396e-6 +/- 3.29e-46]
1480,[0.05433360839004215670945156442984082576792 +/- 2.70e-42],[0.3966243314520988453127969379150080658252 +/- 4.84e-41],[9.252106361083399455071853431191911291512e-5 +/- 4.70e-46],[7.833049565484362521479903329234864019162e-6 +/- 4.11e-46],[0.7790973264327294653120877031631687164150 +/- 1.48e-41],[0.2790973264327294653120877031631687164150 +/- 1.48e-41],[2.806046327423128516664976853522997576361e-6 +/- 2.10e-46]
1481,[0.05432577534047667234693008452651159090390 +/- 1.86e-42],[0.3966038459871699167645960694696464910030 +/- 4.19e-41],[9.245006486405107656066056339653930951059e-5 +/- 3.65e-45],[8.079392080023302307983265851116804374095e-6 +/- 1.89e-47],[0.8043323478519909040162806064616528453048 +/- 2.05e-42],[0.3043323478519909040162806064616528453048 +/- 2.05e-42],[3.056970626006367491071094429505540017848e-6 +/- 3.15e-46]
1482,[0.05431769594839664904462210126066047409952 +/- 4.06e-42],[0.3965815265927912840333918498404294943952 +/- 3.81e-41],[9.237916923933238115362561838856044611035e-5 +/- 9.77e-46],[7.816415764543820643424939705954525014272e-6 +/- 9.30e-47],[0.7788651361658756052041838292146058260299 +/- 1.58e-41],[0.2788651361658756052041838292146058260299 +/- 1.58e-41],[2.798592137836287812189693294675835797871e-6 +/- 4.15e-46]
1483,[0.05430987953263210522397867632095451957451 +/- 2.21e-43],[0.3965610917701926994678291298492086808018 +/- 3.44e-41],[9.230837651675280678515151125032879770975e-5 +/- 2.93e-45],[8.062387532777044059667041868212305189822e-6 +/- 2.68e-47],[0.8041067753743540520815367148468342128673 +/- 1.53e-41],[0.3041067753743540520815367148468342128673 +/- 1.53e-41],[3.049130724299352736329361067347701174137e-6 +/- 3.31e-47]
1484,[0.05430181714509932817991900927908630726932 +/- 4.22e-44],[0.3965388255039830263339753203127020841258 +/- 6.98e-42],[9.223768647700531006769859877773256734655e-5 +/- 4.86e-45],[8.053947391638609063708773491224519526856e-6 +/- 5.56e-47],[0.8039999624472233323072581473928854782852 +/- 3.02e-42],[0.3039999624472233323072581473928854782852 +/- 3.02e-42],[3.045273406677265667700875456847188805622e-6 +/- 4.12e-46]
1485,[0.05429376319770768957085530050559508274979 +/- 3.11e-42],[0.3965165853544415530632074740442098140256 +/- 3.62e-41],[9.216709890139875115766820596396709035121e-5 +/- 9.18e-46],[8.045521890881783362267035930103224840210e-6 +/- 3.42e-46],[0.8038932149294837511028862909936628469325 +/- 3.97e-41],[0.3038932149294837511028862909936628469325 +/- 3.97e-41],[3.041423248509535020172559823904866959373e-6 +/- 1.61e-46]
1486,[0.05428571767581680778749303346966497952495 +/- 2.90e-42],[0.3964943712758527245876582087635761266650 +/- 2.86e-41],[9.209661357185574810638981801865248982394e-5 +/- 2.55e-45],[7.783622865141427438602814733891536015128e-6 +/- 2.25e-46],[0.7784353406063609897019872997484135236878 +/- 1.80e-41],[0.2784353406063609897019872997484135236878 +/- 1.80e-41],[2.784092101880867739906192837408602478195e-6 +/- 5.37e-48]
1487,[0.05427793405295166636005443065493108798894 +/- 2.24e-42],[0.3964740348306981220185544522153744650568 +/- 1.44e-41],[9.202623027091054013175172442978351870520e-5 +/- 1.05e-46],[8.028611408570665460198715871016294902216e-6 +/- 3.13e-46],[0.8036658260872480689156850070058395423610 +/- 2.34e-41],[0.3036658260872480689156850070058395423610 +/- 2.34e-41],[3.033617750784438801344348085581924909740e-6 +/- 1.82e-46]
1488,[0.05426990544154309569459423193906007169404 +/- 4.46e-42],[0.3964518736820550844046667047975403463185 +/- 4.74e-41],[9.195594878170685976738830210503696838124e-5 +/- 4.92e-45],[8.020229795657550427500093582091553617557e-6 +/- 1.79e-46],[0.8035592812248904950338681540625990327371 +/- 2.30e-41],[0.3035592812248904950338681540625990327371 +/- 2.30e-41],[3.029789150486939117467210468059063360569e-6 +/- 3.54e-46]
1489,[0.05426188521174743814416673184547798014042 +/- 2.01e-42],[0.3964297384665930822398290132004185675764 +/- 4.70e-41],[9.188576888799581384657415540835411536628e-5 +/- 1.89e-45],[8.264563097151560116957603533000914085605e-6 +/- 2.44e-46],[0.8287943312312328968519259824541947675714 +/- 4.35e-41],[0.3287943312312328968519259824541947675714 +/- 4.35e-41],[3.278668053157977221593295527832416646573e-6 +/- 4.02e-46]
1490,[0.05425362064865028658404977424194497922633 +/- 2.39e-42],[0.3964057827755159836217497235441360600027 +/- 2.22e-42],[9.181569037413377327821089889903842732359e-5 +/- 2.76e-45],[8.508429428821301590646221230615540297785e-6 +/- 2.64e-47],[0.8540312747553356102625260785153507689982 +/- 3.29e-41],[0.3540312747553356102625260785153507689982 +/- 3.29e-41],[3.527095793669116151949760567836882928067e-6 +/- 3.71e-46]
1491,[0.05424511221922146528245912802071436368603 +/- 4.61e-42],[0.3963800095729680876839970759248684861044 +/- 2.70e-41],[9.174571302508027157252648378970157691323e-5 +/- 3.90e-46],[8.751797349691657336625341046218327241952e-6 +/- 3.63e-46],[0.8792671845625254547802863145692558550228 +/- 2.03e-41],[0.3792671845625254547802863145692558550228 +/- 2.03e-41],[3.775040851013689553441132832649801523425e-6 +/- 3.43e-46]
1492,[0.05423636042187177362512250267966814535879 +/- 2.65e-42],[0.3963524220546866936847492998103480461967 +/- 3.39e-41],[9.167583662639591207433964149696797190638e-5 +/- 3.42e-45],[8.742985876205728570912650896767915057783e-6 +/- 3.93e-46],[0.8791932821802379245636584145226567061295 +/- 4.09e-41],[0.3791932821802379245636584145226567061295 +/- 4.09e-41],[3.770822158959886584975808884368651209926e-6 +/- 4.68e-46]
1493,[0.05422761743599556789655159002877137744373 +/- 4.87e-42],[0.3963248628395560262255831091016975263395 +/- 3.41e-41],[9.160606096424028386197325702111273962872e-5 +/- 3.09e-45],[8.985483274983028198252900362947210219204e-6 +/- 4.85e-46],[0.9044128244570638909965518163206358292121 +/- 3.14e-41],[0.4044128244570638909965518163206358292121 +/- 3.14e-41],[4.017904846195718816144464816559575532402e-6 +/- 4.88e-46]
1494,[0.05421863195272058486835333712840843023352 +/- 4.34e-42],[0.3962954951197700356001312660870926176476 +/- 5.34e-42],[9.153638582536988627013030104006133809455e-5 +/- 1.64e-45],[8.976483908705342129712431909778733008181e-6 +/- 4.85e-47],[0.9043445898852165376451016251895640112491 +/- 4.82e-41],[0.4043445898852165376451016251895640112491 +/- 4.82e-41],[4.013506295357382787238624632343125322620e-6 +/- 1.31e-46]
1495,[0.05420965546881187952622362469649865150051 +/- 2.52e-42],[0.3962661568644083614392167813688917154855 +/- 6.71e-42],[9.146681099713606199527435224842267667001e-5 +/- 1.88e-45],[9.217994707349456622229343673137744656045e-6 +/- 2.85e-46],[0.9295361280212068954403270377456899883370 +/- 4.17e-41],[0.4295361280212068954403270377456899883370 +/- 4.17e-41],[4.259610396363777135569691742394716180697e-6 +/- 8.31e-47]
1496,[0.05420043747410453006960139535282551375585 +/- 1.44e-42],[0.3962350167689499293537919162059955401139 +/- 2.21e-43],[9.139733626748293874228374024976283533744e-5 +/- 2.97e-45],[9.208781095037354330257390805604163327867e-6 +/- 4.07e-46],[0.9294709551508458206869194462488543187713 +/- 2.54e-41],[0.4294709551508458206869194462488543187713 +/- 2.54e-41],[4.255005485371938999673046614895086908809e-6 +/- 9.77e-47]
1497,[0.05419122869300949271527113796201990959252 +/- 3.57e-42],[0.3962039074946194716693402876137773381020 +/- 8.62e-42],[9.132796142494537937137394378434597661103e-5 +/- 3.00e-45],[8.950038693992062699182007963552210775301e-6 +/- 4.68e-46],[0.9041951133368679669682419592195626100815 +/- 2.63e-41],[0.4041951133368679669682419592195626100815 +/- 2.63e-41],[4.000864250346498540300137520600260142710e-6 +/- 5.25e-47]
1498,[0.05418227865431550065257195595405635738175 +/- 1.74e-42],[0.3961746536306630121486166182901484735387 +/- 4.89e-41],[9.125868625864694050450709873774494337382e-5 +/- 4.82e-45],[9.190290435827286389625268588114397411861e-6 +/- 2.74e-47],[0.9293253047006876923636417170672960683969 +/- 2.72e-41],[0.4293253047006876923636417170672960683969 +/- 2.72e-41],[4.245686867334524967138043122052837821586e-6 +/- 2.02e-46]
1499,[0.05417308836387967336618233068546824298434 +/- 3.60e-42],[0.3961436068183094368084076142518606843612 +/- 2.09e-41],[9.118951055829783955073031464979004981742e-5 +/- 4.78e-45],[9.429894283789535743598825680206913031816e-6 +/- 5.00e-46],[0.9544393769075890340548609503027393374757 +/- 1.78e-41],[0.4544393769075890340548609503027393374757 +/- 1.78e-41],[4.489876870455928435031779077785316373929e-6 +/- 4.57e-46]
1500,[0.05416365846959588383043873185978803607130 +/- 4.60e-42],[0.3961107713592448933122714976177002304367 +/- 4.07e-41],[9.112043411419293011010597667965325148177e-5 +/- 9.73e-46],[9.420473435626208224268352057326234462584e-6 +/- 4.51e-46],[0.9543747980270703549004789410728549343667 +/- 2.17e-41],[0.4543747980270703549004789410728549343667 +/- 2.17e-41],[4.485057362663748618898979992977271785464e-6 +/- 5.0e-49]
1501,[0.05415423799616025762221446350773070983684 +/- 2.01e-42],[0.3960779681572609862169650667061411533131 +/- 4.76e-41],[9.105145671720968571611733146303972982060e-5 +/- 1.46e-45],[9.163265856231188288178274086027299198023e-6 +/- 2.02e-46],[0.9291823329562707275569755245744423049442 +/- 4.93e-41],[0.4291823329562707275569755245744423049442 +/- 4.93e-41],[4.232443599270330408918631259417630769567e-6 +/- 3.89e-46]
1502,[0.05414507473030402643392628523364468253764 +/- 3.99e-42],[0.3960470097249442914979901168168763989173 +/- 4.31e-41],[9.098257815880619187665142923384150266697e-5 +/- 2.87e-45],[8.906750826964342314716651242406848847489e-6 +/- 4.38e-46],[0.9040076600324777809439418776097732764465 +/- 1.03e-41],[0.4040076600324777809439418776097732764465 +/- 1.03e-41],[3.980492333400054139181599291657196746784e-6 +/- 4.28e-46]
1503,[0.05413616797947706209161156858240227568880 +/- 3.51e-42],[0.3960178915542267326938726892156834229112 +/- 3.85e-41],[9.091379823101914637387893011889969179783e-5 +/- 9.30e-46],[8.897884280469971475627004024354807651600e-6 +/- 2.71e-46],[0.9039396663131769298294047249892621883462 +/- 3.32e-41],[0.4039396663131769298294047249892621883462 +/- 3.32e-41],[3.976159627783234392425063407894142845030e-6 +/- 4.49e-46]
1504,[0.05412727009519659212013594157837792088114 +/- 4.90e-42],[0.3959888024335945355622250957058637785257 +/- 4.40e-41],[9.084511672646186778356638872632259617354e-5 +/- 3.85e-45],[8.889032637713205528488621769323298982075e-6 +/- 1.41e-46],[0.9038717101292827124821092237354754928787 +/- 4.50e-41],[0.4038717101292827124821092237354754928787 +/- 4.50e-41],[3.971834467830342343148092617127420078143e-6 +/- 3.68e-46]
1505,[0.05411838106255887891460745295660859758216 +/- 2.82e-42],[0.3959597423153588589550156541674690037385 +/- 4.52e-41],[9.077653343832231217457141704316440946772e-5 +/- 2.65e-45],[9.126564094242817732311768188575890276170e-6 +/- 3.23e-46],[0.9288785245220508279127635009702398781609 +/- 3.23e-41],[0.4288785245220508279127635009702398781609 +/- 3.23e-41],[4.213885066089572677591553641062715899328e-6 +/- 1.42e-46]
1506,[0.05410925449846463609687514118842002169189 +/- 3.36e-42],[0.3959289084232658661140675049801207606283 +/- 2.66e-41],[9.070804816036109794948460017823002124111e-5 +/- 6.06e-46],[9.363457681768309292776577043046019543774e-6 +/- 4.19e-46],[0.9538693277388522914727690920136300805140 +/- 2.47e-41],[0.4538693277388522914727690920136300805140 +/- 2.47e-41],[4.455312818800343694796816352502554061792e-6 +/- 2.62e-46]
1507,[0.05409989104078286778758236461137697567234 +/- 2.88e-42],[0.3958963049956317315587780488275016771086 +/- 3.27e-41],[9.063966068690953878759421150492029705413e-5 +/- 3.90e-45],[9.108636395693801203566114980990401027865e-6 +/- 2.37e-46],[0.9287711332917471278237910614854363736952 +/- 2.77e-41],[0.4287711332917471278237910614854363736952 +/- 2.77e-41],[4.205040628558464730191437333568390976561e-6 +/- 3.64e-46]
1508,[0.05409078240438717398637879849639598527132 +/- 5.00e-42],[0.3958655302394882916080353556443538749850 +/- 2.97e-41],[9.057137081286768465156065208603258573707e-5 +/- 2.88e-45],[9.099607147132036722416754550748061079034e-6 +/- 1.41e-46],[0.9287064101498868751111037683361653507445 +/- 2.62e-41],[0.4287064101498868751111037683361653507445 +/- 2.62e-41],[4.200530836426147309996486419116550532250e-6 +/- 2.51e-46]
1509,[0.05408168279724004194965638174184523721024 +/- 4.03e-42],[0.3958347857038621911817355757095648059678 +/- 4.66e-41],[9.050317833370237081939713264055677383465e-5 +/- 3.31e-45],[8.845856903050230510793998068509601637979e-6 +/- 1.35e-46],[0.9036409139512333050450796581686870162766 +/- 2.13e-41],[0.4036409139512333050450796581686870162766 +/- 2.13e-41],[3.951292720264891318155172242957060668153e-6 +/- 1.64e-46]
1510,[0.05407283694033699171914558774377672760860 +/- 2.01e-42],[0.3958058627748517147188632696293131186556 +/- 3.54e-41],[9.043508304544527490356143342017111906855e-5 +/- 4.39e-45],[9.081491313300579503832931259530325527827e-6 +/- 2.91e-46],[0.9285623680077928658769722026515068067184 +/- 4.10e-41],[0.4285623680077928658769722026515068067184 +/- 4.10e-41],[4.191409814098382670172621046919720003075e-6 +/- 3.98e-46]
1511,[0.05406375544902369113964175481251719728307 +/- 1.70e-43],[0.3957751794462976729374984465471845544560 +/- 1.78e-41],[9.036708474469098181917062681442066629521e-5 +/- 8.24e-46],[9.316500376940873018496601389737839729249e-6 +/- 2.32e-46],[0.9534684526577091204844631711078117772006 +/- 4.77e-41],[0.4534684526577091204844631711078117772006 +/- 4.77e-41],[4.430916406662700277125550716548579636124e-6 +/- 1.81e-47]
1512,[0.05405443894864675026662325821112745944334 +/- 9.21e-43],[0.3957427398718053447675122344454244271783 +/- 3.74e-41],[9.029918322859505666355643784871312222694e-5 +/- 4.63e-45],[9.307271032574819445643546204644946190934e-6 +/- 3.09e-46],[0.9534044600771265959245349258165564284993 +/- 3.35e-41],[0.4534044600771265959245349258165564284993 +/- 3.35e-41],[4.426199345632061406579777859290561223778e-6 +/- 1.56e-46]
1513,[0.05404513167761417544717761466492281449715 +/- 1.31e-44],[0.3957103319053933584504479819546328730907 +/- 3.75e-41],[9.023137829487212546958345746524879161198e-5 +/- 3.47e-45],[9.055052092018696151152141511410083098063e-6 +/- 4.70e-46],[0.9284249154516845518735954599252603654328 +/- 2.22e-41],[0.4284249154516845518735954599252603654328 +/- 2.22e-41],[4.178485370619714499157932492870294569460e-6 +/- 4.14e-46]
1514,[0.05403607662552215675102646252341140441405 +/- 1.93e-42],[0.3956797349026686901227565783957900026077 +/- 5.89e-42],[9.016366974179396379535572100797631992715e-5 +/- 4.14e-45],[8.803512158330594881611681218112931546434e-6 +/- 3.62e-46],[0.9034634428983990328815227628956963132223 +/- 4.84e-41],[0.4034634428983990328815227628956963132223 +/- 4.84e-41],[3.931421191324742720150365555325605955947e-6 +/- 4.54e-46]
1515,[0.05402727311336382615614485084219329148251 +/- 4.52e-42],[0.3956509444341204783363787825664191033611 +/- 1.96e-41],[9.009605736818759311313922803051176799445e-5 +/- 2.29e-45],[9.037071476158156871272779371288368679459e-6 +/- 4.50e-46],[0.9282797718103253341170707723911047654249 +/- 2.15e-41],[0.4282797718103253341170707723911047654249 +/- 2.15e-41],[4.169427178289790478095014731212601697062e-6 +/- 3.53e-46]
1516,[0.05401823604188766799927357806282200311383 +/- 3.97e-42],[0.3956204082559085648914101877934617095615 +/- 8.13e-42],[9.002854097343338496052881771076708705064e-5 +/- 3.27e-45],[9.028161938723919447974846670626248160561e-6 +/- 7.60e-47],[0.9282153254129178754062952341042800111956 +/- 4.82e-41],[0.4282153254129178754062952341042800111956 +/- 4.82e-41],[4.164978961914239494143974568517457835530e-6 +/- 4.96e-46]
1517,[0.05400920787994894407982560321615137686567 +/- 4.53e-42],[0.3955899019092378265920964773632997061411 +/- 2.10e-41],[8.996112035746317281708743502660947330298e-5 +/- 3.46e-45],[8.777796192041646977061841159971229237091e-6 +/- 4.95e-46],[0.9033017134861874418290578190606604164038 +/- 1.40e-41],[0.4033017134861874418290578190606604164038 +/- 1.40e-41],[3.919067341542311614719170606699140727915e-6 +/- 3.44e-46]
1518,[0.05400043008375690243284854137499140563643 +/- 1.63e-42],[0.3955611941571847702017020035593297647699 +/- 3.15e-41],[8.989379532075837166988423460122419566845e-5 +/- 3.52e-45],[8.527939391648907209390294407012643445181e-6 +/- 4.73e-46],[0.8783895773966290103223405626247794553734 +/- 8.87e-42],[0.3783895773966290103223405626247794553734 +/- 8.87e-42],[3.673635782466741369117512003439299307670e-6 +/- 4.63e-46]
1519,[0.05399190214436525352563915108058439299298 +/- 3.20e-42],[0.3955342818086077710552320909028007502018 +/- 8.25e-42],[8.982656566434810523155517988268234600309e-5 +/- 2.83e-45],[8.519506006767234009179586533301579127696e-6 +/- 2.60e-46],[0.8783164043163472718060462212847277166360 +/- 4.96e-41],[0.3783164043163472718060462212847277166360 +/- 4.96e-41],[3.669598863453351292160684941367027006864e-6 +/- 3.76e-46]
1520,[0.05398338263835848629162997149405109141386 +/- 4.50e-42],[0.3955073966187180925496390977897060241131 +/- 2.83e-41],[8.975943118980734077470581313740101797184e-5 +/- 3.73e-45],[8.511086675651107381730999430731359456936e-6 +/- 2.31e-46],[0.8782432723044659783017680740355708064258 +/- 1.03e-41],[0.3782432723044659783017680740355708064258 +/- 1.03e-41],[3.665568956330328573562746534681396617058e-6 +/- 2.50e-46]
1521,[0.05397487155168283518424824049462036005440 +/- 1.44e-42],[0.3954805385430387820124622226407337589319 +/- 2.34e-41],[8.969239169925503154667070461026358135441e-5 +/- 2.88e-45],[8.502681365452117626288990392081751412769e-6 +/- 4.41e-46],[0.8781701813146745640842607568912131206660 +/- 2.67e-41],[0.3781701813146745640842607568912131206660 +/- 2.67e-41],[3.661546044321603555355360083239908252285e-6 +/- 3.00e-46]
1522,[0.05396636887031738306662195150422827830299 +/- 4.21e-42],[0.3954537075371946674586623715387141909043 +/- 1.09e-41],[8.962544699535226672883774507481218119608e-5 +/- 1.58e-45],[8.254167638036601304899332731523003170268e-6 +/- 1.45e-46],[0.8532744805258257762447554220376674503378 +/- 2.24e-41],[0.3532744805258257762447554220376674503378 +/- 2.24e-41],[3.417407705318342103805498642696323771476e-6 +/- 2.17e-46]
1523,[0.05395811470267934646531705217149675529982 +/- 4.48e-42],[0.3954286632789169407784684903548373507298 +/- 4.26e-41],[8.955859688130042890493793274640857628331e-5 +/- 8.71e-46],[8.485853698519400257153958294103524428629e-6 +/- 1.83e-46],[0.8780141124918325620295227951069175805688 +/- 4.97e-41],[0.3780141124918325620295227951069175805688 +/- 4.97e-41],[3.653440655387170919149454846185076347390e-6 +/- 2.74e-46]
1524,[0.05394962884898082706505989821320265177539 +/- 3.11e-42],[0.3954018868698937940217145696907933099065 +/- 2.47e-41],[8.949184116083935900289263098293082037471e-5 +/- 1.24e-46],[8.477490400660843085494944437091339472134e-6 +/- 4.74e-46],[0.8779411526173620197471053047230586262705 +/- 1.73e-41],[0.3779411526173620197471053047230586262705 +/- 1.73e-41],[3.649438785021614175226066974358957980223e-6 +/- 3.79e-46]
1525,[0.05394115135858016622197440326876556043591 +/- 4.77e-42],[0.3953751373970941058118600553554167908335 +/- 3.73e-42],[8.942517963824552867500044511731621339258e-5 +/- 2.91e-46],[8.469140992993391236710636028455593537042e-6 +/- 4.85e-46],[0.8778682335764670880073017378882542449766 +/- 9.96e-42],[0.3778682335764670880073017378882542449766 +/- 9.96e-42],[3.645443842858568020265604584874091577836e-6 +/- 3.49e-47]
1526,[0.05393268221758717283073769263273710484238 +/- 2.28e-42],[0.3953484148165489292784885550470370846262 +/- 9.35e-42],[8.935861211833022008143489286295536512277e-5 +/- 3.40e-45],[8.699747245897807988775766534731564405110e-6 +/- 9.08e-47],[0.9025851943102531997130393037989887386448 +/- 2.36e-41],[0.4025851943102531997130393037989887386448 +/- 2.36e-41],[3.880397615115270079227755156547307628788e-6 +/- 3.88e-47]
1527,[0.05392398247034127502274891686620237327797 +/- 2.62e-42],[0.3953199673876242926732350008846910478673 +/- 1.24e-41],[8.929213840643771304221193065891950473659e-5 +/- 1.52e-45],[8.452624837481543541065448560909439020341e-6 +/- 2.81e-46],[0.8777410611717315353770982196635135004294 +/- 1.80e-41],[0.3777410611717315353770982196635135004294 +/- 1.80e-41],[3.637637131313509391264365578101039625197e-6 +/- 2.80e-46]
1528,[0.05391552984550379347920785141764146383895 +/- 2.28e-42],[0.3952932972690142085788264290945483088789 +/- 2.08e-41],[8.922575830844347952297315567349780990932e-5 +/- 1.51e-45],[8.444316663344075857372266095357563629534e-6 +/- 4.91e-46],[0.8776682548558268571033049966493708495507 +/- 1.44e-41],[0.3776682548558268571033049966493708495507 +/- 1.44e-41],[3.633662628277483366442590961530972879565e-6 +/- 2.53e-46]
1529,[0.05390708552884044940335047915154610627532 +/- 2.74e-42],[0.3952666539130538914986320294610498373111 +/- 3.55e-42],[8.915947163075238542011613750211884605428e-5 +/- 3.41e-45],[8.197947188380926307669426500974856223175e-6 +/- 2.14e-46],[0.8528286506468208645673064910165655630896 +/- 4.73e-41],[0.3528286506468208645673064910165655630896 +/- 4.73e-41],[3.391619925475733807102095850218519567257e-6 +/- 5.78e-47]
1530,[0.05389888758165206847704280972504513141910 +/- 4.39e-43],[0.3952417830860843261805668292693353293660 +/- 3.00e-41],[8.909327818029689961098785236481027485639e-5 +/- 2.14e-45],[8.189837543907363326433723343000191732398e-6 +/- 4.11e-46],[0.8527476876777741047826861955041244537239 +/- 1.16e-41],[0.3527476876777741047826861955041244537239 +/- 1.16e-41],[3.387808958986685566880468866553231069395e-6 +/- 3.15e-47]
1531,[0.05389069774410816111371637600170213122737 +/- 2.84e-42],[0.3952169379914888078945910979227871364515 +/- 1.95e-41],[8.902717776453531023504060325952870399316e-5 +/- 3.03e-45],[8.419375025810698227048957625373282591241e-6 +/- 3.36e-47],[0.8774319541978691013988034078495745197463 +/- 2.93e-42],[0.3774319541978691013988034078495745197463 +/- 2.93e-42],[3.621638297891138941859076952813995046443e-6 +/- 3.65e-46]
1532,[0.05388227836908235041548932704407675794478 +/- 4.08e-42],[0.3951903757034244124362524448809712397610 +/- 3.04e-41],[8.896117019144994817203211943725288893113e-5 +/- 2.03e-45],[8.411121859936772172002851898994339387153e-6 +/- 2.10e-46],[0.8773593146129092184245819535797697190882 +/- 1.41e-41],[0.3773593146129092184245819535797697190882 +/- 1.41e-41],[3.617691323641755051539111899936136666885e-6 +/- 3.78e-46]
1533,[0.05387386724722241364331732419217776360539 +/- 1.23e-42],[0.3951638400031221483755873054802986845795 +/- 1.11e-41],[8.889525526954541768353274505506805042518e-5 +/- 1.28e-45],[8.639928488713124808398124373756442845873e-6 +/- 2.95e-46],[0.9020350624817137017384064115690800400170 +/- 4.78e-41],[0.4020350624817137017384064115690800400170 +/- 4.78e-41],[3.850797307413686256480191850314415270826e-6 +/- 3.63e-46]
1534,[0.05386522731873370051850892606780400716254 +/- 2.90e-42],[0.3951355919635363707704352358282814606730 +/- 1.28e-41],[8.882943280784683418418275720349882170169e-5 +/- 4.97e-45],[8.868206457518378707877298554754121540684e-6 +/- 3.93e-46],[0.9267026683096939301409737114090721472200 +/- 4.23e-41],[0.4267026683096939301409737114090721472200 +/- 4.23e-41],[4.083388866729527769509670227281902772129e-6 +/- 3.24e-46]
1535,[0.05385635911227618213980104876924925304100 +/- 2.22e-42],[0.3951056350563490923186716726884850797579 +/- 3.60e-41],[8.876370261589806910932190490995276951744e-5 +/- 7.35e-46],[8.623298299433934674437686953240608191935e-6 +/- 3.75e-46],[0.9019262230904476992780182733550933133439 +/- 9.60e-42],[0.4019262230904476992780182733550933133439 +/- 9.60e-42],[3.842808455216839514773529776735221614410e-6 +/- 4.07e-46]
1536,[0.05384773581397674820512661108229601243281 +/- 2.79e-43],[0.3950774406131417041429961240639860947830 +/- 1.07e-41],[8.869806450376000184579124035457397069350e-5 +/- 4.77e-45],[8.614904315334154910990246439773454810452e-6 +/- 2.75e-46],[0.9018594753603795444499256635469986147049 +/- 2.81e-41],[0.4018594753603795444499256635469986147049 +/- 2.81e-41],[3.838714370724617711139435407712715332800e-6 +/- 1.46e-46]
1537,[0.05383912090966141405021562083585623897800 +/- 1.75e-43],[0.3950492737096241297143776150247599981277 +/- 2.63e-41],[8.863251828200877869288422850913196811040e-5 +/- 3.50e-45],[8.370888519309775207569149770986253519934e-6 +/- 1.39e-46],[0.8771028325125339130500511861077578826085 +/- 1.34e-41],[0.3771028325125339130500511861077578826085 +/- 1.34e-41],[3.598991650996928819225819328217088299231e-6 +/- 6.22e-47]
1538,[0.05383075002114210427500805168608525272448 +/- 1.09e-43],[0.3950228634517890165104982082263387363299 +/- 2.26e-41],[8.856706376173407882059997878305178313428e-5 +/- 4.45e-45],[8.127305009059779593926791867347262548317e-6 +/- 4.82e-46],[0.8523419921519966587724877737264429845383 +/- 1.49e-41],[0.3523419921519966587724877737264429845383 +/- 1.49e-41],[3.359673539595318733072910796030401958764e-6 +/- 4.96e-46]
1539,[0.05382262271613304449541412489421790546193 +/- 1.58e-42],[0.3949982071835157079598885758833405454732 +/- 3.95e-41],[8.850170075453738719252624904121342106743e-5 +/- 3.94e-46],[8.119313129043349219905677132358507762781e-6 +/- 3.31e-46],[0.8522614050578177258402263702640077658919 +/- 3.00e-41],[0.3522614050578177258402263702640077658919 +/- 3.00e-41],[3.355919479595776239805747072185894423780e-6 +/- 3.82e-47]
1540,[0.05381450340300400114619421921708554695417 +/- 1.21e-42],[0.3949735762859924618528681053046631361046 +/- 4.86e-41],[8.843642907253027442085363550263121952288e-5 +/- 1.61e-45],[8.111334442221522789116732729228494075354e-6 +/- 3.63e-46],[0.8521808637128049904480575666934024765302 +/- 2.38e-41],[0.3521808637128049904480575666934024765302 +/- 2.38e-41],[3.352171928948320355393567015073538462795e-6 +/- 4.28e-46]
1541,[0.05380639206856177962340510248435631846009 +/- 3.44e-42],[0.3949489707177298657533673202857295657758 +/- 8.09e-42],[8.837124852833268352119508844391372569276e-5 +/- 7.49e-46],[7.868481645441156087303028682805186231409e-6 +/- 2.25e-46],[0.8274010691074710373153286541071526336322 +/- 2.01e-41],[0.3274010691074710373153286541071526336322 +/- 2.01e-41],[3.113543599537374544704957513984415767457e-6 +/- 4.01e-47]
1542,[0.05379852358691633846731779945567351327386 +/- 2.04e-42],[0.3949261147061750688348958133978143668661 +/- 3.41e-41],[8.830615893507122353505659017268555209973e-5 +/- 3.02e-45],[8.095418791583405346980509586563882202110e-6 +/- 7.74e-47],[0.8520164365213336767692334891960834447396 +/- 8.73e-42],[0.3520164365213336767692334891960834447396 +/- 8.73e-42],[3.344677817244993154706604155561810252482e-6 +/- 2.33e-46]
1543,[0.05379042816812475506197081894608694939166 +/- 7.95e-44],[0.3949015598079884074545190272337266824007 +/- 3.34e-41],[8.824116010637746998797550521033538020144e-5 +/- 3.27e-45],[8.322066287291973985090957021275354097235e-6 +/- 1.80e-46],[0.8766474314602907694198263311861797020541 +/- 4.93e-41],[0.3766474314602907694198263311861797020541 +/- 4.93e-41],[3.575536503117880915611736706701960405419e-6 +/- 3.18e-46]
1544,[0.05378210610183746308798572798906567403756 +/- 2.69e-42],[0.3948753077479750017241218744871241345265 +/- 1.68e-41],[8.817625185638627215151276978757340371037e-5 +/- 2.70e-45],[8.313973898347794099955396419767455155167e-6 +/- 4.03e-46],[0.8765752853374795427686087563208732743599 +/- 2.96e-42],[0.3765752853374795427686087563208732743599 +/- 2.96e-42],[3.571669365345285040496218559829623062252e-6 +/- 2.66e-46]
1545,[0.05377379212793911529388577259264590658241 +/- 2.49e-42],[0.3948490817684879702837180563127184916442 +/- 8.53e-42],[8.811143399973406707745373531838442449862e-5 +/- 1.64e-45],[8.540052964166214818146469911485623532090e-6 +/- 2.65e-46],[0.9012133886476680071425482794181391664344 +/- 8.54e-42],[0.4012133886476680071425482794181391664344 +/- 8.54e-42],[3.801967028169888126607841226353923582177e-6 +/- 3.45e-46]
1546,[0.05376525207497494907906762612273442095888 +/- 4.58e-42],[0.3948211623040909540598756283184592467857 +/- 2.85e-41],[8.804670635155720037274012513749657796124e-5 +/- 1.56e-45],[8.297882440010977262191898287823494167952e-6 +/- 5.69e-47],[0.8764405872536577674183106666604211639080 +/- 4.01e-41],[0.3764405872536577674183106666604211639080 +/- 4.01e-41],[3.564029078648206466449410301622373374217e-6 +/- 3.32e-46]
1547,[0.05375695419253493810180543422444659746471 +/- 2.53e-42],[0.3947949878148958008277434951770887989818 +/- 4.74e-43],[8.798206872749025368382221207468036301262e-5 +/- 3.50e-45],[8.523572738881459846767928591268536598175e-6 +/- 2.08e-46],[0.9010789671633099737747022120645087967011 +/- 6.32e-42],[0.4010789671633099737747022120645087967011 +/- 6.32e-42],[3.793924700533305587522239793205469583338e-6 +/- 2.18e-47]
1548,[0.05374843061979605664195866629585532892811 +/- 6.98e-43],[0.3947671225038577847683226486638633876050 +/- 1.19e-41],[8.791752094366437885928598295944154976508e-5 +/- 3.75e-45],[8.515342872233966699913301451373813024665e-6 +/- 4.34e-46],[0.9010127205615900219900970388333476117847 +/- 3.60e-41],[0.4010127205615900219900970388333476117847 +/- 3.60e-41],[3.789914097528955098681494252589131952122e-6 +/- 2.29e-46]
1549,[0.05373991527692382267525875299440395511508 +/- 4.64e-42],[0.3947392842020975953543570176162728630407 +/- 6.57e-42],[8.785306281670563875977473141790796082790e-5 +/- 2.77e-46],[8.740417736886241407562202110711345346092e-6 +/- 3.55e-46],[0.9256532061230673927307346284357974089884 +/- 3.79e-41],[0.4256532061230673927307346284357974089884 +/- 3.79e-41],[4.019201584298213811659442046509296055912e-6 +/- 5.49e-47]
1550,[0.05373117485918693643385119079229324376974 +/- 1.46e-42],[0.3947097591062236409957187362045647951591 +/- 1.27e-41],[8.778869416373335468438821880878113058692e-5 +/- 1.47e-45],[8.732000072357520514765701097823470964819e-6 +/- 7.9e-48],[0.9255903309856867810814507779692768544243 +/- 8.00e-42],[0.4255903309856867810814507779692768544243 +/- 8.00e-42],[4.015010395586279952548749796141858518714e-6 +/- 4.47e-46]
1551,[0.05372244285911457891333642509119542029877 +/- 3.73e-42],[0.3946802622093706995744867092480812569816 +/- 3.22e-41],[8.772441480235846038290527126926072945978e-5 +/- 2.54e-45],[8.956312355683948615006831746882267186559e-6 +/- 5.51e-47],[0.9502174537228758231616362884502887964008 +/- 1.75e-41],[0.4502174537228758231616362884502887964008 +/- 1.75e-41],[4.243542494114981080529860014232538071820e-6 +/- 2.48e-46]
1552,[0.05371348654675889496472141825944853803159 +/- 2.84e-42],[0.3946490836308735976739604271191882916271 +/- 2.75e-41],[8.766022455068186262333744498063525416668e-5 +/- 3.55e-45],[8.947683675017932178491579745746705768075e-6 +/- 3.97e-46],[0.9501555387872295356646708986777600413090 +/- 3.08e-41],[0.4501555387872295356646708986777600413090 +/- 3.08e-41],[4.239147382929018152328862314232127285826e-6 +/- 4.62e-46]
1553,[0.05370453886308387703254292667970279132582 +/- 9.08e-43],[0.3946179346140457874729791463434733331082 +/- 2.46e-41],[8.759612322729280828448219824656547273205e-5 +/- 8.47e-46],[9.171128595316657906198461220736289565749e-6 +/- 4.85e-46],[0.9747582277744282430407919153780721491440 +/- 4.69e-41],[0.4747582277744282430407919153780721491440 +/- 4.69e-41],[4.466819191201026998525508790679465658549e-6 +/- 4.27e-46]
1554,[0.05369536773448856037463672821848205503625 +/- 3.35e-42],[0.3945851098022344195311559923460214049140 +/- 2.85e-41],[8.753211065126725794330386408914302267161e-5 +/- 2.00e-45],[8.930582981904815822297033783527331172299e-6 +/- 6.61e-47],[0.9500480981157317946769732006624297909132 +/- 3.02e-41],[0.4500480981157317946769732006624297909132 +/- 3.02e-41],[4.230514111909077453144973598367949091026e-6 +/- 4.24e-46]
1555,[0.05368643715150665555881443118469852770508 +/- 1.05e-42],[0.3945540187775192156333571503965086453850 +/- 2.72e-41],[8.746818664216626592712962704749590145194e-5 +/- 4.84e-45],[8.690646358858225787462396413083140421770e-6 +/- 2.32e-46],[0.9253528691302587072019354984151113878713 +/- 1.72e-41],[0.4253528691302587072019354984151113878713 +/- 1.72e-41],[3.994791053937312582291527230105184360044e-6 +/- 4.20e-46]
1556,[0.05367774650514779733302696878828544456466 +/- 7.27e-43],[0.3945246575677959578322545542749424452710 +/- 3.57e-41],[8.740435102003436680080567890503584422841e-5 +/- 2.64e-46],[8.682308974075248217190491011529221028342e-6 +/- 3.39e-46],[0.9252900960120063200865442944314514561062 +/- 1.46e-41],[0.4252900960120063200865442944314514561062 +/- 1.46e-41],[3.990640376574887169692941851080892204800e-6 +/- 2.36e-46]
1557,[0.05366906419617372208480977829727391534363 +/- 9.33e-43],[0.3944953243011719704071126333109513150946 +/- 7.18e-42],[8.734060360539796825911576632384221892431e-5 +/- 4.52e-45],[8.673985107556015628843377688582025557997e-6 +/- 3.76e-46],[0.9252273555643539483434139358500723827953 +/- 1.69e-41],[0.4252273555643539483434139358500723827953 +/- 1.69e-41],[3.986496645725350026470049089586207984056e-6 +/- 1.65e-46]
1558,[0.05366039021106616606918093491958533331807 +/- 2.94e-42],[0.3944660189335601081340435505907510554003 +/- 7.72e-42],[8.727694421926375039492045493338654630329e-5 +/- 3.72e-45],[8.896211781254239336808653651759433732653e-6 +/- 5.96e-47],[0.9497772414470771996877564572535588154970 +/- 3.04e-41],[0.4497772414470771996877564572535588154970 +/- 3.04e-41],[4.212896898019090975160804284406476453982e-6 +/- 4.05e-46]
1559,[0.05365149399928491182984412626593357388434 +/- 2.83e-43],[0.3944350465586968974681335119702893167100 +/- 2.70e-41],[8.721337268311707131363062536719159921053e-5 +/- 2.09e-45],[9.117891669176989909842346519915874357858e-6 +/- 9.27e-47],[0.9743153183188754343023832131546030893990 +/- 4.58e-41],[0.4743153183188754343023832131546030893990 +/- 4.58e-41],[4.438763928011335708046613355293814398159e-6 +/- 1.44e-46]
1560,[0.05364237610761573483993428391941365800998 +/- 2.43e-42],[0.3944024108083583082759710250208180148700 +/- 3.87e-41],[8.714988881892037906478299308293997381118e-5 +/- 3.15e-45],[9.109116928669235372884904668255082391089e-6 +/- 3.06e-46],[0.9742522938865764403036904597859187826649 +/- 5.00e-41],[0.4742522938865764403036904597859187826649 +/- 5.00e-41],[4.434189814907813158562597855503358281108e-6 +/- 1.92e-47]
1561,[0.05363326699068706560456139901474540292759 +/- 1.34e-42],[0.3943698058473981759649607410017432333984 +/- 3.75e-41],[8.708649244911162986163881151367020718550e-5 +/- 4.27e-45],[8.870909971404970035551212060160927122840e-6 +/- 2.09e-46],[0.9496271548758397466916129952314776038471 +/- 5.91e-43],[0.4496271548758397466916129952314776038471 +/- 5.91e-43],[4.200176870599312869284200331009091318983e-6 +/- 4.75e-46]
1562,[0.05362439608071566063452584780268524200047 +/- 1.51e-42],[0.3943389189129532217553940100801103754388 +/- 1.09e-41],[8.702318339660271255987938311185287251048e-5 +/- 3.48e-45],[9.091567537258263545519240169001834647302e-6 +/- 4.32e-46],[0.9741176070427015913952343138239530133183 +/- 3.15e-41],[0.4741176070427015913952343138239530133183 +/- 3.15e-41],[4.425001882594080894157805491497271855888e-6 +/- 1.38e-48]
1563,[0.05361530451317840237098032856251624016582 +/- 1.20e-42],[0.3943063758457958277293946065044033349706 +/- 4.85e-41],[8.695996148477787936662357105364583313591e-5 +/- 2.03e-45],[8.854027120287888437020801022298437764769e-6 +/- 4.54e-46],[0.9495169822670604262321420091118290691931 +/- 4.40e-41],[0.4495169822670604262321420091118290691931 +/- 4.40e-41],[4.191642304827256957303656264972304510055e-6 +/- 2.70e-46]
1564,[0.05360645048605811448254330776149394172806 +/- 3.58e-42],[0.3942755463085912371897637580307802417905 +/- 1.96e-41],[8.689682653749218275114318161463216256274e-5 +/- 1.58e-45],[8.845564443820408847396048969506265142730e-6 +/- 5.76e-47],[0.9494554400330478929297061613672342468268 +/- 1.51e-41],[0.4494554400330478929297061613672342468268 +/- 1.51e-41],[4.187334014642753366025946812298336337272e-6 +/- 7.64e-47]
1565,[0.05359760492161429407369591171252443546291 +/- 3.70e-42],[0.3942447457824012487580565161139168545653 +/- 3.83e-41],[8.683377837906991852880187931614416583111e-5 +/- 1.61e-45],[8.608871729183784927741147799113074149485e-6 +/- 2.54e-46],[0.9248731239167839043343450079650257187097 +/- 3.04e-41],[0.4248731239167839043343450079650257187097 +/- 3.04e-41],[3.954789181771382183543880270422475773203e-6 +/- 2.06e-46]
1566,[0.05358899604988511028876817056472532238876 +/- 4.21e-42],[0.3942156532463273833394101521264887544534 +/- 3.70e-41],[8.677081683430307508989220963664944777015e-5 +/- 1.88e-45],[8.600666096898178640884731560326809674882e-6 +/- 8.39e-47],[0.9248105704340870271857034244780165307939 +/- 4.27e-41],[0.4248105704340870271857034244780165307939 +/- 4.27e-41],[3.950705136319406719479087587831138469289e-6 +/- 5.02e-47]
1567,[0.05358039538378821211012728583316499557909 +/- 6.73e-43],[0.3941865882316398254660632270891362997901 +/- 2.36e-41],[8.670794172844978874519334310819935339077e-5 +/- 2.60e-45],[8.820246293151493511268448302708611300086e-6 +/- 1.74e-46],[0.9492616276432838130909168012473947143245 +/- 8.91e-42],[0.4492616276432838130909168012473947143245 +/- 8.91e-42],[4.174400492426685160923590390570881080678e-6 +/- 2.14e-46]
1568,[0.05357157513749506061661601738486228696779 +/- 7.59e-43],[0.3941558748454116882769439235035348844720 +/- 6.91e-42],[8.664515288723280516021932565531858851972e-5 +/- 7.08e-46],[8.811838239355711904981186344782522615126e-6 +/- 4.80e-46],[0.9492002243230491514066807955225815820440 +/- 3.91e-41],[0.4492002243230491514066807955225815820440 +/- 3.91e-41],[4.170120921157572592514072845488538742725e-6 +/- 9.79e-47]
1569,[0.05356276329925570490471103619851750444517 +/- 4.12e-42],[0.3941251902877014853071375539531517198016 +/- 4.93e-41],[8.658245013683794685027392872409052840604e-5 +/- 1.66e-45],[8.576285186097064079234421472518906073394e-6 +/- 3.25e-46],[0.9246478685159323625485898538949145982248 +/- 3.79e-42],[0.4246478685159323625485898538949145982248 +/- 3.79e-42],[3.938689903548003414610168244693112987725e-6 +/- 3.35e-46]
1570,[0.05355418701406960784063180177704498553910 +/- 7.22e-43],[0.3940962061347402671945590499333774742719 +/- 4.19e-41],[8.651983330391258670857364469346489472624e-5 +/- 1.57e-45],[8.795040467460684257073401977528945484510e-6 +/- 2.18e-46],[0.9490710837566108326688496212599074427027 +/- 2.95e-41],[0.4490710837566108326688496212599074427027 +/- 2.95e-41],[4.161541134276821631805849489282893393130e-6 +/- 2.78e-46]
1571,[0.05354539197360214715637472837506745659362 +/- 3.79e-42],[0.3940655794074372873352664505710127866333 +/- 1.42e-41],[8.645730221556412753984497381995113733477e-5 +/- 1.27e-45],[9.013308391429658850681642244040360325133e-6 +/- 5.4e-48],[0.9734876653751204071610690542525323669236 +/- 2.10e-41],[0.4734876653751204071610690542525323669236 +/- 2.10e-41],[4.383918255317096281565946502491460260847e-6 +/- 7.25e-47]
1572,[0.05353637866521071749752404673282341623329 +/- 1.08e-42],[0.3940333133132690683039332971764026184211 +/- 4.57e-41],[8.639485669935848757194590406220874560536e-5 +/- 2.78e-46],[9.004703720985186408501780332193586695342e-6 +/- 2.27e-46],[0.9734251271948860442789164150219904775685 +/- 3.21e-41],[0.4734251271948860442789164150219904775685 +/- 3.21e-41],[4.379435958001713447265750537030505476628e-6 +/- 6.34e-48]
1573,[0.05352737396148973231111554495249122264660 +/- 4.27e-42],[0.3940010774242601168356208799842411679021 +/- 3.90e-42],[8.633249658331859191820440004563770658843e-5 +/- 2.16e-45],[8.996112896865409566073079969072792168094e-6 +/- 1.59e-46],[0.9733626191587177863393043435521952391458 +/- 1.73e-41],[0.4733626191587177863393043435521952391458 +/- 1.73e-41],[4.374961067221080688987277221908760828845e-6 +/- 2.67e-46]
1574,[0.05351837784859286690154947187252214985443 +/- 2.36e-42],[0.3939688716933571430541968353153883117686 +/- 4.60e-41],[8.627022169592286996330879760193222046657e-5 +/- 4.14e-45],[8.761847735996024793600380042232258264746e-6 +/- 3.46e-46],[0.9488593698413424647574858511723191373679 +/- 2.19e-42],[0.4488593698413424647574858511723191373679 +/- 2.19e-42],[4.144805414191750518806602099361160786564e-6 +/- 4.23e-46]
1575,[0.05350961600085687087675587149247991759616 +/- 2.90e-42],[0.3939383575921649449171838936088021960073 +/- 3.76e-41],[8.620803186610375864572625115900554861048e-5 +/- 3.63e-46],[8.753533428489007753299379665007746311827e-6 +/- 4.85e-46],[0.9487981611334350180631356679058576977774 +/- 2.61e-41],[0.4487981611334350180631356679058576977774 +/- 2.61e-41],[4.140574747144163060161381488281760293627e-6 +/- 1.05e-46]
1576,[0.05350086246742838186900257211281490984985 +/- 1.07e-42],[0.3939078720090860724657164565081645178513 +/- 1.49e-42],[8.614592692324621160976580812863336558705e-5 +/- 4.16e-45],[8.745232446484017387811891422828475815687e-6 +/- 3.36e-46],[0.9487369829477876543488420470579454657760 +/- 4.86e-41],[0.4487369829477876543488420470579454657760 +/- 4.86e-41],[4.136351058034286002116693039340198934174e-6 +/- 2.16e-46]
1577,[0.05349211723498189785161476022139208137404 +/- 4.62e-42],[0.3938774148997759356414725313709067600450 +/- 4.75e-41],[8.608390669718621420054229267039716779375e-5 +/- 3.20e-45],[8.512029173638357464410927969054326376776e-6 +/- 3.44e-47],[0.9242540279034259943729377639479853923020 +/- 6.89e-42],[0.4242540279034259943729377639479853923020 +/- 6.89e-42],[3.907218744547229153422311450144506522063e-6 +/- 3.72e-46]
1578,[0.05348360520580825949415034929342302704766 +/- 1.40e-42],[0.3938486424789100184048174228115567418005 +/- 2.95e-41],[8.602197101820930427523597609102292453050e-5 +/- 3.35e-45],[8.728707770876255111681321664373429330526e-6 +/- 5.68e-47],[0.9486147967811076260906797565437969275254 +/- 2.14e-41],[0.4486147967811076260906797565437969275254 +/- 2.14e-41],[4.127942633912868740985888201287301944109e-6 +/- 1.27e-46]
1579,[0.05347487649803738323903866797175865361833 +/- 1.93e-42],[0.3938182420513104168163099847217994738487 +/- 2.40e-41],[8.596011971704909880418099792046507451386e-5 +/- 4.11e-45],[8.944959958950643046008037512541523768379e-6 +/- 1.65e-46],[0.9729748248161368595585570725123423301674 +/- 4.75e-41],[0.4729748248161368595585570725123423301674 +/- 4.75e-41],[4.348253173324934314749084200389338430970e-6 +/- 3.25e-46]
1580,[0.05346593153807843259599265993424611209456 +/- 3.00e-43],[0.3937862163834553362091388176659453745996 +/- 4.45e-41],[8.589835262488582623545268560531088050980e-5 +/- 3.04e-46],[8.936466000254214562409508259640378734718e-6 +/- 3.20e-46],[0.9729126245364577184915683944802143956287 +/- 1.83e-41],[0.4729126245364577184915683944802143956287 +/- 1.83e-41],[4.343830559578349151050367992629754958530e-6 +/- 2.98e-46]
1581,[0.05345699507207817838143025042598647171582 +/- 4.99e-42],[0.3937542205405569312007034285816197871089 +/- 2.92e-41],[8.583666957334486459676030695455803119024e-5 +/- 1.02e-45],[9.151963926482353570341995195422575114502e-6 +/- 1.03e-46],[0.9972565618513103284230405835957880778025 +/- 5.72e-42],[0.4972565618513103284230405835957880778025 +/- 5.72e-42],[4.563393504096454229141864873469528531205e-6 +/- 4.56e-46]
1582,[0.05344784310815169602785990843079104914071 +/- 4.82e-43],[0.3937206045526187701933390350434100512587 +/- 3.88e-41],[8.577507039449528530858738310417145329353e-5 +/- 4.11e-45],[9.366881704934687244965907779598004552528e-6 +/- 2.15e-46],[1.021583271719390178139499836829340617139 +/- 5.63e-41],[0.5215832717193901781394998368293406171391 +/- 4.38e-41],[4.782389199899035831478582998702492304402e-6 +/- 2.32e-46]
1583,[0.05343847622644676134061494252301145113616 +/- 2.05e-42],[0.3936853723228527712983658159018514785346 +/- 1.08e-41],[8.571355492084840268265649594029766911671e-5 +/- 1.07e-45],[9.581154884692614280225748936250055039289e-6 +/- 2.86e-46],[1.045885860262766384359661391785879020134 +/- 2.59e-40],[0.5458858602627663843596613917858790201343 +/- 4.17e-41],[5.000753117770618099013224419381322222312e-6 +/- 2.99e-47]
1584,[0.05342889507156206872633471677407520108112 +/- 1.34e-42],[0.3936485282312386448520997942028371095275 +/- 2.52e-41],[8.565212298535632907992954770575293131059e-5 +/- 4.94e-45],[9.571843732386513148140914885090334824229e-6 +/- 4.28e-46],[1.045806361647144572117086815486311206253 +/- 2.09e-40],[0.5458063616471445721170868154863112062532 +/- 8.36e-42],[4.995545440745380192509369357806829069178e-6 +/- 4.73e-46]
1585,[0.05341932322782968221318657585919011074629 +/- 4.44e-42],[0.3936117193555128287879272318631882135366 +/- 4.79e-42],[8.559077442141053570248767694373106439456e-5 +/- 3.92e-45],[9.340151959258290292649086170940248525596e-6 +/- 1.88e-46],[1.021406480219358744701077437807765969266 +/- 1.81e-40],[0.5214064802193587447010774378077659692658 +/- 1.91e-41],[4.767950715120703833544364588179146195239e-6 +/- 2.26e-46]
1586,[0.05340998307587042392289392677301917049777 +/- 1.17e-42],[0.3935765844678139808226939484851016594152 +/- 1.78e-41],[8.552950906284041899376750900438037210049e-5 +/- 3.08e-45],[9.553188317944124251436779678860824110535e-6 +/- 4.28e-46],[1.045634547233339884757397130460034742805 +/- 1.08e-40],[0.5456345472333398847573971304600347428051 +/- 7.20e-42],[4.985058686410311430752079272456821093814e-6 +/- 1.25e-46]
1587,[0.05340042988755247979864248999334030967366 +/- 1.70e-42],[0.3935398465757267449572364462580631956588 +/- 2.16e-41],[8.546832674391187262176212601648703390650e-5 +/- 3.69e-45],[9.543922427587794218527920857062060331530e-6 +/- 3.74e-46],[1.045555161296062817691936404657963726770 +/- 4.05e-40],[0.5455551612960628176919364046579637267704 +/- 4.17e-42],[4.979877037693101736532850602530209651359e-6 +/- 4.31e-46]
1588,[0.05339088596512489200442396207248324761333 +/- 3.23e-42],[0.3935031437333911077825651159484648824071 +/- 4.18e-41],[8.540722729932586501992608543548602723417e-5 +/- 4.47e-45],[9.534671492972412997895467477268595306542e-6 +/- 2.97e-46],[1.045475809122416937797112740321827997726 +/- 4.57e-40],[0.5454758091224169377971127403218279977255 +/- 4.38e-41],[4.974703959636604137431905656831471396700e-6 +/- 1.31e-46]
1589,[0.05338135129363191959142606660500597901802 +/- 2.33e-43],[0.3934664758861347098621815114169947542842 +/- 4.92e-41],[8.534621056421702246065400291317948890638e-5 +/- 1.27e-46],[9.304641458759332588099897432497258637520e-6 +/- 3.10e-46],[1.021164811633358413727995981140043886134 +/- 2.08e-40],[0.5211648116333584137279959811400438861342 +/- 7.54e-42],[4.748745411050584034127751762208383301759e-6 +/- 3.35e-46]
1590,[0.05337204665217316025883796670757348175938 +/- 2.72e-42],[0.3934314705601714525593548609003086163349 +/- 5.44e-42],[8.528527637415221763633164915219164298898e-5 +/- 2.29e-46],[9.075226527425511789647944641448935326296e-6 +/- 5.55e-47],[0.9968723735501370589286080090808172405953 +/- 3.89e-41],[0.4968723735501370589286080090808172405953 +/- 3.89e-41],[4.523376778040778202480378967969144586029e-6 +/- 1.48e-47]
1591,[0.05336297142564573474704831876293203282406 +/- 3.59e-42],[0.3933981236926770936465752870350803412038 +/- 5.40e-42],[8.522442456512916372308719643344374559461e-5 +/- 4.98e-45],[8.846423639751098349882266044899250359277e-6 +/- 4.44e-46],[0.9725986342579133852553669716566471520214 +/- 1.95e-41],[0.4725986342579133852553669716566471520214 +/- 1.95e-41],[4.298595106915010362454115164512399169252e-6 +/- 4.25e-46]
1592,[0.05335412500200598364869843649688713357370 +/- 2.87e-42],[0.3933664312412219425787009712766772618183 +/- 4.61e-41],[8.516365497357501390249819342796855640128e-5 +/- 2.97e-45],[8.838086498249516539085968574489237546856e-6 +/- 2.95e-46],[0.9725366087668105069623629805565762554015 +/- 1.03e-42],[0.4725366087668105069623629805565762554015 +/- 1.03e-42],[4.294254205161686651114955395227592407298e-6 +/- 6.70e-47]
1593,[0.05334528691550773413215935052831264433615 +/- 2.84e-43],[0.3933347680975853802034520007589772624763 +/- 4.92e-41],[8.510296743634496631663705148170009749833e-5 +/- 3.43e-45],[8.829762601364959026106862695953538628364e-6 +/- 3.40e-46],[0.9724746128509463425068762312947659083606 +/- 3.41e-41],[0.4724746128509463425068762312947659083606 +/- 3.41e-41],[4.289920386112025117714370367195318767308e-6 +/- 8.52e-47]
1594,[0.05333645715290636917313324366561669079752 +/- 1.92e-42],[0.3933031342166817259724332853970621905038 +/- 3.72e-41],[8.504236179072087443196429651654901295217e-5 +/- 4.53e-45],[8.601989193671849316510396620168632437307e-6 +/- 2.79e-46],[0.9482206730906051629136264189040288488185 +/- 1.55e-41],[0.4482206730906051629136264189040288488185 +/- 1.55e-41],[4.066130907839103631040406745769460370660e-6 +/- 2.07e-46]
1595,[0.05332785516371269732381673326899652216508 +/- 4.62e-42],[0.3932731480097090971690328034813588506470 +/- 3.20e-41],[8.498183787440986278770458271302015111667e-5 +/- 4.66e-45],[8.813211223954282098564645846204721304206e-6 +/- 3.63e-46],[0.9723529748086686822844596143022478125738 +/- 4.65e-41],[0.4723529748086686822844596143022478125738 +/- 4.65e-41],[4.281312082241638823297113028387335491863e-6 +/- 3.29e-46]
1596,[0.05331904195248874304171816862315031744378 +/- 4.07e-43],[0.3932415722380370815508684705811742592172 +/- 4.71e-41],[8.492139552554294810446548188584942762338e-5 +/- 1.28e-45],[8.804926898405489155203972476733183588538e-6 +/- 2.44e-46],[0.9722910751433435987059689987922582634864 +/- 4.22e-41],[0.4722910751433435987059689987922582634864 +/- 4.22e-41],[4.276999447715174876488113034192417529170e-6 +/- 8.94e-48]
1597,[0.05331023702559033755256296465067358426019 +/- 1.87e-42],[0.3932100255941627537250476310068718293825 +/- 2.17e-41],[8.486103458267366572898336055897435605946e-5 +/- 1.68e-45],[9.015467978841763636746269261044304728828e-6 +/- 8.1e-48],[0.9964129055698647870989920395262827802574 +/- 2.55e-42],[0.4964129055698647870989920395262827802574 +/- 2.55e-42],[4.491506111002611903045050221233397150390e-6 +/- 4.23e-46]
1598,[0.05330122155761149578892621838141253995546 +/- 3.05e-42],[0.3931768939628354990813196691586564438330 +/- 4.04e-41],[8.480075488477670139100423978153941471684e-5 +/- 3.09e-45],[9.225478189671534243727717834626158371659e-6 +/- 1.92e-47],[1.020521150976150981293583412494824107982 +/- 2.48e-40],[0.5205211509761509812935834124948241079822 +/- 4.74e-41],[4.705494365305345971904365367150900498040e-6 +/- 5.95e-47]
1599,[0.05329199607942182425468249066357791379709 +/- 1.39e-42],[0.3931421809017176548034401324422935530571 +/- 4.92e-41],[8.474055627124652824843040526234334294111e-5 +/- 7.20e-46],[9.434893255103291732377033859536302978465e-6 +/- 6.52e-47],[1.044608841834790749513313148681408435598 +/- 5.47e-41],[0.5446088418347907495133131486814084355979 +/- 4.55e-41],[4.918899862527997266528819737481111910182e-6 +/- 6.03e-47]
1600,[0.05328256118616672096295011362971837749411 +/- 2.92e-42],[0.3931058904444382080136787240070491180049 +/- 2.38e-41],[8.468043858189604919698570196401265098549e-5 +/- 1.91e-45],[9.425820430701755669902829426100136894325e-6 +/- 6.99e-47],[1.044530137787201512040297081924393777793 +/- 2.88e-40],[0.5445301377872015120402970819243937777933 +/- 1.28e-41],[4.913829780690446352409360930462162274109e-6 +/- 1.05e-46]
1601,[0.05327313536573601920728021080029227735722 +/- 1.41e-42],[0.3930696343228159234058905440377541720497 +/- 4.63e-41],[8.462040165695524442077391238641190868408e-5 +/- 1.69e-45],[9.634268419561049417891145971735156438997e-6 +/- 6.07e-47],[1.068575976346498845797239975237956898813 +/- 2.27e-40],[0.5685759763464988457972399752379568988132 +/- 2.63e-41],[5.126274307387120147169311083610766069735e-6 +/- 3.30e-46]
1602,[0.05326350109731645815786231965432054220078 +/- 4.06e-43],[0.3930318075030372616888174082625271053810 +/- 1.17e-41],[8.456044533706982416022538584612154984246e-5 +/- 2.24e-45],[9.624900764932203281043870490184166245624e-6 +/- 8.33e-47],[1.068487125050322512417943613611031493160 +/- 4.43e-40],[0.5684871250503225124179436136110314931604 +/- 4.29e-41],[5.120915391931616324360722053075710648694e-6 +/- 1.79e-46]
1603,[0.05325387619655152595458127578383035803453 +/- 3.98e-42],[0.3929940170311601699825028137154325881942 +/- 4.36e-41],[8.450056946329988667404716155877904488984e-5 +/- 7.64e-46],[9.398867946741174684587170749775523762187e-6 +/- 1.85e-46],[1.044322637358661149312966963950053801152 +/- 3.32e-40],[0.5443226373586611493129669639500538011517 +/- 3.12e-41],[4.898885082004500096790725129124207122718e-6 +/- 4.65e-47]
1604,[0.05324447732860478477989668861308058251077 +/- 1.79e-42],[0.3929578620061768702384461808045955833294 +/- 1.77e-41],[8.444077387711858137191121565628397411400e-5 +/- 4.62e-45],[9.389852577198449965222636761406136119764e-6 +/- 1.35e-46],[1.044244039770228758463533379785202157259 +/- 1.82e-40],[0.5442440397702287584635333797852021572588 +/- 1.84e-41],[4.893847706888366506554807688559076035215e-6 +/- 2.65e-46]
1605,[0.05323508747602758632993146597631917637465 +/- 2.02e-42],[0.3929217411082338543700484354663146564257 +/- 1.22e-42],[8.438105842041077709473416579318532284671e-5 +/- 4.46e-45],[9.596883924379647939704423576998618463292e-6 +/- 1.97e-46],[1.068211639153903135002307225214105166394 +/- 1.33e-40],[0.5682116391539031350023072252141051663939 +/- 3.29e-41],[5.104850898049286073495561365056016492880e-6 +/- 4.53e-46]
1606,[0.05322549059210320668199176155274217775619 +/- 1.28e-42],[0.3928840596416587293003965532909812087530 +/- 1.59e-41],[8.432142293547173551951979105738611211834e-5 +/- 2.72e-45],[9.803221986129887517497222035280075837306e-6 +/- 2.95e-46],[1.092147363006482703485267875431726942684 +/- 2.94e-40],[0.5921473630064827034852678754317269426843 +/- 6.32e-42],[5.315172882965181101239115103665172817547e-6 +/- 2.13e-47]
1607,[0.05321568737011707679447426433070689768035 +/- 1.43e-42],[0.3928448223744112847366423608214398921649 +/- 1.81e-41],[8.426186726500578966585307381074602156184e-5 +/- 4.85e-46],[1.000881455043704151746575250781417657097e-5 +/- 3.29e-45],[1.116045476733659403446080082653707926983 +/- 7.02e-41],[0.6160454767336594034460800826537079269831 +/- 2.99e-41],[5.524761364840191364051935743219913910110e-6 +/- 1.26e-47]
1608,[0.05320567855556663975295679857819908350378 +/- 4.55e-43],[0.3928040344620593561096990061047360809935 +/- 1.24e-41],[8.420239125212502748125114812634016215622e-5 +/- 3.08e-45],[9.998831859392354778264800217168900612124e-6 +/- 4.34e-46],[1.115929756306651630638831669522348622097 +/- 2.71e-40],[0.6159297563066516306388316695223486220973 +/- 2.97e-41],[5.518786496821734183249334517458189907780e-6 +/- 1.50e-46]
1609,[0.05319567972370724739817853377798191460317 +/- 1.67e-42],[0.3927632872296286708362345509914879491387 +/- 2.19e-41],[8.414299474034798048269255091234599947985e-5 +/- 3.45e-46],[1.020315522868452623463468367399454033429e-5 +/- 1.87e-45],[1.139751495562391752773948074024078628903 +/- 3.01e-40],[0.6397514955623917527739480740240786289027 +/- 2.15e-43],[5.727111429483391605202454629430865314191e-6 +/- 1.97e-46]
1610,[0.05318547656847856287194389909430792006283 +/- 4.05e-42],[0.3927209982992086972454204573956509794566 +/- 4.69e-41],[8.408367757359831743176152083951202855891e-5 +/- 2.80e-45],[9.979040461438025202630625975931540775235e-6 +/- 3.87e-46],[1.115716959348600737432137106161064339444 +/- 3.05e-41],[0.6157169593486007374321371061610643394440 +/- 3.05e-41],[5.507009998055905469196221638658918330336e-6 +/- 3.47e-46]
1611,[0.05317549752801712484674126846833198852206 +/- 1.20e-42],[0.3926803311759967941964037863558774725928 +/- 4.13e-41],[8.402443959620354302095878101229360529612e-5 +/- 1.56e-45],[9.969106076554989103783891540218792247164e-6 +/- 4.10e-46],[1.115601359589873682991678514115366893045 +/- 4.25e-40],[0.6156013595898736829916785141153668930454 +/- 2.41e-41],[5.501064696514043378037450272808860518763e-6 +/- 3.94e-46]
1612,[0.05316552842194056985763748457679176972981 +/- 1.65e-42],[0.3926397045428903088472593659437222191599 +/- 1.64e-41],[8.396528065289370154884427810627898983810e-5 +/- 4.31e-45],[9.959187795230511906651516486722867529002e-6 +/- 3.79e-47],[1.115485803081310478943698268205159544240 +/- 4.55e-40],[0.6154858030813104789436982682051595442395 +/- 4.57e-41],[5.495129280222875168994360632456054582955e-6 +/- 1.37e-46]
1613,[0.05315556923414533934573083306030504686228 +/- 2.65e-42],[0.3925991183363715373217311970706361041748 +/- 4.52e-41],[8.390620058880008556179073757082134082023e-5 +/- 4.20e-45],[1.016167998311079218174136856737611325057e-5 +/- 2.93e-45],[1.139180884392739301088745918311692834846 +/- 7.70e-41],[0.6391808843927393010887459183116928348459 +/- 2.32e-41],[5.701598128538742796380140987284017976052e-6 +/- 2.64e-46]
1614,[0.05314540755416222855354909169173767074903 +/- 2.08e-42],[0.3925570036480033428185396237222397336985 +/- 4.13e-41],[8.384719924945394944023963557150139079327e-5 +/- 4.75e-45],[1.036328423553201736067353959996432053404e-5 +/- 8.02e-46],[1.162821657342071126761877906899508353826 +/- 2.31e-40],[0.6628216573420711267618779068995083538258 +/- 3.03e-41],[5.907190659144741895863712599351269950401e-6 +/- 4.21e-46]
1615,[0.05313504426992669653618841815213770642850 +/- 1.97e-42],[0.3925133666975650118939163078021925803652 +/- 1.15e-41],[8.378827648078522790746328769936095182805e-5 +/- 3.61e-45],[1.056398170868502537121643691704073871006e-5 +/- 4.64e-45],[1.186406018207261419784873909433972962205 +/- 2.56e-40],[0.6864060182072614197848739094339729622053 +/- 4.50e-41],[6.111887928577644452884179716155781813958e-6 +/- 1.50e-46]
1616,[0.05312448028821801151081720171522066568979 +/- 2.03e-42],[0.3924682138466468309462567867716156390135 +/- 3.84e-41],[8.372943212912125943894821615170319670513e-5 +/- 2.09e-45],[1.055292683323864398965496207832930729923e-5 +/- 3.16e-46],[1.186233244889850845589194960668015535622 +/- 1.73e-40],[0.6862332448898508455891949606680155356218 +/- 2.79e-41],[6.104844266551453791830487553631630547273e-6 +/- 4.74e-46]
1617,[0.05311392736138477286682754675314233638249 +/- 1.26e-42],[0.3924231092556738892709316911545907756227 +/- 4.68e-41],[8.367066604118551455062578511354284664799e-5 +/- 2.42e-45],[1.054189024425917010831642852863643538267e-5 +/- 9.30e-46],[1.186060528995724525769761356499422684033 +/- 2.11e-40],[0.6860605289957245257697613564994226840332 +/- 1.02e-41],[6.097812565868959052107044808535156686253e-6 +/- 7.08e-47]
1618,[0.05310338547114051369671923032461369994711 +/- 3.93e-42],[0.3923780528473113031576273710187195681559 +/- 4.39e-41],[8.361197806409632894428629243256753362957e-5 +/- 3.70e-45],[1.032112547506794147429165290718571398682e-5 +/- 3.10e-45],[1.162268198376548557488857474966800005178 +/- 5.74e-41],[0.6622681983765485574888574749668000051781 +/- 4.27e-41],[5.881046373925689144959410066953022967271e-6 +/- 4.67e-46]
1619,[0.05309306434566544575524493867170651423312 +/- 7.51e-43],[0.3923345944790166353223956587299151470761 +/- 9.16e-42],[8.355336804536564148862227834917857212410e-5 +/- 1.24e-45],[1.051984108427241291512104373924832725893e-5 +/- 4.61e-45],[1.185707127687929960609356253509795389821 +/- 1.89e-40],[0.6857071276879299606093562535097953898212 +/- 1.18e-41],[6.083736738342747798411212864917796003635e-6 +/- 1.15e-46]
1620,[0.05308254450458117334232981762796726590586 +/- 3.24e-43],[0.3922896345607587159130737713181935168713 +/- 4.33e-41],[8.349483583289773701445576295483942096133e-5 +/- 4.37e-45],[1.050885930748172325133865137438551359663e-5 +/- 2.34e-45],[1.185534602607980157045356907268347466051 +/- 1.87e-40],[0.6855346026079801570453569072683474660508 +/- 1.35e-41],[6.076740968479230246179630645929124525034e-6 +/- 7.74e-47]
1621,[0.05307203564527369161907847897659288039226 +/- 3.70e-42],[0.3922447225925919089974390733176619323645 +/- 3.45e-41],[8.343638127498799390281245711739022093192e-5 +/- 1.69e-45],[1.070617562336512935424865795973533308797e-5 +/- 3.34e-45],[1.208879914080801606374494880935095315818 +/- 2.17e-40],[0.7088799140808016063744948809350953158182 +/- 1.69e-41],[6.278037022226320156610351819781268036618e-6 +/- 4.85e-46]
1622,[0.05306132946965032648972423031863314505918 +/- 4.28e-42],[0.3921983190141019694540626596631851346361 +/- 4.56e-41],[8.337800422032163644461371071500134947259e-5 +/- 3.91e-45],[1.048706896498292072328740022515962264971e-5 +/- 7.21e-46],[1.185207813093524629656692710191576049380 +/- 1.06e-40],[0.6852078130935246296566927101915760493801 +/- 5.22e-42],[6.062921212526538981945700519633041154875e-6 +/- 3.36e-46]
1623,[0.05305084240068534356900094291840798543653 +/- 3.99e-42],[0.3921535017091076194361019931294104896353 +/- 8.22e-43],[8.331970451797249195086407101805275762847e-5 +/- 1.76e-45],[1.026892779675315457461612451013417988380e-5 +/- 2.22e-45],[1.161595976223154975369759405364089016079 +/- 1.63e-40],[0.6615959762231549753697594053640890160788 +/- 3.78e-41],[5.848747283498525312933114878772488625298e-6 +/- 2.36e-46]
1624,[0.05304057347288859041442632679389785125664 +/- 2.22e-42],[0.3921102639820029367339388863619337033976 +/- 4.87e-41],[8.326148201740175259231882678085555410717e-5 +/- 3.90e-45],[1.025843108147977901116206182247145060078e-5 +/- 1.99e-45],[1.161444873992101945264393452475762091651 +/- 6.31e-41],[0.6614448739921019452643934524757620916509 +/- 3.70e-41],[5.842194327074189215436015448528643694997e-6 +/- 4.86e-46]
1625,[0.05303031504180711063541516473207537980604 +/- 1.44e-42],[0.3920670711022921404766007766113690620388 +/- 1.25e-42],[8.320333656845674194772181385679600193751e-5 +/- 3.46e-45],[1.024795150586523261301302710044091859727e-5 +/- 3.80e-45],[1.161293823891361760717426381079969897311 +/- 3.20e-40],[0.6612938238913617607174263810799698973107 +/- 1.98e-41],[5.835652355110461426498470426489389471376e-6 +/- 4.80e-47]
1626,[0.05302006709030124540280215170497493888744 +/- 4.17e-42],[0.3920239229990350730393305884573132556913 +/- 1.56e-41],[8.314526802136968623980905970899754381001e-5 +/- 2.35e-46],[1.044333722119772503708670704979262358797e-5 +/- 1.41e-45],[1.184490264717077036427007924832249208415 +/- 2.45e-41],[0.6844902647170770364270079248322492084150 +/- 2.45e-41],[6.034969532463625589203590501005892832589e-6 +/- 1.50e-46]
1627,[0.05300962375308004767776506499792514626386 +/- 3.81e-42],[0.3919792974584249938607423504317194413013 +/- 1.80e-41],[8.308727622675649023837855080577754266787e-5 +/- 2.83e-45],[1.063782859542507999266508771649454477034e-5 +/- 1.33e-45],[1.207629598427893628728605188605707019448 +/- 3.46e-40],[0.7076295984278936287286051886057070194477 +/- 4.57e-41],[6.233403343976485990064047108392597366963e-6 +/- 2.97e-47]
1628,[0.05299898592448462259777239991020865171909 +/- 4.15e-42],[0.3919332007703151855158854033154580360403 +/- 3.06e-41],[8.302936103561551780983052229202700985403e-5 +/- 3.35e-45],[1.062656053750704518331171005993539810402e-5 +/- 1.11e-45],[1.207434190016066072401326028490992974992 +/- 3.69e-40],[0.7074341900160660724013260284909929749924 +/- 3.11e-41],[6.226088600661506387596068427411599419829e-6 +/- 4.51e-46]
1629,[0.05298835936394711555258908820014871632098 +/- 1.84e-42],[0.3918871543523142023436821585575414544172 +/- 4.33e-41],[8.297152229932637709268619721455293873450e-5 +/- 4.96e-45],[1.061531113184447608075619964672728053106e-5 +/- 2.96e-45],[1.207238843948749143453985762708832624831 +/- 4.23e-40],[0.7072388439487491434539857627088326248306 +/- 2.29e-41],[6.218786291274018339352407914129450900937e-6 +/- 2.84e-47]
1630,[0.05297774405281527107650833200050198904045 +/- 7.70e-43],[0.3918411581237834476899800806892803708862 +/- 4.81e-42],[8.291375986964871027869584662635931904795e-5 +/- 2.80e-45],[1.080774770548716589021882953892105277798e-5 +/- 4.33e-45],[1.230226653763081828267097050224467291521 +/- 1.96e-40],[0.7302266537630818282670970502244672915208 +/- 4.77e-42],[6.415163756656330443655897546799736407171e-6 +/- 4.49e-46]
1631,[0.05296693630510978391061811317096306798767 +/- 2.79e-42],[0.3917937054871980636726366105949599649322 +/- 3.06e-41],[8.285607359872098797924940575153614069648e-5 +/- 1.56e-45],[1.059304561854158643235993865224141991189e-5 +/- 1.29e-45],[1.206873203165488990162452097969182459988 +/- 1.87e-40],[0.7068732031654889901624520979691824599878 +/- 1.36e-41],[6.204413245746643468818234924645624723192e-6 +/- 4.96e-46]
1632,[0.05295634325949124232418575323231082656776 +/- 8.97e-43],[0.3917478079584208323634085233595394372080 +/- 2.70e-41],[8.279846333905930815690466868356234866608e-5 +/- 3.81e-45],[1.058185161005358405153318101036527533071e-5 +/- 3.28e-45],[1.206678031384934381013975000184340720776 +/- 3.25e-40],[0.7066780313849343810139750001843407207763 +/- 2.47e-41],[6.197147764111957917047390367910450197221e-6 +/- 4.04e-46]
1633,[0.05294576140788118874013422005130046129243 +/- 1.90e-43],[0.3917019603803820694332594055129995737958 +/- 4.88e-42],[8.274092894355619960194929841523754633848e-5 +/- 1.91e-45],[1.036868116440393502370629584118562315501e-5 +/- 3.99e-45],[1.183428254273304309415142983742676148407 +/- 4.49e-41],[0.6834282542733043094151429837426761484070 +/- 4.49e-41],[5.987899681891957534552512604807530673847e-6 +/- 2.46e-46]
1634,[0.05293539272671678480511051375545927566928 +/- 4.82e-42],[0.3916576571903970957441692039087872505409 +/- 2.13e-41],[8.268347026547942993401353393329477384905e-5 +/- 3.63e-45],[1.055949693073218409115738836094378879136e-5 +/- 2.74e-45],[1.206280749843872710443953341715328871758 +/- 3.31e-41],[0.7062807498438727104439533417153288717580 +/- 3.31e-41],[6.182614960221220731805679044555495911931e-6 +/- 6.84e-47]
1635,[0.05292483322978605262101935636709833188048 +/- 3.83e-42],[0.3916119095611104590894772557683160571191 +/- 2.19e-41],[8.262608715847081810885055520568129991807e-5 +/- 4.54e-45],[1.074940541496854066902097760709294577410e-5 +/- 4.06e-46],[1.229073236903221074749273409027113202249 +/- 3.81e-40],[0.7290732369032210747492734090271132022494 +/- 1.99e-41],[6.376433531676705673571379034146790813553e-6 +/- 4.21e-46]
1636,[0.05291408382437108408035033538949123893471 +/- 2.80e-43],[0.3915647238922904961494769681167670684349 +/- 3.28e-41],[8.256877947654505141050098367088896865619e-5 +/- 3.66e-45],[1.073784279039469148602210730881507751944e-5 +/- 3.33e-45],[1.228852902795196842522814860439168814249 +/- 2.32e-40],[0.7288529027951968425228148604391688142488 +/- 3.11e-41],[6.368791471896775834176765457520253317276e-6 +/- 2.88e-46]
1637,[0.05290334598158068938886431328218242385719 +/- 2.78e-43],[0.3915175908830705910722115409627932780915 +/- 4.50e-41],[8.251154707408850690915695380880883623979e-5 +/- 7.5e-47],[1.092629546405816950879404497560000625592e-5 +/- 3.08e-45],[1.251540977804082815647439806439560441282 +/- 2.98e-40],[0.7515409778040828156474398064395604412817 +/- 2.20e-42],[6.561158541722183407718504239416089534491e-6 +/- 1.87e-46]
1638,[0.05289241968611663121935551923720682385093 +/- 4.36e-42],[0.3914690302313408263448263075768477595851 +/- 1.90e-41],[8.245438980585807736513959400967061441421e-5 +/- 4.92e-45],[1.091430996282706792620625799644760479281e-5 +/- 8.71e-46],[1.251293159550478957682567051036466710187 +/- 4.74e-40],[0.7512931595504789576825670510364667101875 +/- 2.70e-41],[6.553097772252965680831965001440229797417e-6 +/- 1.06e-47]
1639,[0.05288150537615380415142931297921037624614 +/- 1.55e-42],[0.3914205252397805907800640530313967480449 +/- 5.45e-43],[8.239730752698000155950160571623346756377e-5 +/- 1.11e-45],[1.070349138582126583601636903438365058140e-5 +/- 4.74e-45],[1.228226993477640196530161678778234534022 +/- 1.37e-40],[0.7282269934776401965301616787782345340221 +/- 3.61e-41],[6.346197724852674570538849185512858971917e-6 +/- 1.03e-46]
1640,[0.05287080188476798288559329661017599259556 +/- 1.39e-43],[0.3913735478187808418185248667629089638019 +/- 4.91e-41],[8.234030009294869903186393212545913342010e-5 +/- 2.09e-45],[1.069200483699763452687909250523175494288e-5 +/- 4.14e-45],[1.228006902900049169449786781521436456219 +/- 3.64e-40],[0.7280069029000491694497867815214364562186 +/- 3.69e-41],[6.338607143651001133723871215615874066598e-6 +/- 3.62e-46]
1641,[0.05286010987993098525106641751767076084062 +/- 2.75e-42],[0.3913266227228639733935451192167737777416 +/- 3.02e-41],[8.228336735962560920619226500694519017387e-5 +/- 2.61e-45],[1.048265994115016325986537214268816643035e-5 +/- 3.35e-45],[1.205039780011257184927721646543093170778 +/- 9.54e-41],[0.7050397800112571849277216465430931707779 +/- 4.69e-42],[6.133152101229626847503843735162684523368e-6 +/- 3.66e-46]
1642,[0.05284962721998983508780655214552807267419 +/- 3.10e-42],[0.3912812148868679726440386190013358416034 +/- 4.88e-41],[8.222650918323803488531535381070949322318e-5 +/- 1.74e-45],[1.027420058853254793822033831466185925204e-5 +/- 4.26e-45],[1.182127343991054367308940352369578933801 +/- 1.53e-40],[0.6821273439910543673089403523695789338008 +/- 4.73e-41],[5.928560230597346947251887761905331879357e-6 +/- 4.35e-46]
1643,[0.05283935301940130253986833180721341081493 +/- 4.86e-42],[0.3912373181721525344973134855404966976301 +/- 4.62e-41],[8.216972542037799009508275855771274831604e-5 +/- 2.07e-45],[1.006657019079657835719710405064319690350e-5 +/- 3.40e-45],[1.159263610064388966735947947284999968932 +/- 4.27e-40],[0.6592636100643889667359479472849999689316 +/- 2.68e-41],[5.724775061801952642633859679254489584777e-6 +/- 2.11e-48]
1644,[0.05282928644921050596151113470316276761803 +/- 1.37e-42],[0.3911949268564242001827531611130200840323 +/- 4.84e-42],[8.211301592800105225915483037110495454239e-5 +/- 4.14e-45],[1.005639966559307686253370644088031981571e-5 +/- 1.47e-45],[1.159113011060407843921318130964967035412 +/- 3.16e-40],[0.6591130110604078439213181309649670354123 +/- 1.60e-41],[5.718427625924124433390894344226228163688e-6 +/- 7.09e-47]
1645,[0.05281923004954491288464860099672188729822 +/- 4.35e-42],[0.3911525790654400990251750984569555842723 +/- 2.11e-41],[8.205638056342521868551231423017663912557e-5 +/- 3.94e-45],[1.024253996973237147040457997739992900286e-5 +/- 4.61e-46],[1.181607527083210254468690075676115288604 +/- 7.48e-42],[0.6816075270832102544686900756761152886040 +/- 7.48e-42],[5.908385127719809030209732237600771461939e-6 +/- 2.96e-46]
1646,[0.05280898750957518051317819641674448736921 +/- 2.80e-42],[0.3911088209543680428540778940540695299927 +/- 4.44e-41],[8.199981918432976734586705090542300458932e-5 +/- 3.08e-45],[1.003618710359966300627271774125547024371e-5 +/- 5.43e-46],[1.158825432091838767098992396871902857964 +/- 3.31e-40],[0.6588254320918387670989923968719028579643 +/- 3.03e-41],[5.705859676506969055888986456120809757659e-6 +/- 4.62e-46]
1647,[0.05279895132247158085017192369900323189897 +/- 9.19e-43],[0.3910665593022771707666962945118886641422 +/- 5.77e-42],[8.194333164875412192924881233263301620134e-5 +/- 3.10e-45],[1.002606551005859705002897860037097026909e-5 +/- 1.71e-45],[1.158674977140960791517915548351115821656 +/- 4.45e-40],[0.6586749771409607915179155483511158216556 +/- 4.43e-41],[5.699543531134883258334878459047865169850e-6 +/- 4.20e-46]
1648,[0.05278892525696152225312189472040286092870 +/- 6.6e-45],[0.3910243409725374039468642032439788416268 +/- 3.55e-41],[8.188691781509672115113634015491566387694e-5 +/- 4.42e-45],[1.001596021507653241189756627293746891980e-5 +/- 3.40e-45],[1.158524573773325702426696673417303421166 +/- 2.00e-40],[0.6585245737733257024266966734173034211658 +/- 6.10e-43],[5.693237831012440676920776513348357844760e-6 +/- 3.14e-47]
1649,[0.05277890929674644572070999715412992345978 +/- 1.98e-43],[0.3909821658975349304320479150723483323310 +/- 1.20e-41],[8.183057754211389229959317403043107386806e-5 +/- 6.19e-46],[9.811216198227004521046296703041109785674e-6 +/- 1.50e-46],[1.135839121135387032141006276043496820530 +/- 8.93e-41],[0.6358391211353870321410062760434968205299 +/- 1.08e-41],[5.492287568431398694835017201352964221289e-6 +/- 2.84e-46]
1650,[0.05276909808054821871618895085742688234999 +/- 4.53e-42],[0.3909414761172020310532697522053409762209 +/- 5.74e-42],[8.177431068891872899996085777476624096395e-5 +/- 1.52e-45],[9.801510077507704447462732731635928655340e-6 +/- 9.28e-47],[1.135707337866335607395260718429263565943 +/- 1.19e-41],[0.6357073378663356073952607184292635659430 +/- 1.19e-41],[5.486353456294929460091742484397484367177e-6 +/- 8.08e-47]
1651,[0.05275929657047071101174148812469524642134 +/- 8.18e-43],[0.3909008269758647691361679075119662618379 +/- 3.71e-41],[8.171811711497997317975360066310963759742e-5 +/- 2.13e-45],[9.597859682704347593775178637181022238168e-6 +/- 4.29e-46],[1.113081726027601151331862543285790619050 +/- 2.60e-41],[0.6130817260276011513318625432857906190500 +/- 2.60e-41],[5.286469306654660781589110860437264486548e-6 +/- 3.98e-46]
1652,[0.05274969871078800666414771294605806539910 +/- 1.02e-42],[0.3908616556024542890058491477348932211262 +/- 6.42e-42],[8.166199668012090121548945141978642435460e-5 +/- 1.15e-45],[9.588529215128042859033457717537713622327e-6 +/- 4.02e-46],[1.112966320371760175330132039885655633734 +/- 1.23e-40],[0.6129663203717601753301320398856556337341 +/- 2.24e-41],[5.280883494130294875951172689366702002950e-6 +/- 1.58e-46]
1653,[0.05274011018157287862128867948834052768548 +/- 1.32e-42],[0.3908225224227796296256424041389509170125 +/- 2.51e-41],[8.160594924451821424328351671105114240522e-5 +/- 4.21e-45],[9.772566243700330663669785157887951093665e-6 +/- 2.57e-46],[1.135313425783733830167630435438197512878 +/- 2.44e-40],[0.6353134257837338301676304354381975128782 +/- 4.40e-41],[5.468659489072596030525495397267433693410e-6 +/- 4.01e-46]
1654,[0.05273033761532917829062500970318263973439 +/- 4.98e-42],[0.3907819944504821588181173940470897012329 +/- 4.87e-41],[8.154997466870093261511872744977441682254e-5 +/- 4.18e-45],[9.569929974354926064630077801058695391331e-6 +/- 1.85e-46],[1.112741746828459953729433937957830266953 +/- 2.55e-40],[0.6127417468284599537294339379578302669527 +/- 4.53e-41],[5.269772277552783633107546634341035866838e-6 +/- 3.94e-46]
1655,[0.05272076768535482336456037962538158103899 +/- 3.70e-42],[0.3907429372366231295298658903388557416071 +/- 2.04e-41],[8.149407281354929448279912801517996944994e-5 +/- 1.35e-45],[9.367952531217028604477479905861461367418e-6 +/- 3.94e-46],[1.090201906654465154960630652152129696909 +/- 2.50e-40],[0.5902019066544651549606306521521296969088 +/- 4.95e-41],[5.071522450680505928646742725810293576307e-6 +/- 2.82e-46]
1656,[0.05271139973282360633595590214547571957763 +/- 3.73e-42],[0.3907053462990764113841271507114723911448 +/- 5.87e-43],[8.143824354029365849167963866351805954625e-5 +/- 2.30e-45],[9.359002349166613289753312119393711451416e-6 +/- 1.78e-46],[1.090100687353733593859814572535871726704 +/- 9.65e-41],[0.5901006873537335938598145725358717267039 +/- 3.60e-42],[5.066278540375154354964784813097674005177e-6 +/- 4.44e-46]
1657,[0.05270204073047443972266614883335632586617 +/- 4.86e-42],[0.3906677911718100580717171450767516998385 +/- 4.66e-41],[8.138248671051341056635472301213980500542e-5 +/- 2.59e-45],[9.542195879455148606848878774526467701037e-6 +/- 2.87e-46],[1.112397344528706146830034544149536276703 +/- 2.43e-40],[0.6123973445287061468300345441495362767028 +/- 4.23e-41],[5.253172750090376039544822269148589013499e-6 +/- 4.67e-46]
1658,[0.05269249853459498457405929995458179939847 +/- 3.82e-42],[0.3906288474725357737423730078858230083957 +/- 3.37e-41],[8.132680218613587477057638355486369630565e-5 +/- 5.01e-45],[9.341188237314211453267678458772812194438e-6 +/- 3.96e-46],[1.089907497336680869672958815828393767393 +/- 1.03e-40],[0.5899074973366808696729588158283937673931 +/- 2.33e-42],[5.055875832297950684035951784140725589576e-6 +/- 1.86e-46]
1659,[0.05268315734635767036260603227612302658628 +/- 6.20e-43],[0.3905913633593242248498758895008433425026 +/- 4.85e-41],[8.127118982943522822375941172531434443841e-5 +/- 2.16e-46],[9.523747469630637196059000935414526265063e-6 +/- 3.56e-46],[1.112165612571681515840275816950572808346 +/- 3.72e-40],[0.6121656125716815158402758169505728083456 +/- 2.91e-41],[5.242124588120797869295545971351489479708e-6 +/- 2.42e-46]
1660,[0.05267363359888803972540997327518761206001 +/- 4.32e-42],[0.3905524952445124832564604679652655086780 +/- 4.24e-41],[8.121564950303142005651883806124136599462e-5 +/- 1.29e-45],[9.514534324723988780436528941931404590072e-6 +/- 2.12e-46],[1.112050580880093333642801982501018833347 +/- 1.66e-40],[0.6120505808800933336428019825010188333468 +/- 3.42e-41],[5.236610960305598247014162559752282770204e-6 +/- 1.53e-46]
1661,[0.05266411906456331573662953674624568065542 +/- 4.25e-42],[0.3905136648572608970106527461403720015307 +/- 1.74e-41],[8.116018106988909438777106551068387053868e-5 +/- 4.30e-45],[9.314566439128836235625049486531708685517e-6 +/- 4.04e-46],[1.089619377211764661544050432638281970410 +/- 2.47e-40],[0.5896193772117646615440504326382819704102 +/- 4.66e-41],[5.040336999962679256327968747944040370695e-6 +/- 2.04e-46]
1662,[0.05265480449812418690039391169675914894674 +/- 1.28e-42],[0.3904762868421882394747333281901491537713 +/- 3.14e-41],[8.110478439331651730601622781418534777761e-5 +/- 2.31e-45],[9.496174662710220091570500357626404748325e-6 +/- 4.22e-46],[1.111819327966293290164912229425317281944 +/- 4.71e-40],[0.6118193279662932901649122294253172819445 +/- 2.99e-41],[5.225618096617625183207059760616358631232e-6 +/- 1.58e-46]
1663,[0.05264530832346147668030234119640152254199 +/- 4.05e-43],[0.3904375316805960034102788708893653168686 +/- 1.12e-41],[8.104945933696450783750489813014545082198e-5 +/- 4.37e-45],[9.677145387393247262968704320215878219398e-6 +/- 4.06e-46],[1.133985429949951764552723182750951342637 +/- 3.43e-40],[0.6339854299499517645527231827509513426367 +/- 4.28e-41],[5.410271611148897161520187002273344638917e-6 +/- 5.26e-47]
1664,[0.05263563117807408343303937249208130666377 +/- 1.01e-42],[0.3903974038063099750574999217476661369009 +/- 1.13e-41],[8.099420576482537288407738355713421435736e-5 +/- 9.80e-46],[9.667654649088371730100768013744842628124e-6 +/- 1.25e-46],[1.133854547417033116448174556995431474796 +/- 4.25e-41],[0.6338545474170331164481745569954314747960 +/- 4.24e-41],[5.404473506889981668578793106026419557423e-6 +/- 1.68e-47]
1665,[0.05262596352342499506130927172406756182114 +/- 2.89e-42],[0.3903573156895398993243490891947653743062 +/- 4.81e-41],[8.093902354123184611354848184230469048114e-5 +/- 4.82e-45],[9.658178918884212025100529382901239946266e-6 +/- 8.47e-47],[1.133723711196690046680479087091725513170 +/- 5.25e-42],[0.6337237111966900466804790870917255131700 +/- 5.24e-42],[5.398684818381707919770759245566973570823e-6 +/- 1.44e-46]
1666,[0.05261630534450611084928417119468466058120 +/- 3.39e-42],[0.3903172672693522338862419197179900846571 +/- 1.44e-42],[8.088391253085603078559475022417852053830e-5 +/- 1.70e-46],[9.648718163969381416643001305236724223534e-6 +/- 6.29e-47],[1.133592921259838512663043489279499365018 +/- 3.24e-40],[0.6335929212598385126630434892794993650177 +/- 2.34e-41],[5.392905524787536453459865568305604292646e-6 +/- 4.92e-46]
1667,[0.05260665662634214146786752819337942385697 +/- 3.09e-42],[0.3902772584849424589725678035898483671890 +/- 2.07e-41],[8.082887259870834649618504589698732641765e-5 +/- 2.21e-45],[9.827874094000081831346180328589148706588e-6 +/- 7.86e-47],[1.155639467917427963444718109894315140783 +/- 1.76e-40],[0.6556394679174279634447181098943151407828 +/- 2.48e-41],[5.575737347705476646984143898336484127788e-6 +/- 1.49e-47]
1668,[0.05259682875224814138603618201305083470827 +/- 3.51e-42],[0.3902358899675294383912067689068504000511 +/- 2.66e-41],[8.077390361013647982367834583919907276545e-5 +/- 1.55e-45],[9.818091287133010636396741381351418761789e-6 +/- 3.95e-46],[1.155490657746359434974217636278745790978 +/- 3.61e-40],[0.6554906577463594349742176362787457909776 +/- 3.94e-41],[5.569640111300064287365256038329235999483e-6 +/- 1.33e-46]
1669,[0.05258701066096100837539978527166948328950 +/- 4.71e-42],[0.3901945633497215702455777680909563797545 +/- 4.87e-41],[8.071900543082433885979564353857730112686e-5 +/- 3.82e-45],[9.996019555054270306989557828003864382685e-6 +/- 4.63e-46],[1.177450925634830131096844001183243996348 +/- 3.15e-40],[0.6774509256348301310968440011832439963477 +/- 1.43e-41],[5.751248355921341266509069133505985557519e-6 +/- 4.78e-46]
1670,[0.05257701464140595410509279571384147942512 +/- 2.02e-42],[0.3901518857574918417913607576084751589554 +/- 3.43e-41],[8.066417792679101160875505426895251387952e-5 +/- 2.57e-46],[1.017307576288521850525794628833719549777e-5 +/- 3.40e-45],[1.199349195453242982623418082105014344023 +/- 2.00e-40],[0.6993491954532429826234180821050143440228 +/- 1.66e-43],[5.931994098991352507593914345643900175782e-6 +/- 1.48e-46]
1671,[0.05256684156564306888658753776755314222962 +/- 4.25e-42],[0.3901078633761846466866711634735342088988 +/- 2.69e-41],[8.060942096438972823794114180991266559359e-5 +/- 7.12e-46],[9.975945336534921309314256727340112338363e-6 +/- 3.20e-46],[1.177135290311423592429200538919227075014 +/- 2.07e-40],[0.6771352903114235924292005389192270750138 +/- 6.68e-42],[5.738562676001619547528961876578251344333e-6 +/- 3.17e-46]
1672,[0.05255686562030653396527822351082580211729 +/- 4.12e-42],[0.3900652730506255852178594916102933493554 +/- 4.38e-41],[8.055473441030682716356091061130778094152e-5 +/- 4.17e-46],[9.965855947661814462973242363861236377512e-6 +/- 6.06e-47],[1.176966448327141246454629215807973719761 +/- 4.60e-40],[0.6769664483271412464546292158079737197615 +/- 4.03e-41],[5.732151596179835842608680314559609636796e-6 +/- 4.84e-46]
1673,[0.05254689976435887215081525026846194088091 +/- 1.63e-42],[0.3900227268793680303592243545304678026955 +/- 4.14e-41],[8.050011813156072495481989113279243651798e-5 +/- 1.90e-45],[9.770102185206615234124336551905564095445e-6 +/- 3.12e-46],[1.154849776575381143079839762721825386447 +/- 4.75e-40],[0.6548497765753811430798397627218253864475 +/- 2.59e-41],[5.540070546728445604509487380739259817363e-6 +/- 3.81e-46]
1674,[0.05253712966217366553558112593191003531681 +/- 2.93e-42],[0.3899816030949708794616240915463211826396 +/- 3.36e-41],[8.044557199550089004023228515923041211915e-5 +/- 1.97e-45],[9.760410730869502824068012480465912295663e-6 +/- 1.32e-46],[1.154701187389532824204825491354449819927 +/- 6.49e-41],[0.6547011873895328242048254913544498199271 +/- 3.53e-41],[5.534031284194145860042195830801131412566e-6 +/- 4.00e-47]
1675,[0.05252736925144279603275705791942956940452 +/- 2.74e-42],[0.3899405208349599927672198289132133096488 +/- 1.97e-41],[8.039109586980682019975923501207400648218e-5 +/- 3.53e-45],[9.750734626569300790583804883094791365066e-6 +/- 1.82e-46],[1.154552648823618913705341376374799005927 +/- 1.72e-40],[0.6545526488236189137053413763747990059272 +/- 2.90e-41],[5.528001849287820065592743199947442745205e-6 +/- 1.46e-46]
1676,[0.05251761851681622673196647411454647461315 +/- 2.20e-42],[0.3898994800355569740061168906339015572167 +/- 3.41e-41],[8.033668962248702382654893843313927954154e-5 +/- 2.34e-45],[9.741073838793413955493085072865800454531e-6 +/- 8.42e-47],[1.154404160848973148558260436628247685436 +/- 3.36e-40],[0.6544041608489731485582604366282476854357 +/- 3.53e-41],[5.521982220295771429382617832913069746032e-6 +/- 1.59e-46]
1677,[0.05250787744297743331801098102947360881270 +/- 2.34e-42],[0.3898584806331182543396596352106954513397 +/- 2.64e-41],[8.028235312187800494213155218090953212377e-5 +/- 1.59e-45],[9.915306615027229403732706153352038850456e-6 +/- 3.16e-46],[1.176065734348271752609151834304524180379 +/- 8.81e-41],[0.6760657343482717526091518343045241803789 +/- 1.20e-41],[5.699850656469822384566145849547963271722e-6 +/- 1.14e-46]
1678,[0.05249796213636240608860724832332025677385 +/- 2.79e-42],[0.3898161572020913592570200552470963503325 +/- 4.24e-41],[8.022808623664325194900061470317364432757e-5 +/- 3.93e-45],[9.721907701087624584796657177633524811647e-6 +/- 2.30e-46],[1.154124392536325362025981975563446574466 +/- 1.21e-40],[0.6541243925363253620259819755634465744659 +/- 2.04e-41],[5.510096667563509261308647809864759680456e-6 +/- 1.84e-47]
1679,[0.05248824022866131846402245166614262324904 +/- 4.44e-42],[0.3897752394795920152447279620652457941405 +/- 1.78e-41],[8.017388883577223010459107426831322181271e-5 +/- 3.96e-45],[9.529316389526765005458537233753568583993e-6 +/- 1.02e-46],[1.132235555387817519557282621063684355101 +/- 3.98e-40],[0.6322355553878175195572826210636843551014 +/- 2.53e-42],[5.321130052248764478817887685001635593080e-6 +/- 5.15e-47]
1680,[0.05247871091227179169901699312890886968045 +/- 1.58e-42],[0.3897357218461383817618810260119958652505 +/- 4.59e-41],[8.011976078857937770074193626819986085934e-5 +/- 1.49e-45],[9.520057414738644160411527220044624052791e-6 +/- 2.63e-46],[1.132105159004703221179297277137719465997 +/- 2.58e-40],[0.6321051590047032211792972771377194659973 +/- 4.21e-41],[5.315475649954417960979868844425759960007e-6 +/- 3.28e-46]
1681,[0.05246919085485705305485658160168882505640 +/- 1.23e-42],[0.3896962430423485464584916056686020705088 +/- 2.34e-41],[8.006570196470310593280904464832298826583e-5 +/- 2.06e-46],[9.510812942508540991764003093871863029451e-6 +/- 1.11e-46],[1.131974808535181660899029392616357729014 +/- 2.64e-40],[0.6319748085351816608990293926163577290143 +/- 3.65e-41],[5.309830345194430400670780225509331842940e-6 +/- 2.47e-46]
1682,[0.05245968004191454451386481759859495319337 +/- 6.73e-43],[0.3896568030092569056070990947227856380543 +/- 3.41e-42],[8.001171223410480244267059015800261811711e-5 +/- 1.37e-45],[9.501582941432750793150942756900998730156e-6 +/- 3.12e-47],[1.131844503950510790738195895815222770427 +/- 4.56e-40],[0.6318445039505107907381958958152227704265 +/- 4.47e-41],[5.304194118025873296478297296276875410167e-6 +/- 1.61e-46]
1683,[0.05245017845897311176307166665583805219464 +/- 8.29e-43],[0.3896174016880215423866394725184547580155 +/- 2.77e-41],[7.995779146706783851994459491072963980213e-5 +/- 1.27e-45],[9.492367380194372265730584560134455429648e-6 +/- 1.75e-46],[1.131714245221969825234109320316552359212 +/- 1.16e-40],[0.6317142452219698252341093203165523592121 +/- 1.55e-41],[5.298566948561306637941328916488783550358e-6 +/- 1.48e-46]
1684,[0.05244068609159291739080593607127791773921 +/- 4.77e-43],[0.3895780390199238948044847506310847363861 +/- 3.99e-41],[7.990393953419657994581386115013974173366e-5 +/- 2.67e-45],[9.483166227563015696164879455639305913968e-6 +/- 4.57e-46],[1.131584032320859239443236392585397112361 +/- 4.01e-41],[0.6315840323208592394432363925853971123610 +/- 4.01e-41],[5.292948816968591651996937854511950516938e-6 +/- 2.33e-46]
1685,[0.05243120292536535437510977119182227843330 +/- 4.45e-42],[0.3895387149463684247059098004125484904757 +/- 5.26e-42],[7.985015630641540146392969466225132180536e-5 +/- 2.88e-45],[9.293447677539535060542152781233815312907e-6 +/- 3.57e-46],[1.109893403167594234596256996962187455571 +/- 2.16e-40],[0.6098934031675942345962569969621874555708 +/- 1.60e-41],[5.106807928615727063081764938146848362358e-6 +/- 1.48e-46]
1686,[0.05242190947768781484004922903904104461798 +/- 2.65e-42],[0.3895007707805750974888835492449188656227 +/- 2.46e-41],[7.979644165496770486294112247395553928379e-5 +/- 2.95e-45],[9.464767282921902278042886617156063324810e-6 +/- 2.55e-46],[1.131315097636492315708998766862779164563 +/- 4.50e-40],[0.6313150976364923157089987668627791645626 +/- 4.98e-41],[5.281685441843588009605925153578555840118e-6 +/- 4.23e-47]
1687,[0.05241244471040489293777118615242388855466 +/- 2.17e-42],[0.3894615241231546104074994422423162544693 +/- 2.13e-41],[7.974279545141494065527132282921968110314e-5 +/- 2.94e-45],[9.275848589049832550205973315071091222928e-6 +/- 3.92e-46],[1.109680059166533702205503334211418740706 +/- 9.87e-41],[0.6096800591665337022055033342114187407061 +/- 1.37e-42],[5.096333731399420187127223761500758554886e-6 +/- 4.23e-46]
1688,[0.05240316886181584310522098017910881746343 +/- 4.92e-42],[0.3894236517399519758281854494789911030520 +/- 5.75e-42],[7.968921756763563333683757541936440691013e-5 +/- 3.48e-45],[9.267020823302603481458167042775377811407e-6 +/- 2.13e-46],[1.109565719629358595618649700254069851325 +/- 4.00e-40],[0.6095657196293585956186497002540698513246 +/- 2.77e-43],[5.091053298639811800474176546163297183012e-6 +/- 4.45e-46]
1689,[0.05239390184099254050173952201206604208562 +/- 3.51e-42],[0.3893858155820937769238414394348569165690 +/- 3.62e-41],[7.963570787582441021248522392696156206541e-5 +/- 3.14e-45],[9.079146005492167415957823454535772026631e-6 +/- 2.63e-47],[1.087993792735510949571583921743013464652 +/- 2.34e-40],[0.5879937927355109495715839217430134646518 +/- 3.34e-41],[4.906720544008266692757526324835165791474e-6 +/- 1.35e-46]
1690,[0.05238482269498704833432356418861150631360 +/- 3.13e-42],[0.3893493464611004612033687197789668519388 +/- 3.54e-41],[7.958226624849103377197992357290043407322e-5 +/- 3.39e-45],[9.070641317603154524534695742886331369400e-6 +/- 4.39e-46],[1.087893088391611280979450444833244649826 +/- 1.44e-40],[0.5878930883916112809794504448332446498261 +/- 4.32e-41],[4.901738410510699631998493944887142761885e-6 +/- 3.84e-46]
1691,[0.05237575205366944517979902949286861998223 +/- 2.53e-42],[0.3893129114701545448122806422520916827642 +/- 2.41e-41],[7.952889255845943760147582596530070940273e-5 +/- 1.89e-45],[8.883647601941091616988769409257545115843e-6 +/- 2.19e-46],[1.066365583544065891334520958736310232503 +/- 5.16e-41],[0.5663655835440658913345209587363102325031 +/- 4.85e-41],[4.718262044196303071738030944766827653633e-6 +/- 3.83e-47]
1692,[0.05236686840606750408818204072345936243711 +/- 1.64e-42],[0.3892778374834688667260007620400752501744 +/- 3.12e-41],[7.947558667886676581545033455342682288228e-5 +/- 3.18e-45],[8.875444868188226159504923985647346105190e-6 +/- 2.15e-46],[1.066276380387788268034874286096505498701 +/- 3.27e-40],[0.5662763803877882680348742860965054987013 +/- 2.63e-41],[4.713557279080998725828927391263109169762e-6 +/- 2.05e-46]
1693,[0.05235799296119931586202253579947371509101 +/- 3.56e-42],[0.3892427956854707514361115262509480724310 +/- 3.49e-41],[7.942234848316241599416864878981647089502e-5 +/- 2.35e-45],[9.045308433680690521712315043158285059595e-6 +/- 4.24e-46],[1.087596169861454639292555917997302624350 +/- 1.44e-40],[0.5875961698614546392925559179973026243499 +/- 4.40e-41],[4.886913670837353584218103357225164728654e-6 +/- 2.19e-46]
1694,[0.05234894765276563517150082348443055680595 +/- 3.16e-42],[0.3892064622257487818641002021536593378101 +/- 3.31e-41],[7.936917784510708561181350608384520693548e-5 +/- 1.46e-45],[9.036855739326926963036596657203756681259e-6 +/- 4.77e-46],[1.087495619979667042881682659303808774997 +/- 1.44e-40],[0.5874956199796670428816826593038087749969 +/- 4.33e-41],[4.881962803070370139918171111223472864499e-6 +/- 4.26e-46]
1695,[0.05233991079702630824453778688777335304927 +/- 4.42e-42],[0.3891701626939115120181302244087275013513 +/- 3.04e-41],[7.931607463877182194048733015852671861247e-5 +/- 2.42e-45],[9.205913320852250863391473361217504866443e-6 +/- 4.21e-47],[1.108773135481524339298693160864393817047 +/- 6.53e-41],[0.6087731354815243392986931608643938170469 +/- 3.48e-41],[5.054517049488653038701824892129209575362e-6 +/- 2.86e-46]
1696,[0.05233070488370545599367439541441213554440 +/- 8.58e-43],[0.3891325771645332897219162995128652359993 +/- 2.02e-41],[7.926303873853707541536540485247342128805e-5 +/- 3.24e-46],[9.197194028531340712119926304419084340707e-6 +/- 5.49e-47],[1.108659161899493957000254743333919759250 +/- 2.29e-40],[0.6086591618994939570002547433339197592498 +/- 2.84e-41],[5.049303340119243833649577889714378225192e-6 +/- 3.84e-46]
1697,[0.05232150768967692465296227548810771646006 +/- 1.57e-42],[0.3890950274281367541063477653296107359744 +/- 2.16e-41],[7.921007001909175644634971607806701041542e-5 +/- 3.85e-45],[9.365295301560165468319746947217626184565e-6 +/- 2.33e-46],[1.129876127927985407183835162986860245441 +/- 4.14e-40],[0.6298761279279854071838351629868602454406 +/- 1.38e-41],[5.220905013956408507456753732076894219036e-6 +/- 3.21e-46]
1698,[0.05231214239437536448749395574116049883387 +/- 3.88e-42],[0.3890561984801261272501127320618470115115 +/- 1.05e-41],[7.915716835543229566164374387705156133311e-5 +/- 3.46e-45],[9.532693543269147183805054205798677875355e-6 +/- 2.73e-46],[1.151046528418098234979539963119080585751 +/- 3.02e-40],[0.6510465284180982349795399631190805857513 +/- 1.53e-42],[5.391812480724229339795628616915651796328e-6 +/- 7.34e-47]
1699,[0.05230260970083209534031015068695470015600 +/- 1.49e-42],[0.3890160952835600267391115770417056993204 +/- 1.56e-41],[7.910433362286170756873874361269666877269e-5 +/- 4.80e-45],[9.699367889386939018251717541957370975989e-6 +/- 3.57e-46],[1.172167837961788581592183835356791688560 +/- 3.59e-40],[0.6721678379617885815921838353567916885604 +/- 4.17e-41],[5.562004802265993782802516305767514562908e-6 +/- 3.65e-46]
1700,[0.05229291033294270840129189896941274278502 +/- 2.53e-42],[0.3889747229586448240260383562065149716413 +/- 2.64e-41],[7.905156569698865761837193259492487789540e-5 +/- 5.62e-46],[9.689721002848303946438756178633328784131e-6 +/- 3.83e-46],[1.172001015435754474998244644178810068236 +/- 3.21e-40],[0.6720010154357544749982446441788100682363 +/- 2.09e-41],[5.555884566176946416062354333125407474321e-6 +/- 5.88e-47]
1701,[0.05228322061193986009734546021323410945624 +/- 1.61e-42],[0.3889333928911864031153496734854108610773 +/- 5.53e-42],[7.899886445372653265708649812781103759402e-5 +/- 1.93e-46],[9.680089277024215147985967267304861333571e-6 +/- 1.99e-46],[1.171834247548341297664619646911558327333 +/- 7.23e-42],[0.6718342475483412976646196469115583273330 +/- 7.23e-42],[5.549774218697296959575757637625078518838e-6 +/- 2.51e-46]
1702,[0.05227354052266283588219747424596680459490 +/- 4.83e-42],[0.3888921050167341055450844760891680567047 +/- 4.77e-41],[7.894622976929251475409246735911896878172e-5 +/- 4.55e-45],[9.845126607842025875235754351150765907600e-6 +/- 1.01e-46],[1.192828479009931339613884754803666919296 +/- 1.25e-40],[0.6928284790099313396138847548036669192961 +/- 2.49e-41],[5.718327666885462500111125385590258131832e-6 +/- 1.27e-46]
1703,[0.05226369539605499385632223849161565382900 +/- 2.78e-42],[0.3888495598201243860565968047457240889012 +/- 4.03e-41],[7.889366152020665838819623064565104749484e-5 +/- 7.12e-46],[9.660969063348737379301614922302202895492e-6 +/- 7e-49],[1.171516660501630125621862464447284269599 +/- 3.75e-40],[0.6715166605016301256218624644472842695994 +/- 2.59e-41],[5.537694768977191619643521241414587137100e-6 +/- 2.45e-46]
1704,[0.05225403442699164511894293687669335162610 +/- 1.74e-42],[0.3888083553079956242801679436687901334902 +/- 2.03e-41],[7.884115958329097098063489065799378183515e-5 +/- 2.46e-45],[9.651382489239417136522216213242265744223e-6 +/- 3.06e-46],[1.171350052521853544886714187172963112133 +/- 3.68e-40],[0.6713500525218535448867141871729631121334 +/- 3.28e-41],[5.531613822110188473452582014943936118078e-6 +/- 4.56e-46]
1705,[0.05224438304450240570180641466048010936036 +/- 2.50e-42],[0.3887671927972731119346491682900877734033 +/- 2.68e-41],[7.878872383566849675971962135093444705295e-5 +/- 2.46e-45],[9.815165897701199329749730222050610130426e-6 +/- 1.63e-46],[1.192240794267427789641556831958541701087 +/- 1.41e-40],[0.6922407942674277896415568319585417010869 +/- 4.10e-41],[5.698897630043017571138174672249965255837e-6 +/- 4.55e-46]
1706,[0.05223456787860470450247666493025805875023 +/- 2.92e-42],[0.3887247821326576173449303185826148611240 +/- 1.42e-42],[7.873635415476240394325986642403479991092e-5 +/- 1.44e-45],[9.632358260354895419616528811621091960435e-6 +/- 5.4e-48],[1.171033513041393030933927460968747156063 +/- 3.35e-40],[0.6710335130413930309339274609687471560633 +/- 3.49e-41],[5.519598824744099086013884369134847644478e-6 +/- 4.39e-46]
1707,[0.05222493552034434960705704840144643765827 +/- 3.36e-42],[0.3886837025585717146404998059509453265735 +/- 1.04e-41],[7.868405041829507522480748817876353254486e-5 +/- 3.93e-45],[9.450348686065300994792010500972923647827e-6 +/- 2.52e-46],[1.149881843845151128711014833907810438132 +/- 1.10e-40],[0.6498818438451511287110148339078104381321 +/- 9.90e-42],[5.341079226490316840999693032364443393740e-6 +/- 1.32e-46]
1708,[0.05221548517165828430606225639094546473462 +/- 1.19e-42],[0.3886439484872853424681511754529779457454 +/- 3.00e-41],[7.863181250428720154982689691804961285429e-5 +/- 7.80e-46],[9.441161081630111733737604312485852262434e-6 +/- 5.50e-47],[1.149735146508576797445360979889854036922 +/- 1.12e-40],[0.6497351465085767974453609798898540369219 +/- 1.18e-41],[5.335362841791888899158727603487559790507e-6 +/- 5.51e-47]
1709,[0.05220604401057665419432851878663297888236 +/- 3.62e-42],[0.3886042338406636517907705877808229308405 +/- 2.69e-41],[7.857964029105687916796375039072102560372e-5 +/- 3.53e-45],[9.603630627719438687878031155365640335572e-6 +/- 4.27e-46],[1.170508658810530868637626018328234838485 +/- 1.97e-40],[0.6705086588105308686376260183282348384852 +/- 3.96e-42],[5.501298468349240765459399202235772304680e-6 +/- 2.28e-46]
1710,[0.05219644037994893475564064075547761324202 +/- 8.15e-43],[0.3885632808069701646605882391554689026710 +/- 3.10e-41],[7.852753365721870994765101440249319708991e-5 +/- 3.45e-45],[9.594133829623205248026080658547311002283e-6 +/- 3.68e-46],[1.170342381292068782142893726357695865752 +/- 2.54e-40],[0.6703423812920687821428937263576958657523 +/- 4.70e-41],[5.495276100899755525318145245195159957771e-6 +/- 4.81e-46]
1711,[0.05218684624611931155039261467481906593102 +/- 1.47e-42],[0.3885223693926049616059198557808111894866 +/- 7.77e-43],[7.847549248168290493935702172838340356319e-5 +/- 2.66e-46],[9.413921218119820619630829244043081774917e-6 +/- 2.23e-46],[1.149331902155009392098106014422285530967 +/- 4.57e-40],[0.6493319021550093920981060144222855309665 +/- 4.32e-41],[5.318532757889742855558156833044676589755e-6 +/- 2.61e-46]
1712,[0.05217743232490119172977298384557502284924 +/- 3.62e-42],[0.3884827706954334762694696970238731666657 +/- 3.64e-42],[7.842351664365439117384565898612596230886e-5 +/- 1.75e-45],[9.404790112309360942733713305829027449864e-6 +/- 3.56e-46],[1.149185389350561740013718802720325343715 +/- 3.73e-40],[0.6491853893505617400137188027203253437146 +/- 2.74e-41],[5.312852379954321698595983226120128507425e-6 +/- 1.54e-46]
1713,[0.05216802753478888236883025013226919382179 +/- 3.75e-42],[0.3884432111886519615237051038226224627920 +/- 3.58e-41],[7.837160602263192168188395226998089114982e-5 +/- 3.36e-45],[9.225716099671217404186971728388878213242e-6 +/- 4.21e-46],[1.128254118133551997078728688980675259337 +/- 2.39e-40],[0.6282541181335519970787286889806752593372 +/- 3.81e-41],[5.137223998736929108530953149140538827008e-6 +/- 1.58e-46]
1714,[0.05215880181868921115142606316054080494358 +/- 5.08e-43],[0.3884049564129719316434216403448947652682 +/- 9.56e-42],[7.831976049840718872189711418915610149926e-5 +/- 3.68e-45],[9.047303924666599001218742718955888306294e-6 +/- 4.12e-46],[1.107363557339147948194041422601658238100 +/- 2.40e-40],[0.6073635573391479481940414226016582381002 +/- 3.96e-41],[4.962239058342974687694265706081136259104e-6 +/- 2.10e-46]
1715,[0.05214975451476454455242484441782184905527 +/- 4.22e-42],[0.3883680017832638683439943010283467242142 +/- 2.83e-41],[7.826797995106394020213555958114512906889e-5 +/- 4.60e-45],[9.038829019422126235100707462028072241585e-6 +/- 9.4e-48],[1.107250237463476768975659666890454021086 +/- 7.69e-41],[0.6072502374634767689756596668904540210861 +/- 2.32e-41],[4.957173078607628662740879614859734663206e-6 +/- 1.55e-46]
1716,[0.05214071568574512242618974371035982098303 +/- 2.63e-42],[0.3883310819911222493507864880606501690602 +/- 4.91e-42],[7.821626426097709928398249664031594762122e-5 +/- 4.76e-45],[9.030367022448282389214017040493778010239e-6 +/- 5.91e-47],[1.107136958366172636634100671552523078216 +/- 2.35e-40],[0.6071369583661726366341006715525230782162 +/- 3.41e-41],[4.952115025615568122558231211114310519773e-6 +/- 4.48e-46]
1717,[0.05213168531872267414380052969331932720502 +/- 2.39e-42],[0.3882941969850938977453332512860678896721 +/- 4.75e-41],[7.816461330881188715309445656531683992480e-5 +/- 4.37e-45],[8.853165168861325128084554339610777365645e-6 +/- 7.17e-47],[1.086317115802210997090572954722780248762 +/- 1.61e-40],[0.5863171158022109970905729547227802487618 +/- 3.95e-41],[4.778312144786701525563262121200358525805e-6 +/- 4.82e-46]
1718,[0.05212283215355381281867244513897971642766 +/- 3.26e-42],[0.3882586037388156135682620616791359579396 +/- 2.54e-41],[7.811302697552294894513054012118167104827e-5 +/- 4.95e-45],[8.676512984733343779903162583128748690605e-6 +/- 9.22e-47],[1.065525265948092297762301864238280299149 +/- 4.82e-40],[0.5655252659480922977623018642382802991495 +/- 1.85e-41],[4.605040790682139876992183927058509430966e-6 +/- 2.50e-46]
1719,[0.05211415564056907947489254197639658767897 +/- 3.87e-42],[0.3882242984966307203082203709370910800479 +/- 1.56e-41],[7.806150514235348281288923575604683991446e-5 +/- 3.37e-45],[8.668627260641809380787421076873016908015e-6 +/- 3.44e-46],[1.065436834104948282095709595686039875159 +/- 2.95e-40],[0.5654368341049482820957095956860398751587 +/- 5.38e-42],[4.600517832116116421224714461400263204897e-6 +/- 2.15e-46]
1720,[0.05210548701330843766551175455531971466206 +/- 1.88e-42],[0.3881900242727191369449451087078099213321 +/- 3.96e-42],[7.801004769083437212173440311759592179963e-5 +/- 1.35e-46],[8.660753365047762187836583104669350311528e-6 +/- 2.01e-46],[1.065348436160519722638683438469922429069 +/- 1.79e-41],[0.5653484361605197226386834384699224290690 +/- 1.79e-41],[4.596001838185419935117320315084687763649e-6 +/- 1.73e-46]
1721,[0.05209682625994338990332391797221504531175 +/- 3.41e-42],[0.3881557810220040526652994111137940294986 +/- 9.64e-43],[7.795865450278332076025441997711177598668e-5 +/- 6.53e-46],[8.820742860003987791360715413939760175374e-6 +/- 3.11e-46],[1.085924331903943034524787457412612625991 +/- 1.76e-40],[0.5859243319039430345247874574126126259912 +/- 2.47e-41],[4.759344380913531690256029624270160036878e-6 +/- 1.48e-46]
1722,[0.05208800551708338591553255725680110555157 +/- 1.23e-42],[0.3881203179967597778932260545678341660546 +/- 7.27e-42],[7.790732546030399155316056167274449880302e-5 +/- 3.33e-45],[8.645047235695003082808565050975248700798e-6 +/- 1.30e-46],[1.065175947513349335834520433139313829766 +/- 1.83e-40],[0.5651759475133493358345204331393138297658 +/- 1.77e-41],[4.587010037297477832630215959732851512436e-6 +/- 1.19e-46]
1723,[0.05207936046984769091244974869175013030287 +/- 4.25e-43],[0.3880861364133646677400929281527063188070 +/- 3.24e-41],[7.785606044578514776349242219881239204296e-5 +/- 2.98e-45],[8.804550749131921214849773756009304983214e-6 +/- 1.44e-46],[1.085723251087431936998242862267670959012 +/- 7.02e-41],[0.5857232510874319369982428622676709590121 +/- 2.99e-41],[4.749856912413625797829392342173416245749e-6 +/- 3.84e-46]
1724,[0.05207055591909855899123489891799412099789 +/- 2.79e-42],[0.3880507385680676348924400022546613880889 +/- 4.20e-42],[7.780485934189979767125959695235916365950e-5 +/- 4.22e-45],[8.796466282343903975867336044177058207970e-6 +/- 1.02e-47],[1.085623686702076867888458380194930097947 +/- 3.25e-40],[0.5856236867020768678884583801949300979467 +/- 2.48e-41],[4.745124003203912653081316376548157862486e-6 +/- 7.05e-47]
1725,[0.05206175945281621508725903158194994393968 +/- 7.60e-43],[0.3880153732427206337260108704217578792902 +/- 1.20e-41],[7.775372203160434221570993084680320556034e-5 +/- 3.63e-45],[8.788393981614323873303837780411324564895e-6 +/- 1.73e-46],[1.085524159203214936581895743883852958164 +/- 4.48e-40],[0.5855241592032149365818957438838529581636 +/- 4.76e-41],[4.740398408643802106218118240705985278095e-6 +/- 2.06e-46]
1726,[0.05205297105883460076338572774416953261511 +/- 4.35e-42],[0.3879800403898855673602580346866755191938 +/- 3.99e-41],[7.770264839813772568847539394772540094549e-5 +/- 1.23e-45],[8.613868917828062290713302187339116640065e-6 +/- 2.72e-46],[1.064846280935037381240639530884376444043 +/- 1.39e-40],[0.5648462809350373812406395308843764440431 +/- 3.85e-41],[4.569215209564998504682970841111719703707e-6 +/- 4.49e-46]
1727,[0.05204435718991677270109501444198219349847 +/- 4.29e-42],[0.3879459808150970563202964394473941028080 +/- 2.99e-41],[7.765163832502058946490708189751311146194e-5 +/- 4.26e-45],[8.439866774027523876449201656976400370256e-6 +/- 1.93e-46],[1.044194313075486636014590054490953263460 +/- 1.47e-40],[0.5441943130754866360145900544909532634599 +/- 4.61e-41],[4.398537172657921740346564837237742154405e-6 +/- 3.69e-46]
1728,[0.05203591732314274517721856524032521709810 +/- 4.03e-42],[0.3879131909522880241821212789011850216334 +/- 2.58e-41],[7.760069169605442876097095208113206138892e-5 +/- 5.08e-46],[8.432324213127294187984905415551901916880e-6 +/- 7.37e-47],[1.044115380577765153304017957733600384611 +/- 5.25e-41],[0.5441153805777651533040179577336003846109 +/- 4.76e-41],[4.394301035812716163182591090388449277916e-6 +/- 4.95e-46]
1729,[0.05202748499892961788303058033490966519619 +/- 2.86e-42],[0.3878804301264300931244091257664383552477 +/- 4.75e-41],[7.754980839532075240313570063980450008470e-5 +/- 8.75e-46],[8.590613124613360916205468195009350808736e-6 +/- 1.43e-46],[1.064585639877278673734761417070069362111 +/- 4.01e-40],[0.5645856398772786737347614170700693621106 +/- 6.0e-44],[4.555891631655944328443367877745823732022e-6 +/- 3.71e-47]
1730,[0.05201889438580500452211437486671465584538 +/- 1.60e-42],[0.3878464619602228904781653208140465845381 +/- 1.9e-44],[7.749898830718024559874366194563557301964e-5 +/- 2.25e-45],[8.748401308448746500047918021803841256631e-6 +/- 3.67e-46],[1.085029511500242691171204023354967021724 +/- 1.79e-40],[0.5850295115002426911712040233549670217242 +/- 2.18e-41],[4.716989620690800331041941223131467114205e-6 +/- 1.07e-47]
1731,[0.05201014598449655577561432694869285200412 +/- 1.78e-42],[0.3878112899414789716605734615654096449898 +/- 3.08e-41],[7.744823131627193569441477287887556039522e-5 +/- 4.62e-45],[8.575154290180010914452874457379444575428e-6 +/- 3.84e-46],[1.064418392390591376225790164108005055549 +/- 3.65e-40],[0.5644183923905913762257901641080050555494 +/- 3.56e-41],[4.547060473179649697772892489737248915509e-6 +/- 2.65e-46]
1732,[0.05200157083020637576469987407423547255955 +/- 3.66e-42],[0.3877773823656192910175377766323029579861 +/- 3.87e-41],[7.739753730751236091009249105906563913006e-5 +/- 2.19e-45],[8.567420136218585469348493931290660357697e-6 +/- 2.06e-46],[1.064330393235515389339041314527003784533 +/- 3.05e-40],[0.5643303932355153893390413145270037845333 +/- 4.42e-42],[4.542626617838440966434071099438052074655e-6 +/- 4.18e-46]
1733,[0.05199300341007015717923052558030418189919 +/- 1.35e-42],[0.3877435052311543896758586189970497344106 +/- 9.86e-42],[7.734690616609474203639909091831310537551e-5 +/- 5.36e-46],[8.724446744477992193651922829411930740801e-6 +/- 7.01e-47],[1.084725995116840004821965598283626757908 +/- 1.97e-40],[0.5847259951168400048219655982836267579082 +/- 3.22e-42],[4.702948788425851803811533198198498850471e-6 +/- 3.37e-46]
1734,[0.05198427896332567918703687365747476996845 +/- 2.15e-42],[0.3877084297636018707724317336446969103460 +/- 4.43e-42],[7.729633777748815708302598600397899089206e-5 +/- 2.12e-45],[8.716483278732062725142467486168494655277e-6 +/- 2.64e-46],[1.084626879847712577768916270936515704751 +/- 2.52e-40],[0.5846268798477125777689162709365157047507 +/- 4.85e-41],[4.698288892863669137461380348975327749657e-6 +/- 3.00e-46]
1735,[0.05197556248004694712431173118998860147379 +/- 2.58e-42],[0.3876733863416897513939249527005657578340 +/- 3.12e-41],[7.724583202743671886594264198189740428032e-5 +/- 1.15e-45],[8.544372466256805751241544574664894781025e-6 +/- 1.94e-46],[1.064084024067374080734733326050550275283 +/- 3.14e-40],[0.5640840240673740807347333260505502752827 +/- 1.31e-41],[4.529476897391557025899792864056190194932e-6 +/- 1.47e-46]
1736,[0.05196701810758069031856048964541393657901 +/- 1.55e-42],[0.3876395994384940368052730211492472855738 +/- 2.39e-41],[7.719538880195875552126525429088587560959e-5 +/- 1.73e-45],[8.536684018788701096434712926218461444028e-6 +/- 4.20e-46],[1.063996144935558328554218587614640094403 +/- 2.07e-40],[0.5639961449355583285542185876146400944032 +/- 6.20e-42],[4.525069851095578796279124948070307091534e-6 +/- 5.28e-47]
1737,[0.05195848142356190161746405493248771811757 +/- 2.48e-42],[0.3876058428030935764590626276323421402433 +/- 2.67e-41],[7.714500798734599393368366907407966324801e-5 +/- 3.48e-45],[8.529006989380494231151549490198536070556e-6 +/- 2.07e-46],[1.063908299271792053703456929643856108200 +/- 3.98e-40],[0.5639082992717920537034569296438561081996 +/- 2.74e-42],[4.520669524949442881507408725651346912292e-6 +/- 2.46e-46]
1738,[0.05194995241657252112323290338299751958150 +/- 3.04e-42],[0.3875721163919268511074346567976414644375 +/- 5.30e-42],[7.709468947016274606740202767026855739964e-5 +/- 3.50e-45],[8.684764541360122948324410333247151709462e-6 +/- 1.94e-46],[1.084222549015512518603529833766582857689 +/- 3.92e-40],[0.5842225490155125186035298337665828576894 +/- 8.30e-42],[4.679699091814733700136234402674767818010e-6 +/- 4.33e-46]
1739,[0.05194126765203116100028457897266427242979 +/- 2.50e-42],[0.3875372008504153571401681759709027356245 +/- 1.4e-44],[7.704443313724509818760531536515965196758e-5 +/- 4.71e-45],[8.513719397326667765296598655110152410719e-6 +/- 3.27e-46],[1.063740091650839268182751033607995719812 +/- 1.83e-40],[0.5637400916508392681827510336079957198118 +/- 1.71e-41],[4.511933874646001288806255940654204405172e-6 +/- 3.64e-46]
1740,[0.05193275393263383433251928237400916227738 +/- 3.22e-42],[0.3875035344223693243969418058225069476073 +/- 2.65e-41],[7.699423887570010296052039604313133037623e-5 +/- 4.54e-46],[8.506076435904173699851679261103897067784e-6 +/- 2.20e-46],[1.063652344875616803621618651095523430433 +/- 6.92e-42],[0.5636523448756168036216186510955234304330 +/- 6.90e-42],[4.507553574142010326570299265788056478047e-6 +/- 1.05e-46]
1741,[0.05192424785619793015881943069474805838031 +/- 9.99e-43],[0.3874698980887465563901134213860158805452 +/- 4.28e-41],[7.694410657290497442019621759802990115656e-5 +/- 2.37e-45],[8.661146496354477219238211802500894607799e-6 +/- 4.33e-46],[1.083926447706846076096949783603429617124 +/- 2.14e-40],[0.5839264477068460760969497836034296171242 +/- 1.33e-41],[4.665881635589251034274409224975301478585e-6 +/- 4.72e-46]
1742,[0.05191558670970157568160019248294555748570 +/- 1.21e-42],[0.3874350775978667110681496772855903075281 +/- 5.94e-42],[7.689403611650628579018368019906809566156e-5 +/- 3.81e-45],[8.815724961237685991287505627222968222231e-6 +/- 1.21e-46],[1.104174244835514026413256136671331866560 +/- 3.32e-40],[0.6041742448355140264132561366713318665603 +/- 3.14e-41],[4.823725961772279299404262481557022102074e-6 +/- 1.99e-46]
1743,[0.05190677098474033799560890497731833451748 +/- 1.03e-42],[0.3873990763797819043177087317477380809816 +/- 4.89e-41],[7.684402739441917014835117249589964958065e-5 +/- 2.02e-46],[8.969746850116382513263429982333070536485e-6 +/- 2.78e-46],[1.124387630712963130288822489292270984716 +/- 5.31e-41],[0.6243876307129631302888224892922709847161 +/- 4.70e-41],[4.981021518609153855457936293005685305945e-6 +/- 2.64e-46]
1744,[0.05189780123789022161309564154733600144694 +/- 2.49e-42],[0.3873618983509415100618704907215089992137 +/- 4.16e-41],[7.679408029482652392312700130533884235529e-5 +/- 4.54e-45],[8.961355454108579790027528749834895434029e-6 +/- 1.79e-47],[1.124260640014213124340796012031616930092 +/- 2.61e-40],[0.6242606400142131243407960120316169300917 +/- 3.92e-41],[4.975911538721090742033201480234909092492e-6 +/- 5.36e-47]
1745,[0.05188883988243611303330561401858616655151 +/- 1.55e-42],[0.3873247556103244451035233235881775452741 +/- 4.97e-41],[7.674419470617821320951486995980503423104e-5 +/- 9.62e-46],[8.791503396552026484049737096557459695707e-6 +/- 3.04e-46],[1.103859140831504960327263811840473856087 +/- 6.02e-41],[0.6038591408315049603272638118404738560869 +/- 3.99e-41],[4.809336165536643999122454664166447971036e-6 +/- 3.85e-46]
1746,[0.05188004837903956100682156428148960909181 +/- 2.75e-42],[0.3872888535179415555059196057328218293540 +/- 3.98e-41],[7.669437051719028289328320101227835736549e-5 +/- 1.91e-45],[8.783417692946739370018043185038943705625e-6 +/- 6.48e-47],[1.103747367282515056154033153733846459409 +/- 8.99e-41],[0.6037473672825150561540331537338464594091 +/- 1.03e-41],[4.804510040114922135850608479081024584412e-6 +/- 2.70e-46]
1747,[0.05187126496134661426745154623830457014811 +/- 2.88e-42],[0.3872529847020479791483543789502267615498 +/- 7.19e-42],[7.664460761684416857178345207135031618152e-5 +/- 4.55e-45],[8.936237267428210713895875896990785712624e-6 +/- 3.78e-47],[1.123870447241112598000223667576058551300 +/- 3.47e-40],[0.6238704472411125980002236675760585512997 +/- 4.63e-41],[4.960584517876441964737923863684080237554e-6 +/- 3.11e-46]
1748,[0.05186232872407918605673765036240757936239 +/- 4.51e-42],[0.3872159478492256741721841907799636022714 +/- 2.43e-41],[7.659490589438591125990664085903270462042e-5 +/- 3.03e-45],[8.927896391656512727051527589620048735596e-6 +/- 2.32e-46],[1.123743636568775280725649354928059326230 +/- 3.99e-40],[0.6237436365687752807256493549280593262296 +/- 1.48e-42],[4.955506203571960122611988546892078661972e-6 +/- 4.47e-46]
1749,[0.05185340082768752954401059883481795931366 +/- 1.10e-42],[0.3871789460781063916345446403548812337262 +/- 1.16e-41],[7.654526523932537486974107880880994040558e-5 +/- 1.35e-45],[9.079770300084712125499086373871104884975e-6 +/- 3.00e-46],[1.143797884303837540287747876921067065576 +/- 1.02e-40],[0.6437978843038375402877478769210670655761 +/- 1.37e-42],[5.110637980168316248000205584216296710412e-6 +/- 4.72e-46]
1750,[0.05184432105738744483188509974844408820877 +/- 3.93e-42],[0.3871407830479197927523366295933931207026 +/- 2.03e-41],[7.649568554143546645254781330678785531146e-5 +/- 3.85e-45],[9.071159503155294224861980706070731668035e-6 +/- 1.44e-46],[1.143654057989910285793196910356455979142 +/- 8.21e-41],[0.6436540579899102857931969103564559791421 +/- 1.80e-41],[5.105292622440163167425002097523429095947e-6 +/- 3.79e-47]
1751,[0.05183524989788428953766023776773801747711 +/- 4.11e-42],[0.3871026570170259652073355154576658225380 +/- 4.18e-41],[7.644616669075135919172349866892883375863e-5 +/- 3.51e-45],[8.903133698346762665743259913877912108967e-6 +/- 3.68e-46],[1.123393715146490515460483070455618246965 +/- 4.18e-42],[0.6233937151464905154604830704556182469650 +/- 4.17e-42],[4.940527544196347897949002438197039210889e-6 +/- 7.58e-48]
1752,[0.05182634676418594277499449450782413956500 +/- 3.08e-42],[0.3870657586214939415786516082385378577813 +/- 2.24e-41],[7.639670857756971813547335677598377138775e-5 +/- 5.97e-46],[8.894842593991450376732781372783801307702e-6 +/- 1.17e-46],[1.123267068874243727616923111769737233385 +/- 2.53e-41],[0.6232670688742437276169231117697372333850 +/- 2.53e-41],[4.935480283607863556264640640563834862492e-6 +/- 2.20e-46]
1753,[0.05181745192159195132461776172645135576369 +/- 7.75e-43],[0.3870288951052432996008835784486610358375 +/- 3.33e-41],[7.634731109244792865796955157811571277036e-5 +/- 2.16e-45],[9.045342948739202085833910566209302083194e-6 +/- 2.88e-46],[1.143207967760425786478837879494401467681 +/- 3.51e-42],[0.6432079677604257864788378794944014676810 +/- 3.50e-42],[5.089219826863457664471356389347829464856e-6 +/- 7.39e-47]
1754,[0.05180840657864321212253192781588514646161 +/- 3.97e-42],[0.3869908803931266000505878016478885925967 +/- 1.80e-41],[7.629797412620332763782268904627615248471e-5 +/- 2.99e-45],[8.878372527689809828214692976403925246891e-6 +/- 2.77e-46],[1.123026814406137422807667206721927465460 +/- 4.89e-40],[0.6230268144061374228076672067219274654595 +/- 1.20e-41],[4.925496063032667764575229418714385350675e-6 +/- 2.16e-46]
1755,[0.05179952820611552231270371312290874253636 +/- 8.60e-43],[0.3869540858335552531546591434071606881352 +/- 1.37e-41],[7.624869756991243734274626718977065368885e-5 +/- 2.14e-45],[8.870118592970278644507237476575456133732e-6 +/- 2.45e-46],[1.122900297179326879355747853833147476445 +/- 4.21e-40],[0.6229002971793268793557478538331474764454 +/- 2.05e-41],[4.920472032518027263537522244293682288717e-6 +/- 2.35e-46]
1756,[0.05179065808752255203405920588543216708023 +/- 4.60e-42],[0.3869173260017286165540737205439254839992 +/- 2.72e-41],[7.619948131491020200934574107154482729575e-5 +/- 1.19e-45],[8.861877027003598274504473971480769022064e-6 +/- 4.52e-46],[1.122773823548438000265661563417793564876 +/- 1.04e-40],[0.6227738235484380002656615634177935648761 +/- 3.04e-42],[4.915455743776520633174985538726702233130e-6 +/- 3.87e-46]
1757,[0.05178179621049554843578470141146068631120 +/- 3.35e-42],[0.3868806008471229474041302088631678186665 +/- 5.91e-42],[7.615032525278922710701543691679631601383e-5 +/- 2.72e-45],[8.696220623344913101739218444474854293966e-6 +/- 2.82e-47],[1.102685540686389860665058650101470720203 +/- 1.02e-41],[0.6026855406863898606650586501014707202030 +/- 1.01e-41],[4.753019999742028435036821280138401604140e-6 +/- 1.88e-46]
1758,[0.05177309998987220352268296219301621145691 +/- 6.21e-43],[0.3868450866045183343189152924330187960933 +/- 3.11e-41],[7.610122927539902127497784899875747193376e-5 +/- 1.97e-45],[8.845425742271927499260809816837876221042e-6 +/- 3.93e-46],[1.122516939307126190566156269347871833317 +/- 2.70e-40],[0.6225169393071261905661562693478718333167 +/- 3.04e-41],[4.905429189644504192664136580116517451166e-6 +/- 4.30e-46]
1759,[0.05176425456412993159518370138319937358069 +/- 1.67e-42],[0.3868084307812454584048658669273890898127 +/- 3.80e-41],[7.605219327484524092155088456007376358960e-5 +/- 4.64e-45],[8.994058836596706725887255115584404518018e-6 +/- 3.95e-46],[1.142310111486112244920989368783840291767 +/- 4.00e-40],[0.6423101114861122449209893687838402917674 +/- 2.77e-43],[5.057273743757207274330765364906337524683e-6 +/- 2.07e-47]
1760,[0.05175526050529333488845781412808378917617 +/- 3.21e-43],[0.3867706374251612695548087096993938365425 +/- 1.20e-41],[7.600321714348893747477938714136345283634e-5 +/- 1.10e-45],[8.985577522747623334240102577449300590006e-6 +/- 4.90e-46],[1.142166780947994786331040889428415919060 +/- 2.00e-40],[0.6421667809479947863310408894284159190602 +/- 8.25e-43],[5.052011220245977015424018174552275127485e-6 +/- 1.45e-46]
1761,[0.05174627492777058726512357402550633987558 +/- 3.15e-43],[0.3867328805266331000211132248290700811268 +/- 8.96e-42],[7.595430077394580727361776888265443880330e-5 +/- 1.49e-45],[8.820986712427137840902443875851426199149e-6 +/- 4.28e-46],[1.122162394249243113734099826619225135756 +/- 3.67e-40],[0.6221623942492431137340998266192251357556 +/- 3.37e-41],[4.890634582631959802215094231750893994378e-6 +/- 1.40e-47]
1762,[0.05173745394105816012728267158163048844938 +/- 1.17e-42],[0.3866963269221287760578391658525494058292 +/- 1.39e-41],[7.590544405908544408890081917102324231792e-5 +/- 2.06e-45],[8.657012817096384956479851748913861038627e-6 +/- 4.53e-46],[1.102199188053954274396175022235309196551 +/- 1.45e-40],[0.6021991880539542743961750222353091965511 +/- 4.41e-41],[4.729858401213885040058890790877268120811e-6 +/- 1.12e-47]
1763,[0.05172879692824106374232619172988157458834 +/- 2.54e-42],[0.3866609723081247016450722125867527287861 +/- 1.92e-41],[7.585664689203059426338973195174475633468e-5 +/- 1.74e-45],[8.493596760762759075842931200204790638089e-6 +/- 4.47e-46],[1.082270008188032821801861022361900260449 +/- 1.51e-40],[0.5822700081880328218018610223619002604488 +/- 4.91e-41],[4.569623678027619836448772635248289351854e-6 +/- 8.38e-47]
1764,[0.05172030333148030098325034879868136979770 +/- 4.45e-42],[0.3866268128209479973743764657926845345752 +/- 4.28e-41],[7.580790916615641446023010861376977402321e-5 +/- 4.47e-45],[8.485977175511088695174873828619867005641e-6 +/- 4.49e-46],[1.082171972224326053586424884789081906336 +/- 3.80e-40],[0.5821719722243260535864248847890819063364 +/- 2.08e-41],[4.565169118512173046589759919869320773815e-6 +/- 4.94e-46]
1765,[0.05171181735430478989455517392485274993070 +/- 1.20e-42],[0.3865926840458837405214114325316400295261 +/- 1.80e-41],[7.575923077508973200920814910695169306801e-5 +/- 3.86e-45],[8.323339110706121504629729685584266045268e-6 +/- 4.10e-46],[1.062287903726278604302002325460709659699 +/- 8.21e-41],[0.5622879037262786043020023254607096596989 +/- 1.80e-41],[4.405691605962054782049229746044375116078e-6 +/- 2.34e-46]
1766,[0.05170349401519408377305054419516716566465 +/- 3.54e-42],[0.3865597450142718395675939751750223958013 +/- 4.84e-41],[7.571061161270830784024044234218286622524e-5 +/- 2.33e-45],[8.161162691046390189098291908328352889447e-6 +/- 2.77e-46],[1.042426378155293317430603458502525014816 +/- 3.13e-40],[0.5424263781552933174306034585025250148163 +/- 1.28e-41],[4.246659536642042495577883846464690929356e-6 +/- 4.81e-46]
1767,[0.05169533285250303738286144590325883731176 +/- 4.10e-42],[0.3865279925775375236804073143037777841805 +/- 1.65e-42],[7.566205157314010199358170945104673788144e-5 +/- 4.9e-47],[8.308652550334379979738283740480969460741e-6 +/- 4.56e-46],[1.062114049022122438899902666070646511951 +/- 4.75e-40],[0.5621140490221224388999026660706465119505 +/- 2.55e-41],[4.397277609957651343945568359964049414486e-6 +/- 2.45e-46]
1768,[0.05168702419995270300288170761951835634230 +/- 3.36e-42],[0.3864951114758227865951051021643211665429 +/- 1.95e-41],[7.561355055076254169628354161391463900345e-5 +/- 2.92e-46],[8.301313324171674744788239408550298600140e-6 +/- 4.39e-46],[1.062027224806069907324713286999760758518 +/- 5.44e-42],[0.5620272248060699073247132869997607585180 +/- 5.43e-42],[4.393073907010064217561426214263825893744e-6 +/- 3.73e-46]
1769,[0.05167872288662853132813691938010980604370 +/- 3.22e-42],[0.3864622593236671798101939075212359463647 +/- 8.34e-43],[7.556510844020179199448560937044975816101e-5 +/- 4.26e-45],[8.139884397869281239133457070564335219619e-6 +/- 2.20e-47],[1.042209815281820551185616009537856393241 +/- 5.89e-41],[0.5422098152818205511856160095378563932411 +/- 4.12e-41],[4.234776098890058090761091655078180739662e-6 +/- 4.50e-46]
1770,[0.05167058300223066204689778592303924170848 +/- 3.60e-42],[0.3864305885561779282661638293596244237745 +/- 2.05e-41],[7.551672513633202893116900406078694917180e-5 +/- 4.40e-45],[7.978900028598244349564909238168625660906e-6 +/- 2.09e-46],[1.022413365499219086976434176200866934197 +/- 3.56e-40],[0.5224133654992190869764341762008669341974 +/- 4.43e-41],[4.076906814384761640450912041446041357896e-6 +/- 1.40e-46]
1771,[0.05166260410220206380254822101380107308282 +/- 2.69e-42],[0.3864000961485178259526544241819835496050 +/- 1.04e-41],[7.546840053427471525904930575658886706141e-5 +/- 1.10e-45],[8.125667904953618617504987819943585463312e-6 +/- 3.18e-46],[1.042047783110857800166208160304912990163 +/- 3.53e-40],[0.5420477831108578001662081603049129901634 +/- 4.77e-41],[4.226773805924969289383757420414428798820e-6 +/- 1.3e-49]
1772,[0.05165447843429711018393071602598112949736 +/- 6.25e-43],[0.3863684804547363398909294447626333249516 +/- 3.11e-41],[7.542013452939787867833465716694463461576e-5 +/- 4.82e-45],[8.118589341332487227806993472971975145206e-6 +/- 3.02e-46],[1.041970191953351191460768189052888962893 +/- 2.53e-40],[0.5419701919533511914607681890528889628933 +/- 4.73e-41],[4.222801628771917674569498750805154812679e-6 +/- 1.58e-47]
1773,[0.05164635984495577769670290903250815752221 +/- 4.17e-42],[0.3863368920899015381687417482498770483955 +/- 2.96e-41],[7.537192701731539258912156097380294611187e-5 +/- 3.35e-45],[8.111521016733618559913109306506315730060e-6 +/- 4.85e-46],[1.041892630810491974203600930157270827078 +/- 2.37e-40],[0.5418926308104919742036009301572708270778 +/- 3.66e-41],[4.218835351789603368614536862262119016287e-6 +/- 6.81e-47]
1774,[0.05163824832393904407814299592320165120648 +/- 4.11e-42],[0.3863053310156983632513033145241229336884 +/- 7.57e-42],[7.532377789388625934824831028542370462011e-5 +/- 4.28e-45],[7.951535007350899518273530696655361642898e-6 +/- 2.49e-46],[1.022156474478820094193458283832253491835 +/- 9.75e-41],[0.5221564744788200941934582838322534918351 +/- 2.56e-42],[4.061947059769170566956492117665980268606e-6 +/- 1.71e-46]
1775,[0.05163029678893169317862472239250499584484 +/- 1.22e-42],[0.3862749413325124926189693589761785594382 +/- 3.45e-41],[7.527568705521389602047290980533982370899e-5 +/- 4.43e-45],[7.944687892851047280483264087249454686859e-6 +/- 7.3e-48],[1.022086131185252927224333571770448323259 +/- 5.61e-41],[0.5220861311852529272243335717704483232591 +/- 4.40e-41],[4.058181829199610241978843526318137752795e-6 +/- 2.49e-47]
1776,[0.05162235210103884213134423912841774639015 +/- 4.36e-42],[0.3862445775334530228766575398691652494496 +/- 5.47e-42],[7.522765439764542261388905030079645899662e-5 +/- 1.93e-46],[7.937850618398537164423897250128204601089e-6 +/- 1.56e-46],[1.022015815911694155413868852690219873630 +/- 1.28e-40],[0.5220158159116941554138688526902198736301 +/- 2.80e-41],[4.054422155348022090465936550772513886522e-6 +/- 1.14e-46]
1777,[0.05161441425042044359417981523116761818555 +/- 3.27e-42],[0.3862142395824675326169538724052786400338 +/- 3.26e-42],[7.517967981777095278954016241199639367776e-5 +/- 4.48e-45],[8.083431210210545238256248955654320444235e-6 +/- 4.07e-46],[1.041583943238753363602609832364013956106 +/- 2.67e-40],[0.5415839432387533636026098323640139561063 +/- 3.35e-41],[4.203076072882141954567858609944080816650e-6 +/- 6.22e-47]
1778,[0.05160633081921023304894155898221196386511 +/- 9.72e-43],[0.3861827869369148037224508025404295278851 +/- 1.81e-41],[7.513176321242288703523779915637089562546e-5 +/- 1.37e-45],[8.228577073072573005756480791739457075694e-6 +/- 5.09e-47],[1.061128997025969769544694315058990124363 +/- 1.45e-40],[0.5611289970259697695446943150589901243629 +/- 4.47e-41],[4.351302445701708147236429896633844636468e-6 +/- 3.95e-46]
1779,[0.05159810224213716047593580250142022440803 +/- 3.34e-42],[0.3861502226305716045745209237798260466967 +/- 4.27e-41],[7.508390447867520829363658102644415807732e-5 +/- 8.53e-46],[8.069467908387945706532407759425382435637e-6 +/- 4.53e-47],[1.041440171832698923840091549326803034306 +/- 2.99e-40],[0.5414401718326989238400915493268030343057 +/- 1.95e-42],[4.195280928358402056213287669063778878129e-6 +/- 3.96e-46]
1780,[0.05159003277422877253022927009366079902560 +/- 2.31e-42],[0.3861188236015416226214843454745845198976 +/- 4.23e-41],[7.503610351384278003466368472294097522626e-5 +/- 4.77e-46],[8.062470613569622101788320331885091967196e-6 +/- 1.75e-46],[1.041362828440949021385379744916062295280 +/- 4.92e-41],[0.5413628284409490213853797449160622952800 +/- 4.92e-41],[4.191355574040050317857340743669640301700e-6 +/- 1.37e-46]
1781,[0.05158197030361520290812748177332891393363 +/- 5.03e-43],[0.3860874515972774553252283215366770468890 +/- 2.42e-41],[7.498836021548064676244636766528088966954e-5 +/- 2.82e-45],[7.904086741716782408939128507197335717614e-6 +/- 2.98e-46],[1.021715349652519942800342419618613219998 +/- 4.84e-40],[0.5217153496525199428003424196186132199975 +/- 1.63e-41],[4.036039371965059949487112025011322780513e-6 +/- 3.65e-46]
1782,[0.05157406621687348612571854264482171659791 +/- 2.89e-42],[0.3860572398584289291516538222764133749851 +/- 9.87e-42],[7.494067448138333694692629682965058001635e-5 +/- 4.50e-45],[7.897307721777802494793783114265134907185e-6 +/- 2.43e-46],[1.021645188721147491089113085276201522599 +/- 2.74e-40],[0.5216451887211474910891130852762015225987 +/- 2.67e-41],[4.032312413737777176402489017825148531813e-6 +/- 9.06e-47]
1783,[0.05156616890915170832322374886170745146301 +/- 4.30e-42],[0.3860270537555280254262877395576791923620 +/- 6.49e-42],[7.489304620958416837039449352211463618539e-5 +/- 4.48e-45],[8.041536464811451044997868340281122716421e-6 +/- 1.61e-46],[1.041124526585481216978397909049014066190 +/- 3.88e-41],[0.5411245265854812169783979090490140661900 +/- 3.88e-41],[4.179588993847129705696235857806232848497e-6 +/- 4.02e-46]
1784,[0.05155812737268689687217875099336717034029 +/- 7.19e-43],[0.3859957627889232362768772827697143714777 +/- 1.29e-41],[7.484547529835455587922551673395797461988e-5 +/- 2.32e-46],[8.034579421271862034052754318948977003495e-6 +/- 4.90e-46],[1.041047310837240430740168256436600610437 +/- 4.73e-40],[0.5410473108372404307401682564366006104375 +/- 2.72e-41],[4.175686872570007017135981964228046206357e-6 +/- 4.29e-46]
1785,[0.05155009279326562501014469823904822136329 +/- 4.22e-42],[0.3859644986960156564811440306032401267918 +/- 3.69e-41],[7.479796164620332153113408807353337264987e-5 +/- 4.07e-45],[7.877130955665007316956264330191911109067e-6 +/- 2.39e-46],[1.021454099299127737882212046495594464932 +/- 2.33e-40],[0.5214540992991277378822120464955944649318 +/- 3.24e-41],[4.021289092056102846560411744397488412785e-6 +/- 2.49e-47]
1786,[0.05154221566230996000282774197471802945218 +/- 3.28e-42],[0.3859343883539165718940246856511991340010 +/- 3.04e-41],[7.475050515187600712832171223989198515486e-5 +/- 4.07e-45],[8.020679356303829788698422292738309289482e-6 +/- 3.85e-46],[1.040887860397705541030409271607972094299 +/- 1.33e-40],[0.5408878603977055410304092716079720942991 +/- 3.21e-41],[4.167872698899224898618764664133860818655e-6 +/- 2.13e-46]
1787,[0.05153419498295365617303904355242529114289 +/- 2.77e-42],[0.3859031780998133948047992760496136633234 +/- 3.56e-41],[7.470310571435418912692496990673161643437e-5 +/- 1.50e-45],[8.163801024652529019690699440363598403849e-6 +/- 3.97e-46],[1.060298779754651223963844583810165486856 +/- 1.61e-40],[0.5602987797546512239638445838101654868558 +/- 3.98e-41],[4.314036608936800763105561573312016995980e-6 +/- 1.95e-46]
1788,[0.05152603118192900364401935285298492754448 +/- 3.39e-42],[0.3858708709140034160940725037118599762586 +/- 2.50e-41],[7.465576323285479591322105602084293691148e-5 +/- 3.78e-45],[8.156672284428277852414904302797332297675e-6 +/- 3.42e-46],[1.060212661159811588331422948808020580076 +/- 3.22e-40],[0.5602126611598115883314229488080205800763 +/- 2.19e-41],[4.309957100181492798454516672185049677684e-6 +/- 4.54e-46]
1789,[0.05151787450964457536616693794868213021219 +/- 4.29e-42],[0.3858385918692179126226596130311689600474 +/- 2.81e-41],[7.460847760682942743708980717926721393291e-5 +/- 4.31e-46],[8.299063070465182155473884384834391613846e-6 +/- 1.82e-46],[1.079575336506846431393913165066380231304 +/- 1.38e-40],[0.5795753365068464313939131650663802313041 +/- 3.71e-41],[4.455392883760916284628990337914082663372e-6 +/- 1.63e-46]
1790,[0.05150957544657411018401146406429729582057 +/- 1.87e-42],[0.3858052211061756676978880244873476412831 +/- 4.72e-41],[7.456124873596367719327490821771884989917e-5 +/- 2.34e-45],[8.440920422507594971351286216436837164303e-6 +/- 3.40e-46],[1.098901249141634437442211549233574231416 +/- 1.11e-40],[0.5989012491416344374422115492335742314161 +/- 1.06e-41],[4.600302155351695435216774158697179255963e-6 +/- 4.05e-46]
1791,[0.05150113452615160258904011277808085898341 +/- 2.44e-42],[0.3857707624076226425590558725458849386227 +/- 1.77e-42],[7.451407652017645654103019169536443800160e-5 +/- 4.95e-45],[8.433355042775534824673161122794768849799e-6 +/- 1.46e-46],[1.098791444017745669576282934290426109722 +/- 4.69e-40],[0.5987914440177456695762829342904261097225 +/- 3.20e-41],[4.595795563817972656175180753500416772695e-6 +/- 4.04e-46]
1792,[0.05149270117110882705421543961695806421456 +/- 2.24e-42],[0.3857363349004921031246418308153628317918 +/- 4.77e-42],[7.446696085961932135277994586570810842436e-5 +/- 3.06e-45],[8.425800689313167114679729314050098458103e-6 +/- 4.20e-46],[1.098681677472274912976521223396539718709 +/- 3.55e-40],[0.5986816774722749129765212233965397187086 +/- 4.54e-41],[4.591295726648132099456483279637704051611e-6 +/- 4.44e-46]
1793,[0.05148427537041951388710075988764401411610 +/- 3.37e-43],[0.3857019385406435770563376334561898695648 +/- 8.19e-42],[7.441990165467580098246492824011443628848e-5 +/- 1.55e-45],[8.270121590070209466687374835932547965076e-6 +/- 4.30e-46],[1.079240421249765354896574127434512965655 +/- 3.79e-40],[0.5792404212497653548965741274345129656554 +/- 2.20e-41],[4.438666880241341698610024611127010852087e-6 +/- 5.13e-47]
1794,[0.05147600524882944367763407251280808156813 +/- 4.59e-42],[0.3856686831471382618392867018472878656251 +/- 3.70e-41],[7.437289880596072954428834423154558001825e-5 +/- 1.08e-45],[8.114991931683657069787027052939123334538e-6 +/- 4.72e-46],[1.059835716230895418932169736130131990958 +/- 1.73e-40],[0.5598357162308954189321697361301319909582 +/- 2.80e-41],[4.286572202377361491381408808989318782730e-6 +/- 4.77e-47]
1795,[0.05146789025689776002056428548575514244480 +/- 5.07e-44],[0.3856365648891132513342423091210188417234 +/- 8.10e-42],[7.432595221431957949261839485572919026995e-5 +/- 6.26e-46],[7.960382174938062209376085076442094720909e-6 +/- 1.37e-46],[1.040464039737838332900720536119446715374 +/- 1.53e-40],[0.5404640397378383329007205361194467153738 +/- 4.77e-41],[4.134982223132035031949545721899394294095e-6 +/- 3.27e-46]
1796,[0.05145992987472282195835490940067870035008 +/- 8.59e-43],[0.3856055801554969177176708138056027583421 +/- 3.44e-41],[7.427906178082779749384612530178170834727e-5 +/- 1.23e-45],[7.953541934064390308732708173926625723362e-6 +/- 3.71e-46],[1.040387151012482018188369394085027951357 +/- 3.02e-40],[0.5403871510124820181883693940850279513573 +/- 1.59e-42],[4.131146623662787755128330366605382824969e-6 +/- 4.10e-46]
1797,[0.05145197633278875756804617669250477372436 +/- 4.23e-42],[0.3855746218636913770855593118718526292316 +/- 3.98e-41],[7.423222740679014258103921859315750717098e-5 +/- 4.19e-45],[7.799595902438211417437423936261189779156e-6 +/- 2.60e-46],[1.021051278436416618144029534167505940563 +/- 4.71e-40],[0.5210512784364166181440295341675059405625 +/- 2.92e-41],[3.980201094773852034106858130954773861059e-6 +/- 1.97e-47]
1798,[0.05144417673688631935662873926856851253458 +/- 3.38e-42],[0.3855447925243448022129168204628819994753 +/- 1.45e-41],[7.418544899374002658227407676389555011935e-5 +/- 4.50e-45],[7.939903750531138531055121941127147278389e-6 +/- 2.49e-46],[1.040232195205403298218622308567608767543 +/- 1.61e-40],[0.5402321952054032982186223085676087675432 +/- 4.00e-41],[4.123494401191911246495930477963498814940e-6 +/- 8.73e-47]
1799,[0.05143623683313578821809768414662738538730 +/- 1.77e-42],[0.3855138869905720967414031224768284782259 +/- 8.11e-43],[7.413872644343885681357001718810945724808e-5 +/- 3.82e-45],[7.786393748875391566195584672730098797440e-6 +/- 3.69e-46],[1.020920812138901619859009313123981279790 +/- 3.20e-40],[0.5209208121389016198590093131239812797903 +/- 1.94e-41],[3.972976657023603582622235322031279716414e-6 +/- 7.32e-47]
1800,[0.05142845043938691282653148856195465528850 +/- 7.94e-43],[0.3854841073773973032665223925467355553950 +/- 4.10e-41],[7.409205965787538102739068512858315529565e-5 +/- 1.43e-45],[7.779783442736659907506792911275538092552e-6 +/- 3.03e-46],[1.020851110920179729410131372942025629456 +/- 1.90e-40],[0.5208511109201797294101313729420256294558 +/- 1.10e-41],[3.969343624669517410075621920580987719583e-6 +/- 4.06e-46]
1801,[0.05142067065594417616662398176904337975041 +/- 1.76e-42],[0.3854543527911903269904240997528091440929 +/- 2.16e-41],[7.404544853926503460771884641176433346142e-5 +/- 3.62e-45],[7.919521679337598396656859508361862675061e-6 +/- 1.99e-46],[1.039998831727965106592499488333797103143 +/- 1.26e-40],[0.5399988317279651065924994883337971031429 +/- 2.56e-41],[4.112055056428388268578415015383085936923e-6 +/- 4.69e-46]
1802,[0.05141275113426483856822732490953501788773 +/- 3.19e-42],[0.3854235261436256708960566657164477970620 +/- 2.32e-41],[7.399889299004929000275157758251677612995e-5 +/- 2.62e-45],[8.058860175199433872519107634394162204570e-6 +/- 4.22e-46],[1.059125826328701078119709537190560115822 +/- 3.77e-40],[0.5591258263287010781197095371905601158224 +/- 2.39e-41],[4.254373505690934826344354917049933975976e-6 +/- 1.19e-46]
1803,[0.05140469227408963913435480580190062372553 +/- 1.39e-42],[0.3853916302238486000002613938504094497647 +/- 2.81e-41],[7.395239291289500838630351612642908248290e-5 +/- 4.39e-45],[7.906016683198884633534485221892249943188e-6 +/- 4.80e-46],[1.039854883849743375381844840808470863687 +/- 1.93e-40],[0.5398548838497433753818448408084708636868 +/- 8.01e-42],[4.104516682578949212481725274994365778727e-6 +/- 4.43e-46]
1804,[0.05139678625740644024972127131667873147559 +/- 4.58e-42],[0.3853608555358663931529196678331709900009 +/- 4.34e-41],[7.390594821069379353904627154666385174155e-5 +/- 3.25e-45],[7.899253891726632220789297216231318551233e-6 +/- 1.98e-46],[1.039778228209303107860218282335171971737 +/- 5.99e-41],[0.5397782282093031078602182823351719717369 +/- 4.03e-41],[4.100725668390653360539806683429573952992e-6 +/- 2.24e-46]
1805,[0.05138888700351471361750048201946250015703 +/- 4.20e-42],[0.3853301069995054379795846445034763154708 +/- 4.51e-41],[7.385955878656134794075233041535405418126e-5 +/- 3.66e-46],[7.892500706302924071636906996351546605897e-6 +/- 4.83e-46],[1.039701601837482783568768459065920686205 +/- 2.23e-41],[0.5397016018374827835687684590659206862050 +/- 2.23e-41],[4.096940185690870646692198246298909454628e-6 +/- 4.85e-46]
1806,[0.05138099450280841069342884511246614861043 +/- 1.71e-42],[0.3852993845787450468832338693015138533811 +/- 3.99e-41],[7.381322454383683106475181614825065145198e-5 +/- 2.47e-45],[7.740564261404586046587344042202430027517e-6 +/- 5.0e-48],[1.020483391340087655297154135648177749010 +/- 2.32e-40],[0.5204833913400876552971541356481777490098 +/- 3.11e-41],[3.947967376883142971626525988633677757999e-6 +/- 3.21e-46]
1807,[0.05137325393854700610738225776842394618040 +/- 7.76e-43],[0.3852697771002483511344530723731583727847 +/- 4.39e-41],[7.376694538608221986585028833033781602217e-5 +/- 2.13e-45],[7.589045714807723027911341097469008058863e-6 +/- 4.49e-46],[1.001286356883569140720964706370602622576 +/- 1.65e-41],[0.5012863568835691407209647063706026225760 +/- 1.65e-41],[3.799397697217592726147145505786573676201e-6 +/- 2.02e-48]
1808,[0.05136566489283219838435434642732647717234 +/- 1.92e-42],[0.3852412817066494716763335532050078343712 +/- 1.81e-41],[7.372072121708167145299538809694974856861e-5 +/- 4.08e-45],[7.582683282985032275722609748476977412923e-6 +/- 4.29e-46],[1.001222109714918744661367970471714241375 +/- 4.41e-40],[0.5012221097149187446613679704717142413754 +/- 4.03e-41],[3.795969421290510488582513359505165212397e-6 +/- 2.34e-46]
1809,[0.05135808220954921335207862381757800019493 +/- 1.02e-42],[0.3852128099260794232874227367224374621959 +/- 4.0e-44],[7.367455194084088793801955648993491563887e-5 +/- 4.00e-45],[7.576329790033567909092015401654244656417e-6 +/- 4.99e-46],[1.001157888515874229880127980950721748969 +/- 3.22e-40],[0.5011578885158742298801279809507217489687 +/- 2.18e-41],[3.792546094704158034148330618499414114932e-6 +/- 2.83e-46]
1810,[0.05135050587975917978416953180217634595027 +/- 2.58e-42],[0.3851843617263630063421440935034026285342 +/- 2.39e-41],[7.362843746158648345182527299495459300597e-5 +/- 4.79e-45],[7.714351734309783398847121370362094816127e-6 +/- 1.45e-46],[1.020185462199630500637199278186317485354 +/- 9.60e-41],[0.5201854621996305006371992781863174853541 +/- 4.12e-42],[3.933494223521105622426404379655331626389e-6 +/- 4.56e-46]
1811,[0.05134279152802487000077068468080598385546 +/- 3.56e-42],[0.3851548540905559550549051550302977564880 +/- 1.68e-42],[7.358237768376535331941828275040173370257e-5 +/- 1.20e-45],[7.851961952885746235783297970056475102741e-6 +/- 1.03e-46],[1.039189849328806431155073770151991416405 +/- 8.54e-41],[0.5391898493288064311550737701519914164049 +/- 1.47e-41],[4.074037275331792196445438228975628447331e-6 +/- 1.44e-46]
1812,[0.05133493956607198425453490138283592738035 +/- 3.71e-42],[0.3851242899031630442848692141378926219900 +/- 2.43e-41],[7.353637251204404538523310432005314677619e-5 +/- 1.61e-45],[7.845275325304261287103652122982695300234e-6 +/- 3.48e-46],[1.039113377800805226809368137909304131776 +/- 1.61e-40],[0.5391133778008052268093681379093041317758 +/- 3.94e-41],[4.070290086490323149166069219922565102183e-6 +/- 1.72e-46]
1813,[0.05132709429074667999324779773071294468505 +/- 3.48e-42],[0.3850937515822022766698184894805157334927 +/- 1.16e-41],[7.349042185130813348023373655288029138139e-5 +/- 4.60e-45],[7.838598153188661144654977258982764507572e-6 +/- 1.77e-46],[1.039036935382911977297599906168014288402 +/- 1.95e-40],[0.5390369353829119772975999061680142884022 +/- 5.39e-42],[4.066548341359818389979401847782303070040e-6 +/- 4.74e-46]
1814,[0.05131925569259349133210314275345396192055 +/- 4.11e-42],[0.3850632390921999125911633118145888299327 +/- 7.65e-42],[7.344452560666159302231091402003341611528e-5 +/- 2.30e-46],[7.688730941338960680190467313592834945730e-6 +/- 4.98e-46],[1.019964106742572232850156480620409703652 +/- 4.40e-40],[0.5199641067425722328501564806204097036524 +/- 3.97e-41],[3.919612552509464280024469488763268153905e-6 +/- 3.59e-46]
1815,[0.05131156696165215237142295228614036908560 +/- 1.70e-43],[0.3850338269438171193908309533417930882851 +/- 4.75e-41],[7.339868368342617874153549691965244193019e-5 +/- 4.01e-45],[7.682259055542579077936403120139501914592e-6 +/- 1.57e-47],[1.019894861067520868260879792033509964240 +/- 1.00e-40],[0.5198948610675208682608797920335099642401 +/- 9.3e-44],[3.916057582823331455916280221054985324423e-6 +/- 3.92e-46]
1816,[0.05130388470259660979234501588302022958369 +/- 4.43e-42],[0.3850044393143473906192099559766500598117 +/- 2.31e-42],[7.335289598714080452186562426684422479077e-5 +/- 3.17e-45],[7.675796262211846637227974717466936206388e-6 +/- 2.73e-46],[1.019825642497716699625173775652549645207 +/- 1.93e-40],[0.5198256424977166996251737756525496452068 +/- 7.79e-42],[3.912507743886013271355866867901909466916e-6 +/- 1.47e-46]
1817,[0.05129620890633439794570778790830276264748 +/- 8.11e-43],[0.3849750761703873746855838134638836066627 +/- 2.45e-41],[7.330716242356092535094310972416963340203e-5 +/- 2.36e-45],[7.526992635373178128823597322182895523357e-6 +/- 6.19e-47],[1.000828852423563510646085388949997665027 +/- 3.41e-40],[0.5008288524235635106460853889499976650273 +/- 4.09e-41],[3.766613117363609881082842285475573123442e-6 +/- 7.06e-47]
1818,[0.05128868191369902476757896431098057975196 +/- 4.17e-42],[0.3849468058847330774649221654835946824228 +/- 1.57e-41],[7.326148289865792136965221865589204098476e-5 +/- 6.15e-46],[7.520718487611766438341936655405939014408e-6 +/- 4.13e-46],[1.000764966719130646644747455149906847193 +/- 4.84e-40],[0.5007649667191306466447474551499068471925 +/- 1.69e-41],[3.763233594696599503560354099263205247954e-6 +/- 4.39e-46]
1819,[0.05128116119521141300114062237432517381294 +/- 1.43e-42],[0.3849185588946436684168645335326593464059 +/- 4.30e-41],[7.321585731861848401315143397899979057478e-5 +/- 2.26e-45],[7.372612070864359678209164617413019543213e-6 +/- 5.71e-47],[0.9818121100513616657459510638731455867427 +/- 1.14e-41],[0.4818121100513616657459510638731455867427 +/- 1.14e-41],[3.618017889662685940697402697016842884637e-6 +/- 5.78e-47]
1820,[0.05127378858314054864146241320970776079340 +/- 1.79e-42],[0.3848913999112929772474788893062078689154 +/- 1.59e-41],[7.317028558984400423512609820098350509833e-5 +/- 4.96e-45],[7.366510572190864189505698959138343344163e-6 +/- 3.56e-47],[0.9817517008748736902574692146208756478778 +/- 3.83e-41],[0.4817517008748736902574692146208756478778 +/- 3.83e-41],[3.614792818289187280168617412823339960325e-6 +/- 9.02e-47]
1821,[0.05126642207256835777727290751074862245005 +/- 4.05e-42],[0.3848642631516320941551414058516611138384 +/- 6.96e-42],[7.312476761894996280704691073732962334899e-5 +/- 3.32e-45],[7.218998525664789663968544752347664594448e-6 +/- 2.38e-46],[0.9628296367498118606405102173460380181349 +/- 1.94e-41],[0.4628296367498118606405102173460380181349 +/- 1.94e-41],[3.470153324953221374866271648343810429669e-6 +/- 3.05e-46]
1822,[0.05125920307404269298760893896599627478546 +/- 4.00e-43],[0.3848382103159458291072271010509600508629 +/- 4.45e-41],[7.307930331276532268425616424298324047237e-5 +/- 2.02e-45],[7.071791851833708813663842312021364334039e-6 +/- 4.36e-46],[0.9439157339388990762301203509971470795308 +/- 7.15e-43],[0.4439157339388990762301203509971470795308 +/- 7.15e-43],[3.325805002815110227895615024203575723450e-6 +/- 1.44e-46]
1823,[0.05125213128219085927879527512368425342113 +/- 4.44e-42],[0.3848132393778666724165344987759376658861 +/- 9.24e-42],[7.303389257833192343074032231747288161375e-5 +/- 3.75e-45],[7.207110450866896687037511341490261431848e-6 +/- 2.92e-46],[0.9627084944189972452027625523663957844984 +/- 1.75e-41],[0.4627084944189972452027625523663957844984 +/- 1.75e-41],[3.463967800392804282728524480320429041586e-6 +/- 9.23e-47]
1824,[0.05124492417173999238210823761234276315969 +/- 3.72e-42],[0.3847872291808875926927159154626467396984 +/- 6.95e-42],[7.298853532290387769448407459239479810577e-5 +/- 4.24e-45],[7.201182239899778756390552841018720439385e-6 +/- 3.97e-46],[0.9626497504349048187078826828944181173089 +/- 4.18e-42],[0.4626497504349048187078826828944181173089 +/- 4.18e-42],[3.460890281871203584294671249160416792926e-6 +/- 4.37e-46]
1825,[0.05123772298950009260335184705950174443925 +/- 4.33e-42],[0.3847612401954421231605001614788340353455 +/- 3.50e-41],[7.294323145394696972533735491556610330050e-5 +/- 2.77e-45],[7.195262242257541025416782038110171848930e-6 +/- 3.45e-47],[0.9625910313581524761375175139704665522521 +/- 1.71e-41],[0.4625910313581524761375175139704665522521 +/- 1.71e-41],[3.457817155061216109419276556160885815025e-6 +/- 5.69e-47]
1826,[0.05123052772725783506232643027746363426741 +/- 4.61e-42],[0.3847352723929607580597064642228151797629 +/- 2.11e-41],[7.289798087913805592736297513508230934281e-5 +/- 2.96e-46],[7.329989570765224801414921478240170129750e-6 +/- 3.60e-46],[0.9813615360525242979053980855696422003429 +/- 2.14e-41],[0.4813615360525242979053980855696422003429 +/- 2.14e-41],[3.595387540075431135923832399307617469268e-6 +/- 2.42e-47]
1827,[0.05122319773768706983752501535598539409728 +/- 4.36e-42],[0.3847082694845177547865248877881160756727 +/- 1.70e-41],[7.285278350636446743766851187917201656458e-5 +/- 2.49e-45],[7.323946921116487612089060280460598212478e-6 +/- 3.80e-46],[0.9813012588403597955321725851563165569520 +/- 4.59e-41],[0.4813012588403597955321725851563165569520 +/- 4.59e-41],[3.592194385829073348411705421043125055568e-6 +/- 4.31e-46]
1828,[0.05121587379076595334991292629570493349906 +/- 3.17e-42],[0.3846812885924048826794079061198338946630 +/- 4.30e-41],[7.280763924372341472376188773829673548948e-5 +/- 1.33e-45],[7.317912645661387118567156939662015885765e-6 +/- 2.84e-46],[0.9812410064775994054920690631468420252697 +/- 4.50e-41],[0.4812410064775994054920690631468420252697 +/- 4.50e-41],[3.589005783151230405229158598114086840676e-6 +/- 3.00e-46]
1829,[0.05120855587812029196279435913876527148318 +/- 2.60e-42],[0.3846543296870015248498621640574851417484 +/- 1.80e-41],[7.276254799952139419150571239235652018389e-5 +/- 3.41e-45],[7.171812780998481642608337854998289485115e-6 +/- 9.46e-47],[0.9623842809027680373606914556639295008963 +/- 1.20e-41],[0.4623842809027680373606914556639295008963 +/- 1.20e-41],[3.445747775930580461179371750466565393173e-6 +/- 1.36e-46]
1830,[0.05120138406533929348115175080091027319369 +/- 2.29e-42],[0.3846284449842135552260015001706879405979 +/- 9.01e-42],[7.271750968227359679578089448992541223464e-5 +/- 2.63e-45],[7.026002882655081181288510024246350041847e-6 +/- 9.64e-47],[0.9435341633641113879161188099517040492823 +/- 7.88e-42],[0.4435341633641113879161188099517040492823 +/- 7.88e-42],[3.302765741137962052337994320892720227105e-6 +/- 2.73e-46]
1831,[0.05119435806245663839997046229088602684365 +/- 4.43e-43],[0.3846036325683607322588930804156224241784 +/- 2.04e-41],[7.267252420070331864600530247382258697664e-5 +/- 4.56e-45],[7.160047757714330974038180806035804110791e-6 +/- 3.12e-46],[0.9622625336214592775532490208482150780669 +/- 1.30e-41],[0.4622625336214592775532490208482150780669 +/- 1.30e-41],[3.439624532480979861870080462819532732717e-6 +/- 5.65e-47]
1832,[0.05118719801469892406899642411007999103954 +/- 3.49e-43],[0.3845777901067140033604929513496952105329 +/- 1.43e-41],[7.262759146374137359868834304760909012456e-5 +/- 5.72e-46],[7.154184791147497767153934057325462999637e-6 +/- 3.95e-46],[0.9622040025306790115976893012153474977333 +/- 2.90e-41],[0.4622040025306790115976893012153474977333 +/- 2.90e-41],[3.436581885562310803726273992546921565979e-6 +/- 4.30e-46]
1833,[0.05118004382990777657122927017602266557654 +/- 1.44e-44],[0.3845519686296194954149710502072397716270 +/- 2.71e-41],[7.258271138052550782923724057432575851504e-5 +/- 3.80e-45],[7.287754350662702232372737180878629013577e-6 +/- 2.91e-46],[0.9809116412785665155411744397406854222452 +/- 4.49e-41],[0.4809116412785665155411744397406854222452 +/- 4.49e-41],[3.572968000913860759752355387955945509707e-6 +/- 1.61e-46]
1834,[0.05117275607555711386899689743884178694753 +/- 3.57e-42],[0.3845251204381942642891332447209800756279 +/- 3.51e-41],[7.253788386039981637526554036949120911865e-5 +/- 1.56e-45],[7.420984741811929964488418848376893389102e-6 +/- 3.77e-46],[0.9996036959565138099596787632807455613653 +/- 2.97e-41],[0.4996036959565138099596787632807455613653 +/- 2.97e-41],[3.709021304786598948015849743329104877859e-6 +/- 1.93e-46]
1835,[0.05116533509081530193903240901999341005414 +/- 2.67e-42],[0.3844972478857814065786696244365322375704 +/- 1.96e-41],[7.249310881291416164368892456663171218171e-5 +/- 2.51e-45],[7.275879910248505710349679839217044724516e-6 +/- 1.27e-46],[0.9808056961155365200297355435190141453221 +/- 1.93e-41],[0.4808056961155365200297355435190141453221 +/- 1.93e-41],[3.566745706060816738262254495202038945146e-6 +/- 1.29e-46]
1836,[0.05115805921090505343332205934015419300941 +/- 2.82e-42],[0.3844704425628025812892803696853594436065 +/- 2.19e-41],[7.244838614782359387392782196106519659403e-5 +/- 2.52e-45],[7.269911959989475166383835967792504548918e-6 +/- 2.40e-46],[0.9807456261599709693480063561619301061021 +/- 2.04e-41],[0.4807456261599709693480063561619301061021 +/- 2.04e-41],[3.563593131704602277724713108089992518663e-6 +/- 4.37e-46]
1837,[0.05115078929894506395815567550418640050486 +/- 3.91e-42],[0.3844436589920798550812834489063779496202 +/- 9.74e-42],[7.240371577508777354957051393607256832045e-5 +/- 2.07e-45],[7.125381574721981324528423155063676888106e-6 +/- 7.95e-47],[0.9619775486521915058340825818932946031423 +/- 2.82e-41],[0.4619775486521915058340825818932946031423 +/- 2.82e-41],[3.421874364649761720022821264299635856242e-6 +/- 1.83e-46]
1838,[0.05114366391737034197683114708103133682798 +/- 4.21e-42],[0.3844179387016470083418280334163871344598 +/- 3.94e-41],[7.235909760487039575088448819887815185176e-5 +/- 4.16e-45],[6.981176291684328778267411398223217037171e-6 +/- 9.19e-47],[0.9432213658358413498415516723728610391031 +/- 1.20e-41],[0.4432213658358413498415516723728610391031 +/- 1.20e-41],[3.280466922416639984392684655944605991917e-6 +/- 2.64e-46]
1839,[0.05113668274107865764805287966963311361094 +/- 1.38e-42],[0.3843932795065051346286777430038927770215 +/- 4.43e-41],[7.231453154753861644059767155013755675635e-5 +/- 2.45e-46],[6.837257938282739875452572131523697394459e-6 +/- 1.34e-46],[0.9244721651357720286473804555491835333926 +/- 4.40e-41],[0.4244721651357720286473804555491835333926 +/- 4.40e-41],[3.139332680966533796112067172744692721149e-6 +/- 3.77e-46]
1840,[0.05112984548314037490817742709750158991354 +/- 4.17e-42],[0.3843696795076189891968358471851771775589 +/- 2.14e-41],[7.227001751366248067540488322223726063319e-5 +/- 5.07e-46],[6.831688654904262334775475576930929888923e-6 +/- 4.02e-47],[0.9244116920546371781166319185481386866867 +/- 2.49e-41],[0.4244116920546371781166319185481386866867 +/- 2.49e-41],[3.136533826366850959355089000402579661217e-6 +/- 8.95e-47]
1841,[0.05112301379448547064584265162192465898366 +/- 4.76e-42],[0.3843460988450057546446924331887343431774 +/- 3.00e-41],[7.222555541401435273568839238525700825859e-5 +/- 3.95e-45],[6.688154689417831685112358334183260159183e-6 +/- 4.48e-46],[0.9056678997889041258301707242925103167511 +/- 3.77e-41],[0.4056678997889041258301707242925103167511 +/- 3.77e-41],[2.995766623672801162258593242910200876261e-6 +/- 2.45e-46]
1842,[0.05111632563979605281415753926359047572350 +/- 3.95e-42],[0.3843235748524491140602568809040678082984 +/- 1.64e-41],[7.218114515956834816597483816585271150106e-5 +/- 3.13e-45],[6.820577531495663864304662459131282188631e-6 +/- 2.47e-46],[0.9242889442286396332576548618255085295271 +/- 7.86e-42],[0.4242889442286396332576548618255085295271 +/- 7.86e-42],[3.130942610465779559041975984528817859578e-6 +/- 4.04e-46]
1843,[0.05110950506226455715029323460113134444131 +/- 2.58e-42],[0.3843000328254521636478800494022995010365 +/- 2.44e-41],[7.213678666149976771868397887884816244624e-5 +/- 3e-48],[6.677259747652921285618165782295062768107e-6 +/- 2.98e-46],[0.9055445206340827395720239142871818174771 +/- 1.66e-41],[0.4055445206340827395720239142871818174771 +/- 1.66e-41],[2.990384284601500524177785376671372717238e-6 +/- 3.45e-48]
1844,[0.05110282780251690422900761643534904937854 +/- 6.79e-43],[0.3842775460554618562734169422939630896576 +/- 5.19e-42],[7.209247983118453319375778005362552493771e-5 +/- 4.39e-45],[6.671813891412322982233659745361456016644e-6 +/- 4.21e-46],[0.9054803504737285780384020589419829999594 +/- 3.07e-42],[0.4054803504737285780384020589419829999594 +/- 3.07e-42],[2.987684308742876845042917230984209353796e-6 +/- 2.73e-46]
1845,[0.05109615598862549190602538277560368792252 +/- 2.68e-42],[0.3842550779686794110807307308259568488245 +/- 3.39e-41],[7.204822458019862516679122916154408183976e-5 +/- 2.74e-45],[6.666375506868767718834359815080944356761e-6 +/- 2.87e-46],[0.9054162091687571771956924754195861774718 +/- 2.86e-41],[0.4054162091687571771956924754195861774718 +/- 2.86e-41],[2.984988185015417369970439380581114392130e-6 +/- 9.09e-48]
1846,[0.05108948961311862313830654841578860697817 +/- 4.09e-42],[0.3842326285399383060236668283986132887046 +/- 2.26e-41],[7.200402082031752259831897962511764587053e-5 +/- 1.72e-45],[6.798468823324393125849783362824538115490e-6 +/- 1.55e-46],[0.9240443198259051099499941831571811183714 +/- 1.69e-41],[0.4240443198259051099499941831571811183714 +/- 1.69e-41],[3.119820149522003972780676964806454792372e-6 +/- 2.42e-46]
1847,[0.05108269114429529874518069863242578244005 +/- 4.27e-43],[0.3842091633805527182939345230995769397105 +/- 4.75e-41],[7.195986846351564431694447861756028313122e-5 +/- 3.61e-45],[6.930347676577245869986537640308764457100e-6 +/- 2.14e-46],[0.9426726289968360258901543949419390535602 +/- 4.16e-41],[0.4426726289968360258901543949419390535602 +/- 4.16e-41],[3.254443941071360720071259695416263865118e-6 +/- 4.94e-46]
1848,[0.05107576079661872149931071209478547367559 +/- 3.33e-42],[0.3841846839112837991447069017792515151150 +/- 4.12e-41],[7.191576742196579236903062324011412296063e-5 +/- 6.73e-46],[6.924731996619204771872026340859421053521e-6 +/- 2.35e-46],[0.9426142709651146869746947322976497548393 +/- 3.98e-41],[0.4426142709651146869746947322976497548393 +/- 3.98e-41],[3.251579462269614533293416930523480333941e-6 +/- 3.76e-46]
1849,[0.05106883606462210229453884006844461425454 +/- 1.96e-43],[0.3841602242291844485733557115651953187950 +/- 3.29e-41],[7.187171760803859722770321878641437568558e-5 +/- 2.45e-45],[6.919123987924300683564826814667983058337e-6 +/- 5.00e-46],[0.9425559380227414878170441988911193168414 +/- 1.53e-41],[0.4425559380227414878170441988911193168414 +/- 1.53e-41],[3.248719023716563792722317889808418558095e-6 +/- 2.72e-47]
1850,[0.05106191694063417799385527524162994627148 +/- 1.47e-42],[0.3841357843079096111117352742648382290906 +/- 4.11e-41],[7.182771893430196485395058185473918917645e-5 +/- 4.47e-45],[6.913523635787111035339056690214533272404e-6 +/- 4.25e-46],[0.9424976301476393951237603559045590267976 +/- 3.90e-41],[0.4424976301476393951237603559045590267976 +/- 3.90e-41],[3.245862617528567230390876660088871751302e-6 +/- 2.28e-46]
1851,[0.05105500341699839088281993618493973173821 +/- 9.36e-43],[0.3841113641211634540384372924735162390384 +/- 4.95e-41],[7.178377131352052560263454093168675605136e-5 +/- 1.49e-45],[6.771112050436867444398778916177235160743e-6 +/- 4.92e-46],[0.9237733396895150638478372638593813903240 +/- 1.66e-41],[0.4237733396895150638478372638593813903240 +/- 1.66e-41],[3.106191360740045939956306802637463951495e-6 +/- 1.36e-46]
1852,[0.05104823230494795401537553740602355450305 +/- 1.68e-42],[0.3840879930708455176797966117878606467284 +/- 4.72e-41],[7.173987465865508496625983862064273928178e-5 +/- 1.55e-45],[6.765633423197656000379914391083431659641e-6 +/- 4.19e-46],[0.9237131916699967668168820922321603134573 +/- 1.74e-41],[0.4237131916699967668168820922321603134573 +/- 1.74e-41],[3.103439636094782416566214298419611758286e-6 +/- 3.29e-46]
1853,[0.05104146667152475635937515749163247107139 +/- 1.32e-42],[0.3840646410492916417331102663900627905959 +/- 2.83e-41],[7.169602888286207614938053379607878070304e-5 +/- 2.18e-46],[6.623558285062474651821809310804088563881e-6 +/- 2.01e-46],[0.9049886235871014745017932315357242405968 +/- 1.04e-41],[0.4049886235871014745017932315357242405968 +/- 1.04e-41],[2.964087816357193681855111934820310965527e-6 +/- 2.39e-46]
1854,[0.05103484311323969388472333568232166698282 +/- 4.80e-42],[0.3840423359898531898203128717816843656851 +/- 1.93e-41],[7.165223389949301446655343949573114250430e-5 +/- 1.40e-45],[6.618186917359052713203295366639074860868e-6 +/- 2.60e-47],[0.9049248493045798700571794314996048957669 +/- 9.97e-42],[0.4049248493045798700571794314996048957669 +/- 9.97e-42],[2.961426401585271907370826632377980330962e-6 +/- 1.03e-46]
1855,[0.05102822492632233483201013238695502790796 +/- 3.94e-42],[0.3840200493609422762903081968696801683781 +/- 1.27e-41],[7.160848962209395355677991417729790808935e-5 +/- 2.01e-45],[6.749272037849440916029682234924628306413e-6 +/- 3.10e-47],[0.9235320311778352253997791872219361439153 +/- 4.06e-41],[0.4235320311778352253997791872219361439153 +/- 4.06e-41],[3.095217922779012004356882099072437797321e-6 +/- 3.98e-47]
1856,[0.05102147565428448539109410270472010327966 +/- 2.49e-42],[0.3839967541970796458308589490955000550609 +/- 3.46e-42],[7.156479596440494340740845091952541759081e-5 +/- 5.09e-46],[6.743823022763872864225084904345972336166e-6 +/- 2.15e-46],[0.9234719666724420997042515538179813224132 +/- 2.10e-41],[0.4234719666724420997042515538179813224132 +/- 2.10e-41],[3.092481527762149454598243419250970026658e-6 +/- 3.55e-46]
1857,[0.05101473183126172151822987761981575730732 +/- 1.36e-42],[0.3839734779620564796153764032402920245679 +/- 2.85e-41],[7.152115284035949018050148208933687846279e-5 +/- 1.42e-45],[6.602185551069163008402678049064736224908e-6 +/- 2.00e-46],[0.9047479669939955924366117110723475082796 +/- 5.45e-42],[0.4047479669939955924366117110723475082796 +/- 5.45e-42],[2.953553118655541038501587145361998013852e-6 +/- 2.67e-46]
1858,[0.05100812964571065235522147494176669257110 +/- 3.56e-42],[0.3839512458118608947943851182605827515712 +/- 2.08e-41],[7.147756016408401783470063677177471830758e-5 +/- 2.32e-45],[6.460711790613791561354589964627212518534e-6 +/- 3.91e-46],[0.8860153646217408797150253933179478296905 +/- 2.76e-41],[0.3860153646217408797150253933179478296905 +/- 2.76e-41],[2.814775135005110810493596722241415629579e-6 +/- 3.67e-46]
1859,[0.05100166893392003856366012035180206535858 +/- 2.10e-42],[0.3839300567645228155053336053698672765264 +/- 1.44e-41],[7.143401784989733153565535570768238192367e-5 +/- 2.55e-45],[6.455455332656850756376399619634477505655e-6 +/- 4.56e-46],[0.8859463413863463012452838811476454357839 +/- 4.44e-41],[0.3859463413863463012452838811476454357839 +/- 4.44e-41],[2.812201203656652514175673743045600558390e-6 +/- 4.36e-46]
1860,[0.05099521347858738171290374395218243088107 +/- 2.26e-42],[0.3839088855808669547721839481664344096069 +/- 2.54e-41],[7.139052581231008284811028443988622625270e-5 +/- 3.17e-45],[6.450206048215317926050692703390416648331e-6 +/- 3.09e-46],[0.8858773495521657123138818299849917530507 +/- 1.88e-41],[0.3858773495521657123138818299849917530507 +/- 1.88e-41],[2.809630944067962401542708856406933066656e-6 +/- 4.29e-46]
1861,[0.05098876327253916639497769325947904046442 +/- 3.93e-42],[0.3838877322368296507468831628936996118487 +/- 3.10e-41],[7.134708396602423670277723066177853087966e-5 +/- 2.78e-45],[6.580937467677858500525525977865836664015e-6 +/- 8.67e-48],[0.9044968577134014095203937029105075732099 +/- 2.70e-41],[0.4044968577134014095203937029105075732099 +/- 2.70e-41],[2.943037893148273854218991869403965383766e-6 +/- 3.14e-46]
1862,[0.05098218233507148853647716773350117462776 +/- 9.15e-44],[0.3838655729083113210985164963428776131562 +/- 1.86e-41],[7.130369222593254013114768721728518970541e-5 +/- 6.55e-46],[6.575624237543660920557355033640865485843e-6 +/- 4.35e-46],[0.9044333146142385846023013090870619745977 +/- 8.67e-42],[0.4044333146142385846023013090870619745977 +/- 8.67e-42],[2.940406399317348747578828511377232629034e-6 +/- 3.10e-46]
1863,[0.05097560671083394487555661037846753376227 +/- 4.07e-42],[0.3838434318146379069412417694014024575317 +/- 4.89e-41],[7.126035050711799276143198863790798589731e-5 +/- 4.87e-45],[6.570318224781710485400675779301809755916e-6 +/- 3.77e-46],[0.9043697998529353141054605216119334900006 +/- 7.05e-42],[0.4043697998529353141054605216119334900006 +/- 7.05e-42],[2.937778623254687426693512918333444307646e-6 +/- 1.18e-46]
1864,[0.05096903639260916316507120970268823195252 +/- 1.86e-42],[0.3838213089314850275439230842512030834402 +/- 4.07e-41],[7.121705872485331906884108733562033989477e-5 +/- 1.78e-45],[6.565019415643719939479814034322921945692e-6 +/- 1.05e-46],[0.9043063134040038618605891765224788010183 +/- 3.44e-41],[0.4043063134040038618605891765224788010183 +/- 3.44e-41],[2.935154557722087196098171243065981273833e-6 +/- 4.73e-47]
1865,[0.05096247137319351944513172988865390903057 +/- 2.46e-42],[0.3837992042345736495732763607457052649186 +/- 3.59e-42],[7.117381679460044237345670640973537568970e-5 +/- 4.32e-45],[6.424099516411120487809658914972089596869e-6 +/- 3.26e-46],[0.8855468198319011726736347981114190704137 +/- 4.22e-41],[0.3855468198319011726736347981114190704137 +/- 4.22e-41],[2.796905915495375304845236863944792643401e-6 +/- 3.58e-47]
1866,[0.05095604727367710832464392022973893694098 +/- 4.42e-42],[0.3837781391911652282452136428086909665678 +/- 8.40e-42],[7.113062463200996057896525027646581236414e-5 +/- 9.89e-46],[6.554459889433061896540959314035119059486e-6 +/- 2.42e-46],[0.9041792998349318590507334507437273541124 +/- 6.48e-42],[0.4041792998349318590507334507437273541124 +/- 6.48e-42],[2.929924418078180978196883742209803634300e-6 +/- 3.40e-46]
1867,[0.05094949281378767526274737927042490182192 +/- 3.90e-42],[0.3837560707421943481971060607269981365769 +/- 3.74e-41],[7.108748215292062364556033279193945847317e-5 +/- 4.58e-45],[6.684668368972542973126196816715661748047e-6 +/- 4.20e-46],[0.9228197348330630793670927527278066945837 +/- 3.01e-41],[0.4228197348330630793670927527278066945837 +/- 3.01e-41],[3.062797207872054040554391394931840909219e-6 +/- 3.01e-46]
1868,[0.05094280814541870271977425307360818616017 +/- 1.95e-42],[0.3837329998436067708098472863668535425629 +/- 4.66e-41],[7.104438927335881279034811600830955052091e-5 +/- 2.38e-46],[6.679306660868100523441587910545017513672e-6 +/- 1.36e-46],[0.9227599169336790958718270626620248633828 +/- 3.12e-41],[0.4227599169336790958718270626620248633828 +/- 3.12e-41],[3.060105968306940084704455623036055610437e-6 +/- 4.41e-46]
1869,[0.05093612883875783461925081148569764114265 +/- 4.39e-42],[0.3837099475793798720507192070150776076683 +/- 4.57e-41],[7.100134590953802140861884196892939449804e-5 +/- 4.65e-45],[6.809213806363816212527782224625669258712e-6 +/- 4.01e-46],[0.9414005738098637842221668071358685321469 +/- 3.53e-41],[0.4414005738098637842221668071358685321469 +/- 3.53e-41],[3.192680103390375983055120738487602157312e-6 +/- 3.89e-46]
1870,[0.05092931962495147080303828370347301547340 +/- 4.34e-42],[0.3836858949053674010941186222167764458002 +/- 6.38e-42],[7.095835197785833770937698579823635323250e-5 +/- 5.37e-46],[6.668631883196327340602690018204775307045e-6 +/- 1.61e-47],[0.9226465328311607168263367650214549910054 +/- 2.08e-41],[0.4226465328311607168263367650214549910054 +/- 2.08e-41],[3.054771295256172688269851427270047006835e-6 +/- 4.06e-46]
1871,[0.05092265099306827447569768101345481069809 +/- 1.38e-42],[0.3836628795609443930473339753084481366052 +/- 1.86e-41],[7.091540739490592905855136155619969011971e-5 +/- 3.05e-45],[6.798315751042447434325935481215638303062e-6 +/- 2.21e-46],[0.9412819468525751634766323759187205477705 +/- 4.57e-41],[0.4412819468525751634766323759187205477705 +/- 4.57e-41],[3.187115210240399770552132781242625543643e-6 +/- 3.86e-46]
1872,[0.05091585267731723202826335507797359505979 +/- 4.44e-42],[0.3836388654042745973432701732295717231125 +/- 3.31e-41],[7.087251207745252802333527368244719297228e-5 +/- 4.38e-45],[6.792878250734741124357093534169639228697e-6 +/- 3.06e-46],[0.9412239885003310614309556061105980523460 +/- 2.56e-41],[0.4412239885003310614309556061105980523460 +/- 2.56e-41],[3.184343866927781963305291326693771122179e-6 +/- 1.75e-46]
1873,[0.05090905979906649728713899798443942542056 +/- 3.14e-42],[0.3836148704284346883704359350590405755890 +/- 3.99e-41],[7.082966594245492011113542712337288643463e-5 +/- 2.16e-45],[6.922215737763333932457905157893230630867e-6 +/- 4.37e-46],[0.9598533053268851824561588926951686890302 +/- 3.18e-41],[0.4598533053268851824561588926951686890302 +/- 3.18e-41],[3.316344038750992731024209241570322510747e-6 +/- 4.47e-46]
1874,[0.05090213758332873395320654007928153218993 +/- 4.01e-42],[0.3835898790220023488696906254688933081388 +/- 9.58e-42],[7.078686890705443319663678918390769585085e-5 +/- 1.44e-45],[6.782066776476902778218980911734602789820e-6 +/- 4.48e-46],[0.9411164024112072104429301773483672512479 +/- 3.12e-41],[0.4411164024112072104429301773483672512479 +/- 3.12e-41],[3.178863836276963133122763456888907679522e-6 +/- 3.47e-46]
1875,[0.05089535551655225705042832109836979758714 +/- 3.83e-42],[0.3835659219472215329425613844537672635349 +/- 4.72e-41],[7.074412088857642863051893653689101443728e-5 +/- 4.4e-47],[6.776651216797446816817143272799128243264e-6 +/- 1.93e-46],[0.9410585213509001344184756417306142497528 +/- 6.93e-42],[0.4410585213509001344184756417306142497528 +/- 6.93e-42],[3.176104033467398718992211193446591489495e-6 +/- 5.33e-47]
1876,[0.05088857886533545960361150395509699845889 +/- 2.92e-42],[0.3835419839778484889704725422400282335530 +/- 3.71e-41],[7.070142180452979402338762241524706393135e-5 +/- 2.28e-45],[6.771242947308437382338487906813204347029e-6 +/- 4.85e-46],[0.9410006648741041527112621392030985096556 +/- 4.35e-41],[0.4410006648741041527112621392030985096556 +/- 4.35e-41],[3.173348067917274874003803921700853836250e-6 +/- 4.53e-46]
1877,[0.05088180762238815116622916546719018525455 +/- 4.12e-42],[0.3835180650888048255382469782857617251782 +/- 3.28e-41],[7.065877157260643769851336255905756549767e-5 +/- 2.04e-46],[6.900072600755065545295025929883608313634e-6 +/- 1.74e-47],[0.9596106300581744274385758658498882600350 +/- 4.48e-41],[0.4596106300581744274385758658498882600350 +/- 4.48e-41],[3.304826578763436092610313187906998399054e-6 +/- 1.83e-46]
1878,[0.05087490754978739610068387044126030164623 +/- 2.26e-42],[0.3834931534294570972396511593379828569319 +/- 4.45e-41],[7.061617011068078480699676474025128175481e-5 +/- 3.26e-46],[7.028638231955203584038948982794395980492e-6 +/- 1.47e-47],[0.9782129367967766759067668212511308236397 +/- 8.16e-42],[0.4782129367967766759067668212511308236397 +/- 8.16e-42],[3.436047106054258662541845838576336724472e-6 +/- 4.17e-46]
1879,[0.05086787891155544089709983149227750725025 +/- 1.77e-42],[0.3834672508055303581018011848979182151234 +/- 1.01e-41],[7.057361733680927509900811638665823164887e-5 +/- 3.38e-45],[7.156937877637165018074313060753006082716e-6 +/- 5.41e-47],[0.9968073802232948420976990628802080297457 +/- 3.48e-41],[0.4968073802232948420976990628802080297457 +/- 3.48e-41],[3.567007656597901035911143095777212040344e-6 +/- 2.38e-48]
1880,[0.05086072197367780373208175717921675424417 +/- 9.56e-43],[0.3834403590382989351805547756802930347969 +/- 3.99e-41],[7.053111316922986234477639871482460209571e-5 +/- 2.92e-45],[7.151167976716263449124385994237922848882e-6 +/- 3.48e-46],[0.9967442175447991070879524596843527974336 +/- 1.02e-41],[0.4967442175447991070879524596843527974336 +/- 1.02e-41],[3.563904639322058270143666937228164633204e-6 +/- 4.49e-46]
1881,[0.05085357080570108746863263279322251632132 +/- 1.64e-43],[0.3834134887696087476519573490525802962712 +/- 4.22e-41],[7.048865752636151539903041459307112557770e-5 +/- 4.00e-45],[7.145405869557417113004412895708451458855e-6 +/- 3.30e-46],[0.9966810796329768537363532896542900780127 +/- 3.07e-41],[0.4966810796329768537363532896542900780127 +/- 3.07e-41],[3.560805933041776921160252504466047035484e-6 +/- 5.01e-47]
1882,[0.05084642539983153005151962838032680786986 +/- 1.31e-42],[0.3833866399712611033077148804741101245345 +/- 6.18e-42],[7.044625032680372090262210182424381039999e-5 +/- 2.70e-45],[7.006324277795983651231219385020854917844e-6 +/- 4.86e-46],[0.9780069256383130988227032075365903208241 +/- 4.54e-41],[0.4780069256383130988227032075365903208241 +/- 4.54e-41],[3.424384265856300712076816005459299203310e-6 +/- 4.96e-46]
1883,[0.05083941907555373406786839716094178701494 +/- 3.47e-42],[0.3833608179855435924688333404002696563198 +/- 3.76e-41],[7.040389148933598761508935438854390686322e-5 +/- 2.14e-45],[6.867565401371615653472803597944559155860e-6 +/- 4.00e-46],[0.9593466515404265776052878334240569538451 +/- 4.26e-42],[0.4593466515404265776052878334240569538451 +/- 4.26e-42],[3.288272457395452452402110873574027024292e-6 +/- 4.24e-46]
1884,[0.05083255151015236245221492435734384245579 +/- 2.40e-42],[0.3833360206216283476506150027610749132037 +/- 7.17e-42],[7.036158093291735237194279214350618405982e-5 +/- 3.45e-45],[6.862098230360260725334545308931226558259e-6 +/- 3.04e-47],[0.9592889384572866699579079500614561564008 +/- 4.20e-41],[0.4592889384572866699579079500614561564008 +/- 4.20e-41],[3.285439543251985093302284495638783904346e-6 +/- 3.99e-46]
1885,[0.05082568941192200219148958981203491122923 +/- 6.56e-43],[0.3833112428777493197523248505973406654461 +/- 3.96e-41],[7.031931857668588766048790525910105768187e-5 +/- 2.53e-46],[6.989468210813314309953683806512665421754e-6 +/- 3.23e-46],[0.9778138997079211353220612259216357556353 +/- 2.25e-41],[0.4778138997079211353220612259216357556353 +/- 2.25e-41],[3.415440365176680232183129105185469185003e-6 +/- 2.91e-46]
1886,[0.05081869994371118887717963612822839856381 +/- 2.41e-42],[0.3832854828974443500025602031357130158824 +/- 1.10e-41],[7.027710433995821080802085398528245065043e-5 +/- 4.52e-45],[7.116498739706799444329054366706063015218e-6 +/- 3.81e-46],[0.9963202829868087473778937655989860322563 +/- 2.71e-41],[0.4963202829868087473778937655989860322563 +/- 2.71e-41],[3.545107661341579769190131997243159525401e-6 +/- 1.66e-46]
1887,[0.05081158344497148207773530707386169250079 +/- 2.38e-42],[0.3832587430595141292055216653385141423783 +/- 3.45e-41],[7.023493814222899477626292791706817378055e-5 +/- 1.74e-45],[7.243150653855138046043659613013505788550e-6 +/- 3.61e-46],[1.014802642422978295616785430164860863409 +/- 2.04e-40],[0.5148026424229782956167854301648608634088 +/- 3.83e-42],[3.674402233688859154177312348568553725817e-6 +/- 7.68e-47]
1888,[0.05080434029431762693968926341424867899500 +/- 3.83e-42],[0.3832310260390796690786571076438863112330 +/- 1.87e-41],[7.019281990317048055592526244419222987900e-5 +/- 3.77e-45],[7.237288265886571873416996076524474692303e-6 +/- 1.63e-46],[1.014734366874709239310303996777239867679 +/- 3.79e-41],[0.5147343668747092393103039967772398676790 +/- 3.78e-41],[3.671188357308147519184255086442134987395e-6 +/- 3.43e-46]
1889,[0.05079710300605174036781584641817215452031 +/- 1.52e-42],[0.3832033313178226697189702908825532877949 +/- 1.16e-42],[7.015074954263199115532187425009555754525e-5 +/- 4.04e-45],[7.363254771027459152454332328225290481571e-6 +/- 3.82e-46],[1.033162349462451678029678654014243797022 +/- 5.00e-40],[0.5331623494624516780296786540142437970225 +/- 5.95e-43],[3.799799920558644883802673037743442114912e-6 +/- 3.52e-46]
1890,[0.05078973975128071290866339208584392922983 +/- 5.24e-44],[0.3831746643652778192811777516578834318689 +/- 2.69e-41],[7.010872698063944717697541325595475627401e-5 +/- 3.66e-45],[7.357241103410108874277607814461403484191e-6 +/- 2.06e-47],[1.033087065208548691928106437730127530172 +/- 9.64e-41],[0.5330870652085486919281064377301275301721 +/- 3.69e-42],[3.796437105769838911921092002321675741643e-6 +/- 1.29e-46]
1891,[0.05078238251017730279978911447802946782635 +/- 4.25e-42],[0.3831460207747588860329371892303899451730 +/- 4.69e-41],[7.006675213739488397618623598289012017824e-5 +/- 3.33e-45],[7.220012341869164819740925076283086703578e-6 +/- 3.55e-46],[1.014572029383657350462580913934673469427 +/- 3.70e-40],[0.5145720293836573504625809139346734694266 +/- 3.07e-41],[3.661855733582194715419075875565456273368e-6 +/- 1.53e-46]
1892,[0.05077516249783543363496937355295318473964 +/- 2.18e-42],[0.3831183906460421576561748571025893449431 +/- 3.57e-41],[7.002482493327597039556148561864574921847e-5 +/- 2.9e-47],[7.214181349446984567789820184658449876206e-6 +/- 4.14e-46],[1.014503865202870412491042761558714746290 +/- 4.72e-40],[0.5145038652028704124910427615587147462895 +/- 2.82e-41],[3.658659484577418894377723620004048552218e-6 +/- 4.71e-46]
1893,[0.05076794831648598665040158373276852628977 +/- 4.03e-42],[0.3830907827010283907653494020533902510767 +/- 8.24e-42],[6.998294528883552906952681780902097695841e-5 +/- 8.94e-46],[7.077647174609485600155205331958668758660e-6 +/- 3.06e-46],[0.9960406992676800812881354022678459731261 +/- 3.48e-41],[0.4960406992676800812881354022678459731261 +/- 3.48e-41],[3.524756625150416991362793801281640363616e-6 +/- 4.72e-46]
1894,[0.05076087066931137716480142852743656762101 +/- 2.69e-42],[0.3830641833145286627915182195938680976572 +/- 3.12e-41],[6.994111312480105829286923903022994810931e-5 +/- 4.76e-45],[6.941494933103689322269653405991436141499e-6 +/- 1.67e-46],[0.9776004948992261545470895176110008286223 +/- 1.01e-41],[0.4776004948992261545470895176110008286223 +/- 1.01e-41],[3.391223135307986280403131503755170754437e-6 +/- 1.23e-46]
1895,[0.05075392917437827347547915887403057618487 +/- 4.19e-42],[0.3830385898412997701728655573420458853883 +/- 1.88e-41],[6.989932836207425544738522701322777858096e-5 +/- 4.96e-45],[6.805688892777943045350890949945847741147e-6 +/- 4.75e-46],[0.9591784760583519301645806354073242942725 +/- 3.78e-41],[0.4591784760583519301645806354073242942725 +/- 3.78e-41],[3.258023331752615794772336684332988397102e-6 +/- 3.66e-46]
1896,[0.05074712348548549553243380798308063033712 +/- 4.67e-42],[0.3830139999047207168792751770821487718121 +/- 3.92e-41],[6.985759092173054198073388075792288339064e-5 +/- 4.90e-45],[6.800307158192729124250567542916994803167e-6 +/- 3.48e-46],[0.9591212188996233172543592865166978603942 +/- 1.87e-41],[0.4591212188996233172543592865166978603942 +/- 1.87e-41],[3.255235365289138792159200084711204440054e-6 +/- 3.56e-46]
1897,[0.05074032317832730280330955741553771334232 +/- 1.51e-42],[0.3829894292938795574713030757782821946503 +/- 6.79e-42],[6.981590072501858993162030186317967962316e-5 +/- 4.83e-45],[6.664980059081022001802753533889141135770e-6 +/- 4.62e-46],[0.9407219644789582146957137007951811452681 +/- 1.08e-41],[0.4407219644789582146957137007951811452681 +/- 1.08e-41],[3.122498693307563298591602149661887428024e-6 +/- 8.41e-47]
1898,[0.05073365819826822178130775466200382420119 +/- 4.27e-42],[0.3829658589376982405483139707382529884193 +/- 3.00e-41],[6.977425769335984999545973987274176925722e-5 +/- 2.12e-45],[6.789536602247707334737141829246347431497e-6 +/- 3.68e-46],[0.9590002817156055320505863279425781486487 +/- 7.58e-42],[0.4590002817156055320505863279425781486487 +/- 7.58e-42],[3.249633261394901835162996250740011748462e-6 +/- 3.61e-47]
1899,[0.05072686866166597407397301752017457785375 +/- 4.24e-42],[0.3829413271874281637531793540752488846184 +/- 3.11e-41],[6.973266174834808112469824275888992224708e-5 +/- 2.56e-45],[6.784176320614489366948958144546116786778e-6 +/- 1.36e-46],[0.9589430893664060295220269620069244286031 +/- 1.81e-41],[0.4589430893664060295220269620069244286031 +/- 1.81e-41],[3.246856746677657477191487446640513408750e-6 +/- 4.87e-46]
1900,[0.05072008448534535958460606856203003173697 +/- 2.55e-42],[0.3829168146879755022842803540696948574843 +/- 4.46e-41],[6.969111281174888165799064019211316054763e-5 +/- 3.17e-45],[6.778823167899045721753117078381724174508e-6 +/- 2.65e-46],[0.9588859204574808119913640192970647686578 +/- 4.14e-41],[0.4588859204574808119913640192970647686578 +/- 4.14e-41],[3.244084038209408049684164675888549796498e-6 +/- 2.73e-46]
1901,[0.05071330566217746053888431544495165001279 +/- 2.95e-42],[0.3828923214144246148489211074955698726517 +/- 3.48e-41],[6.964961080549922197246165252976583438575e-5 +/- 2.30e-45],[6.902735678092152310082499649426412341959e-6 +/- 2.12e-46],[0.9771261445713849956758854598126700883522 +/- 6.61e-42],[0.4771261445713849956758854598126700883522 +/- 6.61e-42],[3.370573676061172178223238586250773268293e-6 +/- 5.23e-47]
1902,[0.05070640292649936838657423294530222360045 +/- 9.91e-43],[0.3828668713544017486778067354307959094744 +/- 2.24e-41],[6.960815565170697865330076314921384820759e-5 +/- 2.52e-45],[7.026293903792858007193799006736386774443e-6 +/- 2.94e-46],[0.9953444207717578013313692594651939050015 +/- 4.17e-42],[0.4953444207717578013313692594651939050015 +/- 4.17e-42],[3.496714716346919715533248662317086151373e-6 +/- 2.01e-47]
1903,[0.05069937663259557552856703914629548721368 +/- 3.46e-42],[0.3828404670081569886371514949690917182277 +/- 9.15e-42],[6.956674727265047017496621649712306876967e-5 +/- 3.11e-45],[6.891925575400631136293173152793296752189e-6 +/- 7.65e-47],[0.9770263264668997827659958244989635743727 +/- 9.57e-42],[0.4770263264668997827659958244989635743727 +/- 9.57e-42],[3.364934854319933903723079572011661151327e-6 +/- 1.39e-46]
1904,[0.05069248470702017489743074597314269391692 +/- 4.36e-42],[0.3828150559885137594094126510661151481487 +/- 4.99e-41],[6.952538559077799408829810966829971113931e-5 +/- 4.02e-45],[6.886475932814643227402746244008254644360e-6 +/- 2.11e-46],[0.9769673577419049710388239103753292788005 +/- 3.89e-41],[0.4769673577419049710388239103753292788005 +/- 3.89e-41],[3.362061387004448934326430901935943974984e-6 +/- 1.18e-47]
1905,[0.05068559823108736025420334322689868566228 +/- 2.6e-45],[0.3827896649031437560244081652222392273330 +/- 1.56e-41],[6.948407052870736570786503210307108334673e-5 +/- 2.87e-45],[7.009422296579406849197388311140624668145e-6 +/- 1.70e-46],[0.9951359159399201862167319797282608798408 +/- 3.64e-41],[0.4951359159399201862167319797282608798408 +/- 3.64e-41],[3.487580614300807413093683472311173558103e-6 +/- 2.00e-46]
1906,[0.05067858880879078084735414583858754503761 +/- 1.86e-42],[0.3827633240365144246016114303753452624482 +/- 1.93e-41],[6.944280200922545829389307673606220437371e-5 +/- 1.06e-45],[6.875670273506982804709253373599063786868e-6 +/- 4.00e-46],[0.9768621818908783000109391272198209643870 +/- 2.77e-41],[0.4768621818908783000109391272198209643870 +/- 2.77e-41],[3.356407064751175543452191431099142636777e-6 +/- 3.49e-46]
1907,[0.05067171313851727386454943658521394597382 +/- 4.99e-42],[0.3827379721319892969289253766114185815083 +/- 4.91e-41],[6.940157995528774472315029727212198692878e-5 +/- 1.04e-45],[6.998243211890350184887931728537747072700e-6 +/- 3.51e-46],[0.9950023146280014490264628329023613902013 +/- 1.62e-41],[0.4950023146280014490264628329023613902013 +/- 1.62e-41],[3.481546261036139094560178231461482322218e-6 +/- 4.12e-46]
1908,[0.05066471489530538351436454865348540822675 +/- 2.29e-42],[0.3827116731900609134571516619817523708329 +/- 2.41e-41],[6.936040429001784064318382083412396333420e-5 +/- 1.54e-45],[6.992685709459310448745174689024203866928e-6 +/- 2.95e-46],[0.9949397778682306256722506896352951301904 +/- 4.80e-41],[0.4949397778682306256722506896352951301904 +/- 4.80e-41],[3.478560601082440134074891416099115146154e-6 +/- 4.12e-46]
1909,[0.05065772220959592420391580347879638402289 +/- 4.65e-42],[0.3826853949785757160110956355169358721818 +/- 1.32e-41],[6.931927493670704910433084364577621281297e-5 +/- 3.94e-46],[6.859584038700617259986837252823325068963e-6 +/- 4.61e-46],[0.9767155811241356507285428503277194782999 +/- 3.23e-41],[0.4767155811241356507285428503277194782999 +/- 3.23e-41],[3.348027465186306475514845259768321353781e-6 +/- 3.63e-46]
1910,[0.05065086262555722358665581664154356069782 +/- 3.61e-42],[0.3826601011047516750298850190950352078342 +/- 8.03e-42],[6.927819181881390666394864030013519904348e-5 +/- 4.65e-45],[6.981554719614579945423213591486520255557e-6 +/- 4.07e-46],[0.9948068349853227033567083946773216032735 +/- 4.00e-41],[0.4948068349853227033567083946773216032735 +/- 4.00e-41],[3.472554542852834426025669833160053642451e-6 +/- 4.92e-46]
1911,[0.05064388107083760900671039342795207417756 +/- 8.37e-43],[0.3826338646288582151891849538133287448029 +/- 2.91e-41],[6.923715485996373095733250513731063683211e-5 +/- 4.09e-45],[6.976019341032098089090685535109105436660e-6 +/- 1.44e-46],[0.9947443631820585251409150432179269246829 +/- 1.52e-41],[0.4947443631820585251409150432179269246829 +/- 1.52e-41],[3.469581104620928729464352990824140570049e-6 +/- 2.01e-47]
1912,[0.05063690505149657690862130274241696507212 +/- 4.18e-42],[0.3826076488033171122313684722718063065662 +/- 3.62e-41],[6.919616398394816972981421792534843191121e-5 +/- 1.64e-45],[6.970491316206931454985205337415949465407e-6 +/- 5.43e-47],[0.9946819155669116518237540625427998758913 +/- 2.91e-42],[0.4946819155669116518237540625427998758913 +/- 2.91e-42],[3.466611730623960879071768750255607347530e-6 +/- 7.77e-47]
1913,[0.05062993456018036997716631753707954912266 +/- 1.24e-42],[0.3825814536014766356537778450022506790829 +/- 2.35e-41],[6.915521911472475132455718601537749692326e-5 +/- 2.17e-46],[7.091699575839782839533194885159442273092e-6 +/- 2.26e-46],[1.012716779958297827665011366750184169893 +/- 3.68e-41],[0.5127167799582978276650113667501841698930 +/- 3.68e-41],[3.590375357566334022265936646746033772913e-6 +/- 3.60e-46]
1914,[0.05062284286060453019432678434219438968039 +/- 4.33e-42],[0.3825543213123645337270547002794882864852 +/- 3.22e-41],[6.911432017641643662058786203113415864881e-5 +/- 1.32e-46],[6.959556565814004389148947054805632227263e-6 +/- 2.76e-46],[0.9945737722746253021247028631481642367599 +/- 3.51e-41],[0.4945737722746253021247028631481642367599 +/- 3.51e-41],[3.460793196105765946776765654070071922010e-6 +/- 2.38e-46]
1915,[0.05061588330403871618993763539513958404816 +/- 1.59e-42],[0.3825281664615668717121461692391836486517 +/- 4.05e-41],[6.907346709331117241562637055572693581655e-5 +/- 3.16e-45],[6.827801286574142297033165896322143404746e-6 +/- 2.08e-46],[0.9764562771131923522775776102064425639263 +/- 4.39e-41],[0.4764562771131923522775776102064425639263 +/- 4.39e-41],[3.331586736773745653612762094609654338287e-6 +/- 1.76e-46]
1916,[0.05060905550275214204764060222924326190475 +/- 3.67e-42],[0.3825029863458064276435665640819388858473 +/- 3.92e-41],[6.903265978986144624830249979325088675693e-5 +/- 3.70e-46],[6.822437625528053705650352074674615883531e-6 +/- 1.01e-46],[0.9763976803617030214309028601222413851308 +/- 2.68e-42],[0.4763976803617030214309028601222413851308 +/- 2.68e-42],[3.328759914720349749491597735573082587790e-6 +/- 4.62e-46]
1917,[0.05060223306512661399393495187716858728887 +/- 1.38e-43],[0.3824778258582574346882552173866559093718 +/- 4.85e-43],[6.899189819068384265436632540438727774371e-5 +/- 4.27e-45],[6.817081048097001500956894567600778960701e-6 +/- 3.65e-46],[0.9763391068499356758366997893235483709140 +/- 1.69e-41],[0.4763391068499356758366997893235483709140 +/- 1.69e-41],[3.325936936246530543451785468158486599775e-6 +/- 1.12e-46]
1918,[0.05059541598407851699243399498260098650991 +/- 5.64e-43],[0.3824526849737211550021074285790345970173 +/- 8.57e-42],[6.895118222055860085152573423474256948915e-5 +/- 3.58e-45],[6.937390346201776402626172246945526766388e-6 +/- 4.97e-46],[0.9942904043306154945562984142816917220682 +/- 6.49e-42],[0.4942904043306154945562984142816917220682 +/- 6.49e-42],[3.448776599158615316241484493230977338306e-6 +/- 3.25e-46]
1919,[0.05058847859373231521603136881035404098314 +/- 3.05e-42],[0.3824266137418313763508108200586032049060 +/- 4.12e-41],[6.891051180442917384756600606025307356408e-5 +/- 1.49e-45],[6.806487705143703320989285103607666865281e-6 +/- 1.22e-46],[0.9762385982508721363215674689594867673647 +/- 1.75e-42],[0.4762385982508721363215674689594867673647 +/- 1.75e-42],[3.320409753842200040878124019894971093059e-6 +/- 1.52e-46]
1920,[0.05058167210602717151271037952525043331628 +/- 2.24e-42],[0.3824015111769154860002353997996487005912 +/- 6.59e-43],[6.886988686740178896642939234994326465746e-5 +/- 4.12e-45],[6.801152295368828953730362892464158173746e-6 +/- 4.66e-46],[0.9761801060135890023417218982831952023664 +/- 3.93e-41],[0.4761801060135890023417218982831952023664 +/- 3.93e-41],[3.317598259862724865066242719363864414318e-6 +/- 4.64e-46]
1921,[0.05057487095373180268375664916235796915810 +/- 4.03e-42],[0.3823764281396543689424593238089309993572 +/- 1.96e-41],[6.882930733474500978695530297370633992202e-5 +/- 4.20e-45],[6.670745512396983506931801291083124510675e-6 +/- 2.67e-46],[0.9581559364650479281896713514054955564108 +/- 2.60e-41],[0.4581559364650479281896713514054955564108 +/- 2.60e-41],[3.189712176107508791967137205385440033545e-6 +/- 1.13e-46]
1922,[0.05056820020821940570024971736106688603359 +/- 3.35e-42],[0.3823523103380552149817764126482823353315 +/- 4.28e-41],[6.878877313188929948900427533922101398452e-5 +/- 3.88e-45],[6.665545669213614484551420469466858100369e-6 +/- 3.01e-46],[0.9580995852628069765927663492007608544150 +/- 5.77e-43],[0.4580995852628069765927663492007608544150 +/- 5.77e-43],[3.187021217402452549760259064570754016102e-6 +/- 4.80e-47]
1923,[0.05056153466255019208576516594059741917549 +/- 2.98e-42],[0.3823282112253736274226149615570085944387 +/- 3.17e-41],[6.874828418442658560171135620191213972867e-5 +/- 2.62e-46],[6.535551457702124971193595183510292706191e-6 +/- 3.77e-46],[0.9400915128250918082972826655088165216858 +/- 7.66e-42],[0.4400915128250918082972826655088165216858 +/- 7.66e-42],[3.059532703920389000830150287194211386997e-6 +/- 5.22e-47]
1924,[0.05055499911109248996079397234541390888279 +/- 3.22e-42],[0.3823050745445505605845747670119700488890 +/- 3.82e-41],[6.870784041810982614863687492594686896705e-5 +/- 1.58e-45],[6.530474157501735423563926922867268038441e-6 +/- 3.34e-46],[0.9400356284093889706706318359427220758824 +/- 2.24e-41],[0.4400356284093889706706318359427220758824 +/- 2.24e-41],[3.056949346239108508852715670823020283761e-6 +/- 4.54e-46]
1925,[0.05054846863693498822537040841849104161475 +/- 1.66e-42],[0.3822819558110575793533720639237963298983 +/- 4.58e-41],[6.866744175885257718460482885025510651313e-5 +/- 8.9e-47],[6.525403511491275142155913298369380658718e-6 +/- 3.51e-46],[0.9399797671782534872416904208645271955675 +/- 5.72e-43],[0.4399797671782534872416904208645271955675 +/- 5.72e-43],[3.054369485365355719481311477495881008195e-6 +/- 3.44e-46]
1926,[0.05054194323342349695022825250519267223409 +/- 3.73e-43],[0.3822588550019565836789329736971186769997 +/- 2.36e-41],[6.862708813272856171904123719579645695673e-5 +/- 2.51e-45],[6.520339507429190191747252591876861687516e-6 +/- 3.68e-46],[0.9399239291120023707628536056480230088996 +/- 1.84e-41],[0.4399239291120023707628536056480230088996 +/- 1.84e-41],[3.051793114749671893418477440484554731823e-6 +/- 4.80e-46]
1927,[0.05053542289391606776003650525260079537240 +/- 2.12e-42],[0.3822357720943506200442380931212705464531 +/- 1.30e-41],[6.858677946597124002064685019981118422048e-5 +/- 2.34e-45],[6.391004341448269957832345795695134006838e-6 +/- 2.94e-46],[0.9219403051886963143595621884564408476334 +/- 2.95e-41],[0.4219403051886963143595621884564408476334 +/- 2.95e-41],[2.924942436203654502979841121659637624439e-6 +/- 3.33e-46]
1928,[0.05052903188957461949007867290680510023840 +/- 4.73e-42],[0.3822136471322370294517732753516004951148 +/- 2.25e-42],[6.854651568497338129826052543737808242172e-5 +/- 4.24e-45],[6.386049737989692823953151347793723567061e-6 +/- 2.42e-46],[0.9218832829304724079025515099696841980995 +/- 1.37e-41],[0.4218832829304724079025515099696841980995 +/- 1.37e-41],[2.922460661024445998327619879073070514252e-6 +/- 2.20e-46]
1929,[0.05052264583983662979725471975545730651483 +/- 1.79e-42],[0.3821915394274566036612020819271373518464 +/- 2.84e-41],[6.850629671628663675279140414480908412165e-5 +/- 1.46e-45],[6.257090552923502987778375731494622286859e-6 +/- 9.77e-47],[0.9039114069498687143311585961529770610366 +/- 3.04e-42],[0.4039114069498687143311585961529770610366 +/- 3.04e-42],[2.795971186127790166776236062595757435459e-6 +/- 3.21e-46]
1930,[0.05051638874928370629426694137972581189254 +/- 1.36e-42],[0.3821703871357532894543124038655320554580 +/- 1.01e-41],[6.846612248662111399511973734457416269526e-5 +/- 3.30e-45],[6.376149613471509281527638286864418534072e-6 +/- 7.53e-47],[0.9217655524384289389889994621252239952451 +/- 2.17e-41],[0.4217655524384289389889994621252239952451 +/- 2.17e-41],[2.917488353781282265585219364328375135572e-6 +/- 4.76e-46]
1931,[0.05051001259967023478498541374143894747401 +/- 2.72e-42],[0.3821483140219646876037568481493223423891 +/- 2.2e-44],[6.842599292284495282488782523570994981666e-5 +/- 2.65e-45],[6.495015025363098561064391665938114885362e-6 +/- 3.71e-46],[0.9396185443642436366340856244313578890754 +/- 1.59e-41],[0.4396185443642436366340856244313578890754 +/- 1.59e-41],[3.038817260685253678301690543200840707966e-6 +/- 2.00e-46]
1932,[0.05050351758464487168642434934977300935912 +/- 1.92e-42],[0.3821253213854532840848353803104314732672 +/- 3.42e-41],[6.838590795198390236512404420198506918352e-5 +/- 2.49e-45],[6.489990275656554129745014217782158176247e-6 +/- 1.75e-46],[0.9395627819320573744382214396590487663328 +/- 1.18e-43],[0.4395627819320573744382214396590487663328 +/- 1.18e-43],[3.036261370861629553174376681349893817942e-6 +/- 3.59e-47]
1933,[0.05049702759436921513229460433555522720095 +/- 4.33e-42],[0.3821023465164419281785079509050240431610 +/- 4.13e-41],[6.834586750122089954766434444428235504208e-5 +/- 4.96e-45],[6.608439868840174125164724050225402397583e-6 +/- 7.17e-47],[0.9573943753188818095130551811592950819514 +/- 2.15e-41],[0.4573943753188818095130551811592950819514 +/- 2.15e-41],[3.157176711669920203505562757101763308762e-6 +/- 2.24e-47]
1934,[0.05049041915450037495816943961150500179855 +/- 1.92e-42],[0.3820784550689044631092488595211493132544 +/- 4.39e-41],[6.830587149789564894435690820238494014511e-5 +/- 3.46e-45],[6.480049265545527079049871921820736452165e-6 +/- 3.67e-46],[0.9394665016426600452556623575693361879972 +/- 4.67e-41],[0.4394665016426600452556623575693361879972 +/- 4.67e-41],[3.031257182903335387302967350947790815468e-6 +/- 3.20e-46]
1935,[0.05048393910523482943109038973958318106210 +/- 4.08e-42],[0.3820555149310224251658487510587268504096 +/- 9.14e-42],[6.826591986950420393905686433017567863242e-5 +/- 3.93e-45],[6.475044170898980099546686130152895240814e-6 +/- 1.61e-46],[0.9394108218862907197293568387304653858709 +/- 3.90e-41],[0.4394108218862907197293568387304653858709 +/- 3.90e-41],[3.028711629244089474220020454993532193947e-6 +/- 2.95e-46]
1936,[0.05047746406106393045099084305345302816686 +/- 4.89e-42],[0.3820325924927193988232935203112454247871 +/- 3.85e-41],[6.822601254369854923543906015963711614706e-5 +/- 3.76e-45],[6.470045598003179261427072872099042205070e-6 +/- 3.14e-46],[0.9393551651196615312592270660136946463236 +/- 2.21e-41],[0.4393551651196615312592270660136946463236 +/- 2.21e-41],[3.026169501798938830626133121824651105061e-6 +/- 2.30e-46]
1937,[0.05047099401546592727172941598058092912465 +/- 4.14e-44],[0.3820096877315004983259699176197567071995 +/- 3.90e-42],[6.818614944828618469567789666235491493694e-5 +/- 3.64e-45],[6.342242451140392091554007045881538712192e-6 +/- 4.77e-46],[0.9214564627670145523616821433089001070107 +/- 3.95e-41],[0.4214564627670145523616821433089001070107 +/- 3.95e-41],[2.900819710398274725189089122343916709875e-6 +/- 1.08e-46]
1938,[0.05046465177301478687963786197353504758594 +/- 2.16e-42],[0.3819877302325768361673265729164838144800 +/- 1.54e-41],[6.814633051122971050506413841880641350035e-5 +/- 3.67e-45],[6.214654648638201221414184446819594166296e-6 +/- 1.20e-46],[0.9035605227015410554456938252391869327279 +/- 4.26e-41],[0.4035605227015410554456938252391869327279 +/- 4.26e-41],[2.775673809780221143177491233744749650970e-6 +/- 1.53e-46]
1939,[0.05045843711836614867841644778908822799177 +/- 1.56e-42],[0.3819667185826422481395628535986567927759 +/- 3.97e-43],[6.810655566064641365764941635884465323672e-5 +/- 3.28e-45],[6.087274327240727218504021163642002590015e-6 +/- 4.57e-46],[0.8856663945495298524815225913802368983934 +/- 1.39e-41],[0.3856663945495298524815225913802368983934 +/- 1.39e-41],[2.650723971089496082380659783096359115242e-6 +/- 1.17e-46]
1940,[0.05045234984403890795119794376792458598918 +/- 1.54e-42],[0.3819466514272422469387097180882432099690 +/- 2.37e-41],[6.806682482480785575802984916173432123884e-5 +/- 3.12e-45],[6.082550837703999766718143032406731418609e-6 +/- 3.16e-46],[0.8856025555308878046905089743404076638088 +/- 4.65e-41],[0.3856025555308878046905089743404076638088 +/- 4.65e-41],[2.648419578869881477236048658891627597876e-6 +/- 2.56e-46]
1941,[0.05044626729320120395143122562489217925776 +/- 2.93e-42],[0.3819266003522997691540282916418916982717 +/- 3.46e-41],[6.802713793213946213440081911812697055580e-5 +/- 4.35e-45],[5.955461812172043165532837229005117150654e-6 +/- 4.04e-46],[0.8677092203230417527015815736696889407470 +/- 2.28e-41],[0.3677092203230417527015815736696889407470 +/- 2.28e-41],[2.523746628855869234391097742645069804017e-6 +/- 1.73e-47]
1942,[0.05044031183138903190826569278766317414061 +/- 2.28e-42],[0.3819074918712030097133802869293859241859 +/- 4.22e-41],[6.798749491122011225803545067376450995222e-5 +/- 2.12e-45],[5.828513410982889941043544341664214481207e-6 +/- 2.08e-46],[0.8498083661766192961108158009858166807492 +/- 3.28e-41],[0.3498083661766192961108158009858166807492 +/- 3.28e-41],[2.399202967025972513185894636297997891143e-6 +/- 4.54e-46]
1943,[0.05043448331797804901832464924332150992613 +/- 1.07e-42],[0.3818893251340489769662511987512549217308 +/- 3.38e-41],[6.794789569078173146435975530679553279298e-5 +/- 4.92e-45],[5.701663598872521392321838450277688587146e-6 +/- 2.23e-46],[0.8318940288591979941790716494830581773042 +/- 2.59e-41],[0.3318940288591979941790716494830581773042 +/- 2.59e-41],[2.274746587164077593416617654138549136970e-6 +/- 1.76e-46]
1944,[0.05042878165437917649693232740487123223754 +/- 3.93e-42],[0.3818720996087275120566795511430640735166 +/- 2.28e-41],[6.790834019970888397081772534575770012889e-5 +/- 4.12e-45],[5.697105242952019396988341610470930944336e-6 +/- 3.38e-46],[0.8318071614280492818573072195225422166819 +/- 2.36e-41],[0.3318071614280492818573072195225422166819 +/- 2.36e-41],[2.272570382509600086310539669745141637467e-6 +/- 1.77e-46]
1945,[0.05042308454913622447753533906326076130660 +/- 4.15e-43],[0.3818548893940051729186401172954962351844 +/- 4.18e-41],[6.786882836703836718673988231897458080060e-5 +/- 4.16e-45],[5.570356593835544878191121265107517739627e-6 +/- 3.71e-46],[0.8138666281368450246288821040226208541265 +/- 1.64e-41],[0.3138666281368450246288821040226208541265 +/- 1.64e-41],[2.148200922833554289121993506655988959195e-6 +/- 1.82e-46]
1946,[0.05041751419254238893265714794199565378886 +/- 4.11e-44],[0.3818386199271574332943319792937226104119 +/- 3.03e-41],[6.782936012195880731044891294088324515685e-5 +/- 1.25e-45],[5.688036546761839901672301642856272704317e-6 +/- 9.74e-48],[0.8316359086392505724613456340153746399641 +/- 2.96e-42],[0.3316359086392505724613456340153746399641 +/- 2.96e-42],[2.268248820141912989018983673112183757764e-6 +/- 2.66e-46]
1947,[0.05041182615599562709275547564035279751616 +/- 4.36e-42],[0.3818214401085102960533675626253899995579 +/- 2.89e-41],[6.778993539381025620885605838630657330184e-5 +/- 4.33e-45],[5.805686651076235563743019770087537092433e-6 +/- 3.82e-46],[0.8494267751347092722148166713441751397358 +/- 2.25e-41],[0.3494267751347092722148166713441751397358 +/- 2.25e-41],[2.388272212877297968391937958258408408374e-6 +/- 6.38e-47]
1948,[0.05040602046934455085719173262058270997906 +/- 3.21e-42],[0.3818033500009576612836542688962243434558 +/- 3.71e-42],[6.775055411208378957482186057669772698651e-5 +/- 3.93e-45],[5.801117187284302135347810463645354280375e-6 +/- 2.27e-48],[0.8493493915577105282031622093348024341692 +/- 4.81e-41],[0.3493493915577105282031622093348024341692 +/- 4.81e-41],[2.386081369901171006301717617348011449180e-6 +/- 4.86e-46]
1949,[0.05040021935215726655505638481011906462478 +/- 2.84e-42],[0.3817852752634998006913420661224609287615 +/- 1.68e-41],[6.771121620642110635757471329684655411012e-5 +/- 2.97e-45],[5.918638947741021753432006619128324351121e-6 +/- 2.66e-46],[0.8671591498457579420977273150351586621459 +/- 3.15e-41],[0.3671591498457579420977273150351586621459 +/- 3.15e-41],[2.505978798336051972416257421893872575357e-6 +/- 2.28e-47]
1950,[0.05039430071320952553330295280349993630043 +/- 1.72e-42],[0.3817662910089779968555359349761236128373 +/- 1.19e-41],[6.767192160661412946150041656754665248272e-5 +/- 3.51e-45],[5.914034441371046554527737436146787984188e-6 +/- 3.71e-46],[0.8670894890520488041179926697180062377997 +/- 3.28e-41],[0.3670894890520488041179926697180062377997 +/- 3.28e-41],[2.503755274086593029225911247297371160565e-6 +/- 1.87e-46]
1951,[0.05038838667876815448674842506606378951245 +/- 2.48e-42],[0.3817473223153044183291765873283774052906 +/- 3.49e-41],[6.763267024260460770863559030755774287385e-5 +/- 4.65e-45],[6.031373977312800653638973137131187049200e-6 +/- 3.59e-46],[0.8849103493621817374816225685780130044141 +/- 4.92e-41],[0.3849103493621817374816225685780130044141 +/- 4.92e-41],[2.623472837010823271454110029491128101229e-6 +/- 1.26e-46]
1952,[0.05038235530479084168609478609292665832540 +/- 1.68e-42],[0.3817274452853841336611036233545242228635 +/- 3.82e-41],[6.759346204448371906021736841234134340895e-5 +/- 2.90e-46],[6.026722632467972490884320069264039157626e-6 +/- 3.12e-46],[0.8848467324548506081430708583401120733041 +/- 3.42e-41],[0.3848467324548506081430708583401120733041 +/- 3.42e-41],[2.621204811461899776456888210885875590072e-6 +/- 2.46e-46]
1953,[0.05037632858215837371360390177285739428624 +/- 7.01e-43],[0.3817075840969218862299085203709576451748 +/- 3.65e-42],[6.755429694249167509266126744019656061134e-5 +/- 4.95e-45],[6.022077317008198119933447224734398742587e-6 +/- 1.38e-46],[0.8847831431946516485853815956556008538900 +/- 2.38e-41],[0.3847831431946516485853815956556008538900 +/- 2.38e-41],[2.618939857096540712789274805598758813694e-6 +/- 4.76e-46]
1954,[0.05037030650484136551548396832563265988750 +/- 1.89e-42],[0.3816877387296551997292005896762472279955 +/- 2.88e-41],[6.751517486701732672335850560851015529864e-5 +/- 2.64e-45],[5.895746776716279519950777209621705666943e-6 +/- 3.03e-46],[0.8668278100995426619800665295934711526151 +/- 3.61e-41],[0.3668278100995426619800665295934711526151 +/- 3.61e-41],[2.494986724936654392711520970097937705856e-6 +/- 4.31e-46]
1955,[0.05036441075806464923596401754842303818183 +/- 1.18e-42],[0.3816688313573018743497626592770171176797 +/- 2.31e-41],[6.747609574859777118170333824104616765080e-5 +/- 1.55e-45],[6.012792192672733379474873005191246433484e-6 +/- 1.73e-46],[0.8846520653395688847571427833748148477471 +/- 4.10e-41],[0.3846520653395688847571427833748148477471 +/- 4.10e-41],[2.614398390039855451120289285289064450787e-6 +/- 4.94e-46]
1956,[0.05035839796587197650258454267541784693540 +/- 2.32e-42],[0.3816490177290330148809753168975899787667 +/- 2.20e-41],[6.743705951791796022078017564598991636826e-5 +/- 6.32e-46],[6.008164893050545308834401262888167359264e-6 +/- 2.05e-46],[0.8845885562835704104177525620335522495721 +/- 4.60e-41],[0.3845885562835704104177525620335522495721 +/- 4.60e-41],[2.612142612199038088512294166455598805594e-6 +/- 2.60e-46]
1957,[0.05035238980097892595727570827415495876804 +/- 1.58e-42],[0.3816292198614203656204665581801436742610 +/- 4.84e-41],[6.739806610581030956515935911557011817675e-5 +/- 1.81e-45],[5.882173370430275118346126388697697968791e-6 +/- 9.92e-47],[0.8666431369653500755858424959943448888500 +/- 3.33e-41],[0.3666431369653500755858424959943448888500 +/- 3.33e-41],[2.488519674038368649881392014353373466530e-6 +/- 1.48e-46]
1958,[0.05034650762760849568215736214776626107007 +/- 3.69e-43],[0.3816103576815462130339529195278529728722 +/- 3.93e-41],[6.735911544325430959026949079055547966690e-5 +/- 5.00e-45],[5.998882541573039299502546522367001731754e-6 +/- 2.79e-46],[0.8844527510105041066986701769460055080293 +/- 9.45e-42],[0.3844527510105041066986701769460055080293 +/- 9.45e-42],[2.607586322120274985114264820803537818073e-6 +/- 2.63e-46]
1959,[0.05034050874506692264285785960124389406834 +/- 2.13e-42],[0.3815905916833009000009619187047150521038 +/- 1.78e-41],[6.732020746137613722883314399312273323696e-5 +/- 1.76e-46],[5.873139678986861864190824858052692602388e-6 +/- 4.36e-46],[0.8665174002540108602240318976745797045709 +/- 1.81e-41],[0.3665174002540108602240318976745797045709 +/- 1.81e-41],[2.484206186557736932087375216333473002168e-6 +/- 2.71e-46]
1960,[0.05033463560538793578099366877638584137574 +/- 4.52e-42],[0.3815717596620779870382892597663168516637 +/- 4.00e-41],[6.728134209144826909987162276322280392198e-5 +/- 2.30e-45],[5.868594632660333302344322233016674068223e-6 +/- 2.60e-47],[0.8664480757812306269969753592776194961912 +/- 2.26e-41],[0.3664480757812306269969753592776194961912 +/- 2.26e-41],[2.482012795445835250503754564477315834290e-6 +/- 2.87e-46]
1961,[0.05032876701075527544769132445415282470167 +/- 2.74e-42],[0.3815529430022844080100617571732436408391 +/- 1.77e-41],[6.724251926488909585580319319768499015678e-5 +/- 3.93e-45],[5.743146911319316108192661246055642904632e-6 +/- 3.87e-46],[0.8485152716383006721513444309551552123998 +/- 3.18e-41],[0.3485152716383006721513444309551552123998 +/- 3.18e-41],[2.358913826020489705534704157990760305862e-6 +/- 2.26e-47]
1962,[0.05032302386384395613158313179290676905876 +/- 2.64e-42],[0.3815350583790003053285191016380054205931 +/- 4.53e-41],[6.720373891326253774317787524631986175081e-5 +/- 3.73e-46],[5.738660329797330294282606215268754321042e-6 +/- 4.96e-46],[0.8484384825505631558720816375987704564562 +/- 1.08e-41],[0.3484384825505631558720816375987704564562 +/- 1.08e-41],[2.356764972725680912727568001091059856707e-6 +/- 3.90e-46]
1963,[0.05031728520351415880128884918669150030444 +/- 1.60e-42],[0.3815171888468200565031951298338642709971 +/- 4.87e-41],[6.716500096827766137261046232102026322718e-5 +/- 1.78e-45],[5.613472880500794442633129162313727641096e-6 +/- 4.6e-49],[0.8305033842214389905115057996967306063184 +/- 4.23e-41],[0.3305033842214389905115057996967306063184 +/- 4.23e-41],[2.233912371085662723267218039775019471878e-6 +/- 1.16e-46]
1964,[0.05031167173063365800684621605752918657680 +/- 4.98e-43],[0.3815002496735029631956319167330108835743 +/- 1.62e-41],[6.712630536178829769349192787552893027774e-5 +/- 2.33e-45],[5.609033090467900968991253443451239415708e-6 +/- 3.75e-46],[0.8304175408201130870457797244583965126333 +/- 1.98e-41],[0.3304175408201130870457797244583965126333 +/- 1.98e-41],[2.231796450615334128818270171982446289770e-6 +/- 4.94e-46]
1965,[0.05030606269754319010587722480408573533738 +/- 4.79e-42],[0.3814833254085940854334583473684396243066 +/- 2.93e-41],[6.708765202579266116907778346577180330970e-5 +/- 2.76e-45],[5.725168291957166995885619860306019321773e-6 +/- 4.78e-46],[0.8481942841316118379623520561243459143236 +/- 8.58e-42],[0.3481942841316118379623520561243459143236 +/- 8.58e-42],[2.350252662916680973184570836873554294407e-6 +/- 2.67e-46]
1966,[0.05030033752925123293888133918422542931806 +/- 3.02e-42],[0.3814655016651534373862174534698417364309 +/- 2.65e-41],[6.704904089243297014757027215151364281259e-5 +/- 4.24e-45],[5.600233752506517883606464688081158574931e-6 +/- 4.92e-46],[0.8302572754032126489167747578539188167597 +/- 1.41e-41],[0.3302572754032126489167747578539188167597 +/- 1.41e-41],[2.227644364604571175583118035552158614926e-6 +/- 2.82e-46]
1967,[0.05029473729549872642099773271953734815949 +/- 1.92e-42],[0.3814486066203710842873232454910023552991 +/- 4.29e-41],[6.701047189399506842482951489509287719170e-5 +/- 4.26e-45],[5.475420198213591452772963107495909314866e-6 +/- 1.74e-46],[0.8123108192858405407890573541689512450650 +/- 3.61e-41],[0.3123108192858405407890573541689512450650 +/- 3.61e-41],[2.105146118257708505503551880351476575679e-6 +/- 4.10e-46]
1968,[0.05028926187530051282954495975642985225017 +/- 3.22e-42],[0.3814326395647688833939167563945625478250 +/- 2.46e-41],[6.697194496290804799436687629511777821310e-5 +/- 3.14e-45],[5.471027364925762814996744461996858171336e-6 +/- 1.99e-46],[0.8122144625869742065139796063293293186575 +/- 2.79e-41],[0.3122144625869742065139796063293293186575 +/- 2.79e-41],[2.103057686387866899182027282781675632624e-6 +/- 2.83e-46]
1969,[0.05028379084793558706672996301196785539200 +/- 1.89e-42],[0.3814166872810930389310776404293644041322 +/- 2.25e-41],[6.693346003174387298029188000271996262536e-5 +/- 4.24e-45],[5.346360764324484177671246057965865541248e-6 +/- 1.83e-47],[0.7942495512908418732278125543444681227434 +/- 3.52e-41],[0.2942495512908418732278125543444681227434 +/- 3.52e-41],[1.980692659359619208519328143825363370349e-6 +/- 4.19e-47]
1970,[0.05027844448717126258255229176590988952646 +/- 6.36e-43],[0.3814016621648583820359187242028146405456 +/- 2.25e-41],[6.689501703321700474890198394322521711919e-5 +/- 2.90e-45],[5.462246244243616377332622379375050160833e-6 +/- 4.74e-46],[0.8120180393133830168502762305499323122468 +/- 2.02e-41],[0.3120180393133830168502762305499323122468 +/- 2.02e-41],[2.098868843870639155663550314393984948181e-6 +/- 1.43e-46]
1971,[0.05027298224092701896617495914353051447630 +/- 1.99e-43],[0.3813857395238989283068298947543048055673 +/- 5.42e-42],[6.685661590018402819462242144239003433811e-5 +/- 2.11e-45],[5.457870650963009110641332226460718294614e-6 +/- 3.09e-46],[0.8119218039913257703149791969892292300860 +/- 4.20e-41],[0.3119218039913257703149791969892292300860 +/- 4.20e-41],[2.096789187124578497527675036497710417609e-6 +/- 3.35e-48]
1972,[0.05026752437027605595706431781130405375801 +/- 4.82e-42],[0.3813698315962815608806905947260342084795 +/- 2.41e-41],[6.681825656564327919602112696666764842993e-5 +/- 7.11e-46],[5.453500804577299030342725590907904366817e-6 +/- 3.90e-46],[0.8118256127002397853597364048980049102801 +/- 4.13e-41],[0.3118256127002397853597364048980049102801 +/- 4.13e-41],[2.094712464284467410864421791299543473341e-6 +/- 4.36e-46]
1973,[0.05026207086947147865803397508571314585364 +/- 1.64e-42],[0.3813539383623941988186841348476159985738 +/- 3.32e-41],[6.677993896273447323764149486185598747516e-5 +/- 4.51e-45],[5.569243037235729189280926012625819786271e-6 +/- 3.43e-46],[0.8296210806739623518488113968223167427386 +/- 5.67e-42],[0.3296210806739623518488113968223167427386 +/- 5.67e-42],[2.212745012431789429375464503861517099702e-6 +/- 3.43e-46]
1974,[0.05025650162643424292884469415970052003385 +/- 2.10e-42],[0.3813371484576854143173868141662350222598 +/- 4.14e-41],[6.674166302473833519341336664204681038358e-5 +/- 4.91e-45],[5.444845230255760140868467697398294189899e-6 +/- 1.92e-46],[0.8116452772566330530363734295540879071091 +/- 4.76e-41],[0.3116452772566330530363734295540879071091 +/- 4.76e-41],[2.090642733902071824768327808188204620961e-6 +/- 2.32e-46]
1975,[0.05025105678120398716870382569200312173966 +/- 2.20e-42],[0.3813212839839268963852122168937535810858 +/- 3.74e-41],[6.670342868507623026742020746671921087119e-5 +/- 6.83e-46],[5.440492602263984250189377451604381793346e-6 +/- 1.06e-46],[0.8115492317418929442331214437907239510968 +/- 8.67e-42],[0.3115492317418929442331214437907239510968 +/- 8.67e-42],[2.088574819909227792147507540877852970707e-6 +/- 4.22e-46]
1976,[0.05024561628860172318445363631455151735787 +/- 1.15e-42],[0.3813054341449304878773545796642615489339 +/- 1.72e-42],[6.666523587730979608781791587136931810622e-5 +/- 2.22e-45],[5.436145679225129605051187659618347192940e-6 +/- 2.09e-46],[0.8114532300979641271975014383958030258348 +/- 1.54e-41],[0.3114532300979641271975014383958030258348 +/- 1.54e-41],[2.086509817544696527094717451765216323402e-6 +/- 2.65e-46]
1977,[0.05024018014292249805484858512689189901068 +/- 4.09e-42],[0.3812895989212267987242388318272240104358 +/- 2.19e-41],[6.662708453514057594971811300711276743832e-5 +/- 1.20e-45],[5.311998179896988974537665924105207147625e-6 +/- 3.85e-46],[0.7934616190101445396303146245556972132623 +/- 6.35e-43],[0.2934616190101445396303146245556972132623 +/- 6.35e-43],[1.964641450453800753646295763592804675267e-6 +/- 4.04e-46]
1978,[0.05023486814474260106587404746096779380353 +/- 1.72e-42],[0.3812746876039895897196948023967215225303 +/- 3.27e-42],[6.658897459240965320286607901572719250252e-5 +/- 2.92e-45],[5.427444123403814444824389553487691043049e-6 +/- 1.85e-46],[0.8112557190817081965543269501928334783097 +/- 4.78e-41],[0.3112557190817081965543269501928334783097 +/- 4.78e-41],[2.082355764860500329437861517686676624425e-6 +/- 1.72e-46]
1979,[0.05022944070061919725142922307141430611249 +/- 4.77e-42],[0.3812588818012701229264524188714203763969 +/- 2.47e-41],[6.655090598309728677996074513474158752250e-5 +/- 2.55e-45],[5.542811544872222132761934438016545640858e-6 +/- 4.34e-46],[0.8290635138784188907854493255090838130575 +/- 3.61e-41],[0.3290635138784188907854493255090838130575 +/- 3.61e-41],[2.199996759221753626052143765232049486633e-6 +/- 1.32e-46]
1980,[0.05022389788907432502929646113697628956684 +/- 4.39e-42],[0.3812421819511982764823192232283662617551 +/- 2.64e-41],[6.651287864132254786148131110619861807478e-5 +/- 9.29e-46],[5.538462838597846837928319947205978359435e-6 +/- 3.73e-46],[0.8289781635093342370967152772642847249362 +/- 3.22e-41],[0.3289781635093342370967152772642847249362 +/- 3.22e-41],[2.197926813407670566566358999332686395304e-6 +/- 1.9e-49]
1981,[0.05021835942623572718245853281702908358848 +/- 4.95e-42],[0.3812254967039951864712742415589293735910 +/- 3.95e-41],[6.647489250134295767290213886404773994527e-5 +/- 2.90e-45],[5.414592942372872888226985139817451248595e-6 +/- 3.47e-46],[0.8109902868966554277579830664141342536884 +/- 6.73e-42],[0.3109902868966554277579830664141342536884 +/- 6.73e-42],[2.076332897920050113001705563470413704761e-6 +/- 1.00e-46]
1982,[0.05021294483329335430957030583188926613724 +/- 3.65e-42],[0.3812097334717601007748021626713643492246 +/- 4.45e-41],[6.643694749755412641019457570788083151448e-5 +/- 3.64e-45],[5.290790633638108457263260199554157816643e-6 +/- 2.77e-47],[0.7929854486002774899666421413904184161549 +/- 4.10e-42],[0.2929854486002774899666421413904184161549 +/- 4.10e-42],[1.954795854051016140533547992184558315955e-6 +/- 3.55e-46]
1983,[0.05020765404265971620111304257168971197942 +/- 2.91e-43],[0.3811948919459296329132515412719796927899 +/- 2.03e-41],[6.639904356448939328953128364169834928210e-5 +/- 1.34e-45],[5.167032482233013157773135360393186176021e-6 +/- 4.67e-46],[0.7749602788119365367886340820482209239810 +/- 1.05e-41],[0.2749602788119365367886340820482209239810 +/- 1.05e-41],[1.833292274183638658335967971286589997340e-6 +/- 4.28e-46]
1984,[0.05020248701017748318795526943632931879324 +/- 3.69e-42],[0.3811809719954920485076008374671923951580 +/- 3.27e-41],[6.636118063681946771712549667009824795754e-5 +/- 4.23e-45],[5.162746304603958871864589234273541011252e-6 +/- 4.79e-46],[0.7748389651238499748998092987388558166346 +/- 6.10e-42],[0.2748389651238499748998092987388558166346 +/- 6.10e-42],[1.831249995703988022184583916857973777426e-6 +/- 3.21e-46]
1985,[0.05019732426387287922908340484709504525223 +/- 2.44e-42],[0.3811670666290335163703315743274381410853 +/- 2.31e-41],[6.632335864935207157515439500293671013688e-5 +/- 1.01e-45],[5.039022306202632348339796603698209223900e-6 +/- 1.17e-46],[0.7567792334490981132056898168463311538797 +/- 3.01e-41],[0.2567792334490981132056898168463311538797 +/- 3.01e-41],[1.709767165811968414462917656273155707496e-6 +/- 2.85e-46]
1986,[0.05019228524156667659673506505049134704301 +/- 1.47e-42],[0.3811540828660336235783993608185463695717 +/- 5.35e-42],[6.628557753703158261973247472307693079049e-5 +/- 4.55e-45],[5.154196869974003026861361891412250386168e-6 +/- 3.28e-46],[0.7745955419924165849702613317130799010656 +/- 7.29e-42],[0.2745955419924165849702613317130799010656 +/- 7.29e-42],[1.827172254833329106094788152418201609892e-6 +/- 1.51e-46]
1987,[0.05018713104469670259370820368859993479262 +/- 2.37e-42],[0.3811402066233346062355646458315760578436 +/- 4.70e-41],[6.624783723493867898691740391802471692682e-5 +/- 2.43e-45],[5.269376602989604408888712600970756664803e-6 +/- 2.57e-46],[0.7924377726416102098318038248641763500210 +/- 4.16e-41],[0.2924377726416102098318038248641763500210 +/- 4.16e-41],[1.944587714251999271238898998394839516973e-6 +/- 1.79e-46]
1988,[0.05018186166809371298929931497599896403596 +/- 2.44e-42],[0.3811254377044640606680572696272915322460 +/- 2.11e-41],[6.621013767828998480274739196051332513277e-5 +/- 4.54e-45],[5.265110428292368180084759287771891947703e-6 +/- 4.91e-46],[0.7923302350840864125014709653749591934779 +/- 2.22e-41],[0.2923302350840864125014709653749591934779 +/- 2.22e-41],[1.942562458294980725999715637406941442907e-6 +/- 3.77e-46]
1989,[0.05017659655766542062111923021671119214401 +/- 1.38e-43],[0.3811106831902799476715453695188897727282 +/- 2.30e-41],[6.617247880243771689332555793868524413467e-5 +/- 3.47e-45],[5.260849857428441796969921067097453740653e-6 +/- 3.60e-46],[0.7922227470535113395054268397875515244468 +/- 4.21e-41],[0.2922227470535113395054268397875515244468 +/- 4.21e-41],[1.940540085337857436347623939474205401794e-6 +/- 4.71e-48]
1990,[0.05017133570780799217932226029564409469027 +/- 7.91e-43],[0.3810959430614108011687602612028069937148 +/- 3.09e-41],[6.613486054286933259098316757445429132720e-5 +/- 1.64e-45],[5.375919745417020583396817218833635145787e-6 +/- 1.65e-46],[0.8100963503373939154697598699990397005166 +/- 1.95e-41],[0.3100963503373939154697598699990397005166 +/- 1.95e-41],[2.057845455131658582840357842606061729178e-6 +/- 3.34e-47]
1991,[0.05016595978806257515873886347842526105512 +/- 3.43e-42],[0.3810803108600324855541493501663289490208 +/- 1.61e-41],[6.609728283520717863256991571774801423945e-5 +/- 1.02e-45],[5.252382001287374074109372917914757045576e-6 +/- 1.17e-46],[0.7920153094101925776379887286921643911309 +/- 3.95e-41],[0.2920153094101925776379887286921643911309 +/- 3.95e-41],[1.936548368476172072213317053443914241806e-6 +/- 3.29e-46]
1992,[0.05016070740606128778466475410550734629808 +/- 2.16e-42],[0.3810655991065028110324358144079414293908 +/- 1.77e-41],[6.605974561520814114593566405127383813814e-5 +/- 2.16e-45],[5.248138213341708510168935911070931319457e-6 +/- 1.87e-46],[0.7919079788356539698380250418100986080919 +/- 5.70e-42],[0.2919079788356539698380250418100986080919 +/- 5.70e-42],[1.934534642218412822894234209718597595925e-6 +/- 2.15e-46]
1993,[0.05015545926784794607615458516959627536676 +/- 1.61e-42],[0.3810509016801306966874638043097194252363 +/- 9.13e-42],[6.602224881876329672068420136969720092207e-5 +/- 4.05e-45],[5.363168880390276177337622050096894523350e-6 +/- 1.89e-46],[0.8098096588851283037618501204072170475186 +/- 3.61e-41],[0.3098096588851283037618501204072170475186 +/- 3.61e-41],[2.051792668989071476523938878770717102569e-6 +/- 1.96e-48]
1994,[0.05015009609896755579997724754754617847224 +/- 4.96e-42],[0.3810353123688160890008732709727515113368 +/- 2.11e-41],[6.598479238189756455929567709098252109846e-5 +/- 1.86e-45],[5.239685355470549481820618527150674953553e-6 +/- 4.50e-46],[0.7916980741401631124728673436223743033385 +/- 4.32e-41],[0.2916980741401631124728673436223743033385 +/- 4.32e-41],[1.930541676447964335000381814098047864238e-6 +/- 4.74e-46]
1995,[0.05014485641361208525049542692901902779728 +/- 1.49e-42],[0.3810206433422365348278891677930108140842 +/- 7.54e-42],[6.594737624076935970473036789629983441519e-5 +/- 4.41e-45],[5.116225746098945933307991451271752034490e-6 +/- 4.24e-46],[0.7735631791403733414381168491386756476398 +/- 3.62e-41],[0.2735631791403733414381168491386756476398 +/- 3.62e-41],[1.809304033651113257958491596416095388546e-6 +/- 2.59e-46]
1996,[0.05013974018786598630456211893756775604525 +/- 3.01e-42],[0.3810068946209886040996756408250469067172 +/- 2.30e-41],[6.591000033167024734064237295638112045758e-5 +/- 4.20e-45],[5.112007521173820707562448495269941812010e-6 +/- 1.72e-47],[0.7734426120364347794390528275616330691276 +/- 3.17e-42],[0.2734426120364347794390528275616330691276 +/- 3.17e-42],[1.807297228761713520523701078551019702972e-6 +/- 3.23e-46]
1997,[0.05013462818034481248385455648907248610343 +/- 4.99e-42],[0.3809931602440184736263211798611495671771 +/- 4.23e-41],[6.587266459102459816034769546244178157202e-5 +/- 3.74e-45],[5.227069574739494654756251567251972819851e-6 +/- 3.11e-46],[0.7913803371641355758214228835919408927571 +/- 4.36e-41],[0.2913803371641355758214228835919408927571 +/- 4.36e-41],[1.924568028219910943657558551538078770530e-6 +/- 1.42e-46]
1998,[0.05012940111077007298919980023750523413062 +/- 4.87e-42],[0.3809785337156901750876794368111870386357 +/- 1.70e-41],[6.583536895538924480070695751257967301986e-5 +/- 8.8e-47],[5.222858954806394808153949424369434492664e-6 +/- 7.46e-47],[0.7912733009829024541213690007957753184936 +/- 1.55e-41],[0.2912733009829024541213690007957753184936 +/- 1.55e-41],[1.922571337166147619992780013897935587998e-6 +/- 2.81e-46]
1999,[0.05012417825181526659439164628808086469612 +/- 2.48e-42],[0.3809639214000109339435433540728775772343 +/- 2.50e-41],[6.579811336145313933709871218164878310864e-5 +/- 1.17e-45],[5.337932063032228337759882545868281173237e-6 +/- 3.47e-48],[0.8092493132210140287754619614131290254406 +/- 4.87e-42],[0.3092493132210140287754619614131290254406 +/- 4.87e-42],[2.039855700269603385446019340634071523950e-6 +/- 5.00e-46]
2000,[0.05011884031975223436605388640553499641495 +/- 7.66e-43],[0.3809484166558016437784129000514843998215 +/- 2.98e-41],[6.576089774603701183567496119361918273454e-5 +/- 3.19e-45],[5.333717869725883076027913464985634808474e-6 +/- 3.18e-46],[0.8091542082305400135198664817175526604206 +/- 4.27e-42],[0.3091542082305400135198664817175526604206 +/- 4.27e-42],[2.037857936308699457544682418321081514588e-6 +/- 1.70e-46]
2001,[0.05011350660188250848297785849207001078014 +/- 7.60e-43],[0.3809329260777270368412508110608966380262 +/- 4.48e-41],[6.572372204609302995910605938795373046751e-5 +/- 2.57e-45],[5.448759749741263883094183407254633651826e-6 +/- 2.17e-46],[0.8271622776376565539914879789673276592305 +/- 7.90e-42],[0.3271622776376565539914879789673276592305 +/- 7.90e-42],[2.155113571084089857739875146424104095791e-6 +/- 1.97e-47]
2002,[0.05010805784213276721909476430866275614649 +/- 1.07e-42],[0.3809165431156472591309110419359679897672 +/- 7.28e-42],[6.568658619870445962203768849107481913445e-5 +/- 2.77e-45],[5.325323603471145760298720613400569394729e-6 +/- 3.07e-46],[0.8089687514989421203667466809224913082008 +/- 8.85e-43],[0.3089687514989421203667466809224913082008 +/- 8.85e-43],[2.033896342774222766712872144149362154418e-6 +/- 3.13e-46]
2003,[0.05010273251852929607333446558804935557709 +/- 4.21e-42],[0.3809010806193743465568354061444573514261 +/- 2.08e-41],[6.564949014108532669249801293403834321584e-5 +/- 1.50e-45],[5.440298265698625967671250289734580566349e-6 +/- 1.10e-46],[0.8269894043030936209555350286618631954729 +/- 2.34e-41],[0.3269894043030936209555350286618631954729 +/- 2.34e-41],[2.151079421182001744834290535752513326621e-6 +/- 1.83e-46]
2004,[0.05009729222026359744736679433775962099653 +/- 2.15e-42],[0.3808847261766488027780185836035440545727 +/- 1.78e-41],[6.561243381058007973550848995952421590812e-5 +/- 2.84e-45],[5.436080346767744931741705551339962921362e-6 +/- 4.78e-46],[0.8269047203181786142171581223343991297916 +/- 3.93e-41],[0.3269047203181786142171581223343991297916 +/- 3.93e-41],[2.149075076876411279453044759731057145359e-6 +/- 2.00e-46]
2005,[0.05009185613991682970243505263220828103361 +/- 3.51e-42],[0.3808683859006282275438191309859612431766 +/- 8.37e-43],[6.557541714466325379516709539462268242727e-5 +/- 1.25e-45],[5.312845782699156532500006042689456688537e-6 +/- 2.05e-46],[0.8087029502182945756501610677480963542259 +/- 2.15e-41],[0.3087029502182945756501610677480963542259 +/- 2.15e-41],[2.028051420773649181605054067011212640113e-6 +/- 4.45e-46]
2006,[0.05008654329413413054590255262616559157692 +/- 2.05e-42],[0.3808529648045497488786395693392298629390 +/- 2.24e-41],[6.553844008093913521148794558806748930870e-5 +/- 1.10e-45],[5.427658022038077611217502360510421699218e-6 +/- 4.52e-46],[0.8267330897500261674380203565744601021264 +/- 4.86e-41],[0.3267330897500261674380203565744601021264 +/- 4.86e-41],[2.145064105494104044522733426126969655088e-6 +/- 1.83e-46]
2007,[0.05008111563611209246829133512380508115522 +/- 1.27e-42],[0.3808366528868979954307448585579715888200 +/- 2.38e-42],[6.550150255714142746829644547697160586643e-5 +/- 2.45e-45],[5.423456304297389309953499873908868305384e-6 +/- 2.45e-46],[0.8266485197466025321838165460367429433088 +/- 6.76e-42],[0.3266485197466025321838165460367429433088 +/- 6.76e-42],[2.143067980394097558209217682062016158922e-6 +/- 5.66e-47]
2008,[0.05007569217980779507898138162393117228691 +/- 3.36e-42],[0.3808203550810418922535632071411832873402 +/- 2.42e-41],[6.546460451113291806849417291220848703531e-5 +/- 3.15e-45],[5.419259964715361769310674651314749191765e-6 +/- 2.19e-46],[0.8265639873328236396153474619023332482544 +/- 2.26e-41],[0.3265639873328236396153474619023332482544 +/- 2.26e-41],[2.141074580543013000187177683203142573966e-6 +/- 4.22e-46]
2009,[0.05007027291984307971721207094927985753772 +/- 1.60e-42],[0.3808040713687745310841592398667528746041 +/- 3.42e-41],[6.542774588090514643302272058483258123412e-5 +/- 3.09e-45],[5.415068993693792854611685872694031175275e-6 +/- 2.34e-46],[0.8264794924763985596118875810623271716686 +/- 4.99e-42],[0.3264794924763985596118875810623271716686 +/- 4.99e-42],[2.139083900906733296463482148146783342991e-6 +/- 4.09e-46]
2010,[0.05006485785084938592435745926340716350655 +/- 3.69e-42],[0.3807878017319212108553395147314735289634 +/- 4.72e-41],[6.539092660457807281987065950787056530453e-5 +/- 3.53e-45],[5.292084323704950491171802254015977234787e-6 +/- 2.82e-46],[0.8082510566583400289547358747316618199357 +/- 1.81e-41],[0.3082510566583400289547358747316618199357 +/- 1.81e-41],[2.018296878511423983579408708898856931621e-6 +/- 3.03e-46]
2011,[0.05005956576652568097386628746115314752931 +/- 1.53e-42],[0.3807724497839956840536442343106526668664 +/- 4.41e-41],[6.535414662039974825948266236601801985703e-5 +/- 1.61e-45],[5.406676829830908521145124667640071508271e-6 +/- 1.55e-46],[0.8263046365523532796734491895861560043844 +/- 9.42e-42],[0.3263046365523532796734491895861560043844 +/- 9.42e-42],[2.135076628971845254498096418726002722458e-6 +/- 1.37e-46]
2012,[0.05005415908969585006534514233648550745780 +/- 3.26e-42],[0.3807562085026137895710363436509880337279 +/- 1.87e-41],[6.531740586674598550294463149588986797296e-5 +/- 7.82e-46],[5.402501912441760202590027916372979841395e-6 +/- 4.07e-46],[0.8262202518487012214682181488285141466634 +/- 9.28e-42],[0.3262202518487012214682181488285141466634 +/- 9.28e-42],[2.133094087861423588332999276094494358908e-6 +/- 3.03e-47]
2013,[0.05004875658778340830514255230856913447796 +/- 1.87e-42],[0.3807399812422706505238239729426721893716 +/- 2.66e-43],[6.528070428212003097933341514522006339055e-5 +/- 2.16e-45],[5.516930674216982165008060537437325886211e-6 +/- 3.93e-46],[0.8442856493923507097582951362718317034143 +/- 3.83e-41],[0.3442856493923507097582951362718317034143 +/- 3.83e-41],[2.249712595722086712306335404942285403138e-6 +/- 4.38e-46]
2014,[0.05004323965710919132297754424803169715208 +/- 4.36e-42],[0.3807228657031424779846598554723335665633 +/- 1.22e-41],[6.524404180515223775863436732259979235757e-5 +/- 3.97e-46],[5.631228813573299378661138996625715620704e-6 +/- 7.27e-47],[0.8623566256193066992768591153345762382525 +/- 1.50e-42],[0.3623566256193066992768591153345762382525 +/- 1.50e-42],[2.366205593319614963894848054627195018873e-6 +/- 4.03e-46]
2015,[0.05003760842829561802359888310903507143645 +/- 4.95e-42],[0.3807048627249051279895368587940016042229 +/- 2.75e-41],[6.520741837459973951664461132989835381980e-5 +/- 1.34e-45],[5.745359216108974419170987284015607552702e-6 +/- 2.81e-46],[0.8804275845676391134702948183524986251515 +/- 1.68e-41],[0.3804275845676391134702948183524986251515 +/- 1.68e-41],[2.482535948860703943862441563993345003168e-6 +/- 4.80e-46]
2016,[0.05003186306907950904917971212175105582890 +/- 2.25e-42],[0.3806859734300379303253597449763636661756 +/- 3.68e-41],[6.517083392934612549829440530545434379379e-5 +/- 1.71e-45],[5.741065780338937194269230669774048957325e-6 +/- 3.80e-46],[0.8803646055875181138635001877822305950606 +/- 2.27e-41],[0.3803646055875181138635001877822305950606 +/- 2.27e-41],[2.480447541088170951592904358010837579462e-6 +/- 2.01e-46]
2017,[0.05002612200329917011198544289108128177994 +/- 4.92e-42],[0.3806670987955196231925096597627367624670 +/- 1.37e-41],[6.513428840840111647583348013360856993238e-5 +/- 5.54e-46],[5.854869762253124578179918742421572999819e-6 +/- 2.87e-46],[0.8984227330820653901520104143059610284349 +/- 2.61e-41],[0.3984227330820653901520104143059610284349 +/- 2.61e-41],[2.596453903736375402841226167319298092862e-6 +/- 2.28e-46]
2018,[0.05002026713353691698740726297233886020695 +/- 4.91e-42],[0.3806473401391011653090265602026613098354 +/- 3.60e-42],[6.509778175090024169834362622946171445263e-5 +/- 3.86e-45],[5.732590697273364842274416710832101673438e-6 +/- 3.68e-46],[0.8802554896686671806291222337582731277347 +/- 8.27e-42],[0.3802554896686671806291222337582731277347 +/- 8.27e-42],[2.476382264292650184424414064807736695131e-6 +/- 2.99e-46]
2019,[0.05001453454283964362256498855562802810527 +/- 1.67e-42],[0.3806284939844702509440874806338726331765 +/- 3.52e-41],[6.506131389610451682905314631931353612333e-5 +/- 3.32e-45],[5.610523318255899652831821974941969811414e-6 +/- 3.83e-46],[0.8620933898353564630384512210725848195936 +/- 1.29e-41],[0.3620933898353564630384512210725848195936 +/- 1.29e-41],[2.356511986996647379354360053234554813855e-6 +/- 1.77e-46]
2020,[0.05000892401952138772291215673365308613546 +/- 2.47e-43],[0.3806105589186384176542497708457575382511 +/- 1.46e-42],[6.502488478340012286694306673766886565740e-5 +/- 3.91e-45],[5.606308076847707832443545073581297471607e-6 +/- 1.68e-46],[0.8620250013549765742769913007143690430570 +/- 2.59e-42],[0.3620250013549765742769913007143690430570 +/- 2.59e-42],[2.354483554336518638905482462312058889676e-6 +/- 4.33e-46]
2021,[0.05000331771144454001507971318857950483799 +/- 1.37e-42],[0.3805926381256114540286268882276882894098 +/- 3.52e-41],[6.498849435229808604914921027974055075518e-5 +/- 4.23e-45],[5.484513843614181578680608796184149915497e-6 +/- 1.11e-46],[0.8438647489421940461406361777693043512553 +/- 1.81e-41],[0.3438647489421940461406361777693043512553 +/- 1.81e-41],[2.234873512927801232728405626758973066304e-6 +/- 4.89e-46]
2022,[0.04999783319760092583350103257978332068807 +/- 3.15e-42],[0.3805756266206480509586118896602281864315 +/- 1.93e-42],[6.495214254243395873067837961098287215710e-5 +/- 3.65e-46],[5.597868537610450756021319023177610696859e-6 +/- 7.48e-47],[0.8618824442882708709925790630406718407900 +/- 2.20e-41],[0.3618824442882708709925790630406718407900 +/- 2.20e-41],[2.350402148947038772621489548695233117333e-6 +/- 4.36e-46]
2023,[0.04999223532906331538274501126076014307738 +/- 3.72e-42],[0.3805577345677874631852981630732807991169 +/- 2.00e-41],[6.491582929356750123797098196748405259121e-5 +/- 4.19e-45],[5.593669164163631022484182166326115793113e-6 +/- 1.75e-46],[0.8618141399364199894463369233603703990848 +/- 2.25e-41],[0.3618141399364199894463369233603703990848 +/- 2.25e-41],[2.348381749538302504071105965025479052048e-6 +/- 3.98e-46]
2024,[0.04998664165989915175172252707859381696158 +/- 3.18e-42],[0.3805398567343333356800426099783406535512 +/- 4.57e-41],[6.487955454558236469285644370636873378308e-5 +/- 4.75e-45],[5.589475063071323351092717774465868581468e-6 +/- 6.47e-47],[0.8617458648538602102757302486688351633429 +/- 2.33e-41],[0.3617458648538602102757302486688351633429 +/- 2.33e-41],[2.346364018947416540600411498251918597462e-6 +/- 2.39e-46]
2025,[0.04998105218483608042837143436081935109300 +/- 1.71e-42],[0.3805219931025367879473018322508138034891 +/- 9.93e-42],[6.484331823848577480346171750525909207320e-5 +/- 3.88e-45],[5.585286225066340394995864548278933611892e-6 +/- 3.34e-46],[0.8616776190157856106311391009944094511233 +/- 7.15e-42],[0.3616776190157856106311391009944094511233 +/- 7.15e-42],[2.344348952350649698112513672669405013082e-6 +/- 2.57e-46]
2026,[0.04997546689861101408797643849627107215939 +/- 1.91e-43],[0.3805041436546796690370887729469112491648 +/- 5.08e-42],[6.480712031240821661864707598408871834796e-5 +/- 1.14e-45],[5.463943709311855662225297255379722244928e-6 +/- 4.83e-46],[0.8435224322181847626899711447306275530062 +/- 3.59e-41],[0.3435224322181847626899711447306275530062 +/- 3.59e-41],[2.225177613344797350424821391638358520906e-6 +/- 2.95e-47]
2027,[0.04997000295490170223231421319901569243714 +/- 4.89e-42],[0.3804872004577503646745763442177056253321 +/- 3.92e-41],[6.477096070760312024255721354916303527016e-5 +/- 1.61e-45],[5.576893532945906864876373423431396424069e-6 +/- 1.46e-46],[0.8615344418256193547886298414778763485628 +/- 4.37e-41],[0.3615344418256193547886298414778763485628 +/- 4.37e-41],[2.340288434995156896236990342205576812283e-6 +/- 6.10e-47]
2028,[0.04996442606136875632544933682559226104072 +/- 8.14e-43],[0.3804693796168205922707796263863457902219 +/- 2.58e-41],[6.473483936444654750588944365456542794802e-5 +/- 2.82e-45],[5.572720419097692143903416124992686910706e-6 +/- 1.60e-46],[0.8614662782920853303290369716247040723776 +/- 3.65e-41],[0.3614662782920853303290369716247040723776 +/- 3.65e-41],[2.338281324078219007366092663731271900941e-6 +/- 1.11e-46]
2029,[0.04995885334094965863330543340946726835381 +/- 1.08e-43],[0.3804515729069352937016762108027685714644 +/- 3.86e-41],[6.469875622343687959049448175432656608989e-5 +/- 4.82e-45],[5.685400087101516025448584990524206339160e-6 +/- 6.10e-47],[0.8794732661107130927218221415857987297762 +/- 8.55e-42],[0.3794732661107130927218221415857987297762 +/- 8.55e-42],[2.453124413592978954828121447145188950929e-6 +/- 7.85e-47]
2030,[0.04995316794086255711727998482447674414747 +/- 9.48e-43],[0.3804328904239276591542630324685638778598 +/- 5.34e-42],[6.466271122519450560393894529297879749924e-5 +/- 3.02e-46],[5.564486379816646509281447955209263795157e-6 +/- 2.30e-46],[0.8613469939121524450822757191077618262922 +/- 8.78e-42],[0.3613469939121524450822757191077618262922 +/- 8.78e-42],[2.334379106473006929892702807112071023169e-6 +/- 4.37e-46]
2031,[0.04994760345448274047077070337652153488368 +/- 4.21e-42],[0.3804151111307125320850111205397507623798 +/- 1.11e-41],[6.462670431046151210067228146325766492771e-5 +/- 3.15e-46],[5.443763204837801523904504038849993315801e-6 +/- 4.59e-46],[0.8432232364472353357953039700491263023823 +/- 4.32e-41],[0.3432232364472353357953039700491263023823 +/- 4.32e-41],[2.215814205368759488107711162019803852288e-6 +/- 3.25e-46]
2032,[0.04994215969127790266924679887248268489036 +/- 1.12e-44],[0.3803982337706765091102932468843774064179 +/- 1.12e-41],[6.459073542010137354645435145712502401344e-5 +/- 1.78e-45],[5.439656637380632803591295877720506363124e-6 +/- 1.84e-46],[0.8431482499969609208996231938861494324601 +/- 4.00e-41],[0.3431482499969609208996231938861494324601 +/- 4.00e-41],[2.213855814452850096743969721773295777174e-6 +/- 2.61e-46]
2033,[0.04993672003464052203644320757660496438400 +/- 3.14e-42],[0.3803813702380370634461975523060947992764 +/- 4.73e-41],[6.455480449509864372271335685760649149938e-5 +/- 9.78e-46],[5.319178133723787490266918961319817766621e-6 +/- 1.92e-46],[0.8250228088034025679096262107139957245084 +/- 2.22e-41],[0.3250228088034025679096262107139957245084 +/- 2.22e-41],[2.095522934761093018635276819332597487196e-6 +/- 2.26e-46]
2034,[0.04993140085650679824895294065764364456623 +/- 2.45e-43],[0.3803654070481327843698527087603492836007 +/- 3.13e-42],[6.451891147655864806751718997010090098723e-5 +/- 4.75e-45],[5.315117174641255229880865081451505535089e-6 +/- 1.14e-46],[0.8249394357617106032508760772980363652981 +/- 2.25e-41],[0.3249394357617106032508760772980363652981 +/- 2.25e-41],[2.093597542879728454467564806540904610563e-6 +/- 4.70e-46]
2035,[0.04992608573933215699372305979256219306070 +/- 4.85e-42],[0.3803494574963532289267575037887721381325 +/- 3.99e-41],[6.448305630570717694985462557708940099525e-5 +/- 1.88e-45],[5.427294833976159740293649480523914153955e-6 +/- 1.16e-46],[0.8429082169870097532818440543034842660740 +/- 2.77e-41],[0.3429082169870097532818440543034842660740 +/- 2.77e-41],[2.207908236123240130738984450426042895013e-6 +/- 3.96e-46]
2036,[0.04992065844449818083398276614308166914654 +/- 1.21e-42],[0.3803326360123086692637960588895650763133 +/- 1.33e-41],[6.444723892389017987393604712213262957581e-5 +/- 1.07e-46],[5.423208832790883928419211443328485461373e-6 +/- 6.10e-47],[0.8428333498073272321856870459971576827439 +/- 1.75e-41],[0.3428333498073272321856870459971576827439 +/- 1.75e-41],[2.205960230780393767931736859205401638877e-6 +/- 3.06e-46]
2037,[0.04991523523566538995005434693163834066108 +/- 1.74e-43],[0.3803158282864034398912258158524017549064 +/- 3.83e-42],[6.441145927257346061023661598861940575977e-5 +/- 3.91e-45],[5.535170327118803501702325916515614601008e-6 +/- 9.20e-47],[0.8608049053913098310385268769618387334741 +/- 3.34e-41],[0.3608049053913098310385268769618387334741 +/- 3.34e-41],[2.320057185655818493856053323932730254673e-6 +/- 2.30e-46]
2038,[0.04990970006533827114655264460572182504648 +/- 1.19e-42],[0.3802981500904885377753211998836264534521 +/- 3.47e-42],[6.437571729334237325001794863519043471719e-5 +/- 3.38e-45],[5.415122847675814187426080302001875861153e-6 +/- 4.75e-46],[0.8426966680358876353696861419812275886364 +/- 1.22e-41],[0.3426966680358876353696861419812275886364 +/- 1.22e-41],[2.202150106074086269463437394081662974133e-6 +/- 4.90e-46]
2039,[0.04990428494249059533236521852541982317062 +/- 2.34e-42],[0.3802813692337232099198899563153214442528 +/- 7.92e-42],[6.434001292790151918007746318073383752668e-5 +/- 4.65e-46],[5.526894779647194055060036173696020164343e-6 +/- 4.34e-46],[0.8606611906199077448798313978077411249421 +/- 1.48e-41],[0.3606611906199077448798313978077411249421 +/- 1.48e-41],[2.316052441289668029756025938979690068511e-6 +/- 2.11e-46]
2040,[0.04989875804771094813831015848924612715045 +/- 3.33e-42],[0.3802637192811024895714122631051366953946 +/- 1.36e-42],[6.430434611807444497448759489333127647063e-5 +/- 1.58e-45],[5.522783809314404891803430588870478082761e-6 +/- 1.76e-46],[0.8605933472457508306743799739579188906326 +/- 1.46e-41],[0.3605933472457508306743799739579188906326 +/- 1.46e-41],[2.314076800952347413329761909841250500327e-6 +/- 3.48e-46]
2041,[0.04989323526390163373341835505865725667237 +/- 5.62e-43],[0.3802460832501807010612642917804424846347 +/- 4.48e-42],[6.426871680580334120010005922389637905013e-5 +/- 8.41e-46],[5.403081280880217572768532640429813985292e-6 +/- 4.33e-46],[0.8425005833178596960498469668640928106954 +/- 3.42e-41],[0.3425005833178596960498469668640928106954 +/- 3.42e-41],[2.196507073179202743484856181052481362948e-6 +/- 3.33e-46]
2042,[0.04988783218262075351584558652601682685839 +/- 4.74e-42],[0.3802293421651714586306581927021417228580 +/- 1.59e-41],[6.423312493314874213260326182925002491107e-5 +/- 2.75e-45],[5.283522206527962819070053812389058856299e-6 +/- 3.80e-46],[0.8244035589129315390314308061725534108728 +/- 7.70e-42],[0.3244035589129315390314308061725534108728 +/- 7.70e-42],[2.079070849297725464578348608801559134937e-6 +/- 3.40e-46]
2043,[0.04988254866041422555302651647220443779953 +/- 1.03e-42],[0.3802134951241631156106939739162063395852 +/- 9.97e-42],[6.419757044228922637993381774217506635046e-5 +/- 8.06e-46],[5.279506801606675643110963231586884253029e-6 +/- 4.75e-46],[0.8243205573975979568277745965708800648981 +/- 4.09e-41],[0.3243205573975979568277745965708800648981 +/- 4.09e-41],[2.077168370138813312300742918007869497883e-6 +/- 3.03e-46]
2044,[0.04987726915361261887738340550897285091528 +/- 4.06e-42],[0.3801976615677072288921834888300306440305 +/- 1.84e-41],[6.416205327552111840985594675714724994581e-5 +/- 7.8e-47],[5.275496443602291744407471321355355972621e-6 +/- 3.44e-46],[0.8242375922114264204565917118364952818841 +/- 7.36e-42],[0.3242375922114264204565917118364952818841 +/- 7.36e-42],[2.075268442930692770095238893148610734163e-6 +/- 4.52e-46]
2045,[0.04987199365716901658563899803765149555930 +/- 3.33e-42],[0.3801818414787085884987611169260479741496 +/- 3.55e-41],[6.412657337525819097853525949792587331942e-5 +/- 3.13e-45],[5.156223743544010640530222739033653077092e-6 +/- 4.12e-46],[0.8061335481153488701468648882637955466093 +/- 4.22e-41],[0.3061335481153488701468648882637955466093 +/- 4.22e-41],[1.958103682917150604830802836721670454197e-6 +/- 6.45e-47]
2046,[0.04986683743342547257499846781491246190623 +/- 3.78e-42],[0.3801669135973358825151596805248935910554 +/- 4.59e-41],[6.409113068403136845694613880340820540244e-5 +/- 2.27e-45],[5.037050721843230400712284619878866856335e-6 +/- 4.62e-46],[0.7880187824309840943866544742030787247545 +/- 2.06e-41],[0.2880187824309840943866544742030787247545 +/- 2.06e-41],[1.841028727098211042390529318288783608890e-6 +/- 1.51e-46]
2047,[0.04986180038270362934459775553029258303937 +/- 1.07e-43],[0.3801528773539085319730325585793344976745 +/- 2.13e-41],[6.405572514448843105196455429594124209796e-5 +/- 4.83e-45],[4.917966759006460208450963678152313739659e-6 +/- 4.07e-46],[0.7698917850137618523900086168086974416566 +/- 1.54e-41],[0.2698917850137618523900086168086974416566 +/- 1.54e-41],[1.724032978482648463928386438999788296684e-6 +/- 7.86e-47]
